#,Source,Total Samples,Samples,Top Stall #1 (Type),Top Stall #1 (Samples),Top Stall #2 (Type),Top Stall #2 (Samples),Top Stall #3 (Type),Top Stall #3 (Samples),Active Threads Per Warp,Instruction Mix,Dependency-Attributed Samples,Live Registers
,lit.slang,,,,,,,,,
1,import modules.common;,,,,,,,,,,,,
2,import modules.pbr;,,,,,,,,,,,,
3,import modules.voxel;,,,,,,,,,,,,
4,,,,,,,,,,,,,
5,"[shader(""vertex"")]",,,,,,,,,,,,
6,"VertexOutput vertMain(uint vertexID : SV_VertexID, uint instanceID : SV_InstanceID, uint drawID : SV_DrawIndex)",,,,,,,,,,,,
7,{,,,,,,,,,,,,
8,"return litVertMain(vertexID, instanceID, drawID);",,,,,,,,,,,,
9,},,,,,,,,,,,,
10,,,,,,,,,,,,,
11,struct FragmentOutput,,,,,,,,,,,,
12,{,,,,,,,,,,,,
13,float4 color : SV_Target0;,,,,,,,,,,,,
14,float4 roughness_metal : SV_Target1;,,,,,,,,,,,,
15,float4 worldNormal : SV_Target2;,,,,,,,,,,,,
16,};,,,,,,,,,,,,
17,,,,,,,,,,,,,
18,"[shader(""fragment"")]",,,,,,,,,,,,
19,FragmentOutput fragMain(VertexOutput input),,,,,,,,,,,,
20,{,,,,,,,,,,,,
21,FragmentOutput output;,,,,,,,,,,,,
22,,,,,,,,,,,,,
23,LitInstanceData inst = pc.litInstanceData[input.instanceID];,73033,73033,MIO Throttle,25101,Wait,11445,Short Scoreboard,10868,30,39,1752605,58
24,,,,,,,,,,,,,
25,bool flipNormal  = (inst.materialFlags & (1u << 0)) != 0;,,,,,,,,,,,,
26,bool hasAlbedo   = (inst.materialFlags & (1u << 1)) != 0;,2975,2975,Branch Resolving,2020,Wait,623,Selected,243,30,1,,61
27,bool hasRoughness= (inst.materialFlags & (1u << 2)) != 0;,1426,1426,Wait,886,Selected,247,Branch Resolving,212,29,1,,59
28,bool hasMetallic = (inst.materialFlags & (1u << 3)) != 0;,3233,3233,Branch Resolving,2021,Wait,662,Miscellaneous,321,30,1,,58
29,bool hasNormal   = (inst.materialFlags & (1u << 4)) != 0;,32936,32936,Long Scoreboard,31946,Miscellaneous,727,Selected,244,30,1,,56
30,bool alphaClip   = (inst.materialFlags & (1u << 5)) != 0;,345,345,Selected,345,,,,,30,1,,61
31,,,,,,,,,,,,,
32,float3 N;,,,,,,,,,,,,
33,float3 normalMap;,,,,,,,,,,,,
34,,,,,,,,,,,,,
35,const SamplerState sampler = samplers[pc.litPassData.samplerIndex];,4033,4033,Miscellaneous,1733,Branch Resolving,648,Wait,536,30,3,239989,38
36,,,,,,,,,,,,,
37,if(hasNormal) {,2824,2824,Wait,2555,Selected,204,Not Selected,60,1,1,,56
38,"normalMap = textures[inst.normalTextureIndex].Sample(sampler, input.texCoord).rgb;",264945,264945,Long Scoreboard,250054,Short Scoreboard,5823,Wait,5170,30,14,249811,59
39,},,,,,,,,,,,,
40,,,,,,,,,,,,,
41,"float4 albedo = float4(1.0, 1.0, 1.0, 1.0);",,,,,,,,,,,,
42,if(hasAlbedo) {,4398,4398,Wait,1930,Selected,1815,Miscellaneous,254,8,7,7400,61
43,"albedo = textures[inst.albedoTextureIndex].Sample(sampler, input.texCoord);",15464,15464,Short Scoreboard,6842,Wait,5075,Selected,1509,30,7,244189,60
44,},,,,,,,,,,,,
45,if (alphaClip && albedo.a < inst.alphaCutoff),2572,2572,Wait,2320,Selected,188,Not Selected,58,1,1,,59
46,discard;,,,,,,,,,,,,
47,,,,,,,,,,,,,
48,,,,,,,,,,,,,
49,"float4 roughness = float4(inst.roughness, inst.roughness, inst.roughness, 1.0);",,,,,,,,,,,,
50,if(hasRoughness) {,2736,2736,Wait,1830,Selected,823,Not Selected,52,28,4,558,59
51,"roughness = textures[inst.roughnessTextureIndex].Sample(sampler, input.texCoord);",236129,236129,Long Scoreboard,230482,Branch Resolving,2146,Wait,1930,30,8,38296,60
52,},,,,,,,,,,,,
53,,,,,,,,,,,,,
54,"float4 metallic = float4(inst.metallic, inst.metallic, inst.metallic, 1.0);",,,,,,,,,,,,
55,if(hasMetallic){,2766,2766,Wait,1887,Selected,810,Not Selected,49,30,4,0,57
56,"metallic = textures[inst.metallicTextureIndex].Sample(sampler, input.texCoord);",1988,1988,Wait,635,Miscellaneous,555,Branch Resolving,549,30,7,37180,57
57,},,,,,,,,,,,,
58,,,,,,,,,,,,,
59,,,,,,,,,,,,,
60,if (hasNormal) {,6347,6347,Branch Resolving,2575,Wait,1401,Selected,995,22,11,265,52
61,normalMap = normalMap * 2.0 - 1.0;,,,,,,,,,,,,
62,float normalIntensity = 1.0;,,,,,,,,,,,,
63,normalMap.xy *= normalIntensity;,,,,,,,,,,,,
64,normalMap.y *= -1.0;,,,,,,,,,,,,
65,normalMap = normalize(normalMap);,4943,4943,Wait,1520,Selected,1337,Short Scoreboard,1079,30,7,1079,57
66,,,,,,,,,,,,,
67,float3 T = normalize(input.tangent);,5975,5975,Wait,1887,Selected,1260,Short Scoreboard,1109,30,7,1109,55
68,float3 N_world = normalize(input.normal);,5290,5290,Wait,2715,Selected,1133,Short Scoreboard,483,30,7,483,55
69,"T = normalize(T - dot(T, N_world) * N_world);",11984,11984,Wait,4512,Selected,2620,Short Scoreboard,2463,30,13,2463,54
70,"float3 B = normalize(cross(N_world, T));",8083,8083,Wait,3393,Selected,2469,Not Selected,839,30,13,403,57
71,"float3x3 TBN = float3x3(T, B, N_world);",,,,,,,,,,,,
72,,,,,,,,,,,,,
73,"N = normalize(mul(normalMap, TBN));",12269,12269,Wait,4008,Selected,3107,Short Scoreboard,2716,30,17,2716,56
74,} else {,,,,,,,,,,,,
75,N = normalize(input.normal);,85,85,Selected,60,Wait,15,Not Selected,10,18,3,,49
76,},,,,,,,,,,,,
77,,,,,,,,,,,,,
78,//do as early as possible to not wait for scoreboard stall,,,,,,,,,,,,
79,TextureCube envMap = cubemaps[inst.environmentMapIndex];,,,,,,,,,,,,
80,"//float3 specularIBL = calculateSpecularIBL(N, V, roughness.r, F0, envMap, envSampler);",,,,,,,,,,,,
81,"float3 diffuseIBL = calculateDiffuseIBL(N, albedo.rgb, envMap, inst.maxEnvMips, sampler);",,,,,,,,,,,,
82,,,,,,,,,,,,,
83,float3 V = normalize(pc.litPassData.cameraPos.xyz - input.worldPos);,22697,22697,Long Scoreboard,5797,Wait,5106,Short Scoreboard,2654,30,14,8451,63
84,float3 F0 = float3(0.04);,,,,,,,,,,,,
85,"F0 = lerp(F0, albedo.rgb, metallic.r);",45088,45088,Long Scoreboard,37157,Selected,3652,Wait,2134,30,17,1264,59
86,,,,,,,,,,,,,
87,float3 Lo = float3(0.0);,,,,,,,,,,,,
88,,,,,,,,,,,,,
89,for(int i = 0; i < pc.litPassData.lightCount; i++){,27970,27970,Wait,12116,Branch Resolving,7336,Selected,4567,25,20,655,63
90,Light* currentLight = &pc.lights[i];,7496,7496,Wait,3606,Miscellaneous,1104,Selected,998,30,3,,64
91,,,,,,,,,,,,,
92,// Sparse slot skip: removed lights leave a zeroed sentinel in the buffer.,,,,,,,,,,,,
93,if(currentLight.intensity <= 0.0) continue;,55301,55301,Long Scoreboard,43897,Wait,7335,Selected,1988,24,5,45161,65
94,,,,,,,,,,,,,
95,if(currentLight.type != 1) {,46093,46093,Long Scoreboard,36830,Wait,6655,Selected,1290,25,3,36830,65
96,float distance = length(currentLight.position - input.worldPos);,16083,16083,Long Scoreboard,5970,Wait,5270,Selected,2192,30,10,8767,69
97,if(distance > currentLight.range){,7019,7019,Wait,3092,Short Scoreboard,2797,Selected,629,25,3,1729,69
98,continue;,,,,,,,,,,,,
99,},,,,,,,,,,,,
100,},,,,,,,,,,,,
101,,,,,,,,,,,,,
102,float3 L;,,,,,,,,,,,,
103,float attenuation;,,,,,,,,,,,,
104,float3 radiance;,,,,,,,,,,,,
105,,,,,,,,,,,,,
106,if(currentLight.type == 1) {,3363,3363,Miscellaneous,1033,Selected,882,Wait,754,23,3,1264,62
107,float3 lightDir = currentLight.direction;,5128,5128,Wait,2506,LG Throttle,1166,Selected,831,30,3,24245,65
108,lightDir = normalize(lightDir);,28211,28211,Long Scoreboard,24245,Wait,1856,Selected,829,30,4,2212,70
109,L = -lightDir;,,,,,,,,,,,,
110,attenuation = 1.0;,,,,,,,,,,,,
111,radiance = currentLight.color.rgb * currentLight.intensity;,9567,9567,Wait,2899,Short Scoreboard,2212,Selected,2159,30,10,66555,69
112,},,,,,,,,,,,,
113,else {,,,,,,,,,,,,
114,float3 lightPos = currentLight.position;,4152,4152,Wait,1508,Miscellaneous,1022,LG Throttle,500,29,3,3654,65
115,float distance = length(lightPos - input.worldPos);,5866,5866,Long Scoreboard,3654,Selected,703,Wait,624,29,6,,70
116,,,,,,,,,,,,,
117,L = normalize(lightPos - input.worldPos);,2004,2004,Short Scoreboard,673,Wait,581,Selected,378,29,4,673,70
118,attenuation = 1.0 / (distance * distance);,833,833,Wait,642,MIO Throttle,77,Selected,65,29,1,246,70
119,radiance = currentLight.color.rgb * currentLight.intensity * attenuation;,4274,4274,Wait,1660,Selected,1044,LG Throttle,529,29,9,7074,70
120,},,,,,,,,,,,,
121,,,,,,,,,,,,,
122,float3 H = normalize(V + L);,17565,17565,Branch Resolving,3639,Short Scoreboard,3461,Selected,3333,30,11,3461,73
123,,,,,,,,,,,,,
124,"float NdotL_raw = dot(N, L);",4296,4296,Wait,1632,Selected,927,Math Pipe Throttle,878,30,3,,73
125,if(NdotL_raw <= 0.0) {,4074,4074,Wait,2981,Selected,724,Not Selected,290,20,2,,72
126,continue;,,,,,,,,,,,,
127,},,,,,,,,,,,,
128,,,,,,,,,,,,,
129,"float NdotV = max(dot(N, V), 0.001);",1002,1002,Selected,756,Wait,192,Math Pipe Throttle,28,27,4,,75
130,"float NdotL = max(NdotL_raw, 0.001);",193,193,Selected,193,,,,,27,1,,76
131,"float NdotH = max(dot(N, H), 0.001);",,,,,,,,,,,,
132,"float HdotV = max(dot(H, V), 0.001);",1803,1803,Selected,805,Wait,745,Math Pipe Throttle,122,27,4,,77
133,,,,,,,,,,,,,
134,"float NDF = DistributionGGX(N, H, roughness.r);",10355,,,,,,,,,,,
135,"float G = GeometrySmith(N, V, L, roughness.r);",7279,,,,,,,,,,,
136,"float3 F = fresnelSchlick(HdotV, F0);",5774,,,,,,,,,,,
137,,,,,,,,,,,,,
138,float3 kS = F;,,,,,,,,,,,,
139,float3 kD = float3(1.0) - kS;,2668,2668,Miscellaneous,662,Selected,611,Wait,573,27,3,,75
140,kD *= 1.0 - metallic.r;,1739,1739,Selected,840,Wait,826,Not Selected,41,27,4,,76
141,,,,,,,,,,,,,
142,float3 numerator = NDF * G * F;,4248,4248,Short Scoreboard,2114,Wait,875,Selected,824,27,4,,77
143,"float denominator = max(4.0 * NdotV * NdotL, 0.001);",1471,1471,Wait,432,Selected,358,Short Scoreboard,313,27,2,,76
144,float3 specular = numerator / denominator;,1929,1929,Selected,893,Wait,823,Not Selected,153,27,4,2114,75
145,"specular = max(specular, float3(0.0, 0.0, 0.0));",4805,4805,Branch Resolving,1895,Wait,1680,Selected,963,27,4,,68
146,"specular = min(specular, float3(100.0, 100.0, 100.0));",1510,1510,Selected,651,Not Selected,295,Wait,244,27,3,,69
147,,,,,,,,,,,,,
148,float shadow = 0.0;,,,,,,,,,,,,
149,if(currentLight.castsShadows == 1) {,14544,14544,Long Scoreboard,9252,Wait,2722,Selected,1303,18,6,9252,75
150,float3 geometricNormal = normalize(input.normal);,,,,,,,,,,,,
151,"shadow = calculateShadow(input.worldPos, pc.litPassData.cameraPos, pc.litPassData.cameraForward, geometricNormal, L, currentLight, pc.litPassData.shadowAtlasIndex);",386187,4797,Wait,2041,Selected,1037,LG Throttle,947,27,6,73224,76
152,if( currentLight.showCascades>0){,18360,18360,Long Scoreboard,9743,Wait,3181,Branch Resolving,2625,13,6,9743,69
153,if(shadow == 0){,,,,,,,,,,,,
154,"output.color = float4(1,0,0,1);",,,,,,,,,,,,
155,},,,,,,,,,,,,
156,if(shadow == 1){,804,804,Wait,641,Selected,163,,,,1,,58
157,"output.color = float4(0,1,0,1);",,,,,,,,,,,,
158,},,,,,,,,,,,,
159,if(shadow == 2){,,,,,,,,,,1,,59
160,"output.color = float4(0,0,1,1);",,,,,,,,,,,,
161,},,,,,,,,,,,,
162,if(shadow == 3){,,,,,,,,,,9,,61
163,"output.color = float4(1,1,0,1);",,,,,,,,,,,,
164,},,,,,,,,,,,,
165,return output;,,,,,,,,,,6,,61
166,},,,,,,,,,,,,
167,},,,,,,,,,,,,
168,,,,,,,,,,,,,
169,Lo += (1.0 - shadow) * (kD * albedo.rgb / 3.14159265 + specular) * radiance * NdotL;,8443,8443,Selected,3567,Wait,2487,Not Selected,1312,27,16,,69
170,},,,,,,,,,,,,
171,,,,,,,,,,,,,
172,float3 GI;,,,,,,,,,,,,
173,if (pc.litPassData.giMode == 1) {,24721,24721,Long Scoreboard,19297,Wait,3468,Selected,652,20,3,19297,62
174,"GI = sampleAmbientCubeGI(pc.litPassData.giIrradianceIndices, pc.litPassData.voxelSamplerIndex,",272244,37889,LG Throttle,15871,Wait,13699,Selected,4980,30,24,402230,44
175,"pc.litPassData.voxelViewProjection, pc.litPassData.voxelResolution,",,,,,,,,,,,,
176,"pc.litPassData.voxelWorldExtent, input.worldPos, input.normal);",,,,,,,,,,,,
177,} else {,,,,,,,,,,,,
178,"GI = coneTraceVXGI(pc.litPassData.voxelTextureIndex, pc.litPassData.voxelSamplerIndex,",91997,4790,Wait,2230,LG Throttle,1138,Selected,783,30,26,15733,95
179,"pc.litPassData.voxelViewProjection, pc.litPassData.voxelResolution,",,,,,,,,,,,,
180,"pc.litPassData.voxelWorldExtent, input.worldPos, input.normal,",,,,,,,,,,,,
181,"pc.litPassData.giHemisphereRays, pc.litPassData.giMaxSteps,",,,,,,,,,,,,
182,"pc.litPassData.giFetchBatch, inst.environmentMapIndex, pc.litPassData.giSkyIntensity);",,,,,,,,,,,,
183,},,,,,,,,,,,,
184,GI *= pc.litPassData.giStrength;,12060,12060,Long Scoreboard,9054,Wait,1047,Selected,993,30,4,9054,19
185,,,,,,,,,,,,,
186,"float3 kS = fresnelSchlickRoughness(max(dot(N, V), 0.0), F0, roughness.r);",12756,2903,Miscellaneous,1156,Selected,939,Wait,471,30,4,,21
187,float3 kD = float3(1.0) - kS;,2174,2174,Wait,723,Selected,698,Not Selected,406,30,3,,20
188,kD *= 1.0 - metallic.r;,2873,2873,Wait,1064,Selected,976,Miscellaneous,608,30,4,,20
189,,,,,,,,,,,,,
190,float ao = 1.0;,,,,,,,,,,,,
191,float3 ambient = 0.0; //(kD * diffuseIBL) * ao;,,,,,,,,,,,,
192,float3 color = ambient + Lo + GI * kD * albedo.rgb;,4954,4954,Selected,1676,Miscellaneous,1448,Wait,886,30,6,,15
193,,,,,,,,,,,,,
194,"output.color = float4(color, 1.0);",,,,,,,,,,,,
195,"output.roughness_metal = float4(roughness.r, metallic.r, 0.0, 1.0);",,,,,,,,,,,,
196,"output.worldNormal = float4(N * 0.5 + 0.5, 1.0);",2240,2240,Selected,1087,Wait,559,Math Pipe Throttle,316,30,4,,20
197,return output;,7151,7151,Branch Resolving,2580,Selected,2048,Wait,1139,30,12,,22
198,},,,,,,,,,,,,
199,,,,,,,,,,,,,
200,,,,,,,,,,,,,
,common.slang,,,,,,,,,
1,"// Per-instance data stored in a GPU buffer, indexed by SV_InstanceID + firstInstance",,,,,,,,,,,,
2,struct LitInstanceData {,,,,,,,,,,,,
3,uint modelMatrixIndex;,,,,,,,,,,,,
4,uint albedoTextureIndex;,,,,,,,,,,,,
5,uint roughnessTextureIndex;,,,,,,,,,,,,
6,uint metallicTextureIndex;,,,,,,,,,,,,
7,uint normalTextureIndex;,,,,,,,,,,,,
8,uint environmentMapIndex;,,,,,,,,,,,,
9,float maxEnvMips;,,,,,,,,,,,,
10,uint materialFlags;,,,,,,,,,,,,
11,float metallic;,,,,,,,,,,,,
12,float roughness;,,,,,,,,,,,,
13,float alphaCutoff;,,,,,,,,,,,,
14,uint padding;,,,,,,,,,,,,
15,};,,,,,,,,,,,,
16,,,,,,,,,,,,,
17,struct LitMeshDrawData {,,,,,,,,,,,,
18,uint vertexAllocationOffset;,,,,,,,,,,,,
19,uint vertexOffset;,,,,,,,,,,,,
20,uint vertexStride;,,,,,,,,,,,,
21,uint firstInstance; // base offset into LitInstanceData[] for this draw's instances,,,,,,,,,,,,
22,};,,,,,,,,,,,,
23,,,,,,,,,,,,,
24,// Frame-level push constants (same for all draws in a drawIndexedIndirect call),,,,,,,,,,,,
25,// Pointer fields map to 64-bit PhysicalStorageBuffer addresses (binary-compatible with uint64_t on CPU),,,,,,,,,,,,
26,struct LitPushConstants {,,,,,,,,,,,,
27,float*              vertexBuffer;,,,,,,,,,,,,
28,float4x4*           modelMatrices;,,,,,,,,,,,,
29,Light*              lights;,,,,,,,,,,,,
30,LitInstanceData*    litInstanceData;,,,,,,,,,,,,
31,LitMeshDrawData*    litMeshDrawData;,,,,,,,,,,,,
32,LitPass*            litPassData;,,,,,,,,,,,,
33,"// Added to SV_DrawIndex for per-draw lookups. SV_DrawIndex restarts at 0 for each indirect call,",,,,,,,,,,,,
34,// so the lit pass sets this to the pipeline range's first command index (0 for the prepass).,,,,,,,,,,,,
35,uint                drawIDOffset;,,,,,,,,,,,,
36,float               time;,,,,,,,,,,,,
37,};,,,,,,,,,,,,
38,,,,,,,,,,,,,
39,struct LitPass {,,,,,,,,,,,,
40,uint samplerIndex;,,,,,,,,,,,,
41,uint lightCount;,,,,,,,,,,,,
42,uint shadowSamplerIndex;,,,,,,,,,,,,
43,uint shadowAtlasIndex;,,,,,,,,,,,,
44,float3 cameraPos;,,,,,,,,,,,,
45,uint voxelTextureIndex;,,,,,,,,,,,,
46,float3 cameraForward;,,,,,,,,,,,,
47,uint voxelSamplerIndex;,,,,,,,,,,,,
48,float4x4 viewProjection;,,,,,,,,,,,,
49,float4x4 prevViewProjection;,,,,,,,,,,,,
50,float4x4 voxelViewProjection; // world -> voxel grid clip,,,,,,,,,,,,
51,uint voxelResolution;,,,,,,,,,,,,
52,float voxelWorldExtent;,,,,,,,,,,,,
53,// VXGI cone-trace tuning (GUI sliders),,,,,,,,,,,,
54,uint giHemisphereRays; // side cones at 60° (0..5); the normal cone always runs,,,,,,,,,,,,
55,uint giMaxSteps;       // taps per cone,,,,,,,,,,,,
56,uint giFetchBatch;     // taps issued per batch,,,,,,,,,,,,
57,"uint giMode;           // 0 = per-pixel cone trace, 1 = ambient-cube lookup",,,,,,,,,,,,
58,"uint giIrradianceIndices[6]; // per-face irradiance volumes, VOXEL_FACE_DIRS order",,,,,,,,,,,,
59,float giStrength;,,,,,,,,,,,,
60,float giSkyIntensity;  // cone-miss sky radiance scale (skyboxIntensity * vxgi.skyStrength),,,,,,,,,,,,
61,};,,,,,,,,,,,,
62,,,,,,,,,,,,,
63,struct Cascade {,,,,,,,,,,,,
64,float4x4 lightSpaceMatrix;,,,,,,,,,,,,
65,float4 shadowAtlasRange;,,,,,,,,,,,,
66,float splitDistance;,,,,,,,,,,,,
67,float texelSize;,,,,,,,,,,,,
68,float worldTexelSize;,,,,,,,,,,,,
69,float _padding; // pads stride to 96 to match C++ sizeof(GPUCascade) under scalarBlockLayout,,,,,,,,,,,,
70,};,,,,,,,,,,,,
71,,,,,,,,,,,,,
72,struct ShadowMap {,,,,,,,,,,,,
73,float4x4 lightSpaceMatrix;,,,,,,,,,,,,
74,float4 shadowAtlasRange;,,,,,,,,,,,,
75,};,,,,,,,,,,,,
76,,,,,,,,,,,,,
77,enum LightType {,,,,,,,,,,,,
78,"Point,",,,,,,,,,,,,
79,"Directional,",,,,,,,,,,,,
80,"Spot,",,,,,,,,,,,,
81,"Area,",,,,,,,,,,,,
82,};,,,,,,,,,,,,
83,,,,,,,,,,,,,
84,struct Light {,,,,,,,,,,,,
85,LightType type;,,,,,,,,,,,,
86,float3 position;,,,,,,,,,,,,
87,float3 direction;,,,,,,,,,,,,
88,float range;,,,,,,,,,,,,
89,float intensity;,,,,,,,,,,,,
90,uint padding[3];,,,,,,,,,,,,
91,float4 color;,,,,,,,,,,,,
92,int castsShadows;,,,,,,,,,,,,
93,int showCascades;,,,,,,,,,,,,
94,uint numCascades;,,,,,,,,,,,,
95,uint shadowResolution;,,,,,,,,,,,,
96,Cascade cascades[3];,,,,,,,,,,,,
97,ShadowMap shadowMaps[6];,,,,,,,,,,,,
98,};,,,,,,,,,,,,
99,,,,,,,,,,,,,
100,struct Vertex,,,,,,,,,,,,
101,{,,,,,,,,,,,,
102,float3 position;,,,,,,,,,,,,
103,float3 normal;,,,,,,,,,,,,
104,float2 texCoord;,,,,,,,,,,,,
105,float3 tangent;,,,,,,,,,,,,
106,};,,,,,,,,,,,,
107,,,,,,,,,,,,,
108,struct Particle {,,,,,,,,,,,,
109,float3 position;,,,,,,,,,,,,
110,float age;,,,,,,,,,,,,
111,float3 velocity;,,,,,,,,,,,,
112,float lifespan;,,,,,,,,,,,,
113,float rotation;,,,,,,,,,,,,
114,float angularVelocity;,,,,,,,,,,,,
115,float size;,,,,,,,,,,,,
116,uint seed; // also drives animation index,,,,,,,,,,,,
117,uint emitterIdx;,,,,,,,,,,,,
118,};,,,,,,,,,,,,
119,struct VertexOutput,,,,,,,,,,,,
120,{,,,,,,,,,,,,
121,float4 position : SV_Position;,,,,,,,,,,,,
122,float3 worldPos : WORLD_POS;,,,,,,,,,,,,
123,float3 normal : NORMAL;,,,,,,,,,,,,
124,float2 texCoord : TEXCOORD0;,,,,,,,,,,,,
125,float3 tangent : TANGENT;,,,,,,,,,,,,
126,float3 bitangent : BITANGENT;,,,,,,,,,,,,
127,nointerpolation uint drawID : DRAW_ID;,,,,,,,,,,,,
128,nointerpolation uint instanceID : INSTANCE_ID;,,,,,,,,,,,,
129,};,,,,,,,,,,,,
130,,,,,,,,,,,,,
131,// Shared descriptor bindings,,,,,,,,,,,,
132,[[vk::push_constant]],,,,,,,,,,,,
133,ConstantBuffer<LitPushConstants> pc;,,,,,,,,,,,,
134,,,,,,,,,,,,,
135,"[[vk::binding(0,0)]]",,,,,,,,,,,,
136,Texture2D textures[];,,,,,,,,,,,,
137,,,,,,,,,,,,,
138,"[[vk::binding(1,0)]]",,,,,,,,,,,,
139,TextureCube cubemaps[];,,,,,,,,,,,,
140,,,,,,,,,,,,,
141,"[[vk::binding(2,0)]]",,,,,,,,,,,,
142,SamplerState samplers[];,,,,,,,,,,,,
143,,,,,,,,,,,,,
144,"[[vk::binding(3,0)]]",,,,,,,,,,,,
145,SamplerComparisonState shadowCmpSampler;,,,,,,,,,,,,
146,,,,,,,,,,,,,
147,,,,,,,,,,,,,
148,,,,,,,,,,,,,
149,"float calculateDirectionalShadow(float3 fragWorldPos, float3 cameraPos, float3 cameraForward, float3 geometricNormal, float3 L, Light* light, uint shadowAtlasIdx)",,,,,,,,,,,,
150,{,,,,,,,,,,,,
151,"float viewDepth = dot(fragWorldPos - cameraPos, cameraForward);",11153,11153,Long Scoreboard,9035,Selected,933,Wait,561,27,8,1835,77
152,,,,,,,,,,,,,
153,int cascadeIndex = int(light.numCascades) - 1;,2108,2108,Miscellaneous,1125,Branch Resolving,356,Wait,282,27,2,2066,76
154,for (int i = 0; i < int(light.numCascades); i++) {,6617,6617,Wait,3100,Long Scoreboard,2066,Selected,949,19,8,,77
155,if (viewDepth < light.cascades[i].splitDistance) {,41327,41327,Long Scoreboard,31231,Wait,6527,Selected,1340,25,7,31231,77
156,cascadeIndex = i;,,,,,,,,,,,,
157,break;,,,,,,,,,,,,
158,},,,,,,,,,,,,
159,},,,,,,,,,,,,
160,if( light.showCascades>0){,9212,9212,Long Scoreboard,4641,Wait,1865,Branch Resolving,1489,20,4,4641,74
161,return cascadeIndex;,544,544,Wait,407,Selected,137,,,,1,8,70
162,},,,,,,,,,,,,
163,,,,,,,,,,,,,
164,// Walk outward from the split-selected cascade; if the sample lands outside,,,,,,,,,,,,
165,"// a tile's bounds, try the next-larger cascade rather than returning lit.",,,,,,,,,,,,
166,// This prevents block-shaped unshadowed regions on jittered volume samples,,,,,,,,,,,,
167,// near cascade XY edges.,,,,,,,,,,,,
168,for (int c = cascadeIndex; c < int(light.numCascades); c++) {,5034,5034,Wait,2631,Branch Resolving,1198,Selected,1016,19,12,1835,74
169,Cascade cascade = light.cascades[c];,33078,33078,Wait,10517,LG Throttle,8863,Selected,5981,27,45,477407,78
170,,,,,,,,,,,,,
171,"float NdotL = abs(dot(geometricNormal, normalize(L + float3(1e-8))));",8403,8403,Wait,3268,Short Scoreboard,1827,Selected,1611,27,13,1827,54
172,float normalOffset = cascade.worldTexelSize * (1.0 - NdotL) * 2.0;,2863,2863,Wait,1399,Selected,575,Not Selected,382,27,5,,53
173,float3 biasedPos = fragWorldPos + geometricNormal * normalOffset;,1227,1227,Selected,410,Long Scoreboard,253,Wait,204,27,3,,73
174,,,,,,,,,,,,,
175,"float4 fragPosLightSpace = mul(cascade.lightSpaceMatrix, float4(biasedPos, 1.0));",32383,32383,Long Scoreboard,25151,Wait,2785,Selected,2216,27,18,,78
176,float3 projCoords = fragPosLightSpace.xyz / fragPosLightSpace.w;,3650,3650,Wait,1542,Selected,971,Not Selected,534,27,7,205,78
177,projCoords.x = projCoords.x * 0.5 + 0.5;,3207,3207,Long Scoreboard,2573,Selected,269,Wait,212,27,2,,78
178,projCoords.y = projCoords.y * 0.5 + 0.5;,137,137,Selected,137,,,,,27,1,,78
179,,,,,,,,,,,,,
180,float texelSize = cascade.texelSize;,,,,,,,,,,,,
181,if (projCoords.x < texelSize || projCoords.x > 1.0 - texelSize ||,1144,1144,Miscellaneous,664,Selected,332,Wait,118,27,2,,78
182,projCoords.y < texelSize || projCoords.y > 1.0 - texelSize ||,,,,,,,,,,,,
183,projCoords.z < 0.0 || projCoords.z > 1.0) {,1493,1493,Wait,1300,Selected,150,Not Selected,43,27,1,,74
184,continue;,,,,,,,,,,,,
185,},,,,,,,,,,,,
186,,,,,,,,,,,,,
187,float currentDepth = projCoords.z - 0.0001f;,1503,1503,Long Scoreboard,1188,Not Selected,115,Selected,108,27,1,,76
188,,,,,,,,,,,,,
189,float2 rangeMin  = cascade.shadowAtlasRange.xy;,,,,,,,,,,,,
190,float2 rangeSpan = cascade.shadowAtlasRange.zw - cascade.shadowAtlasRange.xy;,1065,1065,Long Scoreboard,547,Selected,273,Wait,170,27,2,,75
191,,,,,,,,,,,,,
192,float2 atlasUV = rangeMin + projCoords.xy * rangeSpan;,592,592,Wait,269,Selected,245,Math Pipe Throttle,41,27,2,,75
193,float lit = textures[shadowAtlasIdx].SampleCmpLevelZero(,8151,8151,Short Scoreboard,4056,Wait,2830,Selected,899,27,7,90433,76
194,"shadowCmpSampler,",,,,,,,,,,,,
195,"atlasUV,",,,,,,,,,,,,
196,currentDepth,,,,,,,,,,,,
197,);,,,,,,,,,,,,
198,return 1.0 - lit;,86961,86961,Long Scoreboard,86377,Selected,180,Short Scoreboard,180,27,1,,70
199,},,,,,,,,,,,,
200,return 0.0;,,,,,,,,,,,,
201,},,,,,,,,,,,,
202,,,,,,,,,,,,,
203,"float calculatePointShadow(float3 fragWorldPos, float3 geometricNormal, float3 L, Light* light, uint shadowAtlasIdx)",,,,,,,,,,,,
204,{,,,,,,,,,,,,
205,float3 fragToLight = fragWorldPos - light.position;,5124,5124,Long Scoreboard,2486,Wait,1021,Selected,502,27,6,3338,62
206,float3 absDir = abs(fragToLight);,,,,,,,,,,,,
207,,,,,,,,,,,,,
208,int faceIndex;,,,,,,,,,,,,
209,if (absDir.x >= absDir.y && absDir.x >= absDir.z) {,1156,1156,Wait,629,Selected,213,Miscellaneous,122,27,3,,62
210,faceIndex = fragToLight.x > 0.0 ? 0 : 1;,1712,1712,Wait,1104,Selected,422,Not Selected,95,18,5,,62
211,} else if (absDir.y >= absDir.x && absDir.y >= absDir.z) {,653,653,Wait,492,Selected,104,Not Selected,31,27,2,,61
212,faceIndex = fragToLight.y > 0.0 ? 2 : 3;,915,915,Wait,726,Selected,118,Not Selected,49,0,3,,59
213,} else {,,,,,,,,,,,,
214,faceIndex = fragToLight.z > 0.0 ? 4 : 5;,482,482,Wait,244,Selected,164,Math Pipe Throttle,44,27,3,,58
215,},,,,,,,,,,,,
216,,,,,,,,,,,,,
217,ShadowMap face = light.shadowMaps[faceIndex];,15796,15796,Wait,6278,LG Throttle,3534,Selected,3172,27,37,288768,78
218,,,,,,,,,,,,,
219,"float NdotL = saturate(abs(dot(geometricNormal, L)));",1582,1582,Wait,742,Selected,361,Not Selected,244,27,4,,73
220,float normalOffset = (1.0 - NdotL) * light.range / float(light.shadowResolution);,3427,3427,Wait,976,Selected,558,Long Scoreboard,546,27,7,956,73
221,float3 biasedPos = fragWorldPos + geometricNormal * normalOffset;,872,872,Wait,480,Selected,276,Not Selected,69,27,3,,75
222,,,,,,,,,,,,,
223,"float4 fragPosLightSpace = mul(face.lightSpaceMatrix, float4(biasedPos, 1.0));",19580,19580,Long Scoreboard,14842,Wait,1995,Selected,1487,27,17,,76
224,float3 projCoords = fragPosLightSpace.xyz / fragPosLightSpace.w;,1318,1318,Wait,698,Selected,360,Not Selected,96,27,4,72,77
225,projCoords.x = projCoords.x * 0.5 + 0.5;,194,194,Wait,96,Selected,87,Not Selected,8,27,1,,76
226,projCoords.y = projCoords.y * 0.5 + 0.5;,714,714,Wait,343,Selected,184,Not Selected,113,27,2,,76
227,,,,,,,,,,,,,
228,float texelSize = 1.0 / float(light.shadowResolution);,,,,,,,,,,,,
229,if (projCoords.z < 0.0 || projCoords.z > 1.0) {,635,635,Wait,269,Selected,254,Not Selected,44,9,3,,75
230,return 0.0;,,,,,,,,,,,,
231,},,,,,,,,,,,,
232,"projCoords.xy = clamp(projCoords.xy, 0.5 * texelSize, 1.0 - 0.5 * texelSize);",1292,1292,Wait,562,Selected,442,Not Selected,160,27,6,,78
233,,,,,,,,,,,,,
234,float currentDepth = projCoords.z - 0.0001f;,196,196,Selected,85,Wait,81,Not Selected,15,27,1,,74
235,,,,,,,,,,,,,
236,float2 rangeMin  = face.shadowAtlasRange.xy;,,,,,,,,,,,,
237,float2 rangeSpan = face.shadowAtlasRange.zw - face.shadowAtlasRange.xy;,13195,13195,Long Scoreboard,12873,Selected,179,Wait,111,27,2,,76
238,,,,,,,,,,,,,
239,float2 atlasUV = rangeMin + projCoords.xy * rangeSpan;,773,773,Wait,301,Selected,231,Not Selected,120,27,2,,75
240,float lit = textures[shadowAtlasIdx].SampleCmpLevelZero(,4930,4930,Short Scoreboard,2218,Wait,1543,Selected,543,27,7,57936,77
241,"shadowCmpSampler,",,,,,,,,,,,,
242,"atlasUV,",,,,,,,,,,,,
243,currentDepth,,,,,,,,,,,,
244,);,,,,,,,,,,,,
245,return 1.0 - lit;,56382,56382,Long Scoreboard,55718,Selected,173,Wait,144,27,2,,70
246,},,,,,,,,,,,,
247,,,,,,,,,,,,,
248,"float calculateShadow(float3 fragWorldPos, float3 cameraPos, float3 cameraForward, float3 geometricNormal, float3 L, Light* light, uint shadowAtlasIdx)",,,,,,,,,,,,
249,{,,,,,,,,,,,,
250,if (light.type == LightType::Directional) {,196,196,Selected,186,MIO Throttle,6,Not Selected,4,18,1,,73
251,"return calculateDirectionalShadow(fragWorldPos, cameraPos, cameraForward, geometricNormal, L, light, shadowAtlasIdx);",249631,,,,,,,,,,,
252,} else if (light.type == LightType::Point) {,2523,2523,Wait,1987,Selected,398,Not Selected,97,9,3,,73
253,"return calculatePointShadow(fragWorldPos, geometricNormal, L, light, shadowAtlasIdx);",130612,,,,,,,,,,,
254,},,,,,,,,,,,,
255,return 0.0;,,,,,,,,,,,,
256,},,,,,,,,,,,,
257,,,,,,,,,,,,,
258,// Shadow lookup for voxel radiance injection. Directional lights sample the dedicated VXGI,,,,,,,,,,,,
259,"// tile (shadowMaps[0], fit around the voxel volume) instead of the camera-driven cascades,",,,,,,,,,,,,
260,// so injected radiance doesn't shift with the view. Point lights use the regular cube faces.,,,,,,,,,,,,
261,"float calculateVXGIShadow(float3 fragWorldPos, float3 geometricNormal, float3 L, Light* light, uint shadowAtlasIdx)",,,,,,,,,,,,
262,{,,,,,,,,,,,,
263,if (light.type == LightType::Point) {,,,,,,,,,,,,
264,"return calculatePointShadow(fragWorldPos, geometricNormal, L, light, shadowAtlasIdx);",,,,,,,,,,,,
265,},,,,,,,,,,,,
266,,,,,,,,,,,,,
267,ShadowMap map = light.shadowMaps[0];,,,,,,,,,,,,
268,,,,,,,,,,,,,
269,// ~one voxel of normal offset against acne; the tile has no per-cascade texel metadata.,,,,,,,,,,,,
270,"float NdotL = saturate(abs(dot(geometricNormal, L)));",,,,,,,,,,,,
271,float3 biasedPos = fragWorldPos + geometricNormal * (1.0 - NdotL) * 0.2;,,,,,,,,,,,,
272,,,,,,,,,,,,,
273,"float4 fragPosLightSpace = mul(map.lightSpaceMatrix, float4(biasedPos, 1.0));",,,,,,,,,,,,
274,float3 projCoords = fragPosLightSpace.xyz / fragPosLightSpace.w;,,,,,,,,,,,,
275,projCoords.x = projCoords.x * 0.5 + 0.5;,,,,,,,,,,,,
276,projCoords.y = projCoords.y * 0.5 + 0.5;,,,,,,,,,,,,
277,,,,,,,,,,,,,
278,if (projCoords.z < 0.0 || projCoords.z > 1.0) {,,,,,,,,,,,,
279,return 0.0;,,,,,,,,,,,,
280,},,,,,,,,,,,,
281,// Half-texel clamp keeps the lookup inside the tile (VXGI_DIRECTIONAL_SHADOW_RESOLUTION).,,,,,,,,,,,,
282,float texelSize = 1.0 / 256.0;,,,,,,,,,,,,
283,"projCoords.xy = clamp(projCoords.xy, 0.5 * texelSize, 1.0 - 0.5 * texelSize);",,,,,,,,,,,,
284,,,,,,,,,,,,,
285,float currentDepth = projCoords.z - 0.0001f;,,,,,,,,,,,,
286,,,,,,,,,,,,,
287,float2 rangeMin  = map.shadowAtlasRange.xy;,,,,,,,,,,,,
288,float2 rangeSpan = map.shadowAtlasRange.zw - map.shadowAtlasRange.xy;,,,,,,,,,,,,
289,,,,,,,,,,,,,
290,float2 atlasUV = rangeMin + projCoords.xy * rangeSpan;,,,,,,,,,,,,
291,float lit = textures[shadowAtlasIdx].SampleCmpLevelZero(,,,,,,,,,,,,
292,"shadowCmpSampler,",,,,,,,,,,,,
293,"atlasUV,",,,,,,,,,,,,
294,currentDepth,,,,,,,,,,,,
295,);,,,,,,,,,,,,
296,return 1.0 - lit;,,,,,,,,,,,,
297,},,,,,,,,,,,,
298,,,,,,,,,,,,,
299,"float3 reconstructPixelRayDir(float2 uv, float4x4 view, float proj00, float proj11) {",,,,,,,,,,,,
300,float2 ndc = uv * 2.0 - 1.0;,,,,,,,,,,,,
301,"float3 viewRay = float3(ndc.x / proj00, ndc.y / proj11, -1.0);",,,,,,,,,,,,
302,"return normalize(mul(viewRay, (float3x3)view));",,,,,,,,,,,,
303,},,,,,,,,,,,,
304,,,,,,,,,,,,,
305,"float3 reconstructViewPos(float2 uv, float depth, float4x4 invProjection) {",,,,,,,,,,,,
306,"float4 clip = float4(uv * 2.0 - 1.0, depth, 1.0);",,,,,,,,,,,,
307,"float4 view = mul(invProjection, clip);",,,,,,,,,,,,
308,return view.xyz / view.w;,,,,,,,,,,,,
309,},,,,,,,,,,,,
310,,,,,,,,,,,,,
311,"float3 calculateViewSpaceNormal(uint depthIndex,uint depthSamplerIndex, float4x4 invProjection, float2 texelSize, float2 uv, float3 fragPos) {",,,,,,,,,,,,
312,"float3 posRight = reconstructViewPos(uv + float2(texelSize.x, 0.0),",,,,,,,,,,,,
313,"textures[depthIndex].Sample(samplers[depthSamplerIndex], uv + float2(texelSize.x, 0.0)).r, invProjection);",,,,,,,,,,,,
314,"float3 posLeft = reconstructViewPos(uv - float2(texelSize.x, 0.0),",,,,,,,,,,,,
315,"textures[depthIndex].Sample(samplers[depthSamplerIndex], uv - float2(texelSize.x, 0.0)).r, invProjection);",,,,,,,,,,,,
316,"float3 posUp = reconstructViewPos(uv + float2(0.0, texelSize.y),",,,,,,,,,,,,
317,"textures[depthIndex].Sample(samplers[depthSamplerIndex], uv + float2(0.0, texelSize.y)).r, invProjection);",,,,,,,,,,,,
318,"float3 posDown = reconstructViewPos(uv - float2(0.0, texelSize.y),",,,,,,,,,,,,
319,"textures[depthIndex].Sample(samplers[depthSamplerIndex], uv - float2(0.0, texelSize.y)).r, invProjection);",,,,,,,,,,,,
320,,,,,,,,,,,,,
321,// Use the smaller delta to avoid artifacts at edges,,,,,,,,,,,,
322,float3 dx = (abs(posRight.z - fragPos.z) < abs(fragPos.z - posLeft.z)) ? (posRight - fragPos) : (fragPos - posLeft);,,,,,,,,,,,,
323,float3 dy = (abs(posUp.z - fragPos.z) < abs(fragPos.z - posDown.z)) ? (posUp - fragPos) : (fragPos - posDown);,,,,,,,,,,,,
324,"return normalize(cross(dx, dy));",,,,,,,,,,,,
325,},,,,,,,,,,,,
326,,,,,,,,,,,,,
327,"Vertex loadVertex(float* buffer, uint vertexIndex, uint stride, uint offset)",,,,,,,,,,,,
328,{,,,,,,,,,,,,
329,Vertex vert;,,,,,,,,,,,,
330,,,,,,,,,,,,,
331,// stride is in bytes; float* arithmetic is in units of 4 bytes,,,,,,,,,,,,
332,uint floatOffset = (offset + vertexIndex * stride) / 4;,,,,,,,,,,,,
333,float* v = buffer + floatOffset;,,,,,,,,,,,,
334,,,,,,,,,,,,,
335,"vert.position = float3(v[0], v[1], v[2]);",,,,,,,,,,,,
336,"vert.normal   = float3(v[3], v[4], v[5]);",,,,,,,,,,,,
337,"vert.tangent  = float3(v[6], v[7], v[8]);",,,,,,,,,,,,
338,// v[9] = materialIndex — skip,,,,,,,,,,,,
339,"vert.texCoord = float2(v[10], v[11]);",,,,,,,,,,,,
340,,,,,,,,,,,,,
341,return vert;,,,,,,,,,,,,
342,},,,,,,,,,,,,
343,,,,,,,,,,,,,
344,float3 getPosFromMM(int index){,,,,,,,,,,,,
345,float4x4 mat = pc.modelMatrices[index];,,,,,,,,,,,,
346,"return float3(mat[0].w, mat[1].w, mat[2].w);",,,,,,,,,,,,
347,},,,,,,,,,,,,
348,,,,,,,,,,,,,
349,"VertexOutput litVertMain(uint vertexID, uint instanceID, uint drawID)",,,,,,,,,,,,
350,{,,,,,,,,,,,,
351,LitMeshDrawData mesh = pc.litMeshDrawData[drawID + pc.drawIDOffset];,,,,,,,,,,,,
352,uint absInstance = mesh.firstInstance + instanceID;,,,,,,,,,,,,
353,LitInstanceData draw = pc.litInstanceData[absInstance];,,,,,,,,,,,,
354,,,,,,,,,,,,,
355,"Vertex vertex = loadVertex(pc.vertexBuffer, vertexID, mesh.vertexStride, mesh.vertexOffset);",,,,,,,,,,,,
356,,,,,,,,,,,,,
357,float4x4 modelMatrix = pc.modelMatrices[draw.modelMatrixIndex];,,,,,,,,,,,,
358,VertexOutput output;,,,,,,,,,,,,
359,"float4 worldPos = mul(modelMatrix, float4(vertex.position, 1.0));",,,,,,,,,,,,
360,output.worldPos = worldPos.xyz;,,,,,,,,,,,,
361,"output.position = mul(pc.litPassData.viewProjection, worldPos);",,,,,,,,,,,,
362,"output.normal = mul((float3x3)modelMatrix, vertex.normal);",,,,,,,,,,,,
363,output.texCoord = vertex.texCoord;,,,,,,,,,,,,
364,"output.tangent = normalize(mul((float3x3)modelMatrix, vertex.tangent));",,,,,,,,,,,,
365,"output.bitangent = normalize(cross(output.normal, output.tangent));",,,,,,,,,,,,
366,output.drawID = drawID;,,,,,,,,,,,,
367,output.instanceID = absInstance;,,,,,,,,,,,,
368,return output;,,,,,,,,,,,,
369,},,,,,,,,,,,,
370,,,,,,,,,,,,,
371,uint pcgHash(uint x) {,,,,,,,,,,,,
372,uint state = x * 747796405u + 2891336453u;,,,,,,,,,,,,
373,uint word = ((state >> ((state >> 28u) + 4u)) ^ state) * 277803737u;,,,,,,,,,,,,
374,return (word >> 22u) ^ word;,,,,,,,,,,,,
375,},,,,,,,,,,,,
376,,,,,,,,,,,,,
377,float rand(inout uint seed) {,,,,,,,,,,,,
378,seed = pcgHash(seed);,,,,,,,,,,,,
379,return float(seed) * (1.0 / 4294967296.0);,,,,,,,,,,,,
380,},,,,,,,,,,,,
381,,,,,,,,,,,,,
382,// 0: cubic,,,,,,,,,,,,
383,// 1: quintic,,,,,,,,,,,,
384,#define INTERPOLANT 0,,,,,,,,,,,,
385,"float hash(int2 p)  // this hash is not production ready, please",,,,,,,,,,,,
386,{                         // replace this by something better,,,,,,,,,,,,
387,// 2D -> 1D,,,,,,,,,,,,
388,int n = p.x*3 + p.y*113;,,,,,,,,,,,,
389,,,,,,,,,,,,,
390,// 1D hash by Hugo Elias,,,,,,,,,,,,
391,n = (n << 13) ^ n;,,,,,,,,,,,,
392,n = n * (n * n * 15731 + 789221) + 1376312589;,,,,,,,,,,,,
393,return -1.0+2.0*float( n & 0x0fffffff)/float(0x0fffffff);,,,,,,,,,,,,
394,},,,,,,,,,,,,
395,,,,,,,,,,,,,
396,"float mix(float x, float y, float a) {",,,,,,,,,,,,
397,return (x*(1.0f - a) + y * a);,,,,,,,,,,,,
398,},,,,,,,,,,,,
399,,,,,,,,,,,,,
400,float valueNoise(float2 p),,,,,,,,,,,,
401,{,,,,,,,,,,,,
402,int2 i = int2(floor( p ));,,,,,,,,,,,,
403,float2 f = fract( p );,,,,,,,,,,,,
404,,,,,,,,,,,,,
405,#if INTERPOLANT==1,,,,,,,,,,,,
406,// quintic interpolant,,,,,,,,,,,,
407,float2 u = f*f*f*(f*(f*6.0-15.0)+10.0);,,,,,,,,,,,,
408,#else,,,,,,,,,,,,
409,// cubic interpolant,,,,,,,,,,,,
410,float2 u = f*f*(3.0-2.0*f);,,,,,,,,,,,,
411,#endif,,,,,,,,,,,,
412,,,,,,,,,,,,,
413,"return mix( mix( hash( i + int2(0,0) ),",,,,,,,,,,,,
414,"hash( i + int2(1,0) ), u.x),",,,,,,,,,,,,
415,"mix( hash( i + int2(0,1) ),",,,,,,,,,,,,
416,"hash( i + int2(1,1) ), u.x), u.y);",,,,,,,,,,,,
417,},,,,,,,,,,,,
418,,,,,,,,,,,,,
419,// -----------------------------------------------,,,,,,,,,,,,
,pbr.slang,,,,,,,,,
1,static const float PI = 3.14159265;,,,,,,,,,,,,
2,static const float invPI = 0.31830988618;,,,,,,,,,,,,
3,,,,,,,,,,,,,
4,"float3 fresnelSchlick(float cosTheta, float3 F0)",,,,,,,,,,,,
5,{,,,,,,,,,,,,
6,"return F0 + (1.0 - F0) * pow(clamp(1.0 - cosTheta, 0.0, 1.0), 5.0);",5774,5774,Selected,2183,Wait,1993,Not Selected,861,27,10,,76
7,},,,,,,,,,,,,
8,,,,,,,,,,,,,
9,"float3 fresnelSchlickRoughness(float cosTheta, float3 F0, float roughness)",,,,,,,,,,,,
10,{,,,,,,,,,,,,
11,"return F0 + (max(float3(1.0 - roughness), F0) - F0) * pow(clamp(1.0 - cosTheta, 0.0, 1.0), 5.0);",9853,9853,Selected,3806,Wait,2990,Not Selected,1281,30,14,,24
12,},,,,,,,,,,,,
13,,,,,,,,,,,,,
14,"float DistributionGGX(float3 N, float3 H, float roughness)",,,,,,,,,,,,
15,{,,,,,,,,,,,,
16,float a      = roughness*roughness;,495,495,Wait,256,Selected,214,Math Pipe Throttle,14,27,1,,74
17,float a2     = a*a;,550,550,Selected,278,Wait,201,Math Pipe Throttle,37,27,1,,75
18,"float NdotH  = max(dot(N, H), 0.0);",3106,3106,Selected,855,Miscellaneous,819,Math Pipe Throttle,630,27,4,,75
19,float NdotH2 = NdotH*NdotH;,234,234,Selected,234,,,,,27,1,,76
20,,,,,,,,,,,,,
21,float num   = a2;,,,,,,,,,,,,
22,float denom = (NdotH2 * (a2 - 1.0) + 1.0);,1619,1619,Miscellaneous,726,Selected,446,Wait,367,27,2,,76
23,denom = PI * denom * denom;,2078,2078,Miscellaneous,578,Not Selected,498,Math Pipe Throttle,409,27,2,,75
24,,,,,,,,,,,,,
25,return num / denom;,2273,2273,Miscellaneous,1428,Selected,467,Wait,210,27,2,20,75
26,},,,,,,,,,,,,
27,,,,,,,,,,,,,
28,"float GeometrySchlickGGX(float NdotV, float roughness)",,,,,,,,,,,,
29,{,,,,,,,,,,,,
30,float r = (roughness + 1.0);,221,221,Selected,214,Dispatch Stall,7,,,27,1,,72
31,float k = (r*r) / 8.0;,440,440,Wait,231,Selected,152,Math Pipe Throttle,33,27,1,,74
32,,,,,,,,,,,,,
33,float num   = NdotV;,,,,,,,,,,,,
34,float denom = NdotV * (1.0 - k) + k;,2632,2632,Not Selected,736,Wait,660,Selected,656,27,3,,77
35,,,,,,,,,,,,,
36,return num / denom;,1870,1870,Selected,856,Not Selected,241,Short Scoreboard,240,27,4,553,75
37,},,,,,,,,,,,,
38,,,,,,,,,,,,,
39,"float GeometrySmith(float3 N, float3 V, float3 L, float roughness)",,,,,,,,,,,,
40,{,,,,,,,,,,,,
41,"float NdotV = max(dot(N, V), 0.0);",243,243,Selected,233,Dispatch Stall,10,,,27,1,,76
42,"float NdotL = max(dot(N, L), 0.0);",207,207,Selected,207,,,,,27,1,,71
43,"float ggx2  = GeometrySchlickGGX(NdotV, roughness);",4282,,,,,,,,,,,
44,"float ggx1  = GeometrySchlickGGX(NdotL, roughness);",881,,,,,,,,,,,
45,,,,,,,,,,,,,
46,return ggx1 * ggx2;,1666,1666,Wait,605,Math Pipe Throttle,481,Not Selected,391,27,1,,74
47,},,,,,,,,,,,,
48,,,,,,,,,,,,,
49,"float3 calculateSpecularIBL(float3 N, float3 V, float roughness, float3 F0, TextureCube envMap, SamplerState envSampler)",,,,,,,,,,,,
50,{,,,,,,,,,,,,
51,"float3 R = reflect(-V, N);",,,,,,,,,,,,
52,,,,,,,,,,,,,
53,"uint width, height, mipLevels;",,,,,,,,,,,,
54,"envMap.GetDimensions(0, width, height, mipLevels);",,,,,,,,,,,,
55,float maxMipLevel = float(mipLevels - 1);,,,,,,,,,,,,
56,,,,,,,,,,,,,
57,float mipLevel = roughness * maxMipLevel;,,,,,,,,,,,,
58,,,,,,,,,,,,,
59,"float3 prefilteredColor = envMap.SampleLevel(envSampler, R, mipLevel).rgb;",,,,,,,,,,,,
60,,,,,,,,,,,,,
61,"float NdotV = max(dot(N, V), 0.0);",,,,,,,,,,,,
62,"float3 F = fresnelSchlickRoughness(NdotV, F0, roughness);",,,,,,,,,,,,
63,,,,,,,,,,,,,
64,return prefilteredColor * F;,,,,,,,,,,,,
65,},,,,,,,,,,,,
66,,,,,,,,,,,,,
67,"float3 calculateDiffuseIBL(float3 N, float3 albedo, TextureCube envMap, float maxMip, SamplerState envSampler)",,,,,,,,,,,,
68,{,,,,,,,,,,,,
69,"float3 irradiance = envMap.SampleLevel(envSampler, N, maxMip).rgb;",,,,,,,,,,,,
70,return irradiance * albedo * invPI;,,,,,,,,,,,,
71,},,,,,,,,,,,,
72,,,,,,,,,,,,,
73,// Importance sampling: draw a half-vector from the GGX distribution,,,,,,,,,,,,
74,"// xi is a uniform random 2D sample in [0,1)^2",,,,,,,,,,,,
75,"float3 sampleGGX(float2 xi, float roughness)",,,,,,,,,,,,
76,{,,,,,,,,,,,,
77,float a = roughness * roughness;,,,,,,,,,,,,
78,float a2 = a * a;,,,,,,,,,,,,
79,float phi = 2.0 * PI * xi.x;,,,,,,,,,,,,
80,float cosTheta = sqrt((1.0 - xi.y) / (1.0 + (a2 - 1.0) * xi.y));,,,,,,,,,,,,
81,float sinTheta = sqrt(1.0 - cosTheta * cosTheta);,,,,,,,,,,,,
82,"return float3(cos(phi) * sinTheta, sin(phi) * sinTheta, cosTheta);",,,,,,,,,,,,
83,},,,,,,,,,,,,
84,,,,,,,,,,,,,
85,// Build an orthonormal basis (TBN) from a normal vector,,,,,,,,,,,,
86,float3x3 buildTBN(float3 N),,,,,,,,,,,,
87,{,,,,,,,,,,,,
88,"float3 up = abs(N.z) < 0.999 ? float3(0, 0, 1) : float3(1, 0, 0);",,,,,,,,,,,,
89,"float3 T = normalize(cross(up, N));",,,,,,,,,,,,
90,"float3 B = cross(N, T);",,,,,,,,,,,,
91,"return float3x3(T, B, N);",,,,,,,,,,,,
92,},,,,,,,,,,,,
93,,,,,,,,,,,,,
,voxel.slang,,,,,,,,,
1,// Shared encoding for the voxel scatter buffers (voxelization.slang -> voxel_resolve.slang).,,,,,,,,,,,,
2,//,,,,,,,,,,,,
3,"// One uint per voxel per channel. The top byte is a luminance key, so InterlockedMax orders samples",,,,,,,,,,,,
4,// by brightness rather than by whichever bit pattern happens to be numerically larger — the result is,,,,,,,,,,,,
5,"// the brightest contributor to that voxel, independent of draw order. Zero means empty; that makes a",,,,,,,,,,,,
6,"// pure-black surface indistinguishable from no surface, which is the price of not carrying a separate",,,,,,,,,,,,
7,// occupancy buffer.,,,,,,,,,,,,
8,module voxel;,,,,,,,,,,,,
9,,,,,,,,,,,,,
10,"[[vk::binding(0, 0)]] Texture3D<float4> textures3D[];",,,,,,,,,,,,
11,"// Alias of common.slang's cubemaps — same binding, module-local name to avoid a collision in",,,,,,,,,,,,
12,// shaders that import both modules.,,,,,,,,,,,,
13,"[[vk::binding(1, 0)]] TextureCube voxelCubemaps[];",,,,,,,,,,,,
14,"[[vk::binding(2, 0)]] SamplerState samplers[];",,,,,,,,,,,,
15,,,,,,,,,,,,,
16,"// Radiance is HDR, so it goes through Reinhard on the way in and the inverse on the way out. The",,,,,,,,,,,,
17,"// volume is RGBA8 unorm, so it stores the compressed domain too — readers decode per tap. Values",,,,,,,,,,,,
18,// well above ~10 compress hard — raise the knee if the scene has very bright emissives.,,,,,,,,,,,,
19,public float3 voxelToneMap(float3 v)    { return v / (1.0 + v); },,,,,,,,,,,,
20,"public float3 voxelToneMapInv(float3 v) { return v / max(1.0 - v, 1e-4); }",29437,29437,Wait,9724,Selected,7297,Short Scoreboard,5255,30,133,7763,121
21,,,,,,,,,,,,,
22,public uint packVoxel(float3 color) {,,,,,,,,,,,,
23,float3 c = saturate(color);,,,,,,,,,,,,
24,"uint luma = (uint)(saturate(dot(c, float3(0.2126, 0.7152, 0.0722))) * 255.0 + 0.5);",,,,,,,,,,,,
25,uint3 rgb = (uint3)(c * 255.0 + 0.5);,,,,,,,,,,,,
26,"// Keep the key non-zero for anything that isn't pure black, so occupancy survives dim surfaces.",,,,,,,,,,,,
27,if (luma == 0 && any(rgb > 0)) luma = 1;,,,,,,,,,,,,
28,return (luma << 24) | (rgb.r << 16) | (rgb.g << 8) | rgb.b;,,,,,,,,,,,,
29,},,,,,,,,,,,,
30,,,,,,,,,,,,,
31,public float3 unpackVoxel(uint packed) {,,,,,,,,,,,,
32,"return float3((packed >> 16) & 0xFF, (packed >> 8) & 0xFF, packed & 0xFF) * (1.0 / 255.0);",,,,,,,,,,,,
33,},,,,,,,,,,,,
34,,,,,,,,,,,,,
35,public bool voxelOccupied(uint packed) { return packed != 0; },,,,,,,,,,,,
36,,,,,,,,,,,,,
37,"// Ambient-cube face order: +X, -X, +Y, -Y, +Z, -Z. Shared by the gather pass (trace axes) and the",,,,,,,,,,,,
38,// lit-shader lookup (face picked by normal sign).,,,,,,,,,,,,
39,public static const float3 VOXEL_FACE_DIRS[6] = {,,,,,,,,,,,,
40,"float3( 1, 0, 0), float3(-1, 0, 0),",,,,,,,,,,,,
41,"float3( 0, 1, 0), float3( 0,-1, 0),",,,,,,,,,,,,
42,"float3( 0, 0, 1), float3( 0, 0,-1),",,,,,,,,,,,,
43,};,,,,,,,,,,,,
44,,,,,,,,,,,,,
45,"public float voxelLoadCoverage(uint textureIndex, uint3 coord, uint mip) {",,,,,,,,,,,,
46,"return textures3D[textureIndex].Load(int4(coord, mip)).a;",,,,,,,,,,,,
47,},,,,,,,,,,,,
48,,,,,,,,,,,,,
49,"// Voxel center in world space. Grid clip is orthographic, so w == 1 and the inverse is exact.",,,,,,,,,,,,
50,"public float3 voxelCenterWorld(uint3 coord, uint resolution, float4x4 gridClipToWorld) {",,,,,,,,,,,,
51,float3 uvw = (float3(coord) + 0.5) / float(resolution);,,,,,,,,,,,,
52,"return mul(gridClipToWorld, float4(uvw.xy * 2.0 - 1.0, uvw.z, 1.0)).xyz;",,,,,,,,,,,,
53,},,,,,,,,,,,,
54,,,,,,,,,,,,,
55,"public uint voxelIndex(uint3 coord, uint resolution) {",,,,,,,,,,,,
56,return coord.x + resolution * (coord.y + resolution * coord.z);,,,,,,,,,,,,
57,},,,,,,,,,,,,
58,,,,,,,,,,,,,
59,// World -> volume UVW via the grid's ortho VPM. xy is NDC so it needs the half-range remap; z is,,,,,,,,,,,,
60,"// already [0,1] under orthoRH_ZO. Same mapping as gridClipToUVW in voxel_debug.slang.",,,,,,,,,,,,
61,"public float3 worldToGridUVW(float3 worldPos, float4x4 worldToGridClip) {",,,,,,,,,,,,
62,"float4 clip = mul(worldToGridClip, float4(worldPos, 1.0));",17362,17362,Selected,5738,Wait,4811,Not Selected,3274,30,32,,114
63,float3 ndc = clip.xyz / clip.w;,5304,5304,Wait,1923,Selected,1421,Not Selected,837,30,8,0,117
64,"return float3(ndc.xy * 0.5 + 0.5, ndc.z);",1609,1609,Selected,1083,Wait,344,Not Selected,83,30,6,,114
65,},,,,,,,,,,,,
66,,,,,,,,,,,,,
67,// Compile-time caps for the runtime-tunable trace params (LitPass gi* fields).,,,,,,,,,,,,
68,#define MAX_HEMISPHERE_RAYS 5,,,,,,,,,,,,
69,#define MAX_FETCH_BATCH 8,,,,,,,,,,,,
70,,,,,,,,,,,,,
71,"// Crassin's cone fan: one along the normal plus up to MAX_HEMISPHERE_RAYS at 60°, ~60° aperture each.",,,,,,,,,,,,
72,"// Tangent-space, z = normal. Weights are cosine-lobe-ish; renormalized at trace time by however many",,,,,,,,,,,,
73,// cones actually run.,,,,,,,,,,,,
74,static const float3 CONE_DIRS[MAX_HEMISPHERE_RAYS + 1] = {,,,,,,,,,,,,
75,"float3( 0.0,       0.0,      1.0),",,,,,,,,,,,,
76,"float3( 0.866025,  0.0,      0.5),",,,,,,,,,,,,
77,"float3( 0.267617,  0.823639, 0.5),",,,,,,,,,,,,
78,"float3(-0.700629,  0.509037, 0.5),",,,,,,,,,,,,
79,"float3(-0.700629, -0.509037, 0.5),",,,,,,,,,,,,
80,"float3( 0.267617, -0.823639, 0.5),",,,,,,,,,,,,
81,};,,,,,,,,,,,,
82,"static const float CONE_WEIGHTS[MAX_HEMISPHERE_RAYS + 1] = { 0.25, 0.15, 0.15, 0.15, 0.15, 0.15 };",,,,,,,,,,,,
83,static const float CONE_TAN = 0.577; // tan(30°) half-angle,,,,,,,,,,,,
84,,,,,,,,,,,,,
85,"// Front-to-back march along one cone. The volume holds (Reinhard-compressed radiance, coverage),",,,,,,,,,,,,
86,"// colour not premultiplied, so each tap decodes then composites as a * rgb. Mip follows the cone",,,,,,,,,,,,
87,// diameter — that growing trilinear footprint is what stands in for integrating over the cone's,,,,,,,,,,,,
88,// solid angle.,,,,,,,,,,,,
89,//,,,,,,,,,,,,
90,"// Fetches go out in batches of fetchBatch: tap positions depend only on dist, never on sampled",,,,,,,,,,,,
91,"// data, so batching keeps several texture requests in flight instead of one serialized round-trip",,,,,,,,,,,,
92,// per step (long-scoreboard stalls). A batch may overshoot the opacity break or the grid by up to,,,,,,,,,,,,
93,// fetchBatch-1 taps; the sampler's transparent-black border makes those composite as no-ops.,,,,,,,,,,,,
94,"// Runtime bounds mean no [unroll]; the fetch loop still has no data dependency, so requests overlap.",,,,,,,,,,,,
95,"float3 traceCone(Texture3D<float4> volume, SamplerState smp, float4x4 worldToGridClip,",,,,,,,,,,,,
96,"float3 origin, float3 dir, float voxelSize, float maxDist, float maxMip,",,,,,,,,,,,,
97,"uint maxSteps, uint fetchBatch, uint envMapIndex, float skyIntensity) {",,,,,,,,,,,,
98,"// Grid clip is orthographic (w == 1), so uvw is linear in dist — one affine ray, no per-step matrix mul.",,,,,,,,,,,,
99,"float3 uvwOrigin = worldToGridUVW(origin, worldToGridClip);",12281,,,,,,,,,,,
100,"float4 clipDir = mul(worldToGridClip, float4(dir, 0.0));",4070,4070,Selected,1396,Wait,1113,Math Pipe Throttle,757,30,9,,113
101,"float3 uvwDir = float3(clipDir.xy * 0.5, clipDir.z);",795,795,Selected,360,Wait,327,Math Pipe Throttle,58,30,2,,110
102,,,,,,,,,,,,,
103,// Clamp the march at the grid exit (slab test) instead of bounds-checking every step.,,,,,,,,,,,,
104,"float3 tFar = (step(0.0, uvwDir) - uvwOrigin) / uvwDir;",2629,2629,Selected,1823,Wait,307,Dispatch Stall,154,30,12,0,117
105,"maxDist = min(maxDist, min(min(tFar.x, tFar.y), tFar.z));",1394,1394,Wait,651,Selected,484,Not Selected,187,30,3,,117
106,,,,,,,,,,,,,
107,float4 acc = float4(0.0);,,,,,,,,,,,,
108,float dist = voxelSize;,,,,,,,,,,,,
109,for (uint i = 0; i < maxSteps / fetchBatch && dist < maxDist && acc.a < 0.99; i++) {,15329,15329,Wait,5513,Selected,4201,Not Selected,1756,30,34,752,119
110,float4 s[MAX_FETCH_BATCH];,,,,,,,,,,,,
111,float d = dist;,,,,,,,,,,,,
112,for (uint j = 0; j < fetchBatch; j++) {,,,,,,,,,,31,,124
113,"float diameter = max(voxelSize, 2.0 * CONE_TAN * d);",,,,,,,,,,16,,121
114,"float mip = clamp(log2(diameter / voxelSize), 0.0, maxMip);",,,,,,,,,,36,0,124
115,"s[j] = volume.SampleLevel(smp, uvwOrigin + uvwDir * d, mip);",,,,,,,,,,386,0,123
116,d += diameter; // half-diameter steps against banding,,,,,,,,,,9,,124
117,},,,,,,,,,,,,
118,for (uint j = 0; j < fetchBatch; j++) {,,,,,,,,,,38,,120
119,acc.rgb += (1.0 - acc.a) * s[j].a * voxelToneMapInv(s[j].rgb);,,,,,,,,,,373,,121
120,acc.a   += (1.0 - acc.a) * s[j].a;,,,,,,,,,,8,,118
121,},,,,,,,,,,,,
122,dist = d;,,,,,,,,,,,,
123,},,,,,,,,,,,,
124,// Whatever transmittance survives the march sees sky: sample the env map along the cone at a,,,,,,,,,,,,
125,"// coarse mip standing in for the ~60° aperture. Occluded cones (acc.a ~ 1) get nothing, so this",,,,,,,,,,,,
126,// is soft sky visibility for free. Assumes anything past maxDist is open sky.,,,,,,,,,,,,
127,if (skyIntensity > 0.0) {,6098,6098,Wait,2230,Branch Resolving,1992,Miscellaneous,1113,30,3,,108
128,"uint w, h, mips;",,,,,,,,,,,,
129,"voxelCubemaps[envMapIndex].GetDimensions(0, w, h, mips);",7293,7293,Short Scoreboard,3533,Wait,2742,Selected,641,7,4,6941,108
130,"acc.rgb += (1.0 - acc.a) * skyIntensity * voxelCubemaps[envMapIndex].SampleLevel(smp, dir, float(mips) - 2.0).rgb;",23278,23278,Long Scoreboard,8755,Short Scoreboard,4139,Wait,3284,,16,9486,108
131,},,,,,,,,,,,,
132,return acc.rgb;,,,,,,,,,,,,
133,},,,,,,,,,,,,
134,,,,,,,,,,,,,
135,"public float3 coneTraceVXGI(uint voxel3DTextureIndex, uint voxelSamplerIndex, float4x4 worldToGridClip,",,,,,,,,,,,,
136,"uint resolution, float worldExtent, float3 worldPos, float3 N,",,,,,,,,,,,,
137,"uint hemisphereRays, uint maxSteps, uint fetchBatch,",,,,,,,,,,,,
138,"uint envMapIndex, float skyIntensity) {",,,,,,,,,,,,
139,Texture3D<float4> volume = textures3D[voxel3DTextureIndex];,,,,,,,,,,,,
140,SamplerState smp = samplers[voxelSamplerIndex];,,,,,,,,,,,,
141,float voxelSize = worldExtent / resolution;,1289,1289,Long Scoreboard,592,Short Scoreboard,472,Selected,79,30,3,472,67
142,float maxMip = log2(float(resolution));,23,23,Selected,23,,,,,30,1,114,88
143,"uint rays  = min(hemisphereRays, uint(MAX_HEMISPHERE_RAYS));",54,54,Long Scoreboard,42,Math Pipe Throttle,6,Selected,5,30,1,,66
144,"uint batch = min(max(fetchBatch, 1u), uint(MAX_FETCH_BATCH));",306,306,Short Scoreboard,114,Wait,109,Selected,26,30,2,,94
145,,,,,,,,,,,,,
146,N = normalize(N);,,,,,,,,,,,,
147,"float3 up = abs(N.y) < 0.99 ? float3(0.0, 1.0, 0.0) : float3(1.0, 0.0, 0.0);",107,107,Selected,42,Not Selected,35,Math Pipe Throttle,18,30,2,,65
148,"float3 T = normalize(cross(up, N));",1391,1391,Wait,497,Short Scoreboard,280,Selected,250,30,11,280,68
149,"float3 B = cross(N, T);",380,380,Not Selected,112,Selected,111,Math Pipe Throttle,111,30,6,,95
150,,,,,,,,,,,,,
151,// Start clear of the surface's own voxel — sampling it reads back direct lighting and flickers.,,,,,,,,,,,,
152,float3 origin = worldPos + N * (2.0 * voxelSize);,437,437,Wait,167,Math Pipe Throttle,102,Selected,90,30,4,,69
153,,,,,,,,,,,,,
154,// Renormalize by the weights actually used so fewer cones doesn't dim the GI.,,,,,,,,,,,,
155,float3 gi = float3(0.0);,,,,,,,,,,,,
156,float totalWeight = 0.0;,,,,,,,,,,,,
157,for (uint i = 0; i < rays + 1; i++) {,3103,3103,Wait,1732,Selected,1123,Not Selected,227,28,16,,101
158,float3 dir = normalize(T * CONE_DIRS[i].x + B * CONE_DIRS[i].y + N * CONE_DIRS[i].z);,9317,9317,Selected,2905,Wait,2545,Not Selected,1804,30,19,488,108
159,"gi += CONE_WEIGHTS[i] * traceCone(volume, smp, worldToGridClip, origin, dir, voxelSize, worldExtent * 0.5, maxMip, maxSteps, batch, envMapIndex, skyIntensity);",71755,2246,Selected,1214,Wait,520,Short Scoreboard,251,30,7,,101
160,totalWeight += CONE_WEIGHTS[i];,428,428,Selected,166,Wait,162,Not Selected,59,30,1,,100
161,},,,,,,,,,,,,
162,return gi / totalWeight;,1119,1119,Short Scoreboard,475,Miscellaneous,163,Selected,132,30,4,475,19
163,},,,,,,,,,,,,
164,,,,,,,,,,,,,
165,"// Irradiance faces store (Reinhard(irradiance) * valid, valid) — premultiplied so hardware trilinear",,,,,,,,,,,,
166,// against empty black neighbours renormalizes on the divide instead of dimming. The 0.25 floor makes,,,,,,,,,,,,
167,// mostly-empty neighbourhoods fade out rather than amplify unorm8 quantization noise.,,,,,,,,,,,,
168,float3 decodeIrradiance(float4 s) {,,,,,,,,,,,,
169,"return voxelToneMapInv(s.rgb / max(s.a, 0.25));",168075,138638,Long Scoreboard,129752,Wait,4472,Selected,3024,30,15,94,35
170,},,,,,,,,,,,,
171,,,,,,,,,,,,,
172,"// Ambient-cube GI lookup: three trilinear taps from the sign-matching face volumes, blended by N².",,,,,,,,,,,,
173,"// Sampled at the surface position, no normal offset: an offset along an axis-aligned N lands a full",,,,,,,,,,,,
174,// voxel away and zeroes the valid slab's trilinear weight (black walls/floors). The surface's own,,,,,,,,,,,,
175,// voxel is the right source — face selection by normal sign already separates the two sides of thin,,,,,,,,,,,,
176,// geometry sharing a voxel.,,,,,,,,,,,,
177,"public float3 sampleAmbientCubeGI(uint faceIndices[6], uint samplerIndex, float4x4 worldToGridClip,",,,,,,,,,,,,
178,"uint resolution, float worldExtent, float3 worldPos, float3 N) {",,,,,,,,,,,,
179,SamplerState smp = samplers[samplerIndex];,,,,,,,,,,,,
180,N = normalize(N);,,,,,,,,,,,,
181,"float3 uvw = worldToGridUVW(worldPos, worldToGridClip);",11994,,,,,,,,,,,
182,"float3 w = N * N; // face weights, sum to 1",1553,1553,Selected,681,Wait,679,Not Selected,92,30,3,,34
183,uint fx = N.x < 0.0 ? 1 : 0;,426,426,Selected,260,Wait,157,Math Pipe Throttle,9,30,1,,46
184,uint fy = N.y < 0.0 ? 3 : 2;,232,232,Selected,232,,,,,30,1,,44
185,uint fz = N.z < 0.0 ? 5 : 4;,238,238,Selected,238,,,,,30,1,,46
186,"return w.x * decodeIrradiance(textures3D[faceIndices[fx]].SampleLevel(smp, uvw, 0))",219912,51837,Long Scoreboard,18350,Selected,12899,Wait,12469,23,68,392208,49
187,"+ w.y * decodeIrradiance(textures3D[faceIndices[fy]].SampleLevel(smp, uvw, 0))",,,,,,,,,,,,
188,"+ w.z * decodeIrradiance(textures3D[faceIndices[fz]].SampleLevel(smp, uvw, 0));",,,,,,,,,,,,
189,},,,,,,,,,,,,
190,,,,,,,,,,,,,
#,Source,Samples,Top Stall #1 (Type),Top Stall #1 (Samples),Top Stall #2 (Type),Top Stall #2 (Samples),Top Stall #3 (Type),Top Stall #3 (Samples),Active Threads Per Warp,Instruction Mix,Dependency-Attributed Samples,Live Registers
,frag.10000.spv (a0499573b8239eb2),,,,,,,,
1,; SPIR-V,,,,,,,,,,,
2,; Version: 1.4,,,,,,,,,,,
3,; Generator: NVIDIA Slang Compiler; 0,,,,,,,,,,,
4,; Bound: 9635,,,,,,,,,,,
5,; Schema: 0,,,,,,,,,,,
6,OpCapability DrawParameters,,,,,,,,,,,
7,OpCapability PhysicalStorageBufferAddresses,,,,,,,,,,,
8,OpCapability Int64,,,,,,,,,,,
9,OpCapability RuntimeDescriptorArray,,,,,,,,,,,
10,OpCapability ImageQuery,,,,,,,,,,,
11,OpCapability Shader,,,,,,,,,,,
12,"OpExtension ""SPV_KHR_non_semantic_info""",,,,,,,,,,,
13,"OpExtension ""SPV_KHR_physical_storage_buffer""",,,,,,,,,,,
14,"OpExtension ""SPV_EXT_descriptor_indexing""",,,,,,,,,,,
15,"%2 = OpExtInstImport ""NonSemantic.Shader.DebugInfo.100""",,,,,,,,,,,
16,"%554 = OpExtInstImport ""GLSL.std.450""",,,,,,,,,,,
17,OpMemoryModel PhysicalStorageBuffer64 GLSL450,,,,,,,,,,,
18,"OpEntryPoint Vertex %vertMain ""vertMain"" %pc %gl_Position %entryPointParam_vertMain_worldPos %entryPointParam_vertMain_normal %entryPointParam_vertMain_texCoord %entryPointParam_vertMain_tangent %entryPointParam_vertMain_bitangent %entryPointParam_vertMain_drawID %entryPointParam_vertMain_instanceID %49 %gl_VertexIndex %37 %gl_InstanceIndex %gl_BaseInstance",,,,,,,,,,,
19,"OpEntryPoint Fragment %fragMain ""fragMain"" %pc %samplers %textures %cubemaps %shadowCmpSampler %samplers_0 %textures3D %voxelCubemaps %entryPointParam_fragMain_color %entryPointParam_fragMain_roughness_metal %entryPointParam_fragMain_worldNormal %input_worldPos %input_normal %input_texCoord %input_tangent %input_instanceID",,,,,,,,,,,
20,OpExecutionMode %fragMain OriginUpperLeft,,,,,,,,,,,
21,"%1 = OpString ""// Shared encoding for the voxel scatter buffers (voxelization.slang -> voxel_resolve.slang).",,,,,,,,,,,
22,//,,,,,,,,,,,
23,"// One uint per voxel per channel. The top byte is a luminance key, so InterlockedMax orders samples",,,,,,,,,,,
24,// by brightness rather than by whichever bit pattern happens to be numerically larger — the result is,,,,,,,,,,,
25,"// the brightest contributor to that voxel, independent of draw order. Zero means empty; that makes a",,,,,,,,,,,
26,"// pure-black surface indistinguishable from no surface, which is the price of not carrying a separate",,,,,,,,,,,
27,// occupancy buffer.,,,,,,,,,,,
28,module voxel;,,,,,,,,,,,
29,,,,,,,,,,,,
30,"[[vk::binding(0, 0)]] Texture3D<float4> textures3D[];",,,,,,,,,,,
31,"// Alias of common.slang's cubemaps — same binding, module-local name to avoid a collision in",,,,,,,,,,,
32,// shaders that import both modules.,,,,,,,,,,,
33,"[[vk::binding(1, 0)]] TextureCube voxelCubemaps[];",,,,,,,,,,,
34,"[[vk::binding(2, 0)]] SamplerState samplers[];",,,,,,,,,,,
35,,,,,,,,,,,,
36,"// Radiance is HDR, so it goes through Reinhard on the way in and the inverse on the way out. The",,,,,,,,,,,
37,"// volume is RGBA8 unorm, so it stores the compressed domain too — readers decode per tap. Values",,,,,,,,,,,
38,// well above ~10 compress hard — raise the knee if the scene has very bright emissives.,,,,,,,,,,,
39,public float3 voxelToneMap(float3 v)    { return v / (1.0 + v); },,,,,,,,,,,
40,"public float3 voxelToneMapInv(float3 v) { return v / max(1.0 - v, 1e-4); }",,,,,,,,,,,
41,,,,,,,,,,,,
42,public uint packVoxel(float3 color) {,,,,,,,,,,,
43,float3 c = saturate(color);,,,,,,,,,,,
44,"uint luma = (uint)(saturate(dot(c, float3(0.2126, 0.7152, 0.0722))) * 255.0 + 0.5);",,,,,,,,,,,
45,uint3 rgb = (uint3)(c * 255.0 + 0.5);,,,,,,,,,,,
46,"// Keep the key non-zero for anything that isn't pure black, so occupancy survives dim surfaces.",,,,,,,,,,,
47,if (luma == 0 && any(rgb > 0)) luma = 1;,,,,,,,,,,,
48,return (luma << 24) | (rgb.r << 16) | (rgb.g << 8) | rgb.b;,,,,,,,,,,,
49,},,,,,,,,,,,
50,,,,,,,,,,,,
51,public float3 unpackVoxel(uint packed) {,,,,,,,,,,,
52,"return float3((packed >> 16) & 0xFF, (packed >> 8) & 0xFF, packed & 0xFF) * (1.0 / 255.0);",,,,,,,,,,,
53,},,,,,,,,,,,
54,,,,,,,,,,,,
55,public bool voxelOccupied(uint packed) { return packed != 0; },,,,,,,,,,,
56,,,,,,,,,,,,
57,"// Ambient-cube face order: +X, -X, +Y, -Y, +Z, -Z. Shared by the gather pass (trace axes) and the",,,,,,,,,,,
58,// lit-shader lookup (face picked by normal sign).,,,,,,,,,,,
59,public static const float3 VOXEL_FACE_DIRS[6] = {,,,,,,,,,,,
60,"float3( 1, 0, 0), float3(-1, 0, 0),",,,,,,,,,,,
61,"float3( 0, 1, 0), float3( 0,-1, 0),",,,,,,,,,,,
62,"float3( 0, 0, 1), float3( 0, 0,-1),",,,,,,,,,,,
63,};,,,,,,,,,,,
64,,,,,,,,,,,,
65,"public float voxelLoadCoverage(uint textureIndex, uint3 coord, uint mip) {",,,,,,,,,,,
66,"return textures3D[textureIndex].Load(int4(coord, mip)).a;",,,,,,,,,,,
67,},,,,,,,,,,,
68,,,,,,,,,,,,
69,"// Voxel center in world space. Grid clip is orthographic, so w == 1 and the inverse is exact.",,,,,,,,,,,
70,"public float3 voxelCenterWorld(uint3 coord, uint resolution, float4x4 gridClipToWorld) {",,,,,,,,,,,
71,float3 uvw = (float3(coord) + 0.5) / float(resolution);,,,,,,,,,,,
72,"return mul(gridClipToWorld, float4(uvw.xy * 2.0 - 1.0, uvw.z, 1.0)).xyz;",,,,,,,,,,,
73,},,,,,,,,,,,
74,,,,,,,,,,,,
75,"public uint voxelIndex(uint3 coord, uint resolution) {",,,,,,,,,,,
76,return coord.x + resolution * (coord.y + resolution * coord.z);,,,,,,,,,,,
77,},,,,,,,,,,,
78,,,,,,,,,,,,
79,// World -> volume UVW via the grid's ortho VPM. xy is NDC so it needs the half-range remap; z is,,,,,,,,,,,
80,"// already [0,1] under orthoRH_ZO. Same mapping as gridClipToUVW in voxel_debug.slang.",,,,,,,,,,,
81,"public float3 worldToGridUVW(float3 worldPos, float4x4 worldToGridClip) {",,,,,,,,,,,
82,"float4 clip = mul(worldToGridClip, float4(worldPos, 1.0));",,,,,,,,,,,
83,float3 ndc = clip.xyz / clip.w;,,,,,,,,,,,
84,"return float3(ndc.xy * 0.5 + 0.5, ndc.z);",,,,,,,,,,,
85,},,,,,,,,,,,
86,,,,,,,,,,,,
87,// Compile-time caps for the runtime-tunable trace params (LitPass gi* fields).,,,,,,,,,,,
88,#define MAX_HEMISPHERE_RAYS 5,,,,,,,,,,,
89,#define MAX_FETCH_BATCH 8,,,,,,,,,,,
90,,,,,,,,,,,,
91,"// Crassin's cone fan: one along the normal plus up to MAX_HEMISPHERE_RAYS at 60°, ~60° aperture each.",,,,,,,,,,,
92,"// Tangent-space, z = normal. Weights are cosine-lobe-ish; renormalized at trace time by however many",,,,,,,,,,,
93,// cones actually run.,,,,,,,,,,,
94,static const float3 CONE_DIRS[MAX_HEMISPHERE_RAYS + 1] = {,,,,,,,,,,,
95,"float3( 0.0,       0.0,      1.0),",,,,,,,,,,,
96,"float3( 0.866025,  0.0,      0.5),",,,,,,,,,,,
97,"float3( 0.267617,  0.823639, 0.5),",,,,,,,,,,,
98,"float3(-0.700629,  0.509037, 0.5),",,,,,,,,,,,
99,"float3(-0.700629, -0.509037, 0.5),",,,,,,,,,,,
100,"float3( 0.267617, -0.823639, 0.5),",,,,,,,,,,,
101,};,,,,,,,,,,,
102,"static const float CONE_WEIGHTS[MAX_HEMISPHERE_RAYS + 1] = { 0.25, 0.15, 0.15, 0.15, 0.15, 0.15 };",,,,,,,,,,,
103,static const float CONE_TAN = 0.577; // tan(30°) half-angle,,,,,,,,,,,
104,,,,,,,,,,,,
105,"// Front-to-back march along one cone. The volume holds (Reinhard-compressed radiance, coverage),",,,,,,,,,,,
106,"// colour not premultiplied, so each tap decodes then composites as a * rgb. Mip follows the cone",,,,,,,,,,,
107,// diameter — that growing trilinear footprint is what stands in for integrating over the cone's,,,,,,,,,,,
108,// solid angle.,,,,,,,,,,,
109,//,,,,,,,,,,,
110,"// Fetches go out in batches of fetchBatch: tap positions depend only on dist, never on sampled",,,,,,,,,,,
111,"// data, so batching keeps several texture requests in flight instead of one serialized round-trip",,,,,,,,,,,
112,// per step (long-scoreboard stalls). A batch may overshoot the opacity break or the grid by up to,,,,,,,,,,,
113,// fetchBatch-1 taps; the sampler's transparent-black border makes those composite as no-ops.,,,,,,,,,,,
114,"// Runtime bounds mean no [unroll]; the fetch loop still has no data dependency, so requests overlap.",,,,,,,,,,,
115,"float3 traceCone(Texture3D<float4> volume, SamplerState smp, float4x4 worldToGridClip,",,,,,,,,,,,
116,"float3 origin, float3 dir, float voxelSize, float maxDist, float maxMip,",,,,,,,,,,,
117,"uint maxSteps, uint fetchBatch, uint envMapIndex, float skyIntensity) {",,,,,,,,,,,
118,"// Grid clip is orthographic (w == 1), so uvw is linear in dist — one affine ray, no per-step matrix mul.",,,,,,,,,,,
119,"float3 uvwOrigin = worldToGridUVW(origin, worldToGridClip);",,,,,,,,,,,
120,"float4 clipDir = mul(worldToGridClip, float4(dir, 0.0));",,,,,,,,,,,
121,"float3 uvwDir = float3(clipDir.xy * 0.5, clipDir.z);",,,,,,,,,,,
122,,,,,,,,,,,,
123,// Clamp the march at the grid exit (slab test) instead of bounds-checking every step.,,,,,,,,,,,
124,"float3 tFar = (step(0.0, uvwDir) - uvwOrigin) / uvwDir;",,,,,,,,,,,
125,"maxDist = min(maxDist, min(min(tFar.x, tFar.y), tFar.z));",,,,,,,,,,,
126,,,,,,,,,,,,
127,float4 acc = float4(0.0);,,,,,,,,,,,
128,float dist = voxelSize;,,,,,,,,,,,
129,for (uint i = 0; i < maxSteps / fetchBatch && dist < maxDist && acc.a < 0.99; i++) {,,,,,,,,,,,
130,float4 s[MAX_FETCH_BATCH];,,,,,,,,,,,
131,float d = dist;,,,,,,,,,,,
132,for (uint j = 0; j < fetchBatch; j++) {,,,,,,,,,,,
133,"float diameter = max(voxelSize, 2.0 * CONE_TAN * d);",,,,,,,,,,,
134,"float mip = clamp(log2(diameter / voxelSize), 0.0, maxMip);",,,,,,,,,,,
135,"s[j] = volume.SampleLevel(smp, uvwOrigin + uvwDir * d, mip);",,,,,,,,,,,
136,d += diameter; // half-diameter steps against banding,,,,,,,,,,,
137,},,,,,,,,,,,
138,for (uint j = 0; j < fetchBatch; j++) {,,,,,,,,,,,
139,acc.rgb += (1.0 - acc.a) * s[j].a * voxelToneMapInv(s[j].rgb);,,,,,,,,,,,
140,acc.a   += (1.0 - acc.a) * s[j].a;,,,,,,,,,,,
141,},,,,,,,,,,,
142,dist = d;,,,,,,,,,,,
143,},,,,,,,,,,,
144,// Whatever transmittance survives the march sees sky: sample the env map along the cone at a,,,,,,,,,,,
145,"// coarse mip standing in for the ~60° aperture. Occluded cones (acc.a ~ 1) get nothing, so this",,,,,,,,,,,
146,// is soft sky visibility for free. Assumes anything past maxDist is open sky.,,,,,,,,,,,
147,if (skyIntensity > 0.0) {,,,,,,,,,,,
148,"uint w, h, mips;",,,,,,,,,,,
149,"voxelCubemaps[envMapIndex].GetDimensions(0, w, h, mips);",,,,,,,,,,,
150,"acc.rgb += (1.0 - acc.a) * skyIntensity * voxelCubemaps[envMapIndex].SampleLevel(smp, dir, float(mips) - 2.0).rgb;",,,,,,,,,,,
151,},,,,,,,,,,,
152,return acc.rgb;,,,,,,,,,,,
153,},,,,,,,,,,,
154,,,,,,,,,,,,
155,"public float3 coneTraceVXGI(uint voxel3DTextureIndex, uint voxelSamplerIndex, float4x4 worldToGridClip,",,,,,,,,,,,
156,"uint resolution, float worldExtent, float3 worldPos, float3 N,",,,,,,,,,,,
157,"uint hemisphereRays, uint maxSteps, uint fetchBatch,",,,,,,,,,,,
158,"uint envMapIndex, float skyIntensity) {",,,,,,,,,,,
159,Texture3D<float4> volume = textures3D[voxel3DTextureIndex];,,,,,,,,,,,
160,SamplerState smp = samplers[voxelSamplerIndex];,,,,,,,,,,,
161,float voxelSize = worldExtent / resolution;,,,,,,,,,,,
162,float maxMip = log2(float(resolution));,,,,,,,,,,,
163,"uint rays  = min(hemisphereRays, uint(MAX_HEMISPHERE_RAYS));",,,,,,,,,,,
164,"uint batch = min(max(fetchBatch, 1u), uint(MAX_FETCH_BATCH));",,,,,,,,,,,
165,,,,,,,,,,,,
166,N = normalize(N);,,,,,,,,,,,
167,"float3 up = abs(N.y) < 0.99 ? float3(0.0, 1.0, 0.0) : float3(1.0, 0.0, 0.0);",,,,,,,,,,,
168,"float3 T = normalize(cross(up, N));",,,,,,,,,,,
169,"float3 B = cross(N, T);",,,,,,,,,,,
170,,,,,,,,,,,,
171,// Start clear of the surface's own voxel — sampling it reads back direct lighting and flickers.,,,,,,,,,,,
172,float3 origin = worldPos + N * (2.0 * voxelSize);,,,,,,,,,,,
173,,,,,,,,,,,,
174,// Renormalize by the weights actually used so fewer cones doesn't dim the GI.,,,,,,,,,,,
175,float3 gi = float3(0.0);,,,,,,,,,,,
176,float totalWeight = 0.0;,,,,,,,,,,,
177,for (uint i = 0; i < rays + 1; i++) {,,,,,,,,,,,
178,float3 dir = normalize(T * CONE_DIRS[i].x + B * CONE_DIRS[i].y + N * CONE_DIRS[i].z);,,,,,,,,,,,
179,"gi += CONE_WEIGHTS[i] * traceCone(volume, smp, worldToGridClip, origin, dir, voxelSize, worldExtent * 0.5, maxMip, maxSteps, batch, envMapIndex, skyIntensity);",,,,,,,,,,,
180,totalWeight += CONE_WEIGHTS[i];,,,,,,,,,,,
181,},,,,,,,,,,,
182,return gi / totalWeight;,,,,,,,,,,,
183,},,,,,,,,,,,
184,,,,,,,,,,,,
185,"// Irradiance faces store (Reinhard(irradiance) * valid, valid) — premultiplied so hardware trilinear",,,,,,,,,,,
186,// against empty black neighbours renormalizes on the divide instead of dimming. The 0.25 floor makes,,,,,,,,,,,
187,// mostly-empty neighbourhoods fade out rather than amplify unorm8 quantization noise.,,,,,,,,,,,
188,float3 decodeIrradiance(float4 s) {,,,,,,,,,,,
189,"return voxelToneMapInv(s.rgb / max(s.a, 0.25));",,,,,,,,,,,
190,},,,,,,,,,,,
191,,,,,,,,,,,,
192,"// Ambient-cube GI lookup: three trilinear taps from the sign-matching face volumes, blended by N².",,,,,,,,,,,
193,"// Sampled at the surface position, no normal offset: an offset along an axis-aligned N lands a full",,,,,,,,,,,
194,// voxel away and zeroes the valid slab's trilinear weight (black walls/floors). The surface's own,,,,,,,,,,,
195,// voxel is the right source — face selection by normal sign already separates the two sides of thin,,,,,,,,,,,
196,// geometry sharing a voxel.,,,,,,,,,,,
197,"public float3 sampleAmbientCubeGI(uint faceIndices[6], uint samplerIndex, float4x4 worldToGridClip,",,,,,,,,,,,
198,"uint resolution, float worldExtent, float3 worldPos, float3 N) {",,,,,,,,,,,
199,SamplerState smp = samplers[samplerIndex];,,,,,,,,,,,
200,N = normalize(N);,,,,,,,,,,,
201,"float3 uvw = worldToGridUVW(worldPos, worldToGridClip);",,,,,,,,,,,
202,"float3 w = N * N; // face weights, sum to 1",,,,,,,,,,,
203,uint fx = N.x < 0.0 ? 1 : 0;,,,,,,,,,,,
204,uint fy = N.y < 0.0 ? 3 : 2;,,,,,,,,,,,
205,uint fz = N.z < 0.0 ? 5 : 4;,,,,,,,,,,,
206,"return w.x * decodeIrradiance(textures3D[faceIndices[fx]].SampleLevel(smp, uvw, 0))",,,,,,,,,,,
207,"+ w.y * decodeIrradiance(textures3D[faceIndices[fy]].SampleLevel(smp, uvw, 0))",,,,,,,,,,,
208,"+ w.z * decodeIrradiance(textures3D[faceIndices[fz]].SampleLevel(smp, uvw, 0));",,,,,,,,,,,
209,},,,,,,,,,,,
210,"""",,,,,,,,,,,
211,"%5 = OpString ""C:\\Users\\vicro\\Desktop\\vulkan-renderer\\repo\\shader-forge\\shaders\\modules\\voxel.slang""",,,,,,,,,,,
212,"%11 = OpString ""static const float PI = 3.14159265;",,,,,,,,,,,
213,static const float invPI = 0.31830988618;,,,,,,,,,,,
214,,,,,,,,,,,,
215,"float3 fresnelSchlick(float cosTheta, float3 F0)",,,,,,,,,,,
216,{,,,,,,,,,,,
217,"return F0 + (1.0 - F0) * pow(clamp(1.0 - cosTheta, 0.0, 1.0), 5.0);",,,,,,,,,,,
218,},,,,,,,,,,,
219,,,,,,,,,,,,
220,"float3 fresnelSchlickRoughness(float cosTheta, float3 F0, float roughness)",,,,,,,,,,,
221,{,,,,,,,,,,,
222,"return F0 + (max(float3(1.0 - roughness), F0) - F0) * pow(clamp(1.0 - cosTheta, 0.0, 1.0), 5.0);",,,,,,,,,,,
223,},,,,,,,,,,,
224,,,,,,,,,,,,
225,"float DistributionGGX(float3 N, float3 H, float roughness)",,,,,,,,,,,
226,{,,,,,,,,,,,
227,float a      = roughness*roughness;,,,,,,,,,,,
228,float a2     = a*a;,,,,,,,,,,,
229,"float NdotH  = max(dot(N, H), 0.0);",,,,,,,,,,,
230,float NdotH2 = NdotH*NdotH;,,,,,,,,,,,
231,,,,,,,,,,,,
232,float num   = a2;,,,,,,,,,,,
233,float denom = (NdotH2 * (a2 - 1.0) + 1.0);,,,,,,,,,,,
234,denom = PI * denom * denom;,,,,,,,,,,,
235,,,,,,,,,,,,
236,return num / denom;,,,,,,,,,,,
237,},,,,,,,,,,,
238,,,,,,,,,,,,
239,"float GeometrySchlickGGX(float NdotV, float roughness)",,,,,,,,,,,
240,{,,,,,,,,,,,
241,float r = (roughness + 1.0);,,,,,,,,,,,
242,float k = (r*r) / 8.0;,,,,,,,,,,,
243,,,,,,,,,,,,
244,float num   = NdotV;,,,,,,,,,,,
245,float denom = NdotV * (1.0 - k) + k;,,,,,,,,,,,
246,,,,,,,,,,,,
247,return num / denom;,,,,,,,,,,,
248,},,,,,,,,,,,
249,,,,,,,,,,,,
250,"float GeometrySmith(float3 N, float3 V, float3 L, float roughness)",,,,,,,,,,,
251,{,,,,,,,,,,,
252,"float NdotV = max(dot(N, V), 0.0);",,,,,,,,,,,
253,"float NdotL = max(dot(N, L), 0.0);",,,,,,,,,,,
254,"float ggx2  = GeometrySchlickGGX(NdotV, roughness);",,,,,,,,,,,
255,"float ggx1  = GeometrySchlickGGX(NdotL, roughness);",,,,,,,,,,,
256,,,,,,,,,,,,
257,return ggx1 * ggx2;,,,,,,,,,,,
258,},,,,,,,,,,,
259,,,,,,,,,,,,
260,"float3 calculateSpecularIBL(float3 N, float3 V, float roughness, float3 F0, TextureCube envMap, SamplerState envSampler)",,,,,,,,,,,
261,{,,,,,,,,,,,
262,"float3 R = reflect(-V, N);",,,,,,,,,,,
263,,,,,,,,,,,,
264,"uint width, height, mipLevels;",,,,,,,,,,,
265,"envMap.GetDimensions(0, width, height, mipLevels);",,,,,,,,,,,
266,float maxMipLevel = float(mipLevels - 1);,,,,,,,,,,,
267,,,,,,,,,,,,
268,float mipLevel = roughness * maxMipLevel;,,,,,,,,,,,
269,,,,,,,,,,,,
270,"float3 prefilteredColor = envMap.SampleLevel(envSampler, R, mipLevel).rgb;",,,,,,,,,,,
271,,,,,,,,,,,,
272,"float NdotV = max(dot(N, V), 0.0);",,,,,,,,,,,
273,"float3 F = fresnelSchlickRoughness(NdotV, F0, roughness);",,,,,,,,,,,
274,,,,,,,,,,,,
275,return prefilteredColor * F;,,,,,,,,,,,
276,},,,,,,,,,,,
277,,,,,,,,,,,,
278,"float3 calculateDiffuseIBL(float3 N, float3 albedo, TextureCube envMap, float maxMip, SamplerState envSampler)",,,,,,,,,,,
279,{,,,,,,,,,,,
280,"float3 irradiance = envMap.SampleLevel(envSampler, N, maxMip).rgb;",,,,,,,,,,,
281,return irradiance * albedo * invPI;,,,,,,,,,,,
282,},,,,,,,,,,,
283,,,,,,,,,,,,
284,// Importance sampling: draw a half-vector from the GGX distribution,,,,,,,,,,,
285,"// xi is a uniform random 2D sample in [0,1)^2",,,,,,,,,,,
286,"float3 sampleGGX(float2 xi, float roughness)",,,,,,,,,,,
287,{,,,,,,,,,,,
288,float a = roughness * roughness;,,,,,,,,,,,
289,float a2 = a * a;,,,,,,,,,,,
290,float phi = 2.0 * PI * xi.x;,,,,,,,,,,,
291,float cosTheta = sqrt((1.0 - xi.y) / (1.0 + (a2 - 1.0) * xi.y));,,,,,,,,,,,
292,float sinTheta = sqrt(1.0 - cosTheta * cosTheta);,,,,,,,,,,,
293,"return float3(cos(phi) * sinTheta, sin(phi) * sinTheta, cosTheta);",,,,,,,,,,,
294,},,,,,,,,,,,
295,,,,,,,,,,,,
296,// Build an orthonormal basis (TBN) from a normal vector,,,,,,,,,,,
297,float3x3 buildTBN(float3 N),,,,,,,,,,,
298,{,,,,,,,,,,,
299,"float3 up = abs(N.z) < 0.999 ? float3(0, 0, 1) : float3(1, 0, 0);",,,,,,,,,,,
300,"float3 T = normalize(cross(up, N));",,,,,,,,,,,
301,"float3 B = cross(N, T);",,,,,,,,,,,
302,"return float3x3(T, B, N);",,,,,,,,,,,
303,},,,,,,,,,,,
304,"""",,,,,,,,,,,
305,"%13 = OpString ""C:\\Users\\vicro\\Desktop\\vulkan-renderer\\repo\\shader-forge\\shaders\\modules\\pbr.slang""",,,,,,,,,,,
306,"%14 = OpString ""import modules.common;",,,,,,,,,,,
307,import modules.pbr;,,,,,,,,,,,
308,import modules.voxel;,,,,,,,,,,,
309,,,,,,,,,,,,
310,"[shader(\""vertex\"")]",,,,,,,,,,,
311,"VertexOutput vertMain(uint vertexID : SV_VertexID, uint instanceID : SV_InstanceID, uint drawID : SV_DrawIndex)",,,,,,,,,,,
312,{,,,,,,,,,,,
313,"return litVertMain(vertexID, instanceID, drawID);",,,,,,,,,,,
314,},,,,,,,,,,,
315,,,,,,,,,,,,
316,struct FragmentOutput,,,,,,,,,,,
317,{,,,,,,,,,,,
318,float4 color : SV_Target0;,,,,,,,,,,,
319,float4 roughness_metal : SV_Target1;,,,,,,,,,,,
320,float4 worldNormal : SV_Target2;,,,,,,,,,,,
321,};,,,,,,,,,,,
322,,,,,,,,,,,,
323,"[shader(\""fragment\"")]",,,,,,,,,,,
324,FragmentOutput fragMain(VertexOutput input),,,,,,,,,,,
325,{,,,,,,,,,,,
326,FragmentOutput output;,,,,,,,,,,,
327,,,,,,,,,,,,
328,LitInstanceData inst = pc.litInstanceData[input.instanceID];,,,,,,,,,,,
329,,,,,,,,,,,,
330,bool flipNormal  = (inst.materialFlags & (1u << 0)) != 0;,,,,,,,,,,,
331,bool hasAlbedo   = (inst.materialFlags & (1u << 1)) != 0;,,,,,,,,,,,
332,bool hasRoughness= (inst.materialFlags & (1u << 2)) != 0;,,,,,,,,,,,
333,bool hasMetallic = (inst.materialFlags & (1u << 3)) != 0;,,,,,,,,,,,
334,bool hasNormal   = (inst.materialFlags & (1u << 4)) != 0;,,,,,,,,,,,
335,bool alphaClip   = (inst.materialFlags & (1u << 5)) != 0;,,,,,,,,,,,
336,,,,,,,,,,,,
337,float3 N;,,,,,,,,,,,
338,float3 normalMap;,,,,,,,,,,,
339,,,,,,,,,,,,
340,const SamplerState sampler = samplers[pc.litPassData.samplerIndex];,,,,,,,,,,,
341,,,,,,,,,,,,
342,if(hasNormal) {,,,,,,,,,,,
343,"normalMap = textures[inst.normalTextureIndex].Sample(sampler, input.texCoord).rgb;",,,,,,,,,,,
344,},,,,,,,,,,,
345,,,,,,,,,,,,
346,"float4 albedo = float4(1.0, 1.0, 1.0, 1.0);",,,,,,,,,,,
347,if(hasAlbedo) {,,,,,,,,,,,
348,"albedo = textures[inst.albedoTextureIndex].Sample(sampler, input.texCoord);",,,,,,,,,,,
349,},,,,,,,,,,,
350,if (alphaClip && albedo.a < inst.alphaCutoff),,,,,,,,,,,
351,discard;,,,,,,,,,,,
352,,,,,,,,,,,,
353,,,,,,,,,,,,
354,"float4 roughness = float4(inst.roughness, inst.roughness, inst.roughness, 1.0);",,,,,,,,,,,
355,if(hasRoughness) {,,,,,,,,,,,
356,"roughness = textures[inst.roughnessTextureIndex].Sample(sampler, input.texCoord);",,,,,,,,,,,
357,},,,,,,,,,,,
358,,,,,,,,,,,,
359,"float4 metallic = float4(inst.metallic, inst.metallic, inst.metallic, 1.0);",,,,,,,,,,,
360,if(hasMetallic){,,,,,,,,,,,
361,"metallic = textures[inst.metallicTextureIndex].Sample(sampler, input.texCoord);",,,,,,,,,,,
362,},,,,,,,,,,,
363,,,,,,,,,,,,
364,,,,,,,,,,,,
365,if (hasNormal) {,,,,,,,,,,,
366,normalMap = normalMap * 2.0 - 1.0;,,,,,,,,,,,
367,float normalIntensity = 1.0;,,,,,,,,,,,
368,normalMap.xy *= normalIntensity;,,,,,,,,,,,
369,normalMap.y *= -1.0;,,,,,,,,,,,
370,normalMap = normalize(normalMap);,,,,,,,,,,,
371,,,,,,,,,,,,
372,float3 T = normalize(input.tangent);,,,,,,,,,,,
373,float3 N_world = normalize(input.normal);,,,,,,,,,,,
374,"T = normalize(T - dot(T, N_world) * N_world);",,,,,,,,,,,
375,"float3 B = normalize(cross(N_world, T));",,,,,,,,,,,
376,"float3x3 TBN = float3x3(T, B, N_world);",,,,,,,,,,,
377,,,,,,,,,,,,
378,"N = normalize(mul(normalMap, TBN));",,,,,,,,,,,
379,} else {,,,,,,,,,,,
380,N = normalize(input.normal);,,,,,,,,,,,
381,},,,,,,,,,,,
382,,,,,,,,,,,,
383,//do as early as possible to not wait for scoreboard stall,,,,,,,,,,,
384,TextureCube envMap = cubemaps[inst.environmentMapIndex];,,,,,,,,,,,
385,"//float3 specularIBL = calculateSpecularIBL(N, V, roughness.r, F0, envMap, envSampler);",,,,,,,,,,,
386,"float3 diffuseIBL = calculateDiffuseIBL(N, albedo.rgb, envMap, inst.maxEnvMips, sampler);",,,,,,,,,,,
387,,,,,,,,,,,,
388,float3 V = normalize(pc.litPassData.cameraPos.xyz - input.worldPos);,,,,,,,,,,,
389,float3 F0 = float3(0.04);,,,,,,,,,,,
390,"F0 = lerp(F0, albedo.rgb, metallic.r);",,,,,,,,,,,
391,,,,,,,,,,,,
392,float3 Lo = float3(0.0);,,,,,,,,,,,
393,,,,,,,,,,,,
394,for(int i = 0; i < pc.litPassData.lightCount; i++){,,,,,,,,,,,
395,Light* currentLight = &pc.lights[i];,,,,,,,,,,,
396,,,,,,,,,,,,
397,// Sparse slot skip: removed lights leave a zeroed sentinel in the buffer.,,,,,,,,,,,
398,if(currentLight.intensity <= 0.0) continue;,,,,,,,,,,,
399,,,,,,,,,,,,
400,if(currentLight.type != 1) {,,,,,,,,,,,
401,float distance = length(currentLight.position - input.worldPos);,,,,,,,,,,,
402,if(distance > currentLight.range){,,,,,,,,,,,
403,continue;,,,,,,,,,,,
404,},,,,,,,,,,,
405,},,,,,,,,,,,
406,,,,,,,,,,,,
407,float3 L;,,,,,,,,,,,
408,float attenuation;,,,,,,,,,,,
409,float3 radiance;,,,,,,,,,,,
410,,,,,,,,,,,,
411,if(currentLight.type == 1) {,,,,,,,,,,,
412,float3 lightDir = currentLight.direction;,,,,,,,,,,,
413,lightDir = normalize(lightDir);,,,,,,,,,,,
414,L = -lightDir;,,,,,,,,,,,
415,attenuation = 1.0;,,,,,,,,,,,
416,radiance = currentLight.color.rgb * currentLight.intensity;,,,,,,,,,,,
417,},,,,,,,,,,,
418,else {,,,,,,,,,,,
419,float3 lightPos = currentLight.position;,,,,,,,,,,,
420,float distance = length(lightPos - input.worldPos);,,,,,,,,,,,
421,,,,,,,,,,,,
422,L = normalize(lightPos - input.worldPos);,,,,,,,,,,,
423,attenuation = 1.0 / (distance * distance);,,,,,,,,,,,
424,radiance = currentLight.color.rgb * currentLight.intensity * attenuation;,,,,,,,,,,,
425,},,,,,,,,,,,
426,,,,,,,,,,,,
427,float3 H = normalize(V + L);,,,,,,,,,,,
428,,,,,,,,,,,,
429,"float NdotL_raw = dot(N, L);",,,,,,,,,,,
430,if(NdotL_raw <= 0.0) {,,,,,,,,,,,
431,continue;,,,,,,,,,,,
432,},,,,,,,,,,,
433,,,,,,,,,,,,
434,"float NdotV = max(dot(N, V), 0.001);",,,,,,,,,,,
435,"float NdotL = max(NdotL_raw, 0.001);",,,,,,,,,,,
436,"float NdotH = max(dot(N, H), 0.001);",,,,,,,,,,,
437,"float HdotV = max(dot(H, V), 0.001);",,,,,,,,,,,
438,,,,,,,,,,,,
439,"float NDF = DistributionGGX(N, H, roughness.r);",,,,,,,,,,,
440,"float G = GeometrySmith(N, V, L, roughness.r);",,,,,,,,,,,
441,"float3 F = fresnelSchlick(HdotV, F0);",,,,,,,,,,,
442,,,,,,,,,,,,
443,float3 kS = F;,,,,,,,,,,,
444,float3 kD = float3(1.0) - kS;,,,,,,,,,,,
445,kD *= 1.0 - metallic.r;,,,,,,,,,,,
446,,,,,,,,,,,,
447,float3 numerator = NDF * G * F;,,,,,,,,,,,
448,"float denominator = max(4.0 * NdotV * NdotL, 0.001);",,,,,,,,,,,
449,float3 specular = numerator / denominator;,,,,,,,,,,,
450,"specular = max(specular, float3(0.0, 0.0, 0.0));",,,,,,,,,,,
451,"specular = min(specular, float3(100.0, 100.0, 100.0));",,,,,,,,,,,
452,,,,,,,,,,,,
453,float shadow = 0.0;,,,,,,,,,,,
454,if(currentLight.castsShadows == 1) {,,,,,,,,,,,
455,float3 geometricNormal = normalize(input.normal);,,,,,,,,,,,
456,"shadow = calculateShadow(input.worldPos, pc.litPassData.cameraPos, pc.litPassData.cameraForward, geometricNormal, L, currentLight, pc.litPassData.shadowAtlasIndex);",,,,,,,,,,,
457,if( currentLight.showCascades>0){,,,,,,,,,,,
458,if(shadow == 0){,,,,,,,,,,,
459,"output.color = float4(1,0,0,1);",,,,,,,,,,,
460,},,,,,,,,,,,
461,if(shadow == 1){,,,,,,,,,,,
462,"output.color = float4(0,1,0,1);",,,,,,,,,,,
463,},,,,,,,,,,,
464,if(shadow == 2){,,,,,,,,,,,
465,"output.color = float4(0,0,1,1);",,,,,,,,,,,
466,},,,,,,,,,,,
467,if(shadow == 3){,,,,,,,,,,,
468,"output.color = float4(1,1,0,1);",,,,,,,,,,,
469,},,,,,,,,,,,
470,return output;,,,,,,,,,,,
471,},,,,,,,,,,,
472,},,,,,,,,,,,
473,,,,,,,,,,,,
474,Lo += (1.0 - shadow) * (kD * albedo.rgb / 3.14159265 + specular) * radiance * NdotL;,,,,,,,,,,,
475,},,,,,,,,,,,
476,,,,,,,,,,,,
477,float3 GI;,,,,,,,,,,,
478,if (pc.litPassData.giMode == 1) {,,,,,,,,,,,
479,"GI = sampleAmbientCubeGI(pc.litPassData.giIrradianceIndices, pc.litPassData.voxelSamplerIndex,",,,,,,,,,,,
480,"pc.litPassData.voxelViewProjection, pc.litPassData.voxelResolution,",,,,,,,,,,,
481,"pc.litPassData.voxelWorldExtent, input.worldPos, input.normal);",,,,,,,,,,,
482,} else {,,,,,,,,,,,
483,"GI = coneTraceVXGI(pc.litPassData.voxelTextureIndex, pc.litPassData.voxelSamplerIndex,",,,,,,,,,,,
484,"pc.litPassData.voxelViewProjection, pc.litPassData.voxelResolution,",,,,,,,,,,,
485,"pc.litPassData.voxelWorldExtent, input.worldPos, input.normal,",,,,,,,,,,,
486,"pc.litPassData.giHemisphereRays, pc.litPassData.giMaxSteps,",,,,,,,,,,,
487,"pc.litPassData.giFetchBatch, inst.environmentMapIndex, pc.litPassData.giSkyIntensity);",,,,,,,,,,,
488,},,,,,,,,,,,
489,GI *= pc.litPassData.giStrength;,,,,,,,,,,,
490,,,,,,,,,,,,
491,"float3 kS = fresnelSchlickRoughness(max(dot(N, V), 0.0), F0, roughness.r);",,,,,,,,,,,
492,float3 kD = float3(1.0) - kS;,,,,,,,,,,,
493,kD *= 1.0 - metallic.r;,,,,,,,,,,,
494,,,,,,,,,,,,
495,float ao = 1.0;,,,,,,,,,,,
496,float3 ambient = 0.0; //(kD * diffuseIBL) * ao;,,,,,,,,,,,
497,float3 color = ambient + Lo + GI * kD * albedo.rgb;,,,,,,,,,,,
498,,,,,,,,,,,,
499,"output.color = float4(color, 1.0);",,,,,,,,,,,
500,"output.roughness_metal = float4(roughness.r, metallic.r, 0.0, 1.0);",,,,,,,,,,,
501,"output.worldNormal = float4(N * 0.5 + 0.5, 1.0);",,,,,,,,,,,
502,return output;,,,,,,,,,,,
503,},,,,,,,,,,,
504,,,,,,,,,,,,
505,"""",,,,,,,,,,,
506,"%16 = OpString ""C:\\Users\\vicro\\Desktop\\vulkan-renderer\\repo\\shader-forge\\shaders\\lit.slang""",,,,,,,,,,,
507,"%17 = OpString ""// Per-instance data stored in a GPU buffer, indexed by SV_InstanceID + firstInstance",,,,,,,,,,,
508,struct LitInstanceData {,,,,,,,,,,,
509,uint modelMatrixIndex;,,,,,,,,,,,
510,uint albedoTextureIndex;,,,,,,,,,,,
511,uint roughnessTextureIndex;,,,,,,,,,,,
512,uint metallicTextureIndex;,,,,,,,,,,,
513,uint normalTextureIndex;,,,,,,,,,,,
514,uint environmentMapIndex;,,,,,,,,,,,
515,float maxEnvMips;,,,,,,,,,,,
516,uint materialFlags;,,,,,,,,,,,
517,float metallic;,,,,,,,,,,,
518,float roughness;,,,,,,,,,,,
519,float alphaCutoff;,,,,,,,,,,,
520,uint padding;,,,,,,,,,,,
521,};,,,,,,,,,,,
522,,,,,,,,,,,,
523,struct LitMeshDrawData {,,,,,,,,,,,
524,uint vertexAllocationOffset;,,,,,,,,,,,
525,uint vertexOffset;,,,,,,,,,,,
526,uint vertexStride;,,,,,,,,,,,
527,uint firstInstance; // base offset into LitInstanceData[] for this draw's instances,,,,,,,,,,,
528,};,,,,,,,,,,,
529,,,,,,,,,,,,
530,// Frame-level push constants (same for all draws in a drawIndexedIndirect call),,,,,,,,,,,
531,// Pointer fields map to 64-bit PhysicalStorageBuffer addresses (binary-compatible with uint64_t on CPU),,,,,,,,,,,
532,struct LitPushConstants {,,,,,,,,,,,
533,float*              vertexBuffer;,,,,,,,,,,,
534,float4x4*           modelMatrices;,,,,,,,,,,,
535,Light*              lights;,,,,,,,,,,,
536,LitInstanceData*    litInstanceData;,,,,,,,,,,,
537,LitMeshDrawData*    litMeshDrawData;,,,,,,,,,,,
538,LitPass*            litPassData;,,,,,,,,,,,
539,"// Added to SV_DrawIndex for per-draw lookups. SV_DrawIndex restarts at 0 for each indirect call,",,,,,,,,,,,
540,// so the lit pass sets this to the pipeline range's first command index (0 for the prepass).,,,,,,,,,,,
541,uint                drawIDOffset;,,,,,,,,,,,
542,float               time;,,,,,,,,,,,
543,};,,,,,,,,,,,
544,,,,,,,,,,,,
545,struct LitPass {,,,,,,,,,,,
546,uint samplerIndex;,,,,,,,,,,,
547,uint lightCount;,,,,,,,,,,,
548,uint shadowSamplerIndex;,,,,,,,,,,,
549,uint shadowAtlasIndex;,,,,,,,,,,,
550,float3 cameraPos;,,,,,,,,,,,
551,uint voxelTextureIndex;,,,,,,,,,,,
552,float3 cameraForward;,,,,,,,,,,,
553,uint voxelSamplerIndex;,,,,,,,,,,,
554,float4x4 viewProjection;,,,,,,,,,,,
555,float4x4 prevViewProjection;,,,,,,,,,,,
556,float4x4 voxelViewProjection; // world -> voxel grid clip,,,,,,,,,,,
557,uint voxelResolution;,,,,,,,,,,,
558,float voxelWorldExtent;,,,,,,,,,,,
559,// VXGI cone-trace tuning (GUI sliders),,,,,,,,,,,
560,uint giHemisphereRays; // side cones at 60° (0..5); the normal cone always runs,,,,,,,,,,,
561,uint giMaxSteps;       // taps per cone,,,,,,,,,,,
562,uint giFetchBatch;     // taps issued per batch,,,,,,,,,,,
563,"uint giMode;           // 0 = per-pixel cone trace, 1 = ambient-cube lookup",,,,,,,,,,,
564,"uint giIrradianceIndices[6]; // per-face irradiance volumes, VOXEL_FACE_DIRS order",,,,,,,,,,,
565,float giStrength;,,,,,,,,,,,
566,float giSkyIntensity;  // cone-miss sky radiance scale (skyboxIntensity * vxgi.skyStrength),,,,,,,,,,,
567,};,,,,,,,,,,,
568,,,,,,,,,,,,
569,struct Cascade {,,,,,,,,,,,
570,float4x4 lightSpaceMatrix;,,,,,,,,,,,
571,float4 shadowAtlasRange;,,,,,,,,,,,
572,float splitDistance;,,,,,,,,,,,
573,float texelSize;,,,,,,,,,,,
574,float worldTexelSize;,,,,,,,,,,,
575,float _padding; // pads stride to 96 to match C++ sizeof(GPUCascade) under scalarBlockLayout,,,,,,,,,,,
576,};,,,,,,,,,,,
577,,,,,,,,,,,,
578,struct ShadowMap {,,,,,,,,,,,
579,float4x4 lightSpaceMatrix;,,,,,,,,,,,
580,float4 shadowAtlasRange;,,,,,,,,,,,
581,};,,,,,,,,,,,
582,,,,,,,,,,,,
583,enum LightType {,,,,,,,,,,,
584,"Point,",,,,,,,,,,,
585,"Directional,",,,,,,,,,,,
586,"Spot,",,,,,,,,,,,
587,"Area,",,,,,,,,,,,
588,};,,,,,,,,,,,
589,,,,,,,,,,,,
590,struct Light {,,,,,,,,,,,
591,LightType type;,,,,,,,,,,,
592,float3 position;,,,,,,,,,,,
593,float3 direction;,,,,,,,,,,,
594,float range;,,,,,,,,,,,
595,float intensity;,,,,,,,,,,,
596,uint padding[3];,,,,,,,,,,,
597,float4 color;,,,,,,,,,,,
598,int castsShadows;,,,,,,,,,,,
599,int showCascades;,,,,,,,,,,,
600,uint numCascades;,,,,,,,,,,,
601,uint shadowResolution;,,,,,,,,,,,
602,Cascade cascades[3];,,,,,,,,,,,
603,ShadowMap shadowMaps[6];,,,,,,,,,,,
604,};,,,,,,,,,,,
605,,,,,,,,,,,,
606,struct Vertex,,,,,,,,,,,
607,{,,,,,,,,,,,
608,float3 position;,,,,,,,,,,,
609,float3 normal;,,,,,,,,,,,
610,float2 texCoord;,,,,,,,,,,,
611,float3 tangent;,,,,,,,,,,,
612,};,,,,,,,,,,,
613,,,,,,,,,,,,
614,struct Particle {,,,,,,,,,,,
615,float3 position;,,,,,,,,,,,
616,float age;,,,,,,,,,,,
617,float3 velocity;,,,,,,,,,,,
618,float lifespan;,,,,,,,,,,,
619,float rotation;,,,,,,,,,,,
620,float angularVelocity;,,,,,,,,,,,
621,float size;,,,,,,,,,,,
622,uint seed; // also drives animation index,,,,,,,,,,,
623,uint emitterIdx;,,,,,,,,,,,
624,};,,,,,,,,,,,
625,struct VertexOutput,,,,,,,,,,,
626,{,,,,,,,,,,,
627,float4 position : SV_Position;,,,,,,,,,,,
628,float3 worldPos : WORLD_POS;,,,,,,,,,,,
629,float3 normal : NORMAL;,,,,,,,,,,,
630,float2 texCoord : TEXCOORD0;,,,,,,,,,,,
631,float3 tangent : TANGENT;,,,,,,,,,,,
632,float3 bitangent : BITANGENT;,,,,,,,,,,,
633,nointerpolation uint drawID : DRAW_ID;,,,,,,,,,,,
634,nointerpolation uint instanceID : INSTANCE_ID;,,,,,,,,,,,
635,};,,,,,,,,,,,
636,,,,,,,,,,,,
637,// Shared descriptor bindings,,,,,,,,,,,
638,[[vk::push_constant]],,,,,,,,,,,
639,ConstantBuffer<LitPushConstants> pc;,,,,,,,,,,,
640,,,,,,,,,,,,
641,"[[vk::binding(0,0)]]",,,,,,,,,,,
642,Texture2D textures[];,,,,,,,,,,,
643,,,,,,,,,,,,
644,"[[vk::binding(1,0)]]",,,,,,,,,,,
645,TextureCube cubemaps[];,,,,,,,,,,,
646,,,,,,,,,,,,
647,"[[vk::binding(2,0)]]",,,,,,,,,,,
648,SamplerState samplers[];,,,,,,,,,,,
649,,,,,,,,,,,,
650,"[[vk::binding(3,0)]]",,,,,,,,,,,
651,SamplerComparisonState shadowCmpSampler;,,,,,,,,,,,
652,,,,,,,,,,,,
653,,,,,,,,,,,,
654,,,,,,,,,,,,
655,"float calculateDirectionalShadow(float3 fragWorldPos, float3 cameraPos, float3 cameraForward, float3 geometricNormal, float3 L, Light* light, uint shadowAtlasIdx)",,,,,,,,,,,
656,{,,,,,,,,,,,
657,"float viewDepth = dot(fragWorldPos - cameraPos, cameraForward);",,,,,,,,,,,
658,,,,,,,,,,,,
659,int cascadeIndex = int(light.numCascades) - 1;,,,,,,,,,,,
660,for (int i = 0; i < int(light.numCascades); i++) {,,,,,,,,,,,
661,if (viewDepth < light.cascades[i].splitDistance) {,,,,,,,,,,,
662,cascadeIndex = i;,,,,,,,,,,,
663,break;,,,,,,,,,,,
664,},,,,,,,,,,,
665,},,,,,,,,,,,
666,if( light.showCascades>0){,,,,,,,,,,,
667,return cascadeIndex;,,,,,,,,,,,
668,},,,,,,,,,,,
669,,,,,,,,,,,,
670,// Walk outward from the split-selected cascade; if the sample lands outside,,,,,,,,,,,
671,"// a tile's bounds, try the next-larger cascade rather than returning lit.",,,,,,,,,,,
672,// This prevents block-shaped unshadowed regions on jittered volume samples,,,,,,,,,,,
673,// near cascade XY edges.,,,,,,,,,,,
674,for (int c = cascadeIndex; c < int(light.numCascades); c++) {,,,,,,,,,,,
675,Cascade cascade = light.cascades[c];,,,,,,,,,,,
676,,,,,,,,,,,,
677,"float NdotL = abs(dot(geometricNormal, normalize(L + float3(1e-8))));",,,,,,,,,,,
678,float normalOffset = cascade.worldTexelSize * (1.0 - NdotL) * 2.0;,,,,,,,,,,,
679,float3 biasedPos = fragWorldPos + geometricNormal * normalOffset;,,,,,,,,,,,
680,,,,,,,,,,,,
681,"float4 fragPosLightSpace = mul(cascade.lightSpaceMatrix, float4(biasedPos, 1.0));",,,,,,,,,,,
682,float3 projCoords = fragPosLightSpace.xyz / fragPosLightSpace.w;,,,,,,,,,,,
683,projCoords.x = projCoords.x * 0.5 + 0.5;,,,,,,,,,,,
684,projCoords.y = projCoords.y * 0.5 + 0.5;,,,,,,,,,,,
685,,,,,,,,,,,,
686,float texelSize = cascade.texelSize;,,,,,,,,,,,
687,if (projCoords.x < texelSize || projCoords.x > 1.0 - texelSize ||,,,,,,,,,,,
688,projCoords.y < texelSize || projCoords.y > 1.0 - texelSize ||,,,,,,,,,,,
689,projCoords.z < 0.0 || projCoords.z > 1.0) {,,,,,,,,,,,
690,continue;,,,,,,,,,,,
691,},,,,,,,,,,,
692,,,,,,,,,,,,
693,float currentDepth = projCoords.z - 0.0001f;,,,,,,,,,,,
694,,,,,,,,,,,,
695,float2 rangeMin  = cascade.shadowAtlasRange.xy;,,,,,,,,,,,
696,float2 rangeSpan = cascade.shadowAtlasRange.zw - cascade.shadowAtlasRange.xy;,,,,,,,,,,,
697,,,,,,,,,,,,
698,float2 atlasUV = rangeMin + projCoords.xy * rangeSpan;,,,,,,,,,,,
699,float lit = textures[shadowAtlasIdx].SampleCmpLevelZero(,,,,,,,,,,,
700,"shadowCmpSampler,",,,,,,,,,,,
701,"atlasUV,",,,,,,,,,,,
702,currentDepth,,,,,,,,,,,
703,);,,,,,,,,,,,
704,return 1.0 - lit;,,,,,,,,,,,
705,},,,,,,,,,,,
706,return 0.0;,,,,,,,,,,,
707,},,,,,,,,,,,
708,,,,,,,,,,,,
709,"float calculatePointShadow(float3 fragWorldPos, float3 geometricNormal, float3 L, Light* light, uint shadowAtlasIdx)",,,,,,,,,,,
710,{,,,,,,,,,,,
711,float3 fragToLight = fragWorldPos - light.position;,,,,,,,,,,,
712,float3 absDir = abs(fragToLight);,,,,,,,,,,,
713,,,,,,,,,,,,
714,int faceIndex;,,,,,,,,,,,
715,if (absDir.x >= absDir.y && absDir.x >= absDir.z) {,,,,,,,,,,,
716,faceIndex = fragToLight.x > 0.0 ? 0 : 1;,,,,,,,,,,,
717,} else if (absDir.y >= absDir.x && absDir.y >= absDir.z) {,,,,,,,,,,,
718,faceIndex = fragToLight.y > 0.0 ? 2 : 3;,,,,,,,,,,,
719,} else {,,,,,,,,,,,
720,faceIndex = fragToLight.z > 0.0 ? 4 : 5;,,,,,,,,,,,
721,},,,,,,,,,,,
722,,,,,,,,,,,,
723,ShadowMap face = light.shadowMaps[faceIndex];,,,,,,,,,,,
724,,,,,,,,,,,,
725,"float NdotL = saturate(abs(dot(geometricNormal, L)));",,,,,,,,,,,
726,float normalOffset = (1.0 - NdotL) * light.range / float(light.shadowResolution);,,,,,,,,,,,
727,float3 biasedPos = fragWorldPos + geometricNormal * normalOffset;,,,,,,,,,,,
728,,,,,,,,,,,,
729,"float4 fragPosLightSpace = mul(face.lightSpaceMatrix, float4(biasedPos, 1.0));",,,,,,,,,,,
730,float3 projCoords = fragPosLightSpace.xyz / fragPosLightSpace.w;,,,,,,,,,,,
731,projCoords.x = projCoords.x * 0.5 + 0.5;,,,,,,,,,,,
732,projCoords.y = projCoords.y * 0.5 + 0.5;,,,,,,,,,,,
733,,,,,,,,,,,,
734,float texelSize = 1.0 / float(light.shadowResolution);,,,,,,,,,,,
735,if (projCoords.z < 0.0 || projCoords.z > 1.0) {,,,,,,,,,,,
736,return 0.0;,,,,,,,,,,,
737,},,,,,,,,,,,
738,"projCoords.xy = clamp(projCoords.xy, 0.5 * texelSize, 1.0 - 0.5 * texelSize);",,,,,,,,,,,
739,,,,,,,,,,,,
740,float currentDepth = projCoords.z - 0.0001f;,,,,,,,,,,,
741,,,,,,,,,,,,
742,float2 rangeMin  = face.shadowAtlasRange.xy;,,,,,,,,,,,
743,float2 rangeSpan = face.shadowAtlasRange.zw - face.shadowAtlasRange.xy;,,,,,,,,,,,
744,,,,,,,,,,,,
745,float2 atlasUV = rangeMin + projCoords.xy * rangeSpan;,,,,,,,,,,,
746,float lit = textures[shadowAtlasIdx].SampleCmpLevelZero(,,,,,,,,,,,
747,"shadowCmpSampler,",,,,,,,,,,,
748,"atlasUV,",,,,,,,,,,,
749,currentDepth,,,,,,,,,,,
750,);,,,,,,,,,,,
751,return 1.0 - lit;,,,,,,,,,,,
752,},,,,,,,,,,,
753,,,,,,,,,,,,
754,"float calculateShadow(float3 fragWorldPos, float3 cameraPos, float3 cameraForward, float3 geometricNormal, float3 L, Light* light, uint shadowAtlasIdx)",,,,,,,,,,,
755,{,,,,,,,,,,,
756,if (light.type == LightType::Directional) {,,,,,,,,,,,
757,"return calculateDirectionalShadow(fragWorldPos, cameraPos, cameraForward, geometricNormal, L, light, shadowAtlasIdx);",,,,,,,,,,,
758,} else if (light.type == LightType::Point) {,,,,,,,,,,,
759,"return calculatePointShadow(fragWorldPos, geometricNormal, L, light, shadowAtlasIdx);",,,,,,,,,,,
760,},,,,,,,,,,,
761,return 0.0;,,,,,,,,,,,
762,},,,,,,,,,,,
763,,,,,,,,,,,,
764,// Shadow lookup for voxel radiance injection. Directional lights sample the dedicated VXGI,,,,,,,,,,,
765,"// tile (shadowMaps[0], fit around the voxel volume) instead of the camera-driven cascades,",,,,,,,,,,,
766,// so injected radiance doesn't shift with the view. Point lights use the regular cube faces.,,,,,,,,,,,
767,"float calculateVXGIShadow(float3 fragWorldPos, float3 geometricNormal, float3 L, Light* light, uint shadowAtlasIdx)",,,,,,,,,,,
768,{,,,,,,,,,,,
769,if (light.type == LightType::Point) {,,,,,,,,,,,
770,"return calculatePointShadow(fragWorldPos, geometricNormal, L, light, shadowAtlasIdx);",,,,,,,,,,,
771,},,,,,,,,,,,
772,,,,,,,,,,,,
773,ShadowMap map = light.shadowMaps[0];,,,,,,,,,,,
774,,,,,,,,,,,,
775,// ~one voxel of normal offset against acne; the tile has no per-cascade texel metadata.,,,,,,,,,,,
776,"float NdotL = saturate(abs(dot(geometricNormal, L)));",,,,,,,,,,,
777,float3 biasedPos = fragWorldPos + geometricNormal * (1.0 - NdotL) * 0.2;,,,,,,,,,,,
778,,,,,,,,,,,,
779,"float4 fragPosLightSpace = mul(map.lightSpaceMatrix, float4(biasedPos, 1.0));",,,,,,,,,,,
780,float3 projCoords = fragPosLightSpace.xyz / fragPosLightSpace.w;,,,,,,,,,,,
781,projCoords.x = projCoords.x * 0.5 + 0.5;,,,,,,,,,,,
782,projCoords.y = projCoords.y * 0.5 + 0.5;,,,,,,,,,,,
783,,,,,,,,,,,,
784,if (projCoords.z < 0.0 || projCoords.z > 1.0) {,,,,,,,,,,,
785,return 0.0;,,,,,,,,,,,
786,},,,,,,,,,,,
787,// Half-texel clamp keeps the lookup inside the tile (VXGI_DIRECTIONAL_SHADOW_RESOLUTION).,,,,,,,,,,,
788,float texelSize = 1.0 / 256.0;,,,,,,,,,,,
789,"projCoords.xy = clamp(projCoords.xy, 0.5 * texelSize, 1.0 - 0.5 * texelSize);",,,,,,,,,,,
790,,,,,,,,,,,,
791,float currentDepth = projCoords.z - 0.0001f;,,,,,,,,,,,
792,,,,,,,,,,,,
793,float2 rangeMin  = map.shadowAtlasRange.xy;,,,,,,,,,,,
794,float2 rangeSpan = map.shadowAtlasRange.zw - map.shadowAtlasRange.xy;,,,,,,,,,,,
795,,,,,,,,,,,,
796,float2 atlasUV = rangeMin + projCoords.xy * rangeSpan;,,,,,,,,,,,
797,float lit = textures[shadowAtlasIdx].SampleCmpLevelZero(,,,,,,,,,,,
798,"shadowCmpSampler,",,,,,,,,,,,
799,"atlasUV,",,,,,,,,,,,
800,currentDepth,,,,,,,,,,,
801,);,,,,,,,,,,,
802,return 1.0 - lit;,,,,,,,,,,,
803,},,,,,,,,,,,
804,,,,,,,,,,,,
805,"float3 reconstructPixelRayDir(float2 uv, float4x4 view, float proj00, float proj11) {",,,,,,,,,,,
806,float2 ndc = uv * 2.0 - 1.0;,,,,,,,,,,,
807,"float3 viewRay = float3(ndc.x / proj00, ndc.y / proj11, -1.0);",,,,,,,,,,,
808,"return normalize(mul(viewRay, (float3x3)view));",,,,,,,,,,,
809,},,,,,,,,,,,
810,,,,,,,,,,,,
811,"float3 reconstructViewPos(float2 uv, float depth, float4x4 invProjection) {",,,,,,,,,,,
812,"float4 clip = float4(uv * 2.0 - 1.0, depth, 1.0);",,,,,,,,,,,
813,"float4 view = mul(invProjection, clip);",,,,,,,,,,,
814,return view.xyz / view.w;,,,,,,,,,,,
815,},,,,,,,,,,,
816,,,,,,,,,,,,
817,"float3 calculateViewSpaceNormal(uint depthIndex,uint depthSamplerIndex, float4x4 invProjection, float2 texelSize, float2 uv, float3 fragPos) {",,,,,,,,,,,
818,"float3 posRight = reconstructViewPos(uv + float2(texelSize.x, 0.0),",,,,,,,,,,,
819,"textures[depthIndex].Sample(samplers[depthSamplerIndex], uv + float2(texelSize.x, 0.0)).r, invProjection);",,,,,,,,,,,
820,"float3 posLeft = reconstructViewPos(uv - float2(texelSize.x, 0.0),",,,,,,,,,,,
821,"textures[depthIndex].Sample(samplers[depthSamplerIndex], uv - float2(texelSize.x, 0.0)).r, invProjection);",,,,,,,,,,,
822,"float3 posUp = reconstructViewPos(uv + float2(0.0, texelSize.y),",,,,,,,,,,,
823,"textures[depthIndex].Sample(samplers[depthSamplerIndex], uv + float2(0.0, texelSize.y)).r, invProjection);",,,,,,,,,,,
824,"float3 posDown = reconstructViewPos(uv - float2(0.0, texelSize.y),",,,,,,,,,,,
825,"textures[depthIndex].Sample(samplers[depthSamplerIndex], uv - float2(0.0, texelSize.y)).r, invProjection);",,,,,,,,,,,
826,,,,,,,,,,,,
827,// Use the smaller delta to avoid artifacts at edges,,,,,,,,,,,
828,float3 dx = (abs(posRight.z - fragPos.z) < abs(fragPos.z - posLeft.z)) ? (posRight - fragPos) : (fragPos - posLeft);,,,,,,,,,,,
829,float3 dy = (abs(posUp.z - fragPos.z) < abs(fragPos.z - posDown.z)) ? (posUp - fragPos) : (fragPos - posDown);,,,,,,,,,,,
830,"return normalize(cross(dx, dy));",,,,,,,,,,,
831,},,,,,,,,,,,
832,,,,,,,,,,,,
833,"Vertex loadVertex(float* buffer, uint vertexIndex, uint stride, uint offset)",,,,,,,,,,,
834,{,,,,,,,,,,,
835,Vertex vert;,,,,,,,,,,,
836,,,,,,,,,,,,
837,// stride is in bytes; float* arithmetic is in units of 4 bytes,,,,,,,,,,,
838,uint floatOffset = (offset + vertexIndex * stride) / 4;,,,,,,,,,,,
839,float* v = buffer + floatOffset;,,,,,,,,,,,
840,,,,,,,,,,,,
841,"vert.position = float3(v[0], v[1], v[2]);",,,,,,,,,,,
842,"vert.normal   = float3(v[3], v[4], v[5]);",,,,,,,,,,,
843,"vert.tangent  = float3(v[6], v[7], v[8]);",,,,,,,,,,,
844,// v[9] = materialIndex — skip,,,,,,,,,,,
845,"vert.texCoord = float2(v[10], v[11]);",,,,,,,,,,,
846,,,,,,,,,,,,
847,return vert;,,,,,,,,,,,
848,},,,,,,,,,,,
849,,,,,,,,,,,,
850,float3 getPosFromMM(int index){,,,,,,,,,,,
851,float4x4 mat = pc.modelMatrices[index];,,,,,,,,,,,
852,"return float3(mat[0].w, mat[1].w, mat[2].w);",,,,,,,,,,,
853,},,,,,,,,,,,
854,,,,,,,,,,,,
855,"VertexOutput litVertMain(uint vertexID, uint instanceID, uint drawID)",,,,,,,,,,,
856,{,,,,,,,,,,,
857,LitMeshDrawData mesh = pc.litMeshDrawData[drawID + pc.drawIDOffset];,,,,,,,,,,,
858,uint absInstance = mesh.firstInstance + instanceID;,,,,,,,,,,,
859,LitInstanceData draw = pc.litInstanceData[absInstance];,,,,,,,,,,,
860,,,,,,,,,,,,
861,"Vertex vertex = loadVertex(pc.vertexBuffer, vertexID, mesh.vertexStride, mesh.vertexOffset);",,,,,,,,,,,
862,,,,,,,,,,,,
863,float4x4 modelMatrix = pc.modelMatrices[draw.modelMatrixIndex];,,,,,,,,,,,
864,VertexOutput output;,,,,,,,,,,,
865,"float4 worldPos = mul(modelMatrix, float4(vertex.position, 1.0));",,,,,,,,,,,
866,output.worldPos = worldPos.xyz;,,,,,,,,,,,
867,"output.position = mul(pc.litPassData.viewProjection, worldPos);",,,,,,,,,,,
868,"output.normal = mul((float3x3)modelMatrix, vertex.normal);",,,,,,,,,,,
869,output.texCoord = vertex.texCoord;,,,,,,,,,,,
870,"output.tangent = normalize(mul((float3x3)modelMatrix, vertex.tangent));",,,,,,,,,,,
871,"output.bitangent = normalize(cross(output.normal, output.tangent));",,,,,,,,,,,
872,output.drawID = drawID;,,,,,,,,,,,
873,output.instanceID = absInstance;,,,,,,,,,,,
874,return output;,,,,,,,,,,,
875,},,,,,,,,,,,
876,,,,,,,,,,,,
877,uint pcgHash(uint x) {,,,,,,,,,,,
878,uint state = x * 747796405u + 2891336453u;,,,,,,,,,,,
879,uint word = ((state >> ((state >> 28u) + 4u)) ^ state) * 277803737u;,,,,,,,,,,,
880,return (word >> 22u) ^ word;,,,,,,,,,,,
881,},,,,,,,,,,,
882,,,,,,,,,,,,
883,float rand(inout uint seed) {,,,,,,,,,,,
884,seed = pcgHash(seed);,,,,,,,,,,,
885,return float(seed) * (1.0 / 4294967296.0);,,,,,,,,,,,
886,},,,,,,,,,,,
887,,,,,,,,,,,,
888,// 0: cubic,,,,,,,,,,,
889,// 1: quintic,,,,,,,,,,,
890,#define INTERPOLANT 0,,,,,,,,,,,
891,"float hash(int2 p)  // this hash is not production ready, please",,,,,,,,,,,
892,{                         // replace this by something better,,,,,,,,,,,
893,// 2D -> 1D,,,,,,,,,,,
894,int n = p.x*3 + p.y*113;,,,,,,,,,,,
895,,,,,,,,,,,,
896,// 1D hash by Hugo Elias,,,,,,,,,,,
897,n = (n << 13) ^ n;,,,,,,,,,,,
898,n = n * (n * n * 15731 + 789221) + 1376312589;,,,,,,,,,,,
899,return -1.0+2.0*float( n & 0x0fffffff)/float(0x0fffffff);,,,,,,,,,,,
900,},,,,,,,,,,,
901,,,,,,,,,,,,
902,"float mix(float x, float y, float a) {",,,,,,,,,,,
903,return (x*(1.0f - a) + y * a);,,,,,,,,,,,
904,},,,,,,,,,,,
905,,,,,,,,,,,,
906,float valueNoise(float2 p),,,,,,,,,,,
907,{,,,,,,,,,,,
908,int2 i = int2(floor( p ));,,,,,,,,,,,
909,float2 f = fract( p );,,,,,,,,,,,
910,,,,,,,,,,,,
911,#if INTERPOLANT==1,,,,,,,,,,,
912,// quintic interpolant,,,,,,,,,,,
913,float2 u = f*f*f*(f*(f*6.0-15.0)+10.0);,,,,,,,,,,,
914,#else,,,,,,,,,,,
915,// cubic interpolant,,,,,,,,,,,
916,float2 u = f*f*(3.0-2.0*f);,,,,,,,,,,,
917,#endif,,,,,,,,,,,
918,,,,,,,,,,,,
919,"return mix( mix( hash( i + int2(0,0) ),",,,,,,,,,,,
920,"hash( i + int2(1,0) ), u.x),",,,,,,,,,,,
921,"mix( hash( i + int2(0,1) ),",,,,,,,,,,,
922,"hash( i + int2(1,1) ), u.x), u.y);",,,,,,,,,,,
923,},,,,,,,,,,,
924,,,,,,,,,,,,
925,"// -----------------------------------------------""",,,,,,,,,,,
926,"%19 = OpString ""C:\\Users\\vicro\\Desktop\\vulkan-renderer\\repo\\shader-forge\\shaders\\modules\\common.slang""",,,,,,,,,,,
927,OpSource Slang 1,,,,,,,,,,,
928,"%26 = OpString ""vertMain""",,,,,,,,,,,
929,"%32 = OpString ""slangc""",,,,,,,,,,,
930,"%33 = OpString ""-target spirv  -I \""C:\\VulkanSDK\\1.4.321.0\\Bin\"" -matrix-layout-column-major -fvk-use-entrypoint-name -stage vertex -entry vertMain -g2""",,,,,,,,,,,
931,"%90 = OpString ""litVertMain""",,,,,,,,,,,
932,"%95 = OpString ""uint""",,,,,,,,,,,
933,"%99 = OpString ""drawID""",,,,,,,,,,,
934,"%105 = OpString ""instanceID""",,,,,,,,,,,
935,"%110 = OpString ""vertexID""",,,,,,,,,,,
936,"%119 = OpString ""vertexAllocationOffset""",,,,,,,,,,,
937,"%122 = OpString ""vertexOffset""",,,,,,,,,,,
938,"%124 = OpString ""vertexStride""",,,,,,,,,,,
939,"%127 = OpString ""firstInstance""",,,,,,,,,,,
940,"%130 = OpString ""LitMeshDrawData""",,,,,,,,,,,
941,"%133 = OpString ""mesh""",,,,,,,,,,,
942,"%178 = OpString ""absInstance""",,,,,,,,,,,
943,"%186 = OpString ""modelMatrixIndex""",,,,,,,,,,,
944,"%188 = OpString ""albedoTextureIndex""",,,,,,,,,,,
945,"%190 = OpString ""roughnessTextureIndex""",,,,,,,,,,,
946,"%192 = OpString ""metallicTextureIndex""",,,,,,,,,,,
947,"%194 = OpString ""normalTextureIndex""",,,,,,,,,,,
948,"%196 = OpString ""environmentMapIndex""",,,,,,,,,,,
949,"%199 = OpString ""float""",,,,,,,,,,,
950,"%201 = OpString ""maxEnvMips""",,,,,,,,,,,
951,"%204 = OpString ""materialFlags""",,,,,,,,,,,
952,"%207 = OpString ""metallic""",,,,,,,,,,,
953,"%210 = OpString ""roughness""",,,,,,,,,,,
954,"%213 = OpString ""alphaCutoff""",,,,,,,,,,,
955,"%216 = OpString ""padding""",,,,,,,,,,,
956,"%218 = OpString ""LitInstanceData""",,,,,,,,,,,
957,"%221 = OpString ""draw""",,,,,,,,,,,
958,"%263 = OpString ""position""",,,,,,,,,,,
959,"%265 = OpString ""normal""",,,,,,,,,,,
960,"%268 = OpString ""texCoord""",,,,,,,,,,,
961,"%270 = OpString ""tangent""",,,,,,,,,,,
962,"%272 = OpString ""Vertex""",,,,,,,,,,,
963,"%274 = OpString ""vertex""",,,,,,,,,,,
964,"%299 = OpString ""loadVertex""",,,,,,,,,,,
965,"%304 = OpString ""offset""",,,,,,,,,,,
966,"%309 = OpString ""stride""",,,,,,,,,,,
967,"%313 = OpString ""vertexIndex""",,,,,,,,,,,
968,"%319 = OpString ""buffer""",,,,,,,,,,,
969,"%327 = OpString ""vert""",,,,,,,,,,,
970,"%332 = OpString ""floatOffset""",,,,,,,,,,,
971,"%341 = OpString ""v""",,,,,,,,,,,
972,"%413 = OpString ""modelMatrix""",,,,,,,,,,,
973,"%453 = OpString ""worldPos""",,,,,,,,,,,
974,"%458 = OpString ""bitangent""",,,,,,,,,,,
975,"%465 = OpString ""VertexOutput""",,,,,,,,,,,
976,"%468 = OpString ""output""",,,,,,,,,,,
977,"%688 = OpString ""fragMain""",,,,,,,,,,,
978,"%804 = OpString ""-target spirv  -I \""C:\\VulkanSDK\\1.4.321.0\\Bin\"" -matrix-layout-column-major -fvk-use-entrypoint-name -stage pixel -entry fragMain -g2""",,,,,,,,,,,
979,"%822 = OpString ""color""",,,,,,,,,,,
980,"%824 = OpString ""roughness_metal""",,,,,,,,,,,
981,"%826 = OpString ""worldNormal""",,,,,,,,,,,
982,"%828 = OpString ""FragmentOutput""",,,,,,,,,,,
983,"%835 = OpString ""inst""",,,,,,,,,,,
984,"%869 = OpString """"",,,,,,,,,,,
985,"%871 = OpString ""flipNormal""",,,,,,,,,,,
986,"%879 = OpString ""hasAlbedo""",,,,,,,,,,,
987,"%887 = OpString ""hasRoughness""",,,,,,,,,,,
988,"%895 = OpString ""hasMetallic""",,,,,,,,,,,
989,"%903 = OpString ""hasNormal""",,,,,,,,,,,
990,"%911 = OpString ""alphaClip""",,,,,,,,,,,
991,"%918 = OpString ""N""",,,,,,,,,,,
992,"%923 = OpString ""normalMap""",,,,,,,,,,,
993,"%965 = OpString ""albedo""",,,,,,,,,,,
994,"%1081 = OpString ""normalIntensity""",,,,,,,,,,,
995,"%1113 = OpString ""T""",,,,,,,,,,,
996,"%1120 = OpString ""N_world""",,,,,,,,,,,
997,"%1134 = OpString ""B""",,,,,,,,,,,
998,"%1143 = OpString ""TBN""",,,,,,,,,,,
999,"%1160 = OpString ""diffuseIBL""",,,,,,,,,,,
1000,"%1181 = OpString ""calculateDiffuseIBL""",,,,,,,,,,,
1001,"%1191 = OpString ""maxMip""",,,,,,,,,,,
1002,"%1204 = OpString ""irradiance""",,,,,,,,,,,
1003,"%1222 = OpString ""V""",,,,,,,,,,,
1004,"%1235 = OpString ""F0""",,,,,,,,,,,
1005,"%1250 = OpString ""Lo""",,,,,,,,,,,
1006,"%1259 = OpString ""int""",,,,,,,,,,,
1007,"%1261 = OpString ""i""",,,,,,,,,,,
1008,"%1280 = OpString ""GI""",,,,,,,,,,,
1009,"%1405 = OpString ""coneTraceVXGI""",,,,,,,,,,,
1010,"%1434 = OpString ""skyIntensity""",,,,,,,,,,,
1011,"%1438 = OpString ""envMapIndex""",,,,,,,,,,,
1012,"%1442 = OpString ""fetchBatch""",,,,,,,,,,,
1013,"%1446 = OpString ""maxSteps""",,,,,,,,,,,
1014,"%1450 = OpString ""hemisphereRays""",,,,,,,,,,,
1015,"%1461 = OpString ""worldExtent""",,,,,,,,,,,
1016,"%1465 = OpString ""resolution""",,,,,,,,,,,
1017,"%1469 = OpString ""worldToGridClip""",,,,,,,,,,,
1018,"%1473 = OpString ""voxelSamplerIndex""",,,,,,,,,,,
1019,"%1477 = OpString ""voxel3DTextureIndex""",,,,,,,,,,,
1020,"%1491 = OpString ""voxelSize""",,,,,,,,,,,
1021,"%1505 = OpString ""rays""",,,,,,,,,,,
1022,"%1512 = OpString ""batch""",,,,,,,,,,,
1023,"%1523 = OpString ""up""",,,,,,,,,,,
1024,"%1555 = OpString ""origin""",,,,,,,,,,,
1025,"%1564 = OpString ""gi""",,,,,,,,,,,
1026,"%1571 = OpString ""totalWeight""",,,,,,,,,,,
1027,"%1602 = OpString ""dir""",,,,,,,,,,,
1028,"%1701 = OpString ""traceCone""",,,,,,,,,,,
1029,"%1797 = OpString ""maxDist""",,,,,,,,,,,
1030,"%1817 = OpString ""uvwOrigin""",,,,,,,,,,,
1031,"%1831 = OpString ""worldToGridUVW""",,,,,,,,,,,
1032,"%1844 = OpString ""clip""",,,,,,,,,,,
1033,"%1851 = OpString ""ndc""",,,,,,,,,,,
1034,"%1869 = OpString ""clipDir""",,,,,,,,,,,
1035,"%1877 = OpString ""uvwDir""",,,,,,,,,,,
1036,"%1887 = OpString ""tFar""",,,,,,,,,,,
1037,"%1905 = OpString ""acc""",,,,,,,,,,,
1038,"%1913 = OpString ""dist""",,,,,,,,,,,
1039,"%1960 = OpString ""w""",,,,,,,,,,,
1040,"%1963 = OpString ""h""",,,,,,,,,,,
1041,"%1966 = OpString ""mips""",,,,,,,,,,,
1042,"%2026 = OpString ""s""",,,,,,,,,,,
1043,"%2031 = OpString ""d""",,,,,,,,,,,
1044,"%2039 = OpString ""j""",,,,,,,,,,,
1045,"%2095 = OpString ""voxelToneMapInv""",,,,,,,,,,,
1046,"%2149 = OpString ""diameter""",,,,,,,,,,,
1047,"%2159 = OpString ""mip""",,,,,,,,,,,
1048,"%2307 = OpString ""sampleAmbientCubeGI""",,,,,,,,,,,
1049,"%2346 = OpString ""samplerIndex""",,,,,,,,,,,
1050,"%2351 = OpString ""faceIndices""",,,,,,,,,,,
1051,"%2365 = OpString ""uvw""",,,,,,,,,,,
1052,"%2378 = OpString ""fx""",,,,,,,,,,,
1053,"%2393 = OpString ""fy""",,,,,,,,,,,
1054,"%2408 = OpString ""fz""",,,,,,,,,,,
1055,"%2440 = OpString ""decodeIrradiance""",,,,,,,,,,,
1056,"%2498 = OpString ""kS""",,,,,,,,,,,
1057,"%2517 = OpString ""fresnelSchlickRoughness""",,,,,,,,,,,
1058,"%2527 = OpString ""cosTheta""",,,,,,,,,,,
1059,"%2547 = OpString ""kD""",,,,,,,,,,,
1060,"%2560 = OpString ""ao""",,,,,,,,,,,
1061,"%2566 = OpString ""ambient""",,,,,,,,,,,
1062,"%2620 = OpString ""type""",,,,,,,,,,,
1063,"%2623 = OpString ""direction""",,,,,,,,,,,
1064,"%2625 = OpString ""range""",,,,,,,,,,,
1065,"%2627 = OpString ""intensity""",,,,,,,,,,,
1066,"%2630 = OpString ""data""",,,,,,,,,,,
1067,"%2632 = OpString ""_Array_natural_uint3""",,,,,,,,,,,
1068,"%2636 = OpString ""castsShadows""",,,,,,,,,,,
1069,"%2639 = OpString ""showCascades""",,,,,,,,,,,
1070,"%2642 = OpString ""numCascades""",,,,,,,,,,,
1071,"%2644 = OpString ""shadowResolution""",,,,,,,,,,,
1072,"%2648 = OpString ""_MatrixStorage_float4x4_ColMajornatural""",,,,,,,,,,,
1073,"%2650 = OpString ""lightSpaceMatrix""",,,,,,,,,,,
1074,"%2652 = OpString ""shadowAtlasRange""",,,,,,,,,,,
1075,"%2654 = OpString ""splitDistance""",,,,,,,,,,,
1076,"%2656 = OpString ""texelSize""",,,,,,,,,,,
1077,"%2659 = OpString ""worldTexelSize""",,,,,,,,,,,
1078,"%2662 = OpString ""_padding""",,,,,,,,,,,
1079,"%2665 = OpString ""Cascade_natural""",,,,,,,,,,,
1080,"%2671 = OpString ""_Array_natural_Cascade3""",,,,,,,,,,,
1081,"%2673 = OpString ""cascades""",,,,,,,,,,,
1082,"%2677 = OpString ""ShadowMap_natural""",,,,,,,,,,,
1083,"%2682 = OpString ""_Array_natural_ShadowMap6""",,,,,,,,,,,
1084,"%2684 = OpString ""shadowMaps""",,,,,,,,,,,
1085,"%2687 = OpString ""Light_natural""",,,,,,,,,,,
1086,"%2691 = OpString ""currentLight""",,,,,,,,,,,
1087,"%2718 = OpString ""distance""",,,,,,,,,,,
1088,"%2736 = OpString ""L""",,,,,,,,,,,
1089,"%2741 = OpString ""attenuation""",,,,,,,,,,,
1090,"%2745 = OpString ""radiance""",,,,,,,,,,,
1091,"%2757 = OpString ""lightPos""",,,,,,,,,,,
1092,"%2792 = OpString ""lightDir""",,,,,,,,,,,
1093,"%2817 = OpString ""H""",,,,,,,,,,,
1094,"%2826 = OpString ""NdotL_raw""",,,,,,,,,,,
1095,"%2839 = OpString ""NdotV""",,,,,,,,,,,
1096,"%2848 = OpString ""NdotL""",,,,,,,,,,,
1097,"%2855 = OpString ""NdotH""",,,,,,,,,,,
1098,"%2863 = OpString ""HdotV""",,,,,,,,,,,
1099,"%2871 = OpString ""NDF""",,,,,,,,,,,
1100,"%2894 = OpString ""DistributionGGX""",,,,,,,,,,,
1101,"%2910 = OpString ""a""",,,,,,,,,,,
1102,"%2916 = OpString ""a2""",,,,,,,,,,,
1103,"%2928 = OpString ""NdotH2""",,,,,,,,,,,
1104,"%2934 = OpString ""num""",,,,,,,,,,,
1105,"%2939 = OpString ""denom""",,,,,,,,,,,
1106,"%2956 = OpString ""G""",,,,,,,,,,,
1107,"%2978 = OpString ""GeometrySmith""",,,,,,,,,,,
1108,"%3010 = OpString ""ggx2""",,,,,,,,,,,
1109,"%3026 = OpString ""GeometrySchlickGGX""",,,,,,,,,,,
1110,"%3039 = OpString ""r""",,,,,,,,,,,
1111,"%3045 = OpString ""k""",,,,,,,,,,,
1112,"%3069 = OpString ""ggx1""",,,,,,,,,,,
1113,"%3080 = OpString ""F""",,,,,,,,,,,
1114,"%3092 = OpString ""fresnelSchlick""",,,,,,,,,,,
1115,"%3129 = OpString ""numerator""",,,,,,,,,,,
1116,"%3136 = OpString ""denominator""",,,,,,,,,,,
1117,"%3145 = OpString ""specular""",,,,,,,,,,,
1118,"%3162 = OpString ""shadow""",,,,,,,,,,,
1119,"%3178 = OpString ""geometricNormal""",,,,,,,,,,,
1120,"%3214 = OpString ""calculateShadow""",,,,,,,,,,,
1121,"%3229 = OpString ""shadowAtlasIdx""",,,,,,,,,,,
1122,"%3233 = OpString ""light""",,,,,,,,,,,
1123,"%3243 = OpString ""cameraForward""",,,,,,,,,,,
1124,"%3247 = OpString ""cameraPos""",,,,,,,,,,,
1125,"%3251 = OpString ""fragWorldPos""",,,,,,,,,,,
1126,"%3312 = OpString ""calculatePointShadow""",,,,,,,,,,,
1127,"%3388 = OpString ""fragToLight""",,,,,,,,,,,
1128,"%3397 = OpString ""absDir""",,,,,,,,,,,
1129,"%3404 = OpString ""faceIndex""",,,,,,,,,,,
1130,"%3482 = OpString ""ShadowMap""",,,,,,,,,,,
1131,"%3484 = OpString ""face""",,,,,,,,,,,
1132,"%3539 = OpString ""normalOffset""",,,,,,,,,,,
1133,"%3553 = OpString ""biasedPos""",,,,,,,,,,,
1134,"%3561 = OpString ""fragPosLightSpace""",,,,,,,,,,,
1135,"%3568 = OpString ""projCoords""",,,,,,,,,,,
1136,"%3640 = OpString ""currentDepth""",,,,,,,,,,,
1137,"%3649 = OpString ""rangeMin""",,,,,,,,,,,
1138,"%3656 = OpString ""rangeSpan""",,,,,,,,,,,
1139,"%3664 = OpString ""atlasUV""",,,,,,,,,,,
1140,"%3674 = OpString ""lit""",,,,,,,,,,,
1141,"%3741 = OpString ""calculateDirectionalShadow""",,,,,,,,,,,
1142,"%3847 = OpString ""viewDepth""",,,,,,,,,,,
1143,"%3855 = OpString ""cascadeIndex""",,,,,,,,,,,
1144,"%3920 = OpString ""c""",,,,,,,,,,,
1145,"%3946 = OpString ""Cascade""",,,,,,,,,,,
1146,"%3948 = OpString ""cascade""",,,,,,,,,,,
1147,"OpName %drawID ""drawID""",,,,,,,,,,,
1148,"OpName %instanceID ""instanceID""",,,,,,,,,,,
1149,"OpName %vertexID ""vertexID""",,,,,,,,,,,
1150,"OpName %mesh ""mesh""",,,,,,,,,,,
1151,"OpName %LitPushConstants_std430 ""LitPushConstants_std430""",,,,,,,,,,,
1152,"OpMemberName %LitPushConstants_std430 0 ""vertexBuffer""",,,,,,,,,,,
1153,"OpMemberName %LitPushConstants_std430 1 ""modelMatrices""",,,,,,,,,,,
1154,"OpMemberName %LitPushConstants_std430 2 ""lights""",,,,,,,,,,,
1155,"OpMemberName %LitPushConstants_std430 3 ""litInstanceData""",,,,,,,,,,,
1156,"OpMemberName %LitPushConstants_std430 4 ""litMeshDrawData""",,,,,,,,,,,
1157,"OpMemberName %LitPushConstants_std430 5 ""litPassData""",,,,,,,,,,,
1158,"OpMemberName %LitPushConstants_std430 6 ""drawIDOffset""",,,,,,,,,,,
1159,"OpMemberName %LitPushConstants_std430 7 ""time""",,,,,,,,,,,
1160,"OpName %pc ""pc""",,,,,,,,,,,
1161,"OpName %absInstance ""absInstance""",,,,,,,,,,,
1162,"OpName %draw ""draw""",,,,,,,,,,,
1163,"OpName %vertex ""vertex""",,,,,,,,,,,
1164,"OpName %offset ""offset""",,,,,,,,,,,
1165,"OpName %stride ""stride""",,,,,,,,,,,
1166,"OpName %vertexIndex ""vertexIndex""",,,,,,,,,,,
1167,"OpName %buffer ""buffer""",,,,,,,,,,,
1168,"OpName %vert ""vert""",,,,,,,,,,,
1169,"OpName %floatOffset ""floatOffset""",,,,,,,,,,,
1170,"OpName %v ""v""",,,,,,,,,,,
1171,"OpName %modelMatrix ""modelMatrix""",,,,,,,,,,,
1172,"OpName %_MatrixStorage_float4x4_ColMajornatural ""_MatrixStorage_float4x4_ColMajornatural""",,,,,,,,,,,
1173,"OpMemberName %_MatrixStorage_float4x4_ColMajornatural 0 ""data""",,,,,,,,,,,
1174,"OpName %output ""output""",,,,,,,,,,,
1175,"OpName %worldPos ""worldPos""",,,,,,,,,,,
1176,"OpName %entryPointParam_vertMain_worldPos ""entryPointParam_vertMain.worldPos""",,,,,,,,,,,
1177,"OpName %entryPointParam_vertMain_normal ""entryPointParam_vertMain.normal""",,,,,,,,,,,
1178,"OpName %entryPointParam_vertMain_texCoord ""entryPointParam_vertMain.texCoord""",,,,,,,,,,,
1179,"OpName %entryPointParam_vertMain_tangent ""entryPointParam_vertMain.tangent""",,,,,,,,,,,
1180,"OpName %entryPointParam_vertMain_bitangent ""entryPointParam_vertMain.bitangent""",,,,,,,,,,,
1181,"OpName %entryPointParam_vertMain_drawID ""entryPointParam_vertMain.drawID""",,,,,,,,,,,
1182,"OpName %entryPointParam_vertMain_instanceID ""entryPointParam_vertMain.instanceID""",,,,,,,,,,,
1183,"OpName %vertMain ""vertMain""",,,,,,,,,,,
1184,"OpName %normalMap ""normalMap""",,,,,,,,,,,
1185,"OpName %normalMap ""normalMap""",,,,,,,,,,,
1186,"OpName %albedo ""albedo""",,,,,,,,,,,
1187,"OpName %albedo ""albedo""",,,,,,,,,,,
1188,"OpName %roughness ""roughness""",,,,,,,,,,,
1189,"OpName %roughness ""roughness""",,,,,,,,,,,
1190,"OpName %metallic ""metallic""",,,,,,,,,,,
1191,"OpName %metallic ""metallic""",,,,,,,,,,,
1192,"OpName %N ""N""",,,,,,,,,,,
1193,"OpName %N ""N""",,,,,,,,,,,
1194,"OpName %Lo ""Lo""",,,,,,,,,,,
1195,"OpName %Lo ""Lo""",,,,,,,,,,,
1196,"OpName %Lo ""Lo""",,,,,,,,,,,
1197,"OpName %i ""i""",,,,,,,,,,,
1198,"OpName %i ""i""",,,,,,,,,,,
1199,"OpName %L ""L""",,,,,,,,,,,
1200,"OpName %L ""L""",,,,,,,,,,,
1201,"OpName %L ""GI""",,,,,,,,,,,
1202,"OpName %radiance ""radiance""",,,,,,,,,,,
1203,"OpName %radiance ""radiance""",,,,,,,,,,,
1204,"OpName %shadow ""shadow""",,,,,,,,,,,
1205,"OpName %shadow ""shadow""",,,,,,,,,,,
1206,"OpName %input_worldPos ""input.worldPos""",,,,,,,,,,,
1207,"OpName %input_normal ""input.normal""",,,,,,,,,,,
1208,"OpName %input_texCoord ""input.texCoord""",,,,,,,,,,,
1209,"OpName %input_tangent ""input.tangent""",,,,,,,,,,,
1210,"OpName %input_instanceID ""input.instanceID""",,,,,,,,,,,
1211,"OpName %output_0 ""output""",,,,,,,,,,,
1212,"OpName %inst ""inst""",,,,,,,,,,,
1213,"OpName %flipNormal ""flipNormal""",,,,,,,,,,,
1214,"OpName %hasAlbedo ""hasAlbedo""",,,,,,,,,,,
1215,"OpName %hasAlbedo_0 ""hasAlbedo""",,,,,,,,,,,
1216,"OpName %hasRoughness ""hasRoughness""",,,,,,,,,,,
1217,"OpName %hasRoughness_0 ""hasRoughness""",,,,,,,,,,,
1218,"OpName %hasMetallic ""hasMetallic""",,,,,,,,,,,
1219,"OpName %hasMetallic_0 ""hasMetallic""",,,,,,,,,,,
1220,"OpName %hasNormal ""hasNormal""",,,,,,,,,,,
1221,"OpName %hasNormal_0 ""hasNormal""",,,,,,,,,,,
1222,"OpName %alphaClip ""alphaClip""",,,,,,,,,,,
1223,"OpName %alphaClip_0 ""alphaClip""",,,,,,,,,,,
1224,"OpName %N_0 ""N""",,,,,,,,,,,
1225,"OpName %normalMap_0 ""normalMap""",,,,,,,,,,,
1226,"OpName %samplers ""samplers""",,,,,,,,,,,
1227,"OpName %textures ""textures""",,,,,,,,,,,
1228,"OpName %sampledImage ""sampledImage""",,,,,,,,,,,
1229,"OpName %sampled ""sampled""",,,,,,,,,,,
1230,"OpName %albedo_0 ""albedo""",,,,,,,,,,,
1231,"OpName %sampledImage_0 ""sampledImage""",,,,,,,,,,,
1232,"OpName %sampled_0 ""sampled""",,,,,,,,,,,
1233,"OpName %roughness_0 ""roughness""",,,,,,,,,,,
1234,"OpName %sampledImage_1 ""sampledImage""",,,,,,,,,,,
1235,"OpName %sampled_1 ""sampled""",,,,,,,,,,,
1236,"OpName %metallic_0 ""metallic""",,,,,,,,,,,
1237,"OpName %sampledImage_2 ""sampledImage""",,,,,,,,,,,
1238,"OpName %sampled_2 ""sampled""",,,,,,,,,,,
1239,"OpName %normalIntensity ""normalIntensity""",,,,,,,,,,,
1240,"OpName %T ""T""",,,,,,,,,,,
1241,"OpName %N_world ""N_world""",,,,,,,,,,,
1242,"OpName %B ""B""",,,,,,,,,,,
1243,"OpName %TBN ""TBN""",,,,,,,,,,,
1244,"OpName %TBN_0 ""TBN""",,,,,,,,,,,
1245,"OpName %diffuseIBL ""diffuseIBL""",,,,,,,,,,,
1246,"OpName %cubemaps ""cubemaps""",,,,,,,,,,,
1247,"OpName %maxMip ""maxMip""",,,,,,,,,,,
1248,"OpName %albedo_1 ""albedo""",,,,,,,,,,,
1249,"OpName %N_1 ""N""",,,,,,,,,,,
1250,"OpName %irradiance ""irradiance""",,,,,,,,,,,
1251,"OpName %V ""V""",,,,,,,,,,,
1252,"OpName %F0 ""F0""",,,,,,,,,,,
1253,"OpName %Lo_0 ""Lo""",,,,,,,,,,,
1254,"OpName %i_0 ""i""",,,,,,,,,,,
1255,"OpName %GI ""GI""",,,,,,,,,,,
1256,"OpName %skyIntensity ""skyIntensity""",,,,,,,,,,,
1257,"OpName %envMapIndex ""envMapIndex""",,,,,,,,,,,
1258,"OpName %fetchBatch ""fetchBatch""",,,,,,,,,,,
1259,"OpName %maxSteps ""maxSteps""",,,,,,,,,,,
1260,"OpName %hemisphereRays ""hemisphereRays""",,,,,,,,,,,
1261,"OpName %N_2 ""N""",,,,,,,,,,,
1262,"OpName %worldPos_0 ""worldPos""",,,,,,,,,,,
1263,"OpName %worldExtent ""worldExtent""",,,,,,,,,,,
1264,"OpName %resolution ""resolution""",,,,,,,,,,,
1265,"OpName %worldToGridClip ""worldToGridClip""",,,,,,,,,,,
1266,"OpName %voxelSamplerIndex ""voxelSamplerIndex""",,,,,,,,,,,
1267,"OpName %voxel3DTextureIndex ""voxel3DTextureIndex""",,,,,,,,,,,
1268,"OpName %samplers_0 ""samplers""",,,,,,,,,,,
1269,"OpName %voxelSize ""voxelSize""",,,,,,,,,,,
1270,"OpName %maxMip_0 ""maxMip""",,,,,,,,,,,
1271,"OpName %rays ""rays""",,,,,,,,,,,
1272,"OpName %batch ""batch""",,,,,,,,,,,
1273,"OpName %up ""up""",,,,,,,,,,,
1274,"OpName %T_0 ""T""",,,,,,,,,,,
1275,"OpName %B_0 ""B""",,,,,,,,,,,
1276,"OpName %origin ""origin""",,,,,,,,,,,
1277,"OpName %gi ""gi""",,,,,,,,,,,
1278,"OpName %totalWeight ""totalWeight""",,,,,,,,,,,
1279,"OpName %i_1 ""i""",,,,,,,,,,,
1280,"OpName %dir ""dir""",,,,,,,,,,,
1281,"OpName %textures3D ""textures3D""",,,,,,,,,,,
1282,"OpName %skyIntensity_0 ""skyIntensity""",,,,,,,,,,,
1283,"OpName %envMapIndex_0 ""envMapIndex""",,,,,,,,,,,
1284,"OpName %fetchBatch_0 ""fetchBatch""",,,,,,,,,,,
1285,"OpName %maxSteps_0 ""maxSteps""",,,,,,,,,,,
1286,"OpName %maxMip_1 ""maxMip""",,,,,,,,,,,
1287,"OpName %maxDist ""maxDist""",,,,,,,,,,,
1288,"OpName %voxelSize_0 ""voxelSize""",,,,,,,,,,,
1289,"OpName %dir_0 ""dir""",,,,,,,,,,,
1290,"OpName %origin_0 ""origin""",,,,,,,,,,,
1291,"OpName %worldToGridClip_0 ""worldToGridClip""",,,,,,,,,,,
1292,"OpName %uvwOrigin ""uvwOrigin""",,,,,,,,,,,
1293,"OpName %worldToGridClip_1 ""worldToGridClip""",,,,,,,,,,,
1294,"OpName %worldPos_1 ""worldPos""",,,,,,,,,,,
1295,"OpName %clip ""clip""",,,,,,,,,,,
1296,"OpName %ndc ""ndc""",,,,,,,,,,,
1297,"OpName %clipDir ""clipDir""",,,,,,,,,,,
1298,"OpName %uvwDir ""uvwDir""",,,,,,,,,,,
1299,"OpName %tFar ""tFar""",,,,,,,,,,,
1300,"OpName %acc ""acc""",,,,,,,,,,,
1301,"OpName %dist ""dist""",,,,,,,,,,,
1302,"OpName %i_2 ""i""",,,,,,,,,,,
1303,"OpName %w ""w""",,,,,,,,,,,
1304,"OpName %h ""h""",,,,,,,,,,,
1305,"OpName %mips ""mips""",,,,,,,,,,,
1306,"OpName %voxelCubemaps ""voxelCubemaps""",,,,,,,,,,,
1307,"OpName %s ""s""",,,,,,,,,,,
1308,"OpName %d ""d""",,,,,,,,,,,
1309,"OpName %j ""j""",,,,,,,,,,,
1310,"OpName %j_0 ""j""",,,,,,,,,,,
1311,"OpName %v_0 ""v""",,,,,,,,,,,
1312,"OpName %diameter ""diameter""",,,,,,,,,,,
1313,"OpName %mip ""mip""",,,,,,,,,,,
1314,"OpName %N_3 ""N""",,,,,,,,,,,
1315,"OpName %worldPos_2 ""worldPos""",,,,,,,,,,,
1316,"OpName %worldExtent_0 ""worldExtent""",,,,,,,,,,,
1317,"OpName %resolution_0 ""resolution""",,,,,,,,,,,
1318,"OpName %worldToGridClip_2 ""worldToGridClip""",,,,,,,,,,,
1319,"OpName %samplerIndex ""samplerIndex""",,,,,,,,,,,
1320,"OpName %faceIndices ""faceIndices""",,,,,,,,,,,
1321,"OpName %uvw ""uvw""",,,,,,,,,,,
1322,"OpName %w_0 ""w""",,,,,,,,,,,
1323,"OpName %fx ""fx""",,,,,,,,,,,
1324,"OpName %fy ""fy""",,,,,,,,,,,
1325,"OpName %fz ""fz""",,,,,,,,,,,
1326,"OpName %s_0 ""s""",,,,,,,,,,,
1327,"OpName %GI_0 ""GI""",,,,,,,,,,,
1328,"OpName %kS ""kS""",,,,,,,,,,,
1329,"OpName %roughness_1 ""roughness""",,,,,,,,,,,
1330,"OpName %F0_0 ""F0""",,,,,,,,,,,
1331,"OpName %cosTheta ""cosTheta""",,,,,,,,,,,
1332,"OpName %kD ""kD""",,,,,,,,,,,
1333,"OpName %kD_0 ""kD""",,,,,,,,,,,
1334,"OpName %kD_1 ""kD""",,,,,,,,,,,
1335,"OpName %ao ""ao""",,,,,,,,,,,
1336,"OpName %ambient ""ambient""",,,,,,,,,,,
1337,"OpName %color ""color""",,,,,,,,,,,
1338,"OpName %color_0 ""color""",,,,,,,,,,,
1339,"OpName %entryPointParam_fragMain_color ""entryPointParam_fragMain.color""",,,,,,,,,,,
1340,"OpName %entryPointParam_fragMain_roughness_metal ""entryPointParam_fragMain.roughness_metal""",,,,,,,,,,,
1341,"OpName %entryPointParam_fragMain_worldNormal ""entryPointParam_fragMain.worldNormal""",,,,,,,,,,,
1342,"OpName %currentLight ""currentLight""",,,,,,,,,,,
1343,"OpName %currentLight_0 ""currentLight""",,,,,,,,,,,
1344,"OpName %distance ""distance""",,,,,,,,,,,
1345,"OpName %L_0 ""L""",,,,,,,,,,,
1346,"OpName %attenuation ""attenuation""",,,,,,,,,,,
1347,"OpName %radiance_0 ""radiance""",,,,,,,,,,,
1348,"OpName %lightPos ""lightPos""",,,,,,,,,,,
1349,"OpName %lightPos_0 ""lightPos""",,,,,,,,,,,
1350,"OpName %distance_0 ""distance""",,,,,,,,,,,
1351,"OpName %attenuation_0 ""attenuation""",,,,,,,,,,,
1352,"OpName %lightDir ""lightDir""",,,,,,,,,,,
1353,"OpName %lightDir_0 ""lightDir""",,,,,,,,,,,
1354,"OpName %H ""H""",,,,,,,,,,,
1355,"OpName %NdotL_raw ""NdotL_raw""",,,,,,,,,,,
1356,"OpName %NdotV ""NdotV""",,,,,,,,,,,
1357,"OpName %NdotL ""NdotL""",,,,,,,,,,,
1358,"OpName %NdotH ""NdotH""",,,,,,,,,,,
1359,"OpName %HdotV ""HdotV""",,,,,,,,,,,
1360,"OpName %NDF ""NDF""",,,,,,,,,,,
1361,"OpName %roughness_2 ""roughness""",,,,,,,,,,,
1362,"OpName %H_0 ""H""",,,,,,,,,,,
1363,"OpName %N_4 ""N""",,,,,,,,,,,
1364,"OpName %a ""a""",,,,,,,,,,,
1365,"OpName %a2 ""a2""",,,,,,,,,,,
1366,"OpName %NdotH_0 ""NdotH""",,,,,,,,,,,
1367,"OpName %NdotH2 ""NdotH2""",,,,,,,,,,,
1368,"OpName %num ""num""",,,,,,,,,,,
1369,"OpName %denom ""denom""",,,,,,,,,,,
1370,"OpName %G ""G""",,,,,,,,,,,
1371,"OpName %roughness_3 ""roughness""",,,,,,,,,,,
1372,"OpName %L_1 ""L""",,,,,,,,,,,
1373,"OpName %V_0 ""V""",,,,,,,,,,,
1374,"OpName %N_5 ""N""",,,,,,,,,,,
1375,"OpName %NdotV_0 ""NdotV""",,,,,,,,,,,
1376,"OpName %NdotL_0 ""NdotL""",,,,,,,,,,,
1377,"OpName %ggx2 ""ggx2""",,,,,,,,,,,
1378,"OpName %roughness_4 ""roughness""",,,,,,,,,,,
1379,"OpName %NdotV_1 ""NdotV""",,,,,,,,,,,
1380,"OpName %r ""r""",,,,,,,,,,,
1381,"OpName %k ""k""",,,,,,,,,,,
1382,"OpName %num_0 ""num""",,,,,,,,,,,
1383,"OpName %denom_0 ""denom""",,,,,,,,,,,
1384,"OpName %ggx1 ""ggx1""",,,,,,,,,,,
1385,"OpName %F ""F""",,,,,,,,,,,
1386,"OpName %F0_1 ""F0""",,,,,,,,,,,
1387,"OpName %cosTheta_0 ""cosTheta""",,,,,,,,,,,
1388,"OpName %kS_0 ""kS""",,,,,,,,,,,
1389,"OpName %kD_2 ""kD""",,,,,,,,,,,
1390,"OpName %kD_3 ""kD""",,,,,,,,,,,
1391,"OpName %kD_4 ""kD""",,,,,,,,,,,
1392,"OpName %numerator ""numerator""",,,,,,,,,,,
1393,"OpName %numerator_0 ""numerator""",,,,,,,,,,,
1394,"OpName %denominator ""denominator""",,,,,,,,,,,
1395,"OpName %specular ""specular""",,,,,,,,,,,
1396,"OpName %specular_0 ""specular""",,,,,,,,,,,
1397,"OpName %shadow_0 ""shadow""",,,,,,,,,,,
1398,"OpName %geometricNormal ""geometricNormal""",,,,,,,,,,,
1399,"OpName %shadowAtlasIdx ""shadowAtlasIdx""",,,,,,,,,,,
1400,"OpName %light ""light""",,,,,,,,,,,
1401,"OpName %L_2 ""L""",,,,,,,,,,,
1402,"OpName %geometricNormal_0 ""geometricNormal""",,,,,,,,,,,
1403,"OpName %cameraForward ""cameraForward""",,,,,,,,,,,
1404,"OpName %cameraPos ""cameraPos""",,,,,,,,,,,
1405,"OpName %fragWorldPos ""fragWorldPos""",,,,,,,,,,,
1406,"OpName %shadowAtlasIdx_0 ""shadowAtlasIdx""",,,,,,,,,,,
1407,"OpName %light_0 ""light""",,,,,,,,,,,
1408,"OpName %L_3 ""L""",,,,,,,,,,,
1409,"OpName %geometricNormal_1 ""geometricNormal""",,,,,,,,,,,
1410,"OpName %fragWorldPos_0 ""fragWorldPos""",,,,,,,,,,,
1411,"OpName %fragToLight ""fragToLight""",,,,,,,,,,,
1412,"OpName %absDir ""absDir""",,,,,,,,,,,
1413,"OpName %faceIndex ""faceIndex""",,,,,,,,,,,
1414,"OpName %face ""face""",,,,,,,,,,,
1415,"OpName %ShadowMap_natural ""ShadowMap_natural""",,,,,,,,,,,
1416,"OpMemberName %ShadowMap_natural 0 ""lightSpaceMatrix""",,,,,,,,,,,
1417,"OpMemberName %ShadowMap_natural 1 ""shadowAtlasRange""",,,,,,,,,,,
1418,"OpName %NdotL_1 ""NdotL""",,,,,,,,,,,
1419,"OpName %normalOffset ""normalOffset""",,,,,,,,,,,
1420,"OpName %biasedPos ""biasedPos""",,,,,,,,,,,
1421,"OpName %fragPosLightSpace ""fragPosLightSpace""",,,,,,,,,,,
1422,"OpName %projCoords ""projCoords""",,,,,,,,,,,
1423,"OpName %texelSize ""texelSize""",,,,,,,,,,,
1424,"OpName %currentDepth ""currentDepth""",,,,,,,,,,,
1425,"OpName %rangeMin ""rangeMin""",,,,,,,,,,,
1426,"OpName %rangeSpan ""rangeSpan""",,,,,,,,,,,
1427,"OpName %atlasUV ""atlasUV""",,,,,,,,,,,
1428,"OpName %lit ""lit""",,,,,,,,,,,
1429,"OpName %shadowCmpSampler ""shadowCmpSampler""",,,,,,,,,,,
1430,"OpName %shadowAtlasIdx_1 ""shadowAtlasIdx""",,,,,,,,,,,
1431,"OpName %light_1 ""light""",,,,,,,,,,,
1432,"OpName %L_4 ""L""",,,,,,,,,,,
1433,"OpName %geometricNormal_2 ""geometricNormal""",,,,,,,,,,,
1434,"OpName %cameraForward_0 ""cameraForward""",,,,,,,,,,,
1435,"OpName %cameraPos_0 ""cameraPos""",,,,,,,,,,,
1436,"OpName %fragWorldPos_1 ""fragWorldPos""",,,,,,,,,,,
1437,"OpName %viewDepth ""viewDepth""",,,,,,,,,,,
1438,"OpName %cascadeIndex ""cascadeIndex""",,,,,,,,,,,
1439,"OpName %i_3 ""i""",,,,,,,,,,,
1440,"OpName %Cascade_natural ""Cascade_natural""",,,,,,,,,,,
1441,"OpMemberName %Cascade_natural 0 ""lightSpaceMatrix""",,,,,,,,,,,
1442,"OpMemberName %Cascade_natural 1 ""shadowAtlasRange""",,,,,,,,,,,
1443,"OpMemberName %Cascade_natural 2 ""splitDistance""",,,,,,,,,,,
1444,"OpMemberName %Cascade_natural 3 ""texelSize""",,,,,,,,,,,
1445,"OpMemberName %Cascade_natural 4 ""worldTexelSize""",,,,,,,,,,,
1446,"OpMemberName %Cascade_natural 5 ""_padding""",,,,,,,,,,,
1447,"OpName %c ""c""",,,,,,,,,,,
1448,"OpName %cascade ""cascade""",,,,,,,,,,,
1449,"OpName %NdotL_2 ""NdotL""",,,,,,,,,,,
1450,"OpName %normalOffset_0 ""normalOffset""",,,,,,,,,,,
1451,"OpName %biasedPos_0 ""biasedPos""",,,,,,,,,,,
1452,"OpName %fragPosLightSpace_0 ""fragPosLightSpace""",,,,,,,,,,,
1453,"OpName %projCoords_0 ""projCoords""",,,,,,,,,,,
1454,"OpName %texelSize_0 ""texelSize""",,,,,,,,,,,
1455,"OpName %currentDepth_0 ""currentDepth""",,,,,,,,,,,
1456,"OpName %rangeMin_0 ""rangeMin""",,,,,,,,,,,
1457,"OpName %rangeSpan_0 ""rangeSpan""",,,,,,,,,,,
1458,"OpName %atlasUV_0 ""atlasUV""",,,,,,,,,,,
1459,"OpName %lit_0 ""lit""",,,,,,,,,,,
1460,"OpName %Lo_1 ""Lo""",,,,,,,,,,,
1461,"OpName %i_4 ""i""",,,,,,,,,,,
1462,"OpName %fragMain ""fragMain""",,,,,,,,,,,
1463,"OpName %_Array_natural_uint3 ""_Array_natural_uint3""",,,,,,,,,,,
1464,"OpMemberName %_Array_natural_uint3 0 ""data""",,,,,,,,,,,
1465,"OpName %_Array_natural_Cascade3 ""_Array_natural_Cascade3""",,,,,,,,,,,
1466,"OpMemberName %_Array_natural_Cascade3 0 ""data""",,,,,,,,,,,
1467,"OpName %_Array_natural_ShadowMap6 ""_Array_natural_ShadowMap6""",,,,,,,,,,,
1468,"OpMemberName %_Array_natural_ShadowMap6 0 ""data""",,,,,,,,,,,
1469,"OpName %Light_natural ""Light_natural""",,,,,,,,,,,
1470,"OpMemberName %Light_natural 0 ""type""",,,,,,,,,,,
1471,"OpMemberName %Light_natural 1 ""position""",,,,,,,,,,,
1472,"OpMemberName %Light_natural 2 ""direction""",,,,,,,,,,,
1473,"OpMemberName %Light_natural 3 ""range""",,,,,,,,,,,
1474,"OpMemberName %Light_natural 4 ""intensity""",,,,,,,,,,,
1475,"OpMemberName %Light_natural 5 ""padding""",,,,,,,,,,,
1476,"OpMemberName %Light_natural 6 ""color""",,,,,,,,,,,
1477,"OpMemberName %Light_natural 7 ""castsShadows""",,,,,,,,,,,
1478,"OpMemberName %Light_natural 8 ""showCascades""",,,,,,,,,,,
1479,"OpMemberName %Light_natural 9 ""numCascades""",,,,,,,,,,,
1480,"OpMemberName %Light_natural 10 ""shadowResolution""",,,,,,,,,,,
1481,"OpMemberName %Light_natural 11 ""cascades""",,,,,,,,,,,
1482,"OpMemberName %Light_natural 12 ""shadowMaps""",,,,,,,,,,,
1483,"OpName %LitInstanceData_natural ""LitInstanceData_natural""",,,,,,,,,,,
1484,"OpMemberName %LitInstanceData_natural 0 ""modelMatrixIndex""",,,,,,,,,,,
1485,"OpMemberName %LitInstanceData_natural 1 ""albedoTextureIndex""",,,,,,,,,,,
1486,"OpMemberName %LitInstanceData_natural 2 ""roughnessTextureIndex""",,,,,,,,,,,
1487,"OpMemberName %LitInstanceData_natural 3 ""metallicTextureIndex""",,,,,,,,,,,
1488,"OpMemberName %LitInstanceData_natural 4 ""normalTextureIndex""",,,,,,,,,,,
1489,"OpMemberName %LitInstanceData_natural 5 ""environmentMapIndex""",,,,,,,,,,,
1490,"OpMemberName %LitInstanceData_natural 6 ""maxEnvMips""",,,,,,,,,,,
1491,"OpMemberName %LitInstanceData_natural 7 ""materialFlags""",,,,,,,,,,,
1492,"OpMemberName %LitInstanceData_natural 8 ""metallic""",,,,,,,,,,,
1493,"OpMemberName %LitInstanceData_natural 9 ""roughness""",,,,,,,,,,,
1494,"OpMemberName %LitInstanceData_natural 10 ""alphaCutoff""",,,,,,,,,,,
1495,"OpMemberName %LitInstanceData_natural 11 ""padding""",,,,,,,,,,,
1496,"OpName %LitMeshDrawData_natural ""LitMeshDrawData_natural""",,,,,,,,,,,
1497,"OpMemberName %LitMeshDrawData_natural 0 ""vertexAllocationOffset""",,,,,,,,,,,
1498,"OpMemberName %LitMeshDrawData_natural 1 ""vertexOffset""",,,,,,,,,,,
1499,"OpMemberName %LitMeshDrawData_natural 2 ""vertexStride""",,,,,,,,,,,
1500,"OpMemberName %LitMeshDrawData_natural 3 ""firstInstance""",,,,,,,,,,,
1501,"OpName %_Array_natural_uint6 ""_Array_natural_uint6""",,,,,,,,,,,
1502,"OpMemberName %_Array_natural_uint6 0 ""data""",,,,,,,,,,,
1503,"OpName %LitPass_natural ""LitPass_natural""",,,,,,,,,,,
1504,"OpMemberName %LitPass_natural 0 ""samplerIndex""",,,,,,,,,,,
1505,"OpMemberName %LitPass_natural 1 ""lightCount""",,,,,,,,,,,
1506,"OpMemberName %LitPass_natural 2 ""shadowSamplerIndex""",,,,,,,,,,,
1507,"OpMemberName %LitPass_natural 3 ""shadowAtlasIndex""",,,,,,,,,,,
1508,"OpMemberName %LitPass_natural 4 ""cameraPos""",,,,,,,,,,,
1509,"OpMemberName %LitPass_natural 5 ""voxelTextureIndex""",,,,,,,,,,,
1510,"OpMemberName %LitPass_natural 6 ""cameraForward""",,,,,,,,,,,
1511,"OpMemberName %LitPass_natural 7 ""voxelSamplerIndex""",,,,,,,,,,,
1512,"OpMemberName %LitPass_natural 8 ""viewProjection""",,,,,,,,,,,
1513,"OpMemberName %LitPass_natural 9 ""prevViewProjection""",,,,,,,,,,,
1514,"OpMemberName %LitPass_natural 10 ""voxelViewProjection""",,,,,,,,,,,
1515,"OpMemberName %LitPass_natural 11 ""voxelResolution""",,,,,,,,,,,
1516,"OpMemberName %LitPass_natural 12 ""voxelWorldExtent""",,,,,,,,,,,
1517,"OpMemberName %LitPass_natural 13 ""giHemisphereRays""",,,,,,,,,,,
1518,"OpMemberName %LitPass_natural 14 ""giMaxSteps""",,,,,,,,,,,
1519,"OpMemberName %LitPass_natural 15 ""giFetchBatch""",,,,,,,,,,,
1520,"OpMemberName %LitPass_natural 16 ""giMode""",,,,,,,,,,,
1521,"OpMemberName %LitPass_natural 17 ""giIrradianceIndices""",,,,,,,,,,,
1522,"OpMemberName %LitPass_natural 18 ""giStrength""",,,,,,,,,,,
1523,"OpMemberName %LitPass_natural 19 ""giSkyIntensity""",,,,,,,,,,,
1524,OpDecorate %37 BuiltIn BaseVertex,,,,,,,,,,,
1525,OpDecorate %gl_VertexIndex BuiltIn VertexIndex,,,,,,,,,,,
1526,OpDecorate %gl_BaseInstance BuiltIn BaseInstance,,,,,,,,,,,
1527,OpDecorate %gl_InstanceIndex BuiltIn InstanceIndex,,,,,,,,,,,
1528,OpDecorate %49 BuiltIn DrawIndex,,,,,,,,,,,
1529,OpDecorate %_ptr_PhysicalStorageBuffer_float ArrayStride 4,,,,,,,,,,,
1530,OpDecorate %_ptr_PhysicalStorageBuffer__MatrixStorage_float4x4_ColMajornatural ArrayStride 64,,,,,,,,,,,
1531,OpDecorate %_ptr_PhysicalStorageBuffer_Light_natural ArrayStride 848,,,,,,,,,,,
1532,OpDecorate %_ptr_PhysicalStorageBuffer_LitInstanceData_natural ArrayStride 48,,,,,,,,,,,
1533,OpDecorate %_ptr_PhysicalStorageBuffer_LitMeshDrawData_natural ArrayStride 16,,,,,,,,,,,
1534,OpDecorate %_ptr_PhysicalStorageBuffer_LitPass_natural ArrayStride 296,,,,,,,,,,,
1535,OpDecorate %LitPushConstants_std430 Block,,,,,,,,,,,
1536,OpMemberDecorate %LitPushConstants_std430 0 Offset 0,,,,,,,,,,,
1537,OpMemberDecorate %LitPushConstants_std430 1 Offset 8,,,,,,,,,,,
1538,OpMemberDecorate %LitPushConstants_std430 2 Offset 16,,,,,,,,,,,
1539,OpMemberDecorate %LitPushConstants_std430 3 Offset 24,,,,,,,,,,,
1540,OpMemberDecorate %LitPushConstants_std430 4 Offset 32,,,,,,,,,,,
1541,OpMemberDecorate %LitPushConstants_std430 5 Offset 40,,,,,,,,,,,
1542,OpMemberDecorate %LitPushConstants_std430 6 Offset 48,,,,,,,,,,,
1543,OpMemberDecorate %LitPushConstants_std430 7 Offset 52,,,,,,,,,,,
1544,OpDecorate %_ptr_PhysicalStorageBuffer_uint ArrayStride 4,,,,,,,,,,,
1545,OpDecorate %_arr_v4float_int_4 ArrayStride 16,,,,,,,,,,,
1546,OpMemberDecorate %_MatrixStorage_float4x4_ColMajornatural 0 Offset 0,,,,,,,,,,,
1547,OpDecorate %gl_Position BuiltIn Position,,,,,,,,,,,
1548,OpDecorate %entryPointParam_vertMain_worldPos Location 0,,,,,,,,,,,
1549,OpDecorate %entryPointParam_vertMain_normal Location 1,,,,,,,,,,,
1550,OpDecorate %entryPointParam_vertMain_texCoord Location 2,,,,,,,,,,,
1551,OpDecorate %entryPointParam_vertMain_tangent Location 3,,,,,,,,,,,
1552,OpDecorate %entryPointParam_vertMain_bitangent Location 4,,,,,,,,,,,
1553,OpDecorate %entryPointParam_vertMain_drawID Location 5,,,,,,,,,,,
1554,OpDecorate %entryPointParam_vertMain_drawID Flat,,,,,,,,,,,
1555,OpDecorate %entryPointParam_vertMain_instanceID Location 6,,,,,,,,,,,
1556,OpDecorate %entryPointParam_vertMain_instanceID Flat,,,,,,,,,,,
1557,OpDecorate %661 AliasedPointer,,,,,,,,,,,
1558,OpDecorate %input_worldPos Location 0,,,,,,,,,,,
1559,OpDecorate %input_normal Location 1,,,,,,,,,,,
1560,OpDecorate %input_texCoord Location 2,,,,,,,,,,,
1561,OpDecorate %input_tangent Location 3,,,,,,,,,,,
1562,OpDecorate %input_instanceID Location 6,,,,,,,,,,,
1563,OpDecorate %input_instanceID Flat,,,,,,,,,,,
1564,OpDecorate %_runtimearr_932 ArrayStride 8,,,,,,,,,,,
1565,OpDecorate %samplers Binding 2,,,,,,,,,,,
1566,OpDecorate %samplers DescriptorSet 0,,,,,,,,,,,
1567,OpDecorate %_runtimearr_946 ArrayStride 8,,,,,,,,,,,
1568,OpDecorate %textures Binding 0,,,,,,,,,,,
1569,OpDecorate %textures DescriptorSet 0,,,,,,,,,,,
1570,OpDecorate %_runtimearr_1185 ArrayStride 8,,,,,,,,,,,
1571,OpDecorate %cubemaps Binding 1,,,,,,,,,,,
1572,OpDecorate %cubemaps DescriptorSet 0,,,,,,,,,,,
1573,OpDecorate %_ptr_PhysicalStorageBuffer_v3float ArrayStride 12,,,,,,,,,,,
1574,OpDecorate %samplers_0 Binding 2,,,,,,,,,,,
1575,OpDecorate %samplers_0 DescriptorSet 0,,,,,,,,,,,
1576,OpDecorate %_runtimearr_1776 ArrayStride 8,,,,,,,,,,,
1577,OpDecorate %textures3D Binding 0,,,,,,,,,,,
1578,OpDecorate %textures3D DescriptorSet 0,,,,,,,,,,,
1579,OpDecorate %voxelCubemaps Binding 1,,,,,,,,,,,
1580,OpDecorate %voxelCubemaps DescriptorSet 0,,,,,,,,,,,
1581,OpDecorate %_ptr_PhysicalStorageBuffer__Array_natural_uint6 ArrayStride 24,,,,,,,,,,,
1582,OpDecorate %_arr_uint_int_6 ArrayStride 4,,,,,,,,,,,
1583,OpDecorate %_ptr_PhysicalStorageBuffer__arr_uint_int_6 ArrayStride 24,,,,,,,,,,,
1584,OpDecorate %entryPointParam_fragMain_color Location 0,,,,,,,,,,,
1585,OpDecorate %entryPointParam_fragMain_roughness_metal Location 1,,,,,,,,,,,
1586,OpDecorate %entryPointParam_fragMain_worldNormal Location 2,,,,,,,,,,,
1587,OpDecorate %_ptr_PhysicalStorageBuffer_int ArrayStride 4,,,,,,,,,,,
1588,OpDecorate %_ptr_PhysicalStorageBuffer_v4float ArrayStride 16,,,,,,,,,,,
1589,OpDecorate %_ptr_PhysicalStorageBuffer__Array_natural_ShadowMap6 ArrayStride 480,,,,,,,,,,,
1590,OpMemberDecorate %ShadowMap_natural 0 Offset 0,,,,,,,,,,,
1591,OpMemberDecorate %ShadowMap_natural 1 Offset 64,,,,,,,,,,,
1592,OpDecorate %_arr_ShadowMap_natural_int_6 ArrayStride 80,,,,,,,,,,,
1593,OpDecorate %_ptr_PhysicalStorageBuffer__arr_ShadowMap_natural_int_6 ArrayStride 480,,,,,,,,,,,
1594,OpDecorate %_ptr_PhysicalStorageBuffer_ShadowMap_natural ArrayStride 80,,,,,,,,,,,
1595,OpDecorate %shadowCmpSampler Binding 3,,,,,,,,,,,
1596,OpDecorate %shadowCmpSampler DescriptorSet 0,,,,,,,,,,,
1597,OpDecorate %_ptr_PhysicalStorageBuffer__Array_natural_Cascade3 ArrayStride 288,,,,,,,,,,,
1598,OpMemberDecorate %Cascade_natural 0 Offset 0,,,,,,,,,,,
1599,OpMemberDecorate %Cascade_natural 1 Offset 64,,,,,,,,,,,
1600,OpMemberDecorate %Cascade_natural 2 Offset 80,,,,,,,,,,,
1601,OpMemberDecorate %Cascade_natural 3 Offset 84,,,,,,,,,,,
1602,OpMemberDecorate %Cascade_natural 4 Offset 88,,,,,,,,,,,
1603,OpMemberDecorate %Cascade_natural 5 Offset 92,,,,,,,,,,,
1604,OpDecorate %_arr_Cascade_natural_int_3 ArrayStride 96,,,,,,,,,,,
1605,OpDecorate %_ptr_PhysicalStorageBuffer__arr_Cascade_natural_int_3 ArrayStride 288,,,,,,,,,,,
1606,OpDecorate %_ptr_PhysicalStorageBuffer_Cascade_natural ArrayStride 96,,,,,,,,,,,
1607,OpDecorate %_arr_uint_int_3 ArrayStride 4,,,,,,,,,,,
1608,OpMemberDecorate %_Array_natural_uint3 0 Offset 0,,,,,,,,,,,
1609,OpMemberDecorate %_Array_natural_Cascade3 0 Offset 0,,,,,,,,,,,
1610,OpMemberDecorate %_Array_natural_ShadowMap6 0 Offset 0,,,,,,,,,,,
1611,OpMemberDecorate %Light_natural 0 Offset 0,,,,,,,,,,,
1612,OpMemberDecorate %Light_natural 1 Offset 4,,,,,,,,,,,
1613,OpMemberDecorate %Light_natural 2 Offset 16,,,,,,,,,,,
1614,OpMemberDecorate %Light_natural 3 Offset 28,,,,,,,,,,,
1615,OpMemberDecorate %Light_natural 4 Offset 32,,,,,,,,,,,
1616,OpMemberDecorate %Light_natural 5 Offset 36,,,,,,,,,,,
1617,OpMemberDecorate %Light_natural 6 Offset 48,,,,,,,,,,,
1618,OpMemberDecorate %Light_natural 7 Offset 64,,,,,,,,,,,
1619,OpMemberDecorate %Light_natural 8 Offset 68,,,,,,,,,,,
1620,OpMemberDecorate %Light_natural 9 Offset 72,,,,,,,,,,,
1621,OpMemberDecorate %Light_natural 10 Offset 76,,,,,,,,,,,
1622,OpMemberDecorate %Light_natural 11 Offset 80,,,,,,,,,,,
1623,OpMemberDecorate %Light_natural 12 Offset 368,,,,,,,,,,,
1624,OpMemberDecorate %LitInstanceData_natural 0 Offset 0,,,,,,,,,,,
1625,OpMemberDecorate %LitInstanceData_natural 1 Offset 4,,,,,,,,,,,
1626,OpMemberDecorate %LitInstanceData_natural 2 Offset 8,,,,,,,,,,,
1627,OpMemberDecorate %LitInstanceData_natural 3 Offset 12,,,,,,,,,,,
1628,OpMemberDecorate %LitInstanceData_natural 4 Offset 16,,,,,,,,,,,
1629,OpMemberDecorate %LitInstanceData_natural 5 Offset 20,,,,,,,,,,,
1630,OpMemberDecorate %LitInstanceData_natural 6 Offset 24,,,,,,,,,,,
1631,OpMemberDecorate %LitInstanceData_natural 7 Offset 28,,,,,,,,,,,
1632,OpMemberDecorate %LitInstanceData_natural 8 Offset 32,,,,,,,,,,,
1633,OpMemberDecorate %LitInstanceData_natural 9 Offset 36,,,,,,,,,,,
1634,OpMemberDecorate %LitInstanceData_natural 10 Offset 40,,,,,,,,,,,
1635,OpMemberDecorate %LitInstanceData_natural 11 Offset 44,,,,,,,,,,,
1636,OpMemberDecorate %LitMeshDrawData_natural 0 Offset 0,,,,,,,,,,,
1637,OpMemberDecorate %LitMeshDrawData_natural 1 Offset 4,,,,,,,,,,,
1638,OpMemberDecorate %LitMeshDrawData_natural 2 Offset 8,,,,,,,,,,,
1639,OpMemberDecorate %LitMeshDrawData_natural 3 Offset 12,,,,,,,,,,,
1640,OpMemberDecorate %_Array_natural_uint6 0 Offset 0,,,,,,,,,,,
1641,OpMemberDecorate %LitPass_natural 0 Offset 0,,,,,,,,,,,
1642,OpMemberDecorate %LitPass_natural 1 Offset 4,,,,,,,,,,,
1643,OpMemberDecorate %LitPass_natural 2 Offset 8,,,,,,,,,,,
1644,OpMemberDecorate %LitPass_natural 3 Offset 12,,,,,,,,,,,
1645,OpMemberDecorate %LitPass_natural 4 Offset 16,,,,,,,,,,,
1646,OpMemberDecorate %LitPass_natural 5 Offset 28,,,,,,,,,,,
1647,OpMemberDecorate %LitPass_natural 6 Offset 32,,,,,,,,,,,
1648,OpMemberDecorate %LitPass_natural 7 Offset 44,,,,,,,,,,,
1649,OpMemberDecorate %LitPass_natural 8 Offset 48,,,,,,,,,,,
1650,OpMemberDecorate %LitPass_natural 9 Offset 112,,,,,,,,,,,
1651,OpMemberDecorate %LitPass_natural 10 Offset 176,,,,,,,,,,,
1652,OpMemberDecorate %LitPass_natural 11 Offset 240,,,,,,,,,,,
1653,OpMemberDecorate %LitPass_natural 12 Offset 244,,,,,,,,,,,
1654,OpMemberDecorate %LitPass_natural 13 Offset 248,,,,,,,,,,,
1655,OpMemberDecorate %LitPass_natural 14 Offset 252,,,,,,,,,,,
1656,OpMemberDecorate %LitPass_natural 15 Offset 256,,,,,,,,,,,
1657,OpMemberDecorate %LitPass_natural 16 Offset 260,,,,,,,,,,,
1658,OpMemberDecorate %LitPass_natural 17 Offset 264,,,,,,,,,,,
1659,OpMemberDecorate %LitPass_natural 18 Offset 288,,,,,,,,,,,
1660,OpMemberDecorate %LitPass_natural 19 Offset 292,,,,,,,,,,,
1661,OpDecorate %6401 AliasedPointer,,,,,,,,,,,
1662,OpDecorate %6405 AliasedPointer,,,,,,,,,,,
1663,OpDecorate %6768 AliasedPointer,,,,,,,,,,,
1664,OpDecorate %6822 AliasedPointer,,,,,,,,,,,
1665,OpDecorate %7210 AliasedPointer,,,,,,,,,,,
1666,%void = OpTypeVoid,,,,,,,,,,,
1667,%uint = OpTypeInt 32 0,,,,,,,,,,,
1668,%uint_11 = OpConstant %uint 11,,,,,,,,,,,
1669,%uint_5 = OpConstant %uint 5,,,,,,,,,,,
1670,%uint_100 = OpConstant %uint 100,,,,,,,,,,,
1671,%21 = OpTypeFunction %void,,,,,,,,,,,
1672,%uint_0 = OpConstant %uint 0,,,,,,,,,,,
1673,%uint_6 = OpConstant %uint 6,,,,,,,,,,,
1674,%uint_14 = OpConstant %uint 14,,,,,,,,,,,
1675,%int = OpTypeInt 32 1,,,,,,,,,,,
1676,%_ptr_Input_int = OpTypePointer Input %int,,,,,,,,,,,
1677,%uint_8 = OpConstant %uint 8,,,,,,,,,,,
1678,%float = OpTypeFloat 32,,,,,,,,,,,
1679,%v4float = OpTypeVector %float 4,,,,,,,,,,,
1680,%v3float = OpTypeVector %float 3,,,,,,,,,,,
1681,%v2float = OpTypeVector %float 2,,,,,,,,,,,
1682,%_ptr_Function_uint = OpTypePointer Function %uint,,,,,,,,,,,
1683,%mat4v4float = OpTypeMatrix %v4float 4,,,,,,,,,,,
1684,%_ptr_Function_mat4v4float = OpTypePointer Function %mat4v4float,,,,,,,,,,,
1685,%_ptr_Function_v4float = OpTypePointer Function %v4float,,,,,,,,,,,
1686,%uint_349 = OpConstant %uint 349,,,,,,,,,,,
1687,%uint_32 = OpConstant %uint 32,,,,,,,,,,,
1688,%uint_131072 = OpConstant %uint 131072,,,,,,,,,,,
1689,%uint_3 = OpConstant %uint 3,,,,,,,,,,,
1690,%uint_2 = OpConstant %uint 2,,,,,,,,,,,
1691,%uint_1 = OpConstant %uint 1,,,,,,,,,,,
1692,%uint_351 = OpConstant %uint 351,,,,,,,,,,,
1693,%uint_17 = OpConstant %uint 17,,,,,,,,,,,
1694,%uint_64 = OpConstant %uint 64,,,,,,,,,,,
1695,%uint_96 = OpConstant %uint 96,,,,,,,,,,,
1696,%uint_128 = OpConstant %uint 128,,,,,,,,,,,
1697,%uint_21 = OpConstant %uint 21,,,,,,,,,,,
1698,%_ptr_PhysicalStorageBuffer_float = OpTypePointer PhysicalStorageBuffer %float,,,,,,,,,,,
1699,OpTypeForwardPointer %_ptr_PhysicalStorageBuffer__MatrixStorage_float4x4_ColMajornatural PhysicalStorageBuffer,,,,,,,,,,,
1700,OpTypeForwardPointer %_ptr_PhysicalStorageBuffer_Light_natural PhysicalStorageBuffer,,,,,,,,,,,
1701,OpTypeForwardPointer %_ptr_PhysicalStorageBuffer_LitInstanceData_natural PhysicalStorageBuffer,,,,,,,,,,,
1702,OpTypeForwardPointer %_ptr_PhysicalStorageBuffer_LitMeshDrawData_natural PhysicalStorageBuffer,,,,,,,,,,,
1703,OpTypeForwardPointer %_ptr_PhysicalStorageBuffer_LitPass_natural PhysicalStorageBuffer,,,,,,,,,,,
1704,%LitPushConstants_std430 = OpTypeStruct %_ptr_PhysicalStorageBuffer_float %_ptr_PhysicalStorageBuffer__MatrixStorage_float4x4_ColMajornatural %_ptr_PhysicalStorageBuffer_Light_natural %_ptr_PhysicalStorageBuffer_LitInstanceData_natural %_ptr_PhysicalStorageBuffer_LitMeshDrawData_natural %_ptr_PhysicalStorageBuffer_LitPass_natural %uint %float,,,,,,,,,,,
1705,%_ptr_PushConstant_LitPushConstants_std430 = OpTypePointer PushConstant %LitPushConstants_std430,,,,,,,,,,,
1706,%int_4 = OpConstant %int 4,,,,,,,,,,,
1707,%_ptr_PushConstant_145 = OpTypePointer PushConstant %_ptr_PhysicalStorageBuffer_LitMeshDrawData_natural,,,,,,,,,,,
1708,%int_6 = OpConstant %int 6,,,,,,,,,,,
1709,%_ptr_PushConstant_uint = OpTypePointer PushConstant %uint,,,,,,,,,,,
1710,%int_0 = OpConstant %int 0,,,,,,,,,,,
1711,%_ptr_PhysicalStorageBuffer_uint = OpTypePointer PhysicalStorageBuffer %uint,,,,,,,,,,,
1712,%int_1 = OpConstant %int 1,,,,,,,,,,,
1713,%int_2 = OpConstant %int 2,,,,,,,,,,,
1714,%int_3 = OpConstant %int 3,,,,,,,,,,,
1715,%uint_352 = OpConstant %uint 352,,,,,,,,,,,
1716,%uint_10 = OpConstant %uint 10,,,,,,,,,,,
1717,%uint_353 = OpConstant %uint 353,,,,,,,,,,,
1718,%uint_160 = OpConstant %uint 160,,,,,,,,,,,
1719,%uint_192 = OpConstant %uint 192,,,,,,,,,,,
1720,%uint_224 = OpConstant %uint 224,,,,,,,,,,,
1721,%uint_256 = OpConstant %uint 256,,,,,,,,,,,
1722,%uint_288 = OpConstant %uint 288,,,,,,,,,,,
1723,%uint_320 = OpConstant %uint 320,,,,,,,,,,,
1724,%uint_384 = OpConstant %uint 384,,,,,,,,,,,
1725,%_ptr_PushConstant_143 = OpTypePointer PushConstant %_ptr_PhysicalStorageBuffer_LitInstanceData_natural,,,,,,,,,,,
1726,%int_5 = OpConstant %int 5,,,,,,,,,,,
1727,%int_7 = OpConstant %int 7,,,,,,,,,,,
1728,%int_8 = OpConstant %int 8,,,,,,,,,,,
1729,%int_9 = OpConstant %int 9,,,,,,,,,,,
1730,%int_10 = OpConstant %int 10,,,,,,,,,,,
1731,%int_11 = OpConstant %int 11,,,,,,,,,,,
1732,%uint_355 = OpConstant %uint 355,,,,,,,,,,,
1733,%uint_12 = OpConstant %uint 12,,,,,,,,,,,
1734,%_ptr_PushConstant__ptr_PhysicalStorageBuffer_float = OpTypePointer PushConstant %_ptr_PhysicalStorageBuffer_float,,,,,,,,,,,
1735,%_ptr_Function__ptr_PhysicalStorageBuffer_float = OpTypePointer Function %_ptr_PhysicalStorageBuffer_float,,,,,,,,,,,
1736,%uint_327 = OpConstant %uint 327,,,,,,,,,,,
1737,%uint_4 = OpConstant %uint 4,,,,,,,,,,,
1738,%uint_5349 = OpConstant %uint 5349,,,,,,,,,,,
1739,%uint_329 = OpConstant %uint 329,,,,,,,,,,,
1740,%uint_332 = OpConstant %uint 332,,,,,,,,,,,
1741,%uint_333 = OpConstant %uint 333,,,,,,,,,,,
1742,%ulong = OpTypeInt 64 0,,,,,,,,,,,
1743,%long = OpTypeInt 64 1,,,,,,,,,,,
1744,%uint_335 = OpConstant %uint 335,,,,,,,,,,,
1745,%_ptr_Function_v3float = OpTypePointer Function %v3float,,,,,,,,,,,
1746,%uint_336 = OpConstant %uint 336,,,,,,,,,,,
1747,%uint_337 = OpConstant %uint 337,,,,,,,,,,,
1748,%uint_339 = OpConstant %uint 339,,,,,,,,,,,
1749,%_ptr_Function_v2float = OpTypePointer Function %v2float,,,,,,,,,,,
1750,%uint_357 = OpConstant %uint 357,,,,,,,,,,,
1751,%bool = OpTypeBool,,,,,,,,,,,
1752,%true = OpConstantTrue %bool,,,,,,,,,,,
1753,%_ptr_PushConstant_139 = OpTypePointer PushConstant %_ptr_PhysicalStorageBuffer__MatrixStorage_float4x4_ColMajornatural,,,,,,,,,,,
1754,%_arr_v4float_int_4 = OpTypeArray %v4float %int_4,,,,,,,,,,,
1755,%_MatrixStorage_float4x4_ColMajornatural = OpTypeStruct %_arr_v4float_int_4,,,,,,,,,,,
1756,%uint_358 = OpConstant %uint 358,,,,,,,,,,,
1757,%uint_119 = OpConstant %uint 119,,,,,,,,,,,
1758,%uint_480 = OpConstant %uint 480,,,,,,,,,,,
1759,%uint_576 = OpConstant %uint 576,,,,,,,,,,,
1760,%uint_608 = OpConstant %uint 608,,,,,,,,,,,
1761,%uint_640 = OpConstant %uint 640,,,,,,,,,,,
1762,%uint_18 = OpConstant %uint 18,,,,,,,,,,,
1763,%uint_359 = OpConstant %uint 359,,,,,,,,,,,
1764,%float_1 = OpConstant %float 1,,,,,,,,,,,
1765,%uint_360 = OpConstant %uint 360,,,,,,,,,,,
1766,%uint_361 = OpConstant %uint 361,,,,,,,,,,,
1767,%_ptr_PushConstant_147 = OpTypePointer PushConstant %_ptr_PhysicalStorageBuffer_LitPass_natural,,,,,,,,,,,
1768,%uint_362 = OpConstant %uint 362,,,,,,,,,,,
1769,%mat3v3float = OpTypeMatrix %v3float 3,,,,,,,,,,,
1770,%uint_363 = OpConstant %uint 363,,,,,,,,,,,
1771,%uint_364 = OpConstant %uint 364,,,,,,,,,,,
1772,%uint_365 = OpConstant %uint 365,,,,,,,,,,,
1773,%uint_366 = OpConstant %uint 366,,,,,,,,,,,
1774,%uint_367 = OpConstant %uint 367,,,,,,,,,,,
1775,%_ptr_Output_v4float = OpTypePointer Output %v4float,,,,,,,,,,,
1776,%_ptr_Output_v3float = OpTypePointer Output %v3float,,,,,,,,,,,
1777,%_ptr_Output_v2float = OpTypePointer Output %v2float,,,,,,,,,,,
1778,%_ptr_Output_uint = OpTypePointer Output %uint,,,,,,,,,,,
1779,%_ptr_Function_bool = OpTypePointer Function %bool,,,,,,,,,,,
1780,%_ptr_Function_float = OpTypePointer Function %float,,,,,,,,,,,
1781,%_ptr_Function_mat3v3float = OpTypePointer Function %mat3v3float,,,,,,,,,,,
1782,%_ptr_Function_int = OpTypePointer Function %int,,,,,,,,,,,
1783,%_ptr_Function_141 = OpTypePointer Function %_ptr_PhysicalStorageBuffer_Light_natural,,,,,,,,,,,
1784,%uint_19 = OpConstant %uint 19,,,,,,,,,,,
1785,%uint_16 = OpConstant %uint 16,,,,,,,,,,,
1786,%_ptr_Input_v3float = OpTypePointer Input %v3float,,,,,,,,,,,
1787,%_ptr_Input_v2float = OpTypePointer Input %v2float,,,,,,,,,,,
1788,%_ptr_Input_uint = OpTypePointer Input %uint,,,,,,,,,,,
1789,%uint_20 = OpConstant %uint 20,,,,,,,,,,,
1790,%uint_23 = OpConstant %uint 23,,,,,,,,,,,
1791,%uint_25 = OpConstant %uint 25,,,,,,,,,,,
1792,%uint_26 = OpConstant %uint 26,,,,,,,,,,,
1793,%uint_27 = OpConstant %uint 27,,,,,,,,,,,
1794,%uint_28 = OpConstant %uint 28,,,,,,,,,,,
1795,%uint_29 = OpConstant %uint 29,,,,,,,,,,,
1796,%uint_30 = OpConstant %uint 30,,,,,,,,,,,
1797,%uint_33 = OpConstant %uint 33,,,,,,,,,,,
1798,%uint_35 = OpConstant %uint 35,,,,,,,,,,,
1799,%932 = OpTypeSampler,,,,,,,,,,,
1800,%_runtimearr_932 = OpTypeRuntimeArray %932,,,,,,,,,,,
1801,%_ptr_UniformConstant__runtimearr_932 = OpTypePointer UniformConstant %_runtimearr_932,,,,,,,,,,,
1802,%_ptr_UniformConstant_932 = OpTypePointer UniformConstant %932,,,,,,,,,,,
1803,%uint_37 = OpConstant %uint 37,,,,,,,,,,,
1804,%uint_9 = OpConstant %uint 9,,,,,,,,,,,
1805,%uint_38 = OpConstant %uint 38,,,,,,,,,,,
1806,%946 = OpTypeImage %float 2D 2 0 0 1 Unknown,,,,,,,,,,,
1807,%_runtimearr_946 = OpTypeRuntimeArray %946,,,,,,,,,,,
1808,%_ptr_UniformConstant__runtimearr_946 = OpTypePointer UniformConstant %_runtimearr_946,,,,,,,,,,,
1809,%_ptr_UniformConstant_946 = OpTypePointer UniformConstant %946,,,,,,,,,,,
1810,%954 = OpTypeSampledImage %946,,,,,,,,,,,
1811,%uint_41 = OpConstant %uint 41,,,,,,,,,,,
1812,%967 = OpConstantComposite %v4float %float_1 %float_1 %float_1 %float_1,,,,,,,,,,,
1813,%uint_42 = OpConstant %uint 42,,,,,,,,,,,
1814,%uint_43 = OpConstant %uint 43,,,,,,,,,,,
1815,%uint_45 = OpConstant %uint 45,,,,,,,,,,,
1816,%false = OpConstantFalse %bool,,,,,,,,,,,
1817,%uint_46 = OpConstant %uint 46,,,,,,,,,,,
1818,%uint_49 = OpConstant %uint 49,,,,,,,,,,,
1819,%uint_50 = OpConstant %uint 50,,,,,,,,,,,
1820,%uint_51 = OpConstant %uint 51,,,,,,,,,,,
1821,%uint_54 = OpConstant %uint 54,,,,,,,,,,,
1822,%uint_55 = OpConstant %uint 55,,,,,,,,,,,
1823,%uint_56 = OpConstant %uint 56,,,,,,,,,,,
1824,%uint_60 = OpConstant %uint 60,,,,,,,,,,,
1825,%uint_75 = OpConstant %uint 75,,,,,,,,,,,
1826,%uint_61 = OpConstant %uint 61,,,,,,,,,,,
1827,%float_2 = OpConstant %float 2,,,,,,,,,,,
1828,%uint_62 = OpConstant %uint 62,,,,,,,,,,,
1829,%uint_15 = OpConstant %uint 15,,,,,,,,,,,
1830,%uint_63 = OpConstant %uint 63,,,,,,,,,,,
1831,%float_n1 = OpConstant %float -1,,,,,,,,,,,
1832,%uint_65 = OpConstant %uint 65,,,,,,,,,,,
1833,%uint_67 = OpConstant %uint 67,,,,,,,,,,,
1834,%uint_68 = OpConstant %uint 68,,,,,,,,,,,
1835,%uint_69 = OpConstant %uint 69,,,,,,,,,,,
1836,%uint_70 = OpConstant %uint 70,,,,,,,,,,,
1837,%uint_71 = OpConstant %uint 71,,,,,,,,,,,
1838,%uint_73 = OpConstant %uint 73,,,,,,,,,,,
1839,%uint_79 = OpConstant %uint 79,,,,,,,,,,,
1840,%uint_81 = OpConstant %uint 81,,,,,,,,,,,
1841,%1185 = OpTypeImage %float Cube 2 0 0 1 Unknown,,,,,,,,,,,
1842,%_runtimearr_1185 = OpTypeRuntimeArray %1185,,,,,,,,,,,
1843,%_ptr_UniformConstant__runtimearr_1185 = OpTypePointer UniformConstant %_runtimearr_1185,,,,,,,,,,,
1844,%_ptr_UniformConstant_1185 = OpTypePointer UniformConstant %1185,,,,,,,,,,,
1845,%1207 = OpTypeSampledImage %1185,,,,,,,,,,,
1846,%float_0_318309873 = OpConstant %float 0.318309873,,,,,,,,,,,
1847,%uint_83 = OpConstant %uint 83,,,,,,,,,,,
1848,%_ptr_PhysicalStorageBuffer_v3float = OpTypePointer PhysicalStorageBuffer %v3float,,,,,,,,,,,
1849,%uint_84 = OpConstant %uint 84,,,,,,,,,,,
1850,%float_0_0399999991 = OpConstant %float 0.0399999991,,,,,,,,,,,
1851,%1237 = OpConstantComposite %v3float %float_0_0399999991 %float_0_0399999991 %float_0_0399999991,,,,,,,,,,,
1852,%uint_85 = OpConstant %uint 85,,,,,,,,,,,
1853,%uint_87 = OpConstant %uint 87,,,,,,,,,,,
1854,%float_0 = OpConstant %float 0,,,,,,,,,,,
1855,%1252 = OpConstantComposite %v3float %float_0 %float_0 %float_0,,,,,,,,,,,
1856,%uint_89 = OpConstant %uint 89,,,,,,,,,,,
1857,%uint_13 = OpConstant %uint 13,,,,,,,,,,,
1858,%uint_22 = OpConstant %uint 22,,,,,,,,,,,
1859,%uint_172 = OpConstant %uint 172,,,,,,,,,,,
1860,%uint_173 = OpConstant %uint 173,,,,,,,,,,,
1861,%int_16 = OpConstant %int 16,,,,,,,,,,,
1862,%uint_31 = OpConstant %uint 31,,,,,,,,,,,
1863,%uint_178 = OpConstant %uint 178,,,,,,,,,,,
1864,%int_12 = OpConstant %int 12,,,,,,,,,,,
1865,%int_13 = OpConstant %int 13,,,,,,,,,,,
1866,%int_14 = OpConstant %int 14,,,,,,,,,,,
1867,%int_15 = OpConstant %int 15,,,,,,,,,,,
1868,%int_19 = OpConstant %int 19,,,,,,,,,,,
1869,%_arr_v3float_int_6 = OpTypeArray %v3float %int_6,,,,,,,,,,,
1870,%_ptr_Function__arr_v3float_int_6 = OpTypePointer Function %_arr_v3float_int_6,,,,,,,,,,,
1871,%_arr_float_int_6 = OpTypeArray %float %int_6,,,,,,,,,,,
1872,%_ptr_Function__arr_float_int_6 = OpTypePointer Function %_arr_float_int_6,,,,,,,,,,,
1873,%uint_135 = OpConstant %uint 135,,,,,,,,,,,
1874,%uint_7 = OpConstant %uint 7,,,,,,,,,,,
1875,%uint_139 = OpConstant %uint 139,,,,,,,,,,,
1876,%uint_140 = OpConstant %uint 140,,,,,,,,,,,
1877,%uint_141 = OpConstant %uint 141,,,,,,,,,,,
1878,%uint_142 = OpConstant %uint 142,,,,,,,,,,,
1879,%uint_143 = OpConstant %uint 143,,,,,,,,,,,
1880,%uint_144 = OpConstant %uint 144,,,,,,,,,,,
1881,%uint_146 = OpConstant %uint 146,,,,,,,,,,,
1882,%uint_147 = OpConstant %uint 147,,,,,,,,,,,
1883,%float_0_99000001 = OpConstant %float 0.99000001,,,,,,,,,,,
1884,%1530 = OpConstantComposite %v3float %float_1 %float_0 %float_0,,,,,,,,,,,
1885,%1533 = OpConstantComposite %v3float %float_0 %float_1 %float_0,,,,,,,,,,,
1886,%uint_148 = OpConstant %uint 148,,,,,,,,,,,
1887,%uint_149 = OpConstant %uint 149,,,,,,,,,,,
1888,%uint_152 = OpConstant %uint 152,,,,,,,,,,,
1889,%uint_155 = OpConstant %uint 155,,,,,,,,,,,
1890,%1566 = OpConstantComposite %v3float %float_0 %float_0 %float_0,,,,,,,,,,,
1891,%uint_156 = OpConstant %uint 156,,,,,,,,,,,
1892,%uint_157 = OpConstant %uint 157,,,,,,,,,,,
1893,%uint_24 = OpConstant %uint 24,,,,,,,,,,,
1894,%uint_162 = OpConstant %uint 162,,,,,,,,,,,
1895,%uint_158 = OpConstant %uint 158,,,,,,,,,,,
1896,%1606 = OpConstantComposite %v3float %float_0 %float_0 %float_1,,,,,,,,,,,
1897,%float_0_866024971 = OpConstant %float 0.866024971,,,,,,,,,,,
1898,%float_0_5 = OpConstant %float 0.5,,,,,,,,,,,
1899,%1607 = OpConstantComposite %v3float %float_0_866024971 %float_0 %float_0_5,,,,,,,,,,,
1900,%float_0_267616987 = OpConstant %float 0.267616987,,,,,,,,,,,
1901,%float_0_823638976 = OpConstant %float 0.823638976,,,,,,,,,,,
1902,%1610 = OpConstantComposite %v3float %float_0_267616987 %float_0_823638976 %float_0_5,,,,,,,,,,,
1903,%float_n0_700628996 = OpConstant %float -0.700628996,,,,,,,,,,,
1904,%float_0_509037018 = OpConstant %float 0.509037018,,,,,,,,,,,
1905,%1613 = OpConstantComposite %v3float %float_n0_700628996 %float_0_509037018 %float_0_5,,,,,,,,,,,
1906,%float_n0_509037018 = OpConstant %float -0.509037018,,,,,,,,,,,
1907,%1616 = OpConstantComposite %v3float %float_n0_700628996 %float_n0_509037018 %float_0_5,,,,,,,,,,,
1908,%float_n0_823638976 = OpConstant %float -0.823638976,,,,,,,,,,,
1909,%1618 = OpConstantComposite %v3float %float_0_267616987 %float_n0_823638976 %float_0_5,,,,,,,,,,,
1910,%1605 = OpConstantComposite %_arr_v3float_int_6 %1606 %1607 %1610 %1613 %1616 %1618,,,,,,,,,,,
1911,%uint_159 = OpConstant %uint 159,,,,,,,,,,,
1912,%float_0_25 = OpConstant %float 0.25,,,,,,,,,,,
1913,%float_0_150000006 = OpConstant %float 0.150000006,,,,,,,,,,,
1914,%1636 = OpConstantComposite %_arr_float_int_6 %float_0_25 %float_0_150000006 %float_0_150000006 %float_0_150000006 %float_0_150000006 %float_0_150000006,,,,,,,,,,,
1915,%_arr_v4float_int_8 = OpTypeArray %v4float %int_8,,,,,,,,,,,
1916,%_ptr_Function__arr_v4float_int_8 = OpTypePointer Function %_arr_v4float_int_8,,,,,,,,,,,
1917,%uint_95 = OpConstant %uint 95,,,,,,,,,,,
1918,%1776 = OpTypeImage %float 3D 2 0 0 1 Unknown,,,,,,,,,,,
1919,%_runtimearr_1776 = OpTypeRuntimeArray %1776,,,,,,,,,,,
1920,%_ptr_UniformConstant__runtimearr_1776 = OpTypePointer UniformConstant %_runtimearr_1776,,,,,,,,,,,
1921,%_ptr_UniformConstant_1776 = OpTypePointer UniformConstant %1776,,,,,,,,,,,
1922,%uint_99 = OpConstant %uint 99,,,,,,,,,,,
1923,%uint_101 = OpConstant %uint 101,,,,,,,,,,,
1924,%uint_104 = OpConstant %uint 104,,,,,,,,,,,
1925,%1890 = OpConstantComposite %v3float %float_0 %float_0 %float_0,,,,,,,,,,,
1926,%uint_105 = OpConstant %uint 105,,,,,,,,,,,
1927,%uint_107 = OpConstant %uint 107,,,,,,,,,,,
1928,%1907 = OpConstantComposite %v4float %float_0 %float_0 %float_0 %float_0,,,,,,,,,,,
1929,%uint_108 = OpConstant %uint 108,,,,,,,,,,,
1930,%uint_109 = OpConstant %uint 109,,,,,,,,,,,
1931,%uint_66 = OpConstant %uint 66,,,,,,,,,,,
1932,%uint_48 = OpConstant %uint 48,,,,,,,,,,,
1933,%uint_127 = OpConstant %uint 127,,,,,,,,,,,
1934,%uint_129 = OpConstant %uint 129,,,,,,,,,,,
1935,%v2uint = OpTypeVector %uint 2,,,,,,,,,,,
1936,%uint_130 = OpConstant %uint 130,,,,,,,,,,,
1937,%uint_132 = OpConstant %uint 132,,,,,,,,,,,
1938,%uint_110 = OpConstant %uint 110,,,,,,,,,,,
1939,%uint_111 = OpConstant %uint 111,,,,,,,,,,,
1940,%uint_112 = OpConstant %uint 112,,,,,,,,,,,
1941,%uint_118 = OpConstant %uint 118,,,,,,,,,,,
1942,%uint_122 = OpConstant %uint 122,,,,,,,,,,,
1943,%uint_44 = OpConstant %uint 44,,,,,,,,,,,
1944,%float_9_99999975en05 = OpConstant %float 9.99999975e-05,,,,,,,,,,,
1945,%2107 = OpConstantComposite %v3float %float_9_99999975en05 %float_9_99999975en05 %float_9_99999975en05,,,,,,,,,,,
1946,%uint_120 = OpConstant %uint 120,,,,,,,,,,,
1947,%uint_113 = OpConstant %uint 113,,,,,,,,,,,
1948,%float_1_15400004 = OpConstant %float 1.15400004,,,,,,,,,,,
1949,%uint_114 = OpConstant %uint 114,,,,,,,,,,,
1950,%uint_115 = OpConstant %uint 115,,,,,,,,,,,
1951,%2173 = OpTypeSampledImage %1776,,,,,,,,,,,
1952,%uint_116 = OpConstant %uint 116,,,,,,,,,,,
1953,%uint_174 = OpConstant %uint 174,,,,,,,,,,,
1954,%int_17 = OpConstant %int 17,,,,,,,,,,,
1955,OpTypeForwardPointer %_ptr_PhysicalStorageBuffer__Array_natural_uint6 PhysicalStorageBuffer,,,,,,,,,,,
1956,%_arr_uint_int_6 = OpTypeArray %uint %int_6,,,,,,,,,,,
1957,%_ptr_PhysicalStorageBuffer__arr_uint_int_6 = OpTypePointer PhysicalStorageBuffer %_arr_uint_int_6,,,,,,,,,,,
1958,%_arr_uint_int_6_0 = OpTypeArray %uint %int_6,,,,,,,,,,,
1959,%_ptr_Function__arr_uint_int_6_0 = OpTypePointer Function %_arr_uint_int_6_0,,,,,,,,,,,
1960,%uint_177 = OpConstant %uint 177,,,,,,,,,,,
1961,%uint_179 = OpConstant %uint 179,,,,,,,,,,,
1962,%uint_180 = OpConstant %uint 180,,,,,,,,,,,
1963,%uint_181 = OpConstant %uint 181,,,,,,,,,,,
1964,%uint_182 = OpConstant %uint 182,,,,,,,,,,,
1965,%uint_183 = OpConstant %uint 183,,,,,,,,,,,
1966,%uint_184 = OpConstant %uint 184,,,,,,,,,,,
1967,%uint_185 = OpConstant %uint 185,,,,,,,,,,,
1968,%uint_186 = OpConstant %uint 186,,,,,,,,,,,
1969,%uint_168 = OpConstant %uint 168,,,,,,,,,,,
1970,%uint_169 = OpConstant %uint 169,,,,,,,,,,,
1971,%int_18 = OpConstant %int 18,,,,,,,,,,,
1972,%float_5 = OpConstant %float 5,,,,,,,,,,,
1973,%uint_187 = OpConstant %uint 187,,,,,,,,,,,
1974,%2550 = OpConstantComposite %v3float %float_1 %float_1 %float_1,,,,,,,,,,,
1975,%uint_188 = OpConstant %uint 188,,,,,,,,,,,
1976,%uint_190 = OpConstant %uint 190,,,,,,,,,,,
1977,%uint_191 = OpConstant %uint 191,,,,,,,,,,,
1978,%uint_194 = OpConstant %uint 194,,,,,,,,,,,
1979,%uint_195 = OpConstant %uint 195,,,,,,,,,,,
1980,%uint_196 = OpConstant %uint 196,,,,,,,,,,,
1981,%uint_197 = OpConstant %uint 197,,,,,,,,,,,
1982,%uint_90 = OpConstant %uint 90,,,,,,,,,,,
1983,%uint_512 = OpConstant %uint 512,,,,,,,,,,,
1984,%uint_544 = OpConstant %uint 544,,,,,,,,,,,
1985,%uint_672 = OpConstant %uint 672,,,,,,,,,,,
1986,%uint_704 = OpConstant %uint 704,,,,,,,,,,,
1987,%uint_736 = OpConstant %uint 736,,,,,,,,,,,
1988,%uint_768 = OpConstant %uint 768,,,,,,,,,,,
1989,%uint_2304 = OpConstant %uint 2304,,,,,,,,,,,
1990,%uint_3840 = OpConstant %uint 3840,,,,,,,,,,,
1991,%uint_2944 = OpConstant %uint 2944,,,,,,,,,,,
1992,%uint_6784 = OpConstant %uint 6784,,,,,,,,,,,
1993,%_ptr_PushConstant_141 = OpTypePointer PushConstant %_ptr_PhysicalStorageBuffer_Light_natural,,,,,,,,,,,
1994,%uint_93 = OpConstant %uint 93,,,,,,,,,,,
1995,%uint_36 = OpConstant %uint 36,,,,,,,,,,,
1996,%_ptr_PhysicalStorageBuffer_int = OpTypePointer PhysicalStorageBuffer %int,,,,,,,,,,,
1997,%uint_97 = OpConstant %uint 97,,,,,,,,,,,
1998,%uint_102 = OpConstant %uint 102,,,,,,,,,,,
1999,%uint_103 = OpConstant %uint 103,,,,,,,,,,,
2000,%uint_106 = OpConstant %uint 106,,,,,,,,,,,
2001,%uint_117 = OpConstant %uint 117,,,,,,,,,,,
2002,%_ptr_PhysicalStorageBuffer_v4float = OpTypePointer PhysicalStorageBuffer %v4float,,,,,,,,,,,
2003,%uint_124 = OpConstant %uint 124,,,,,,,,,,,
2004,%uint_125 = OpConstant %uint 125,,,,,,,,,,,
2005,%float_0_00100000005 = OpConstant %float 0.00100000005,,,,,,,,,,,
2006,%uint_131 = OpConstant %uint 131,,,,,,,,,,,
2007,%uint_134 = OpConstant %uint 134,,,,,,,,,,,
2008,%float_3_14159274 = OpConstant %float 3.14159274,,,,,,,,,,,
2009,%uint_39 = OpConstant %uint 39,,,,,,,,,,,
2010,%uint_34 = OpConstant %uint 34,,,,,,,,,,,
2011,%uint_136 = OpConstant %uint 136,,,,,,,,,,,
2012,%uint_138 = OpConstant %uint 138,,,,,,,,,,,
2013,%3121 = OpConstantComposite %v3float %float_1 %float_1 %float_1,,,,,,,,,,,
2014,%float_4 = OpConstant %float 4,,,,,,,,,,,
2015,%uint_145 = OpConstant %uint 145,,,,,,,,,,,
2016,%3153 = OpConstantComposite %v3float %float_0 %float_0 %float_0,,,,,,,,,,,
2017,%float_100 = OpConstant %float 100,,,,,,,,,,,
2018,%3157 = OpConstantComposite %v3float %float_100 %float_100 %float_100,,,,,,,,,,,
2019,%uint_150 = OpConstant %uint 150,,,,,,,,,,,
2020,%uint_151 = OpConstant %uint 151,,,,,,,,,,,
2021,%uint_248 = OpConstant %uint 248,,,,,,,,,,,
2022,%uint_250 = OpConstant %uint 250,,,,,,,,,,,
2023,%uint_252 = OpConstant %uint 252,,,,,,,,,,,
2024,%uint_255 = OpConstant %uint 255,,,,,,,,,,,
2025,%uint_253 = OpConstant %uint 253,,,,,,,,,,,
2026,%uint_203 = OpConstant %uint 203,,,,,,,,,,,
2027,%uint_205 = OpConstant %uint 205,,,,,,,,,,,
2028,%uint_206 = OpConstant %uint 206,,,,,,,,,,,
2029,%uint_208 = OpConstant %uint 208,,,,,,,,,,,
2030,%uint_209 = OpConstant %uint 209,,,,,,,,,,,
2031,%uint_211 = OpConstant %uint 211,,,,,,,,,,,
2032,%uint_214 = OpConstant %uint 214,,,,,,,,,,,
2033,%uint_212 = OpConstant %uint 212,,,,,,,,,,,
2034,%uint_210 = OpConstant %uint 210,,,,,,,,,,,
2035,%uint_217 = OpConstant %uint 217,,,,,,,,,,,
2036,%uint_72 = OpConstant %uint 72,,,,,,,,,,,
2037,OpTypeForwardPointer %_ptr_PhysicalStorageBuffer__Array_natural_ShadowMap6 PhysicalStorageBuffer,,,,,,,,,,,
2038,%ShadowMap_natural = OpTypeStruct %_MatrixStorage_float4x4_ColMajornatural %v4float,,,,,,,,,,,
2039,%_arr_ShadowMap_natural_int_6 = OpTypeArray %ShadowMap_natural %int_6,,,,,,,,,,,
2040,%_ptr_PhysicalStorageBuffer__arr_ShadowMap_natural_int_6 = OpTypePointer PhysicalStorageBuffer %_arr_ShadowMap_natural_int_6,,,,,,,,,,,
2041,%_ptr_PhysicalStorageBuffer_ShadowMap_natural = OpTypePointer PhysicalStorageBuffer %ShadowMap_natural,,,,,,,,,,,
2042,%uint_219 = OpConstant %uint 219,,,,,,,,,,,
2043,%uint_220 = OpConstant %uint 220,,,,,,,,,,,
2044,%uint_221 = OpConstant %uint 221,,,,,,,,,,,
2045,%uint_223 = OpConstant %uint 223,,,,,,,,,,,
2046,%uint_225 = OpConstant %uint 225,,,,,,,,,,,
2047,%uint_226 = OpConstant %uint 226,,,,,,,,,,,
2048,%uint_228 = OpConstant %uint 228,,,,,,,,,,,
2049,%uint_229 = OpConstant %uint 229,,,,,,,,,,,
2050,%uint_232 = OpConstant %uint 232,,,,,,,,,,,
2051,%uint_234 = OpConstant %uint 234,,,,,,,,,,,
2052,%uint_236 = OpConstant %uint 236,,,,,,,,,,,
2053,%uint_237 = OpConstant %uint 237,,,,,,,,,,,
2054,%uint_239 = OpConstant %uint 239,,,,,,,,,,,
2055,%uint_240 = OpConstant %uint 240,,,,,,,,,,,
2056,%uint_245 = OpConstant %uint 245,,,,,,,,,,,
2057,%uint_230 = OpConstant %uint 230,,,,,,,,,,,
2058,%uint_251 = OpConstant %uint 251,,,,,,,,,,,
2059,%uint_153 = OpConstant %uint 153,,,,,,,,,,,
2060,%uint_154 = OpConstant %uint 154,,,,,,,,,,,
2061,OpTypeForwardPointer %_ptr_PhysicalStorageBuffer__Array_natural_Cascade3 PhysicalStorageBuffer,,,,,,,,,,,
2062,%Cascade_natural = OpTypeStruct %_MatrixStorage_float4x4_ColMajornatural %v4float %float %float %float %float,,,,,,,,,,,
2063,%_arr_Cascade_natural_int_3 = OpTypeArray %Cascade_natural %int_3,,,,,,,,,,,
2064,%_ptr_PhysicalStorageBuffer__arr_Cascade_natural_int_3 = OpTypePointer PhysicalStorageBuffer %_arr_Cascade_natural_int_3,,,,,,,,,,,
2065,%_ptr_PhysicalStorageBuffer_Cascade_natural = OpTypePointer PhysicalStorageBuffer %Cascade_natural,,,,,,,,,,,
2066,%uint_200 = OpConstant %uint 200,,,,,,,,,,,
2067,%uint_171 = OpConstant %uint 171,,,,,,,,,,,
2068,%float_9_99999994en09 = OpConstant %float 9.99999994e-09,,,,,,,,,,,
2069,%3999 = OpConstantComposite %v3float %float_9_99999994en09 %float_9_99999994en09 %float_9_99999994en09,,,,,,,,,,,
2070,%uint_175 = OpConstant %uint 175,,,,,,,,,,,
2071,%uint_176 = OpConstant %uint 176,,,,,,,,,,,
2072,%uint_189 = OpConstant %uint 189,,,,,,,,,,,
2073,%uint_193 = OpConstant %uint 193,,,,,,,,,,,
2074,%uint_198 = OpConstant %uint 198,,,,,,,,,,,
2075,%uint_161 = OpConstant %uint 161,,,,,,,,,,,
2076,%4208 = OpConstantComposite %v4float %float_1 %float_0 %float_0 %float_1,,,,,,,,,,,
2077,%4220 = OpConstantComposite %v4float %float_0 %float_1 %float_0 %float_1,,,,,,,,,,,
2078,%4232 = OpConstantComposite %v4float %float_0 %float_0 %float_1 %float_1,,,,,,,,,,,
2079,%float_3 = OpConstant %float 3,,,,,,,,,,,
2080,%uint_163 = OpConstant %uint 163,,,,,,,,,,,
2081,%4246 = OpConstantComposite %v4float %float_1 %float_1 %float_0 %float_1,,,,,,,,,,,
2082,%uint_165 = OpConstant %uint 165,,,,,,,,,,,
2083,%uint_126 = OpConstant %uint 126,,,,,,,,,,,
2084,%uint_98 = OpConstant %uint 98,,,,,,,,,,,
2085,%uint_52 = OpConstant %uint 52,,,,,,,,,,,
2086,%uint_53 = OpConstant %uint 53,,,,,,,,,,,
2087,%_ptr_PhysicalStorageBuffer__MatrixStorage_float4x4_ColMajornatural = OpTypePointer PhysicalStorageBuffer %_MatrixStorage_float4x4_ColMajornatural,,,,,,,,,,,
2088,%_arr_uint_int_3 = OpTypeArray %uint %int_3,,,,,,,,,,,
2089,%_Array_natural_uint3 = OpTypeStruct %_arr_uint_int_3,,,,,,,,,,,
2090,%_Array_natural_Cascade3 = OpTypeStruct %_arr_Cascade_natural_int_3,,,,,,,,,,,
2091,%_Array_natural_ShadowMap6 = OpTypeStruct %_arr_ShadowMap_natural_int_6,,,,,,,,,,,
2092,%Light_natural = OpTypeStruct %int %v3float %v3float %float %float %_Array_natural_uint3 %v4float %int %int %uint %uint %_Array_natural_Cascade3 %_Array_natural_ShadowMap6,,,,,,,,,,,
2093,%_ptr_PhysicalStorageBuffer_Light_natural = OpTypePointer PhysicalStorageBuffer %Light_natural,,,,,,,,,,,
2094,%LitInstanceData_natural = OpTypeStruct %uint %uint %uint %uint %uint %uint %float %uint %float %float %float %uint,,,,,,,,,,,
2095,%_ptr_PhysicalStorageBuffer_LitInstanceData_natural = OpTypePointer PhysicalStorageBuffer %LitInstanceData_natural,,,,,,,,,,,
2096,%LitMeshDrawData_natural = OpTypeStruct %uint %uint %uint %uint,,,,,,,,,,,
2097,%_ptr_PhysicalStorageBuffer_LitMeshDrawData_natural = OpTypePointer PhysicalStorageBuffer %LitMeshDrawData_natural,,,,,,,,,,,
2098,%_Array_natural_uint6 = OpTypeStruct %_arr_uint_int_6,,,,,,,,,,,
2099,%LitPass_natural = OpTypeStruct %uint %uint %uint %uint %v3float %uint %v3float %uint %_MatrixStorage_float4x4_ColMajornatural %_MatrixStorage_float4x4_ColMajornatural %_MatrixStorage_float4x4_ColMajornatural %uint %float %uint %uint %uint %uint %_Array_natural_uint6 %float %float,,,,,,,,,,,
2100,%_ptr_PhysicalStorageBuffer_LitPass_natural = OpTypePointer PhysicalStorageBuffer %LitPass_natural,,,,,,,,,,,
2101,%_ptr_PhysicalStorageBuffer__Array_natural_uint6 = OpTypePointer PhysicalStorageBuffer %_Array_natural_uint6,,,,,,,,,,,
2102,%_ptr_PhysicalStorageBuffer__Array_natural_ShadowMap6 = OpTypePointer PhysicalStorageBuffer %_Array_natural_ShadowMap6,,,,,,,,,,,
2103,%_ptr_PhysicalStorageBuffer__Array_natural_Cascade3 = OpTypePointer PhysicalStorageBuffer %_Array_natural_Cascade3,,,,,,,,,,,
2104,%37 = OpVariable %_ptr_Input_int Input,,,,,,,,,,,
2105,%gl_VertexIndex = OpVariable %_ptr_Input_int Input,,,,,,,,,,,
2106,%gl_BaseInstance = OpVariable %_ptr_Input_int Input,,,,,,,,,,,
2107,%gl_InstanceIndex = OpVariable %_ptr_Input_int Input,,,,,,,,,,,
2108,%49 = OpVariable %_ptr_Input_int Input,,,,,,,,,,,
2109,%pc = OpVariable %_ptr_PushConstant_LitPushConstants_std430 PushConstant,,,,,,,,,,,
2110,%gl_Position = OpVariable %_ptr_Output_v4float Output,,,,,,,,,,,
2111,%entryPointParam_vertMain_worldPos = OpVariable %_ptr_Output_v3float Output,,,,,,,,,,,
2112,%entryPointParam_vertMain_normal = OpVariable %_ptr_Output_v3float Output,,,,,,,,,,,
2113,%entryPointParam_vertMain_texCoord = OpVariable %_ptr_Output_v2float Output,,,,,,,,,,,
2114,%entryPointParam_vertMain_tangent = OpVariable %_ptr_Output_v3float Output,,,,,,,,,,,
2115,%entryPointParam_vertMain_bitangent = OpVariable %_ptr_Output_v3float Output,,,,,,,,,,,
2116,%entryPointParam_vertMain_drawID = OpVariable %_ptr_Output_uint Output,,,,,,,,,,,
2117,%entryPointParam_vertMain_instanceID = OpVariable %_ptr_Output_uint Output,,,,,,,,,,,
2118,%input_worldPos = OpVariable %_ptr_Input_v3float Input,,,,,,,,,,,
2119,%input_normal = OpVariable %_ptr_Input_v3float Input,,,,,,,,,,,
2120,%input_texCoord = OpVariable %_ptr_Input_v2float Input,,,,,,,,,,,
2121,%input_tangent = OpVariable %_ptr_Input_v3float Input,,,,,,,,,,,
2122,%input_instanceID = OpVariable %_ptr_Input_uint Input,,,,,,,,,,,
2123,%samplers = OpVariable %_ptr_UniformConstant__runtimearr_932 UniformConstant,,,,,,,,,,,
2124,%textures = OpVariable %_ptr_UniformConstant__runtimearr_946 UniformConstant,,,,,,,,,,,
2125,%cubemaps = OpVariable %_ptr_UniformConstant__runtimearr_1185 UniformConstant,,,,,,,,,,,
2126,%samplers_0 = OpVariable %_ptr_UniformConstant__runtimearr_932 UniformConstant,,,,,,,,,,,
2127,%textures3D = OpVariable %_ptr_UniformConstant__runtimearr_1776 UniformConstant,,,,,,,,,,,
2128,%voxelCubemaps = OpVariable %_ptr_UniformConstant__runtimearr_1185 UniformConstant,,,,,,,,,,,
2129,%entryPointParam_fragMain_color = OpVariable %_ptr_Output_v4float Output,,,,,,,,,,,
2130,%entryPointParam_fragMain_roughness_metal = OpVariable %_ptr_Output_v4float Output,,,,,,,,,,,
2131,%entryPointParam_fragMain_worldNormal = OpVariable %_ptr_Output_v4float Output,,,,,,,,,,,
2132,%shadowCmpSampler = OpVariable %_ptr_UniformConstant_932 UniformConstant,,,,,,,,,,,
2133,%9288 = OpConstantComposite %v2float %float_0_5 %float_0_5,,,,,,,,,,,
2134,%9290 = OpConstantComposite %v3float %float_0_5 %float_0_5 %float_0_5,,,,,,,,,,,
2135,%float_0_125 = OpConstant %float 0.125,,,,,,,,,,,
2136,%9292 = OpConstantComposite %v3float %float_0_318309873 %float_0_318309873 %float_0_318309873,,,,,,,,,,,
2137,%101 = OpExtInst %void %2 DebugExpression,,,,,,,,,,,
2138,%8755 = OpExtInst %void %2 DebugOperation %uint_0,,,,,,,,,,,
2139,%4 = OpExtInst %void %2 DebugSource %5 %1,,,,,,,,,,,
2140,%10 = OpExtInst %void %2 DebugCompilationUnit %uint_100 %uint_5 %4 %uint_11,,,,,,,,,,,
2141,%12 = OpExtInst %void %2 DebugSource %13 %11,,,,,,,,,,,
2142,%15 = OpExtInst %void %2 DebugSource %16 %14,,,,,,,,,,,
2143,%18 = OpExtInst %void %2 DebugSource %19 %17,,,,,,,,,,,
2144,%23 = OpExtInst %void %2 DebugTypeFunction %uint_0 %void,,,,,,,,,,,
2145,%25 = OpExtInst %void %2 DebugFunction %26 %23 %15 %uint_6 %uint_14 %10 %26 %uint_0 %uint_6,,,,,,,,,,,
2146,%31 = OpExtInst %void %2 DebugEntryPoint %25 %10 %32 %33,,,,,,,,,,,
2147,%88 = OpExtInst %void %2 DebugTypeFunction %uint_0 %void,,,,,,,,,,,
2148,%89 = OpExtInst %void %2 DebugFunction %90 %88 %18 %uint_349 %uint_14 %10 %90 %uint_0 %uint_349,,,,,,,,,,,
2149,%94 = OpExtInst %void %2 DebugTypeBasic %95 %uint_32 %uint_6 %uint_131072,,,,,,,,,,,
2150,%drawID = OpExtInst %void %2 DebugLocalVariable %99 %94 %18 %uint_349 %uint_14 %89 %uint_0 %uint_3,,,,,,,,,,,
2151,%instanceID = OpExtInst %void %2 DebugLocalVariable %105 %94 %18 %uint_349 %uint_14 %89 %uint_0 %uint_2,,,,,,,,,,,
2152,%vertexID = OpExtInst %void %2 DebugLocalVariable %110 %94 %18 %uint_349 %uint_14 %89 %uint_0 %uint_1,,,,,,,,,,,
2153,%118 = OpExtInst %void %2 DebugTypeMember %119 %94 %18 %uint_17 %uint_8 %uint_0 %uint_32 %uint_0,,,,,,,,,,,
2154,%121 = OpExtInst %void %2 DebugTypeMember %122 %94 %18 %uint_17 %uint_8 %uint_32 %uint_32 %uint_0,,,,,,,,,,,
2155,%123 = OpExtInst %void %2 DebugTypeMember %124 %94 %18 %uint_17 %uint_8 %uint_64 %uint_32 %uint_0,,,,,,,,,,,
2156,%126 = OpExtInst %void %2 DebugTypeMember %127 %94 %18 %uint_17 %uint_8 %uint_96 %uint_32 %uint_0,,,,,,,,,,,
2157,%129 = OpExtInst %void %2 DebugTypeComposite %130 %uint_1 %18 %uint_17 %uint_8 %10 %130 %uint_128 %uint_131072 %118 %121 %123 %126,,,,,,,,,,,
2158,%mesh = OpExtInst %void %2 DebugLocalVariable %133 %129 %18 %uint_351 %uint_21 %89 %uint_0,,,,,,,,,,,
2159,%absInstance = OpExtInst %void %2 DebugLocalVariable %178 %94 %18 %uint_352 %uint_10 %89 %uint_0,,,,,,,,,,,
2160,%185 = OpExtInst %void %2 DebugTypeMember %186 %94 %18 %uint_2 %uint_8 %uint_0 %uint_32 %uint_0,,,,,,,,,,,
2161,%187 = OpExtInst %void %2 DebugTypeMember %188 %94 %18 %uint_2 %uint_8 %uint_32 %uint_32 %uint_0,,,,,,,,,,,
2162,%189 = OpExtInst %void %2 DebugTypeMember %190 %94 %18 %uint_2 %uint_8 %uint_64 %uint_32 %uint_0,,,,,,,,,,,
2163,%191 = OpExtInst %void %2 DebugTypeMember %192 %94 %18 %uint_2 %uint_8 %uint_96 %uint_32 %uint_0,,,,,,,,,,,
2164,%193 = OpExtInst %void %2 DebugTypeMember %194 %94 %18 %uint_2 %uint_8 %uint_128 %uint_32 %uint_0,,,,,,,,,,,
2165,%195 = OpExtInst %void %2 DebugTypeMember %196 %94 %18 %uint_2 %uint_8 %uint_160 %uint_32 %uint_0,,,,,,,,,,,
2166,%198 = OpExtInst %void %2 DebugTypeBasic %199 %uint_32 %uint_3 %uint_131072,,,,,,,,,,,
2167,%200 = OpExtInst %void %2 DebugTypeMember %201 %198 %18 %uint_2 %uint_8 %uint_192 %uint_32 %uint_0,,,,,,,,,,,
2168,%203 = OpExtInst %void %2 DebugTypeMember %204 %94 %18 %uint_2 %uint_8 %uint_224 %uint_32 %uint_0,,,,,,,,,,,
2169,%206 = OpExtInst %void %2 DebugTypeMember %207 %198 %18 %uint_2 %uint_8 %uint_256 %uint_32 %uint_0,,,,,,,,,,,
2170,%209 = OpExtInst %void %2 DebugTypeMember %210 %198 %18 %uint_2 %uint_8 %uint_288 %uint_32 %uint_0,,,,,,,,,,,
2171,%212 = OpExtInst %void %2 DebugTypeMember %213 %198 %18 %uint_2 %uint_8 %uint_320 %uint_32 %uint_0,,,,,,,,,,,
2172,%215 = OpExtInst %void %2 DebugTypeMember %216 %94 %18 %uint_2 %uint_8 %uint_352 %uint_32 %uint_0,,,,,,,,,,,
2173,%217 = OpExtInst %void %2 DebugTypeComposite %218 %uint_1 %18 %uint_2 %uint_8 %10 %218 %uint_384 %uint_131072 %185 %187 %189 %191 %193 %195 %200 %203 %206 %209 %212 %215,,,,,,,,,,,
2174,%draw = OpExtInst %void %2 DebugLocalVariable %221 %217 %18 %uint_353 %uint_21 %89 %uint_0,,,,,,,,,,,
2175,%261 = OpExtInst %void %2 DebugTypeVector %198 %uint_3,,,,,,,,,,,
2176,%262 = OpExtInst %void %2 DebugTypeMember %263 %261 %18 %uint_100 %uint_8 %uint_0 %uint_96 %uint_0,,,,,,,,,,,
2177,%264 = OpExtInst %void %2 DebugTypeMember %265 %261 %18 %uint_100 %uint_8 %uint_96 %uint_96 %uint_0,,,,,,,,,,,
2178,%266 = OpExtInst %void %2 DebugTypeVector %198 %uint_2,,,,,,,,,,,
2179,%267 = OpExtInst %void %2 DebugTypeMember %268 %266 %18 %uint_100 %uint_8 %uint_192 %uint_64 %uint_0,,,,,,,,,,,
2180,%269 = OpExtInst %void %2 DebugTypeMember %270 %261 %18 %uint_100 %uint_8 %uint_256 %uint_96 %uint_0,,,,,,,,,,,
2181,%271 = OpExtInst %void %2 DebugTypeComposite %272 %uint_1 %18 %uint_100 %uint_8 %10 %272 %uint_352 %uint_131072 %262 %264 %267 %269,,,,,,,,,,,
2182,%vertex = OpExtInst %void %2 DebugLocalVariable %274 %271 %18 %uint_355 %uint_12 %89 %uint_0,,,,,,,,,,,
2183,%297 = OpExtInst %void %2 DebugTypeFunction %uint_0 %void,,,,,,,,,,,
2184,%298 = OpExtInst %void %2 DebugFunction %299 %297 %18 %uint_327 %uint_8 %10 %299 %uint_0 %uint_327,,,,,,,,,,,
2185,%offset = OpExtInst %void %2 DebugLocalVariable %304 %94 %18 %uint_327 %uint_8 %298 %uint_0 %uint_4,,,,,,,,,,,
2186,%stride = OpExtInst %void %2 DebugLocalVariable %309 %94 %18 %uint_327 %uint_8 %298 %uint_0 %uint_3,,,,,,,,,,,
2187,%vertexIndex = OpExtInst %void %2 DebugLocalVariable %313 %94 %18 %uint_327 %uint_8 %298 %uint_0 %uint_2,,,,,,,,,,,
2188,%316 = OpExtInst %void %2 DebugTypePointer %198 %uint_5349 %uint_131072,,,,,,,,,,,
2189,%buffer = OpExtInst %void %2 DebugLocalVariable %319 %316 %18 %uint_327 %uint_8 %298 %uint_0 %uint_1,,,,,,,,,,,
2190,%vert = OpExtInst %void %2 DebugLocalVariable %327 %271 %18 %uint_329 %uint_12 %298 %uint_0,,,,,,,,,,,
2191,%floatOffset = OpExtInst %void %2 DebugLocalVariable %332 %94 %18 %uint_332 %uint_10 %298 %uint_0,,,,,,,,,,,
2192,%v = OpExtInst %void %2 DebugLocalVariable %341 %316 %18 %uint_333 %uint_12 %298 %uint_0,,,,,,,,,,,
2193,%408 = OpExtInst %void %2 DebugTypeVector %198 %uint_4,,,,,,,,,,,
2194,%409 = OpExtInst %void %2 DebugTypeMatrix %408 %uint_4 %true,,,,,,,,,,,
2195,%modelMatrix = OpExtInst %void %2 DebugLocalVariable %413 %409 %18 %uint_357 %uint_14 %89 %uint_0,,,,,,,,,,,
2196,%450 = OpExtInst %void %2 DebugTypeMember %263 %408 %18 %uint_119 %uint_8 %uint_0 %uint_128 %uint_0,,,,,,,,,,,
2197,%452 = OpExtInst %void %2 DebugTypeMember %453 %261 %18 %uint_119 %uint_8 %uint_128 %uint_96 %uint_0,,,,,,,,,,,
2198,%454 = OpExtInst %void %2 DebugTypeMember %265 %261 %18 %uint_119 %uint_8 %uint_224 %uint_96 %uint_0,,,,,,,,,,,
2199,%455 = OpExtInst %void %2 DebugTypeMember %268 %266 %18 %uint_119 %uint_8 %uint_320 %uint_64 %uint_0,,,,,,,,,,,
2200,%456 = OpExtInst %void %2 DebugTypeMember %270 %261 %18 %uint_119 %uint_8 %uint_384 %uint_96 %uint_0,,,,,,,,,,,
2201,%457 = OpExtInst %void %2 DebugTypeMember %458 %261 %18 %uint_119 %uint_8 %uint_480 %uint_96 %uint_0,,,,,,,,,,,
2202,%460 = OpExtInst %void %2 DebugTypeMember %99 %94 %18 %uint_119 %uint_8 %uint_576 %uint_32 %uint_0,,,,,,,,,,,
2203,%462 = OpExtInst %void %2 DebugTypeMember %105 %94 %18 %uint_119 %uint_8 %uint_608 %uint_32 %uint_0,,,,,,,,,,,
2204,%464 = OpExtInst %void %2 DebugTypeComposite %465 %uint_1 %18 %uint_119 %uint_8 %10 %465 %uint_640 %uint_131072 %450 %452 %454 %455 %456 %457 %460 %462,,,,,,,,,,,
2205,%output = OpExtInst %void %2 DebugLocalVariable %468 %464 %18 %uint_358 %uint_18 %89 %uint_0,,,,,,,,,,,
2206,%worldPos = OpExtInst %void %2 DebugLocalVariable %453 %408 %18 %uint_359 %uint_12 %89 %uint_0,,,,,,,,,,,
2207,%687 = OpExtInst %void %2 DebugFunction %688 %23 %15 %uint_19 %uint_16 %10 %688 %uint_0 %uint_19,,,,,,,,,,,
2208,%803 = OpExtInst %void %2 DebugEntryPoint %687 %10 %32 %804,,,,,,,,,,,
2209,%821 = OpExtInst %void %2 DebugTypeMember %822 %408 %15 %uint_11 %uint_8 %uint_0 %uint_128 %uint_0,,,,,,,,,,,
2210,%823 = OpExtInst %void %2 DebugTypeMember %824 %408 %15 %uint_11 %uint_8 %uint_128 %uint_128 %uint_0,,,,,,,,,,,
2211,%825 = OpExtInst %void %2 DebugTypeMember %826 %408 %15 %uint_11 %uint_8 %uint_256 %uint_128 %uint_0,,,,,,,,,,,
2212,%827 = OpExtInst %void %2 DebugTypeComposite %828 %uint_1 %15 %uint_11 %uint_8 %10 %828 %uint_384 %uint_131072 %821 %823 %825,,,,,,,,,,,
2213,%output_0 = OpExtInst %void %2 DebugLocalVariable %468 %827 %15 %uint_21 %uint_20 %687 %uint_0,,,,,,,,,,,
2214,%inst = OpExtInst %void %2 DebugLocalVariable %835 %217 %15 %uint_23 %uint_21 %687 %uint_0,,,,,,,,,,,
2215,%868 = OpExtInst %void %2 DebugTypeBasic %869 %uint_32 %uint_2 %uint_131072,,,,,,,,,,,
2216,%flipNormal = OpExtInst %void %2 DebugLocalVariable %871 %868 %15 %uint_25 %uint_10 %687 %uint_0,,,,,,,,,,,
2217,%hasAlbedo = OpExtInst %void %2 DebugLocalVariable %879 %868 %15 %uint_26 %uint_10 %687 %uint_0,,,,,,,,,,,
2218,%hasRoughness = OpExtInst %void %2 DebugLocalVariable %887 %868 %15 %uint_27 %uint_10 %687 %uint_0,,,,,,,,,,,
2219,%hasMetallic = OpExtInst %void %2 DebugLocalVariable %895 %868 %15 %uint_28 %uint_10 %687 %uint_0,,,,,,,,,,,
2220,%hasNormal = OpExtInst %void %2 DebugLocalVariable %903 %868 %15 %uint_29 %uint_10 %687 %uint_0,,,,,,,,,,,
2221,%alphaClip = OpExtInst %void %2 DebugLocalVariable %911 %868 %15 %uint_30 %uint_10 %687 %uint_0,,,,,,,,,,,
2222,%N_0 = OpExtInst %void %2 DebugLocalVariable %918 %261 %15 %uint_32 %uint_12 %687 %uint_0,,,,,,,,,,,
2223,%normalMap_0 = OpExtInst %void %2 DebugLocalVariable %923 %261 %15 %uint_33 %uint_12 %687 %uint_0,,,,,,,,,,,
2224,%albedo_0 = OpExtInst %void %2 DebugLocalVariable %965 %408 %15 %uint_41 %uint_12 %687 %uint_0,,,,,,,,,,,
2225,%roughness_0 = OpExtInst %void %2 DebugLocalVariable %210 %408 %15 %uint_49 %uint_12 %687 %uint_0,,,,,,,,,,,
2226,%metallic_0 = OpExtInst %void %2 DebugLocalVariable %207 %408 %15 %uint_54 %uint_12 %687 %uint_0,,,,,,,,,,,
2227,%normalIntensity = OpExtInst %void %2 DebugLocalVariable %1081 %198 %15 %uint_62 %uint_15 %687 %uint_0,,,,,,,,,,,
2228,%T = OpExtInst %void %2 DebugLocalVariable %1113 %261 %15 %uint_67 %uint_16 %687 %uint_0,,,,,,,,,,,
2229,%N_world = OpExtInst %void %2 DebugLocalVariable %1120 %261 %15 %uint_68 %uint_16 %687 %uint_0,,,,,,,,,,,
2230,%B = OpExtInst %void %2 DebugLocalVariable %1134 %261 %15 %uint_70 %uint_16 %687 %uint_0,,,,,,,,,,,
2231,%1141 = OpExtInst %void %2 DebugTypeMatrix %261 %uint_3 %true,,,,,,,,,,,
2232,%TBN = OpExtInst %void %2 DebugLocalVariable %1143 %1141 %15 %uint_71 %uint_18 %687 %uint_0,,,,,,,,,,,
2233,%diffuseIBL = OpExtInst %void %2 DebugLocalVariable %1160 %261 %15 %uint_81 %uint_12 %687 %uint_0,,,,,,,,,,,
2234,%1179 = OpExtInst %void %2 DebugTypeFunction %uint_0 %void,,,,,,,,,,,
2235,%1180 = OpExtInst %void %2 DebugFunction %1181 %1179 %12 %uint_67 %uint_8 %10 %1181 %uint_0 %uint_67,,,,,,,,,,,
2236,%maxMip = OpExtInst %void %2 DebugLocalVariable %1191 %198 %12 %uint_67 %uint_8 %1180 %uint_0 %uint_3,,,,,,,,,,,
2237,%albedo_1 = OpExtInst %void %2 DebugLocalVariable %965 %261 %12 %uint_67 %uint_8 %1180 %uint_0 %uint_2,,,,,,,,,,,
2238,%N_1 = OpExtInst %void %2 DebugLocalVariable %918 %261 %12 %uint_67 %uint_8 %1180 %uint_0 %uint_1,,,,,,,,,,,
2239,%irradiance = OpExtInst %void %2 DebugLocalVariable %1204 %261 %12 %uint_69 %uint_12 %1180 %uint_0,,,,,,,,,,,
2240,%V = OpExtInst %void %2 DebugLocalVariable %1222 %261 %15 %uint_83 %uint_12 %687 %uint_0,,,,,,,,,,,
2241,%F0 = OpExtInst %void %2 DebugLocalVariable %1235 %261 %15 %uint_84 %uint_12 %687 %uint_0,,,,,,,,,,,
2242,%Lo_0 = OpExtInst %void %2 DebugLocalVariable %1250 %261 %15 %uint_87 %uint_12 %687 %uint_0,,,,,,,,,,,
2243,%1258 = OpExtInst %void %2 DebugTypeBasic %1259 %uint_32 %uint_4 %uint_131072,,,,,,,,,,,
2244,%i_0 = OpExtInst %void %2 DebugLocalVariable %1261 %1258 %15 %uint_89 %uint_13 %687 %uint_0,,,,,,,,,,,
2245,%GI = OpExtInst %void %2 DebugLocalVariable %1280 %261 %15 %uint_172 %uint_12 %687 %uint_0,,,,,,,,,,,
2246,%1403 = OpExtInst %void %2 DebugTypeFunction %uint_0 %void,,,,,,,,,,,
2247,%1404 = OpExtInst %void %2 DebugFunction %1405 %1403 %4 %uint_135 %uint_15 %10 %1405 %uint_0 %uint_135,,,,,,,,,,,
2248,%skyIntensity = OpExtInst %void %2 DebugLocalVariable %1434 %198 %4 %uint_135 %uint_15 %1404 %uint_0 %uint_12,,,,,,,,,,,
2249,%envMapIndex = OpExtInst %void %2 DebugLocalVariable %1438 %94 %4 %uint_135 %uint_15 %1404 %uint_0 %uint_11,,,,,,,,,,,
2250,%fetchBatch = OpExtInst %void %2 DebugLocalVariable %1442 %94 %4 %uint_135 %uint_15 %1404 %uint_0 %uint_10,,,,,,,,,,,
2251,%maxSteps = OpExtInst %void %2 DebugLocalVariable %1446 %94 %4 %uint_135 %uint_15 %1404 %uint_0 %uint_9,,,,,,,,,,,
2252,%hemisphereRays = OpExtInst %void %2 DebugLocalVariable %1450 %94 %4 %uint_135 %uint_15 %1404 %uint_0 %uint_8,,,,,,,,,,,
2253,%N_2 = OpExtInst %void %2 DebugLocalVariable %918 %261 %4 %uint_135 %uint_15 %1404 %uint_0 %uint_7,,,,,,,,,,,
2254,%worldPos_0 = OpExtInst %void %2 DebugLocalVariable %453 %261 %4 %uint_135 %uint_15 %1404 %uint_0 %uint_6,,,,,,,,,,,
2255,%worldExtent = OpExtInst %void %2 DebugLocalVariable %1461 %198 %4 %uint_135 %uint_15 %1404 %uint_0 %uint_5,,,,,,,,,,,
2256,%resolution = OpExtInst %void %2 DebugLocalVariable %1465 %94 %4 %uint_135 %uint_15 %1404 %uint_0 %uint_4,,,,,,,,,,,
2257,%worldToGridClip = OpExtInst %void %2 DebugLocalVariable %1469 %409 %4 %uint_135 %uint_15 %1404 %uint_0 %uint_3,,,,,,,,,,,
2258,%voxelSamplerIndex = OpExtInst %void %2 DebugLocalVariable %1473 %94 %4 %uint_135 %uint_15 %1404 %uint_0 %uint_2,,,,,,,,,,,
2259,%voxel3DTextureIndex = OpExtInst %void %2 DebugLocalVariable %1477 %94 %4 %uint_135 %uint_15 %1404 %uint_0 %uint_1,,,,,,,,,,,
2260,%voxelSize = OpExtInst %void %2 DebugLocalVariable %1491 %198 %4 %uint_141 %uint_11 %1404 %uint_0,,,,,,,,,,,
2261,%maxMip_0 = OpExtInst %void %2 DebugLocalVariable %1191 %198 %4 %uint_142 %uint_11 %1404 %uint_0,,,,,,,,,,,
2262,%rays = OpExtInst %void %2 DebugLocalVariable %1505 %94 %4 %uint_143 %uint_10 %1404 %uint_0,,,,,,,,,,,
2263,%batch = OpExtInst %void %2 DebugLocalVariable %1512 %94 %4 %uint_144 %uint_10 %1404 %uint_0,,,,,,,,,,,
2264,%up = OpExtInst %void %2 DebugLocalVariable %1523 %261 %4 %uint_147 %uint_12 %1404 %uint_0,,,,,,,,,,,
2265,%T_0 = OpExtInst %void %2 DebugLocalVariable %1113 %261 %4 %uint_148 %uint_12 %1404 %uint_0,,,,,,,,,,,
2266,%B_0 = OpExtInst %void %2 DebugLocalVariable %1134 %261 %4 %uint_149 %uint_12 %1404 %uint_0,,,,,,,,,,,
2267,%origin = OpExtInst %void %2 DebugLocalVariable %1555 %261 %4 %uint_152 %uint_12 %1404 %uint_0,,,,,,,,,,,
2268,%gi = OpExtInst %void %2 DebugLocalVariable %1564 %261 %4 %uint_155 %uint_12 %1404 %uint_0,,,,,,,,,,,
2269,%totalWeight = OpExtInst %void %2 DebugLocalVariable %1571 %198 %4 %uint_156 %uint_11 %1404 %uint_0,,,,,,,,,,,
2270,%i_1 = OpExtInst %void %2 DebugLocalVariable %1261 %94 %4 %uint_157 %uint_15 %1404 %uint_0,,,,,,,,,,,
2271,%dir = OpExtInst %void %2 DebugLocalVariable %1602 %261 %4 %uint_158 %uint_16 %1404 %uint_0,,,,,,,,,,,
2272,%1699 = OpExtInst %void %2 DebugTypeFunction %uint_0 %void,,,,,,,,,,,
2273,%1700 = OpExtInst %void %2 DebugFunction %1701 %1699 %4 %uint_95 %uint_8 %10 %1701 %uint_0 %uint_95,,,,,,,,,,,
2274,%skyIntensity_0 = OpExtInst %void %2 DebugLocalVariable %1434 %198 %4 %uint_95 %uint_8 %1700 %uint_0 %uint_10,,,,,,,,,,,
2275,%envMapIndex_0 = OpExtInst %void %2 DebugLocalVariable %1438 %94 %4 %uint_95 %uint_8 %1700 %uint_0 %uint_9,,,,,,,,,,,
2276,%fetchBatch_0 = OpExtInst %void %2 DebugLocalVariable %1442 %94 %4 %uint_95 %uint_8 %1700 %uint_0 %uint_8,,,,,,,,,,,
2277,%maxSteps_0 = OpExtInst %void %2 DebugLocalVariable %1446 %94 %4 %uint_95 %uint_8 %1700 %uint_0 %uint_7,,,,,,,,,,,
2278,%maxMip_1 = OpExtInst %void %2 DebugLocalVariable %1191 %198 %4 %uint_95 %uint_8 %1700 %uint_0 %uint_6,,,,,,,,,,,
2279,%maxDist = OpExtInst %void %2 DebugLocalVariable %1797 %198 %4 %uint_95 %uint_8 %1700 %uint_0 %uint_5,,,,,,,,,,,
2280,%voxelSize_0 = OpExtInst %void %2 DebugLocalVariable %1491 %198 %4 %uint_95 %uint_8 %1700 %uint_0 %uint_4,,,,,,,,,,,
2281,%dir_0 = OpExtInst %void %2 DebugLocalVariable %1602 %261 %4 %uint_95 %uint_8 %1700 %uint_0 %uint_3,,,,,,,,,,,
2282,%origin_0 = OpExtInst %void %2 DebugLocalVariable %1555 %261 %4 %uint_95 %uint_8 %1700 %uint_0 %uint_2,,,,,,,,,,,
2283,%worldToGridClip_0 = OpExtInst %void %2 DebugLocalVariable %1469 %409 %4 %uint_95 %uint_8 %1700 %uint_0 %uint_1,,,,,,,,,,,
2284,%uvwOrigin = OpExtInst %void %2 DebugLocalVariable %1817 %261 %4 %uint_99 %uint_12 %1700 %uint_0,,,,,,,,,,,
2285,%1829 = OpExtInst %void %2 DebugTypeFunction %uint_0 %void,,,,,,,,,,,
2286,%1830 = OpExtInst %void %2 DebugFunction %1831 %1829 %4 %uint_61 %uint_15 %10 %1831 %uint_0 %uint_61,,,,,,,,,,,
2287,%worldToGridClip_1 = OpExtInst %void %2 DebugLocalVariable %1469 %409 %4 %uint_61 %uint_15 %1830 %uint_0 %uint_2,,,,,,,,,,,
2288,%worldPos_1 = OpExtInst %void %2 DebugLocalVariable %453 %261 %4 %uint_61 %uint_15 %1830 %uint_0 %uint_1,,,,,,,,,,,
2289,%clip = OpExtInst %void %2 DebugLocalVariable %1844 %408 %4 %uint_62 %uint_12 %1830 %uint_0,,,,,,,,,,,
2290,%ndc = OpExtInst %void %2 DebugLocalVariable %1851 %261 %4 %uint_63 %uint_12 %1830 %uint_0,,,,,,,,,,,
2291,%clipDir = OpExtInst %void %2 DebugLocalVariable %1869 %408 %4 %uint_100 %uint_12 %1700 %uint_0,,,,,,,,,,,
2292,%uvwDir = OpExtInst %void %2 DebugLocalVariable %1877 %261 %4 %uint_101 %uint_12 %1700 %uint_0,,,,,,,,,,,
2293,%tFar = OpExtInst %void %2 DebugLocalVariable %1887 %261 %4 %uint_104 %uint_12 %1700 %uint_0,,,,,,,,,,,
2294,%acc = OpExtInst %void %2 DebugLocalVariable %1905 %408 %4 %uint_107 %uint_12 %1700 %uint_0,,,,,,,,,,,
2295,%dist = OpExtInst %void %2 DebugLocalVariable %1913 %198 %4 %uint_108 %uint_11 %1700 %uint_0,,,,,,,,,,,
2296,%i_2 = OpExtInst %void %2 DebugLocalVariable %1261 %94 %4 %uint_109 %uint_15 %1700 %uint_0,,,,,,,,,,,
2297,%w = OpExtInst %void %2 DebugLocalVariable %1960 %94 %4 %uint_128 %uint_14 %1700 %uint_0,,,,,,,,,,,
2298,%h = OpExtInst %void %2 DebugLocalVariable %1963 %94 %4 %uint_128 %uint_17 %1700 %uint_0,,,,,,,,,,,
2299,%mips = OpExtInst %void %2 DebugLocalVariable %1966 %94 %4 %uint_128 %uint_20 %1700 %uint_0,,,,,,,,,,,
2300,%2024 = OpExtInst %void %2 DebugTypeArray %408 %uint_8,,,,,,,,,,,
2301,%s = OpExtInst %void %2 DebugLocalVariable %2026 %2024 %4 %uint_110 %uint_16 %1700 %uint_0,,,,,,,,,,,
2302,%d = OpExtInst %void %2 DebugLocalVariable %2031 %198 %4 %uint_111 %uint_15 %1700 %uint_0,,,,,,,,,,,
2303,%j = OpExtInst %void %2 DebugLocalVariable %2039 %94 %4 %uint_112 %uint_19 %1700 %uint_0,,,,,,,,,,,
2304,%j_0 = OpExtInst %void %2 DebugLocalVariable %2039 %94 %4 %uint_118 %uint_19 %1700 %uint_0,,,,,,,,,,,
2305,%2093 = OpExtInst %void %2 DebugTypeFunction %uint_0 %void,,,,,,,,,,,
2306,%2094 = OpExtInst %void %2 DebugFunction %2095 %2093 %4 %uint_20 %uint_15 %10 %2095 %uint_0 %uint_20,,,,,,,,,,,
2307,%v_0 = OpExtInst %void %2 DebugLocalVariable %341 %261 %4 %uint_20 %uint_15 %2094 %uint_0 %uint_1,,,,,,,,,,,
2308,%diameter = OpExtInst %void %2 DebugLocalVariable %2149 %198 %4 %uint_113 %uint_19 %1700 %uint_0,,,,,,,,,,,
2309,%mip = OpExtInst %void %2 DebugLocalVariable %2159 %198 %4 %uint_114 %uint_19 %1700 %uint_0,,,,,,,,,,,
2310,%2305 = OpExtInst %void %2 DebugTypeFunction %uint_0 %void,,,,,,,,,,,
2311,%2306 = OpExtInst %void %2 DebugFunction %2307 %2305 %4 %uint_177 %uint_15 %10 %2307 %uint_0 %uint_177,,,,,,,,,,,
2312,%N_3 = OpExtInst %void %2 DebugLocalVariable %918 %261 %4 %uint_177 %uint_15 %2306 %uint_0 %uint_7,,,,,,,,,,,
2313,%worldPos_2 = OpExtInst %void %2 DebugLocalVariable %453 %261 %4 %uint_177 %uint_15 %2306 %uint_0 %uint_6,,,,,,,,,,,
2314,%worldExtent_0 = OpExtInst %void %2 DebugLocalVariable %1461 %198 %4 %uint_177 %uint_15 %2306 %uint_0 %uint_5,,,,,,,,,,,
2315,%resolution_0 = OpExtInst %void %2 DebugLocalVariable %1465 %94 %4 %uint_177 %uint_15 %2306 %uint_0 %uint_4,,,,,,,,,,,
2316,%worldToGridClip_2 = OpExtInst %void %2 DebugLocalVariable %1469 %409 %4 %uint_177 %uint_15 %2306 %uint_0 %uint_3,,,,,,,,,,,
2317,%samplerIndex = OpExtInst %void %2 DebugLocalVariable %2346 %94 %4 %uint_177 %uint_15 %2306 %uint_0 %uint_2,,,,,,,,,,,
2318,%2349 = OpExtInst %void %2 DebugTypeArray %94 %uint_6,,,,,,,,,,,
2319,%faceIndices = OpExtInst %void %2 DebugLocalVariable %2351 %2349 %4 %uint_177 %uint_15 %2306 %uint_0 %uint_1,,,,,,,,,,,
2320,%uvw = OpExtInst %void %2 DebugLocalVariable %2365 %261 %4 %uint_181 %uint_12 %2306 %uint_0,,,,,,,,,,,
2321,%w_0 = OpExtInst %void %2 DebugLocalVariable %1960 %261 %4 %uint_182 %uint_12 %2306 %uint_0,,,,,,,,,,,
2322,%fx = OpExtInst %void %2 DebugLocalVariable %2378 %94 %4 %uint_183 %uint_10 %2306 %uint_0,,,,,,,,,,,
2323,%fy = OpExtInst %void %2 DebugLocalVariable %2393 %94 %4 %uint_184 %uint_10 %2306 %uint_0,,,,,,,,,,,
2324,%fz = OpExtInst %void %2 DebugLocalVariable %2408 %94 %4 %uint_185 %uint_10 %2306 %uint_0,,,,,,,,,,,
2325,%2438 = OpExtInst %void %2 DebugTypeFunction %uint_0 %void,,,,,,,,,,,
2326,%2439 = OpExtInst %void %2 DebugFunction %2440 %2438 %4 %uint_168 %uint_8 %10 %2440 %uint_0 %uint_168,,,,,,,,,,,
2327,%s_0 = OpExtInst %void %2 DebugLocalVariable %2026 %408 %4 %uint_168 %uint_8 %2439 %uint_0 %uint_1,,,,,,,,,,,
2328,%kS = OpExtInst %void %2 DebugLocalVariable %2498 %261 %15 %uint_186 %uint_12 %687 %uint_0,,,,,,,,,,,
2329,%2515 = OpExtInst %void %2 DebugTypeFunction %uint_0 %void,,,,,,,,,,,
2330,%2516 = OpExtInst %void %2 DebugFunction %2517 %2515 %12 %uint_9 %uint_8 %10 %2517 %uint_0 %uint_9,,,,,,,,,,,
2331,%roughness_1 = OpExtInst %void %2 DebugLocalVariable %210 %198 %12 %uint_9 %uint_8 %2516 %uint_0 %uint_3,,,,,,,,,,,
2332,%F0_0 = OpExtInst %void %2 DebugLocalVariable %1235 %261 %12 %uint_9 %uint_8 %2516 %uint_0 %uint_2,,,,,,,,,,,
2333,%cosTheta = OpExtInst %void %2 DebugLocalVariable %2527 %198 %12 %uint_9 %uint_8 %2516 %uint_0 %uint_1,,,,,,,,,,,
2334,%kD = OpExtInst %void %2 DebugLocalVariable %2547 %261 %15 %uint_187 %uint_12 %687 %uint_0,,,,,,,,,,,
2335,%ao = OpExtInst %void %2 DebugLocalVariable %2560 %198 %15 %uint_190 %uint_11 %687 %uint_0,,,,,,,,,,,
2336,%ambient = OpExtInst %void %2 DebugLocalVariable %2566 %261 %15 %uint_191 %uint_12 %687 %uint_0,,,,,,,,,,,
2337,%color = OpExtInst %void %2 DebugLocalVariable %822 %261 %15 %uint_192 %uint_12 %687 %uint_0,,,,,,,,,,,
2338,%2619 = OpExtInst %void %2 DebugTypeMember %2620 %1258 %4 %uint_0 %uint_0 %uint_0 %uint_32 %uint_0,,,,,,,,,,,
2339,%2621 = OpExtInst %void %2 DebugTypeMember %263 %261 %4 %uint_0 %uint_0 %uint_32 %uint_96 %uint_0,,,,,,,,,,,
2340,%2622 = OpExtInst %void %2 DebugTypeMember %2623 %261 %4 %uint_0 %uint_0 %uint_128 %uint_96 %uint_0,,,,,,,,,,,
2341,%2624 = OpExtInst %void %2 DebugTypeMember %2625 %198 %4 %uint_0 %uint_0 %uint_224 %uint_32 %uint_0,,,,,,,,,,,
2342,%2626 = OpExtInst %void %2 DebugTypeMember %2627 %198 %4 %uint_0 %uint_0 %uint_256 %uint_32 %uint_0,,,,,,,,,,,
2343,%2628 = OpExtInst %void %2 DebugTypeArray %94 %uint_3,,,,,,,,,,,
2344,%2629 = OpExtInst %void %2 DebugTypeMember %2630 %2628 %4 %uint_0 %uint_0 %uint_0 %uint_96 %uint_0,,,,,,,,,,,
2345,%2631 = OpExtInst %void %2 DebugTypeComposite %2632 %uint_1 %4 %uint_0 %uint_0 %10 %2632 %uint_96 %uint_131072 %2629,,,,,,,,,,,
2346,%2633 = OpExtInst %void %2 DebugTypeMember %216 %2631 %4 %uint_0 %uint_0 %uint_288 %uint_96 %uint_0,,,,,,,,,,,
2347,%2634 = OpExtInst %void %2 DebugTypeMember %822 %408 %4 %uint_0 %uint_0 %uint_384 %uint_128 %uint_0,,,,,,,,,,,
2348,%2635 = OpExtInst %void %2 DebugTypeMember %2636 %1258 %4 %uint_0 %uint_0 %uint_512 %uint_32 %uint_0,,,,,,,,,,,
2349,%2638 = OpExtInst %void %2 DebugTypeMember %2639 %1258 %4 %uint_0 %uint_0 %uint_544 %uint_32 %uint_0,,,,,,,,,,,
2350,%2641 = OpExtInst %void %2 DebugTypeMember %2642 %94 %4 %uint_0 %uint_0 %uint_576 %uint_32 %uint_0,,,,,,,,,,,
2351,%2643 = OpExtInst %void %2 DebugTypeMember %2644 %94 %4 %uint_0 %uint_0 %uint_608 %uint_32 %uint_0,,,,,,,,,,,
2352,%2645 = OpExtInst %void %2 DebugTypeArray %408 %uint_4,,,,,,,,,,,
2353,%2646 = OpExtInst %void %2 DebugTypeMember %2630 %2645 %4 %uint_0 %uint_0 %uint_0 %uint_512 %uint_0,,,,,,,,,,,
2354,%2647 = OpExtInst %void %2 DebugTypeComposite %2648 %uint_1 %4 %uint_0 %uint_0 %10 %2648 %uint_512 %uint_131072 %2646,,,,,,,,,,,
2355,%2649 = OpExtInst %void %2 DebugTypeMember %2650 %2647 %4 %uint_0 %uint_0 %uint_0 %uint_512 %uint_0,,,,,,,,,,,
2356,%2651 = OpExtInst %void %2 DebugTypeMember %2652 %408 %4 %uint_0 %uint_0 %uint_512 %uint_128 %uint_0,,,,,,,,,,,
2357,%2653 = OpExtInst %void %2 DebugTypeMember %2654 %198 %4 %uint_0 %uint_0 %uint_640 %uint_32 %uint_0,,,,,,,,,,,
2358,%2655 = OpExtInst %void %2 DebugTypeMember %2656 %198 %4 %uint_0 %uint_0 %uint_672 %uint_32 %uint_0,,,,,,,,,,,
2359,%2658 = OpExtInst %void %2 DebugTypeMember %2659 %198 %4 %uint_0 %uint_0 %uint_704 %uint_32 %uint_0,,,,,,,,,,,
2360,%2661 = OpExtInst %void %2 DebugTypeMember %2662 %198 %4 %uint_0 %uint_0 %uint_736 %uint_32 %uint_0,,,,,,,,,,,
2361,%2664 = OpExtInst %void %2 DebugTypeComposite %2665 %uint_1 %4 %uint_0 %uint_0 %10 %2665 %uint_768 %uint_131072 %2649 %2651 %2653 %2655 %2658 %2661,,,,,,,,,,,
2362,%2667 = OpExtInst %void %2 DebugTypeArray %2664 %uint_3,,,,,,,,,,,
2363,%2668 = OpExtInst %void %2 DebugTypeMember %2630 %2667 %4 %uint_0 %uint_0 %uint_0 %uint_2304 %uint_0,,,,,,,,,,,
2364,%2670 = OpExtInst %void %2 DebugTypeComposite %2671 %uint_1 %4 %uint_0 %uint_0 %10 %2671 %uint_2304 %uint_131072 %2668,,,,,,,,,,,
2365,%2672 = OpExtInst %void %2 DebugTypeMember %2673 %2670 %4 %uint_0 %uint_0 %uint_640 %uint_2304 %uint_0,,,,,,,,,,,
2366,%2674 = OpExtInst %void %2 DebugTypeMember %2650 %2647 %4 %uint_0 %uint_0 %uint_0 %uint_512 %uint_0,,,,,,,,,,,
2367,%2675 = OpExtInst %void %2 DebugTypeMember %2652 %408 %4 %uint_0 %uint_0 %uint_512 %uint_128 %uint_0,,,,,,,,,,,
2368,%2676 = OpExtInst %void %2 DebugTypeComposite %2677 %uint_1 %4 %uint_0 %uint_0 %10 %2677 %uint_640 %uint_131072 %2674 %2675,,,,,,,,,,,
2369,%2678 = OpExtInst %void %2 DebugTypeArray %2676 %uint_6,,,,,,,,,,,
2370,%2679 = OpExtInst %void %2 DebugTypeMember %2630 %2678 %4 %uint_0 %uint_0 %uint_0 %uint_3840 %uint_0,,,,,,,,,,,
2371,%2681 = OpExtInst %void %2 DebugTypeComposite %2682 %uint_1 %4 %uint_0 %uint_0 %10 %2682 %uint_3840 %uint_131072 %2679,,,,,,,,,,,
2372,%2683 = OpExtInst %void %2 DebugTypeMember %2684 %2681 %4 %uint_0 %uint_0 %uint_2944 %uint_3840 %uint_0,,,,,,,,,,,
2373,%2686 = OpExtInst %void %2 DebugTypeComposite %2687 %uint_1 %4 %uint_0 %uint_0 %10 %2687 %uint_6784 %uint_131072 %2619 %2621 %2622 %2624 %2626 %2633 %2634 %2635 %2638 %2641 %2643 %2672 %2683,,,,,,,,,,,
2374,%2689 = OpExtInst %void %2 DebugTypePointer %2686 %uint_5349 %uint_131072,,,,,,,,,,,
2375,%currentLight = OpExtInst %void %2 DebugLocalVariable %2691 %2689 %15 %uint_90 %uint_16 %687 %uint_0,,,,,,,,,,,
2376,%distance = OpExtInst %void %2 DebugLocalVariable %2718 %198 %15 %uint_96 %uint_19 %687 %uint_0,,,,,,,,,,,
2377,%L_0 = OpExtInst %void %2 DebugLocalVariable %2736 %261 %15 %uint_102 %uint_16 %687 %uint_0,,,,,,,,,,,
2378,%attenuation = OpExtInst %void %2 DebugLocalVariable %2741 %198 %15 %uint_103 %uint_15 %687 %uint_0,,,,,,,,,,,
2379,%radiance_0 = OpExtInst %void %2 DebugLocalVariable %2745 %261 %15 %uint_104 %uint_16 %687 %uint_0,,,,,,,,,,,
2380,%lightPos = OpExtInst %void %2 DebugLocalVariable %2757 %261 %15 %uint_114 %uint_20 %687 %uint_0,,,,,,,,,,,
2381,%distance_0 = OpExtInst %void %2 DebugLocalVariable %2718 %198 %15 %uint_115 %uint_19 %687 %uint_0,,,,,,,,,,,
2382,%lightDir = OpExtInst %void %2 DebugLocalVariable %2792 %261 %15 %uint_107 %uint_20 %687 %uint_0,,,,,,,,,,,
2383,%H = OpExtInst %void %2 DebugLocalVariable %2817 %261 %15 %uint_122 %uint_16 %687 %uint_0,,,,,,,,,,,
2384,%NdotL_raw = OpExtInst %void %2 DebugLocalVariable %2826 %198 %15 %uint_124 %uint_15 %687 %uint_0,,,,,,,,,,,
2385,%NdotV = OpExtInst %void %2 DebugLocalVariable %2839 %198 %15 %uint_129 %uint_15 %687 %uint_0,,,,,,,,,,,
2386,%NdotL = OpExtInst %void %2 DebugLocalVariable %2848 %198 %15 %uint_130 %uint_15 %687 %uint_0,,,,,,,,,,,
2387,%NdotH = OpExtInst %void %2 DebugLocalVariable %2855 %198 %15 %uint_131 %uint_15 %687 %uint_0,,,,,,,,,,,
2388,%HdotV = OpExtInst %void %2 DebugLocalVariable %2863 %198 %15 %uint_132 %uint_15 %687 %uint_0,,,,,,,,,,,
2389,%NDF = OpExtInst %void %2 DebugLocalVariable %2871 %198 %15 %uint_134 %uint_15 %687 %uint_0,,,,,,,,,,,
2390,%2892 = OpExtInst %void %2 DebugTypeFunction %uint_0 %void,,,,,,,,,,,
2391,%2893 = OpExtInst %void %2 DebugFunction %2894 %2892 %12 %uint_14 %uint_7 %10 %2894 %uint_0 %uint_14,,,,,,,,,,,
2392,%roughness_2 = OpExtInst %void %2 DebugLocalVariable %210 %198 %12 %uint_14 %uint_7 %2893 %uint_0 %uint_3,,,,,,,,,,,
2393,%H_0 = OpExtInst %void %2 DebugLocalVariable %2817 %261 %12 %uint_14 %uint_7 %2893 %uint_0 %uint_2,,,,,,,,,,,
2394,%N_4 = OpExtInst %void %2 DebugLocalVariable %918 %261 %12 %uint_14 %uint_7 %2893 %uint_0 %uint_1,,,,,,,,,,,
2395,%a = OpExtInst %void %2 DebugLocalVariable %2910 %198 %12 %uint_16 %uint_11 %2893 %uint_0,,,,,,,,,,,
2396,%a2 = OpExtInst %void %2 DebugLocalVariable %2916 %198 %12 %uint_17 %uint_11 %2893 %uint_0,,,,,,,,,,,
2397,%NdotH_0 = OpExtInst %void %2 DebugLocalVariable %2855 %198 %12 %uint_18 %uint_11 %2893 %uint_0,,,,,,,,,,,
2398,%NdotH2 = OpExtInst %void %2 DebugLocalVariable %2928 %198 %12 %uint_19 %uint_11 %2893 %uint_0,,,,,,,,,,,
2399,%num = OpExtInst %void %2 DebugLocalVariable %2934 %198 %12 %uint_21 %uint_11 %2893 %uint_0,,,,,,,,,,,
2400,%denom = OpExtInst %void %2 DebugLocalVariable %2939 %198 %12 %uint_22 %uint_11 %2893 %uint_0,,,,,,,,,,,
2401,%G = OpExtInst %void %2 DebugLocalVariable %2956 %198 %15 %uint_135 %uint_15 %687 %uint_0,,,,,,,,,,,
2402,%2976 = OpExtInst %void %2 DebugTypeFunction %uint_0 %void,,,,,,,,,,,
2403,%2977 = OpExtInst %void %2 DebugFunction %2978 %2976 %12 %uint_39 %uint_7 %10 %2978 %uint_0 %uint_39,,,,,,,,,,,
2404,%roughness_3 = OpExtInst %void %2 DebugLocalVariable %210 %198 %12 %uint_39 %uint_7 %2977 %uint_0 %uint_4,,,,,,,,,,,
2405,%L_1 = OpExtInst %void %2 DebugLocalVariable %2736 %261 %12 %uint_39 %uint_7 %2977 %uint_0 %uint_3,,,,,,,,,,,
2406,%V_0 = OpExtInst %void %2 DebugLocalVariable %1222 %261 %12 %uint_39 %uint_7 %2977 %uint_0 %uint_2,,,,,,,,,,,
2407,%N_5 = OpExtInst %void %2 DebugLocalVariable %918 %261 %12 %uint_39 %uint_7 %2977 %uint_0 %uint_1,,,,,,,,,,,
2408,%NdotV_0 = OpExtInst %void %2 DebugLocalVariable %2839 %198 %12 %uint_41 %uint_11 %2977 %uint_0,,,,,,,,,,,
2409,%NdotL_0 = OpExtInst %void %2 DebugLocalVariable %2848 %198 %12 %uint_42 %uint_11 %2977 %uint_0,,,,,,,,,,,
2410,%ggx2 = OpExtInst %void %2 DebugLocalVariable %3010 %198 %12 %uint_43 %uint_11 %2977 %uint_0,,,,,,,,,,,
2411,%3024 = OpExtInst %void %2 DebugTypeFunction %uint_0 %void,,,,,,,,,,,
2412,%3025 = OpExtInst %void %2 DebugFunction %3026 %3024 %12 %uint_28 %uint_7 %10 %3026 %uint_0 %uint_28,,,,,,,,,,,
2413,%roughness_4 = OpExtInst %void %2 DebugLocalVariable %210 %198 %12 %uint_28 %uint_7 %3025 %uint_0 %uint_2,,,,,,,,,,,
2414,%NdotV_1 = OpExtInst %void %2 DebugLocalVariable %2839 %198 %12 %uint_28 %uint_7 %3025 %uint_0 %uint_1,,,,,,,,,,,
2415,%r = OpExtInst %void %2 DebugLocalVariable %3039 %198 %12 %uint_30 %uint_11 %3025 %uint_0,,,,,,,,,,,
2416,%k = OpExtInst %void %2 DebugLocalVariable %3045 %198 %12 %uint_31 %uint_11 %3025 %uint_0,,,,,,,,,,,
2417,%num_0 = OpExtInst %void %2 DebugLocalVariable %2934 %198 %12 %uint_33 %uint_11 %3025 %uint_0,,,,,,,,,,,
2418,%denom_0 = OpExtInst %void %2 DebugLocalVariable %2939 %198 %12 %uint_34 %uint_11 %3025 %uint_0,,,,,,,,,,,
2419,%ggx1 = OpExtInst %void %2 DebugLocalVariable %3069 %198 %12 %uint_44 %uint_11 %2977 %uint_0,,,,,,,,,,,
2420,%F = OpExtInst %void %2 DebugLocalVariable %3080 %261 %15 %uint_136 %uint_16 %687 %uint_0,,,,,,,,,,,
2421,%3090 = OpExtInst %void %2 DebugTypeFunction %uint_0 %void,,,,,,,,,,,
2422,%3091 = OpExtInst %void %2 DebugFunction %3092 %3090 %12 %uint_4 %uint_8 %10 %3092 %uint_0 %uint_4,,,,,,,,,,,
2423,%F0_1 = OpExtInst %void %2 DebugLocalVariable %1235 %261 %12 %uint_4 %uint_8 %3091 %uint_0 %uint_2,,,,,,,,,,,
2424,%cosTheta_0 = OpExtInst %void %2 DebugLocalVariable %2527 %198 %12 %uint_4 %uint_8 %3091 %uint_0 %uint_1,,,,,,,,,,,
2425,%kS_0 = OpExtInst %void %2 DebugLocalVariable %2498 %261 %15 %uint_138 %uint_16 %687 %uint_0,,,,,,,,,,,
2426,%kD_2 = OpExtInst %void %2 DebugLocalVariable %2547 %261 %15 %uint_139 %uint_16 %687 %uint_0,,,,,,,,,,,
2427,%numerator = OpExtInst %void %2 DebugLocalVariable %3129 %261 %15 %uint_142 %uint_16 %687 %uint_0,,,,,,,,,,,
2428,%denominator = OpExtInst %void %2 DebugLocalVariable %3136 %198 %15 %uint_143 %uint_15 %687 %uint_0,,,,,,,,,,,
2429,%specular = OpExtInst %void %2 DebugLocalVariable %3145 %261 %15 %uint_144 %uint_16 %687 %uint_0,,,,,,,,,,,
2430,%shadow_0 = OpExtInst %void %2 DebugLocalVariable %3162 %198 %15 %uint_148 %uint_15 %687 %uint_0,,,,,,,,,,,
2431,%geometricNormal = OpExtInst %void %2 DebugLocalVariable %3178 %261 %15 %uint_150 %uint_20 %687 %uint_0,,,,,,,,,,,
2432,%3212 = OpExtInst %void %2 DebugTypeFunction %uint_0 %void,,,,,,,,,,,
2433,%3213 = OpExtInst %void %2 DebugFunction %3214 %3212 %18 %uint_248 %uint_7 %10 %3214 %uint_0 %uint_248,,,,,,,,,,,
2434,%shadowAtlasIdx = OpExtInst %void %2 DebugLocalVariable %3229 %94 %18 %uint_248 %uint_7 %3213 %uint_0 %uint_7,,,,,,,,,,,
2435,%light = OpExtInst %void %2 DebugLocalVariable %3233 %2689 %18 %uint_248 %uint_7 %3213 %uint_0 %uint_6,,,,,,,,,,,
2436,%L_2 = OpExtInst %void %2 DebugLocalVariable %2736 %261 %18 %uint_248 %uint_7 %3213 %uint_0 %uint_5,,,,,,,,,,,
2437,%geometricNormal_0 = OpExtInst %void %2 DebugLocalVariable %3178 %261 %18 %uint_248 %uint_7 %3213 %uint_0 %uint_4,,,,,,,,,,,
2438,%cameraForward = OpExtInst %void %2 DebugLocalVariable %3243 %261 %18 %uint_248 %uint_7 %3213 %uint_0 %uint_3,,,,,,,,,,,
2439,%cameraPos = OpExtInst %void %2 DebugLocalVariable %3247 %261 %18 %uint_248 %uint_7 %3213 %uint_0 %uint_2,,,,,,,,,,,
2440,%fragWorldPos = OpExtInst %void %2 DebugLocalVariable %3251 %261 %18 %uint_248 %uint_7 %3213 %uint_0 %uint_1,,,,,,,,,,,
2441,%3310 = OpExtInst %void %2 DebugTypeFunction %uint_0 %void,,,,,,,,,,,
2442,%3311 = OpExtInst %void %2 DebugFunction %3312 %3310 %18 %uint_203 %uint_7 %10 %3312 %uint_0 %uint_203,,,,,,,,,,,
2443,%shadowAtlasIdx_0 = OpExtInst %void %2 DebugLocalVariable %3229 %94 %18 %uint_203 %uint_7 %3311 %uint_0 %uint_5,,,,,,,,,,,
2444,%light_0 = OpExtInst %void %2 DebugLocalVariable %3233 %2689 %18 %uint_203 %uint_7 %3311 %uint_0 %uint_4,,,,,,,,,,,
2445,%L_3 = OpExtInst %void %2 DebugLocalVariable %2736 %261 %18 %uint_203 %uint_7 %3311 %uint_0 %uint_3,,,,,,,,,,,
2446,%geometricNormal_1 = OpExtInst %void %2 DebugLocalVariable %3178 %261 %18 %uint_203 %uint_7 %3311 %uint_0 %uint_2,,,,,,,,,,,
2447,%fragWorldPos_0 = OpExtInst %void %2 DebugLocalVariable %3251 %261 %18 %uint_203 %uint_7 %3311 %uint_0 %uint_1,,,,,,,,,,,
2448,%fragToLight = OpExtInst %void %2 DebugLocalVariable %3388 %261 %18 %uint_205 %uint_12 %3311 %uint_0,,,,,,,,,,,
2449,%absDir = OpExtInst %void %2 DebugLocalVariable %3397 %261 %18 %uint_206 %uint_12 %3311 %uint_0,,,,,,,,,,,
2450,%faceIndex = OpExtInst %void %2 DebugLocalVariable %3404 %1258 %18 %uint_208 %uint_9 %3311 %uint_0,,,,,,,,,,,
2451,%3478 = OpExtInst %void %2 DebugTypeMember %2650 %409 %18 %uint_72 %uint_8 %uint_0 %uint_512 %uint_0,,,,,,,,,,,
2452,%3480 = OpExtInst %void %2 DebugTypeMember %2652 %408 %18 %uint_72 %uint_8 %uint_512 %uint_128 %uint_0,,,,,,,,,,,
2453,%3481 = OpExtInst %void %2 DebugTypeComposite %3482 %uint_1 %18 %uint_72 %uint_8 %10 %3482 %uint_640 %uint_131072 %3478 %3480,,,,,,,,,,,
2454,%face = OpExtInst %void %2 DebugLocalVariable %3484 %3481 %18 %uint_217 %uint_15 %3311 %uint_0,,,,,,,,,,,
2455,%NdotL_1 = OpExtInst %void %2 DebugLocalVariable %2848 %198 %18 %uint_219 %uint_11 %3311 %uint_0,,,,,,,,,,,
2456,%normalOffset = OpExtInst %void %2 DebugLocalVariable %3539 %198 %18 %uint_220 %uint_11 %3311 %uint_0,,,,,,,,,,,
2457,%biasedPos = OpExtInst %void %2 DebugLocalVariable %3553 %261 %18 %uint_221 %uint_12 %3311 %uint_0,,,,,,,,,,,
2458,%fragPosLightSpace = OpExtInst %void %2 DebugLocalVariable %3561 %408 %18 %uint_223 %uint_12 %3311 %uint_0,,,,,,,,,,,
2459,%projCoords = OpExtInst %void %2 DebugLocalVariable %3568 %261 %18 %uint_224 %uint_12 %3311 %uint_0,,,,,,,,,,,
2460,%texelSize = OpExtInst %void %2 DebugLocalVariable %2656 %198 %18 %uint_228 %uint_11 %3311 %uint_0,,,,,,,,,,,
2461,%currentDepth = OpExtInst %void %2 DebugLocalVariable %3640 %198 %18 %uint_234 %uint_11 %3311 %uint_0,,,,,,,,,,,
2462,%rangeMin = OpExtInst %void %2 DebugLocalVariable %3649 %266 %18 %uint_236 %uint_12 %3311 %uint_0,,,,,,,,,,,
2463,%rangeSpan = OpExtInst %void %2 DebugLocalVariable %3656 %266 %18 %uint_237 %uint_12 %3311 %uint_0,,,,,,,,,,,
2464,%atlasUV = OpExtInst %void %2 DebugLocalVariable %3664 %266 %18 %uint_239 %uint_12 %3311 %uint_0,,,,,,,,,,,
2465,%lit = OpExtInst %void %2 DebugLocalVariable %3674 %198 %18 %uint_240 %uint_11 %3311 %uint_0,,,,,,,,,,,
2466,%3740 = OpExtInst %void %2 DebugFunction %3741 %3212 %18 %uint_149 %uint_7 %10 %3741 %uint_0 %uint_149,,,,,,,,,,,
2467,%shadowAtlasIdx_1 = OpExtInst %void %2 DebugLocalVariable %3229 %94 %18 %uint_149 %uint_7 %3740 %uint_0 %uint_7,,,,,,,,,,,
2468,%light_1 = OpExtInst %void %2 DebugLocalVariable %3233 %2689 %18 %uint_149 %uint_7 %3740 %uint_0 %uint_6,,,,,,,,,,,
2469,%L_4 = OpExtInst %void %2 DebugLocalVariable %2736 %261 %18 %uint_149 %uint_7 %3740 %uint_0 %uint_5,,,,,,,,,,,
2470,%geometricNormal_2 = OpExtInst %void %2 DebugLocalVariable %3178 %261 %18 %uint_149 %uint_7 %3740 %uint_0 %uint_4,,,,,,,,,,,
2471,%cameraForward_0 = OpExtInst %void %2 DebugLocalVariable %3243 %261 %18 %uint_149 %uint_7 %3740 %uint_0 %uint_3,,,,,,,,,,,
2472,%cameraPos_0 = OpExtInst %void %2 DebugLocalVariable %3247 %261 %18 %uint_149 %uint_7 %3740 %uint_0 %uint_2,,,,,,,,,,,
2473,%fragWorldPos_1 = OpExtInst %void %2 DebugLocalVariable %3251 %261 %18 %uint_149 %uint_7 %3740 %uint_0 %uint_1,,,,,,,,,,,
2474,%viewDepth = OpExtInst %void %2 DebugLocalVariable %3847 %198 %18 %uint_151 %uint_11 %3740 %uint_0,,,,,,,,,,,
2475,%cascadeIndex = OpExtInst %void %2 DebugLocalVariable %3855 %1258 %18 %uint_153 %uint_9 %3740 %uint_0,,,,,,,,,,,
2476,%i_3 = OpExtInst %void %2 DebugLocalVariable %1261 %1258 %18 %uint_154 %uint_14 %3740 %uint_0,,,,,,,,,,,
2477,%c = OpExtInst %void %2 DebugLocalVariable %3920 %1258 %18 %uint_168 %uint_14 %3740 %uint_0,,,,,,,,,,,
2478,%3939 = OpExtInst %void %2 DebugTypeMember %2650 %409 %18 %uint_63 %uint_8 %uint_0 %uint_512 %uint_0,,,,,,,,,,,
2479,%3940 = OpExtInst %void %2 DebugTypeMember %2652 %408 %18 %uint_63 %uint_8 %uint_512 %uint_128 %uint_0,,,,,,,,,,,
2480,%3941 = OpExtInst %void %2 DebugTypeMember %2654 %198 %18 %uint_63 %uint_8 %uint_640 %uint_32 %uint_0,,,,,,,,,,,
2481,%3942 = OpExtInst %void %2 DebugTypeMember %2656 %198 %18 %uint_63 %uint_8 %uint_672 %uint_32 %uint_0,,,,,,,,,,,
2482,%3943 = OpExtInst %void %2 DebugTypeMember %2659 %198 %18 %uint_63 %uint_8 %uint_704 %uint_32 %uint_0,,,,,,,,,,,
2483,%3944 = OpExtInst %void %2 DebugTypeMember %2662 %198 %18 %uint_63 %uint_8 %uint_736 %uint_32 %uint_0,,,,,,,,,,,
2484,%3945 = OpExtInst %void %2 DebugTypeComposite %3946 %uint_1 %18 %uint_63 %uint_8 %10 %3946 %uint_768 %uint_131072 %3939 %3940 %3941 %3942 %3943 %3944,,,,,,,,,,,
2485,%cascade = OpExtInst %void %2 DebugLocalVariable %3948 %3945 %18 %uint_169 %uint_17 %3740 %uint_0,,,,,,,,,,,
2486,%NdotL_2 = OpExtInst %void %2 DebugLocalVariable %2848 %198 %18 %uint_171 %uint_15 %3740 %uint_0,,,,,,,,,,,
2487,%normalOffset_0 = OpExtInst %void %2 DebugLocalVariable %3539 %198 %18 %uint_172 %uint_15 %3740 %uint_0,,,,,,,,,,,
2488,%biasedPos_0 = OpExtInst %void %2 DebugLocalVariable %3553 %261 %18 %uint_173 %uint_16 %3740 %uint_0,,,,,,,,,,,
2489,%fragPosLightSpace_0 = OpExtInst %void %2 DebugLocalVariable %3561 %408 %18 %uint_175 %uint_16 %3740 %uint_0,,,,,,,,,,,
2490,%projCoords_0 = OpExtInst %void %2 DebugLocalVariable %3568 %261 %18 %uint_176 %uint_16 %3740 %uint_0,,,,,,,,,,,
2491,%texelSize_0 = OpExtInst %void %2 DebugLocalVariable %2656 %198 %18 %uint_180 %uint_15 %3740 %uint_0,,,,,,,,,,,
2492,%currentDepth_0 = OpExtInst %void %2 DebugLocalVariable %3640 %198 %18 %uint_187 %uint_15 %3740 %uint_0,,,,,,,,,,,
2493,%rangeMin_0 = OpExtInst %void %2 DebugLocalVariable %3649 %266 %18 %uint_189 %uint_16 %3740 %uint_0,,,,,,,,,,,
2494,%rangeSpan_0 = OpExtInst %void %2 DebugLocalVariable %3656 %266 %18 %uint_190 %uint_16 %3740 %uint_0,,,,,,,,,,,
2495,%atlasUV_0 = OpExtInst %void %2 DebugLocalVariable %3664 %266 %18 %uint_192 %uint_16 %3740 %uint_0,,,,,,,,,,,
2496,%lit_0 = OpExtInst %void %2 DebugLocalVariable %3674 %198 %18 %uint_193 %uint_15 %3740 %uint_0,,,,,,,,,,,
2497,%6048 = OpExtInst %void %2 DebugInlinedAt %uint_8 %25,,,,,,,,,,,
2498,%6398 = OpExtInst %void %2 DebugInlinedAt %uint_355 %89 %6048,,,,,,,,,,,
2499,%6516 = OpExtInst %void %2 DebugInlinedAt %uint_81 %687,,,,,,,,,,,
2500,%6549 = OpExtInst %void %2 DebugInlinedAt %uint_134 %687,,,,,,,,,,,
2501,%6610 = OpExtInst %void %2 DebugInlinedAt %uint_135 %687,,,,,,,,,,,
2502,%6656 = OpExtInst %void %2 DebugInlinedAt %uint_43 %2977 %6610,,,,,,,,,,,
2503,%6698 = OpExtInst %void %2 DebugInlinedAt %uint_44 %2977 %6610,,,,,,,,,,,
2504,%6740 = OpExtInst %void %2 DebugInlinedAt %uint_136 %687,,,,,,,,,,,
2505,%6765 = OpExtInst %void %2 DebugInlinedAt %uint_151 %687,,,,,,,,,,,
2506,%6819 = OpExtInst %void %2 DebugInlinedAt %uint_253 %3213 %6765,,,,,,,,,,,
2507,%7207 = OpExtInst %void %2 DebugInlinedAt %uint_251 %3213 %6765,,,,,,,,,,,
2508,%7675 = OpExtInst %void %2 DebugInlinedAt %uint_178 %687,,,,,,,,,,,
2509,%7896 = OpExtInst %void %2 DebugInlinedAt %uint_159 %1404 %7675,,,,,,,,,,,
2510,%8343 = OpExtInst %void %2 DebugInlinedAt %uint_99 %1700 %7896,,,,,,,,,,,
2511,%8387 = OpExtInst %void %2 DebugInlinedAt %uint_119 %1700 %7896,,,,,,,,,,,
2512,%8404 = OpExtInst %void %2 DebugInlinedAt %uint_174 %687,,,,,,,,,,,
2513,%8562 = OpExtInst %void %2 DebugInlinedAt %uint_181 %2306 %8404,,,,,,,,,,,
2514,%8606 = OpExtInst %void %2 DebugInlinedAt %uint_186 %2306 %8404,,,,,,,,,,,
2515,%8627 = OpExtInst %void %2 DebugInlinedAt %uint_169 %2439 %8606,,,,,,,,,,,
2516,%8644 = OpExtInst %void %2 DebugInlinedAt %uint_186 %2306 %8404,,,,,,,,,,,
2517,%8665 = OpExtInst %void %2 DebugInlinedAt %uint_169 %2439 %8644,,,,,,,,,,,
2518,%8682 = OpExtInst %void %2 DebugInlinedAt %uint_186 %2306 %8404,,,,,,,,,,,
2519,%8703 = OpExtInst %void %2 DebugInlinedAt %uint_169 %2439 %8682,,,,,,,,,,,
2520,%8720 = OpExtInst %void %2 DebugInlinedAt %uint_186 %687,,,,,,,,,,,
2521,%8754 = OpExtInst %void %2 DebugExpression %8755,,,,,,,,,,,
2522,%8820 = OpExtInst %void %2 DebugExpression %8755,,,,,,,,,,,
2523,%8865 = OpExtInst %void %2 DebugExpression %8755,,,,,,,,,,,
2524,%8942 = OpExtInst %void %2 DebugExpression %8755,,,,,,,,,,,
2525,%8975 = OpExtInst %void %2 DebugExpression %8755,,,,,,,,,,,
2526,%9082 = OpExtInst %void %2 DebugExpression %8755,,,,,,,,,,,
2527,%9101 = OpExtInst %void %2 DebugExpression %8755,,,,,,,,,,,
2528,%9152 = OpExtInst %void %2 DebugExpression %8755,,,,,,,,,,,
2529,%9168 = OpExtInst %void %2 DebugExpression %8755,,,,,,,,,,,
2530,%9215 = OpExtInst %void %2 DebugExpression %8755,,,,,,,,,,,
2531,%vertMain = OpFunction %void None %21,,,,,,,,,,,
2532,%22 = OpLabel,,,,,,,,,,,
2533,%8974 = OpVariable %_ptr_Function_uint Function,,,,,,,,,,,
2534,%8973 = OpVariable %_ptr_Function_uint Function,,,,,,,,,,,
2535,%8972 = OpVariable %_ptr_Function_v3float Function,,,,,,,,,,,
2536,%8971 = OpVariable %_ptr_Function_v3float Function,,,,,,,,,,,
2537,%8970 = OpVariable %_ptr_Function_v2float Function,,,,,,,,,,,
2538,%8969 = OpVariable %_ptr_Function_v3float Function,,,,,,,,,,,
2539,%8968 = OpVariable %_ptr_Function_v3float Function,,,,,,,,,,,
2540,%8967 = OpVariable %_ptr_Function_v4float Function,,,,,,,,,,,
2541,%8941 = OpVariable %_ptr_Function_v3float Function,,,,,,,,,,,
2542,%8940 = OpVariable %_ptr_Function_v2float Function,,,,,,,,,,,
2543,%8939 = OpVariable %_ptr_Function_v3float Function,,,,,,,,,,,
2544,%8938 = OpVariable %_ptr_Function_v3float Function,,,,,,,,,,,
2545,%8864 = OpVariable %_ptr_Function_uint Function,,,,,,,,,,,
2546,%8863 = OpVariable %_ptr_Function_float Function,,,,,,,,,,,
2547,%8862 = OpVariable %_ptr_Function_float Function,,,,,,,,,,,
2548,%8861 = OpVariable %_ptr_Function_float Function,,,,,,,,,,,
2549,%8860 = OpVariable %_ptr_Function_uint Function,,,,,,,,,,,
2550,%8859 = OpVariable %_ptr_Function_float Function,,,,,,,,,,,
2551,%8858 = OpVariable %_ptr_Function_uint Function,,,,,,,,,,,
2552,%8857 = OpVariable %_ptr_Function_uint Function,,,,,,,,,,,
2553,%8856 = OpVariable %_ptr_Function_uint Function,,,,,,,,,,,
2554,%8855 = OpVariable %_ptr_Function_uint Function,,,,,,,,,,,
2555,%8854 = OpVariable %_ptr_Function_uint Function,,,,,,,,,,,
2556,%8853 = OpVariable %_ptr_Function_uint Function,,,,,,,,,,,
2557,%8819 = OpVariable %_ptr_Function_uint Function,,,,,,,,,,,
2558,%8818 = OpVariable %_ptr_Function_uint Function,,,,,,,,,,,
2559,%8817 = OpVariable %_ptr_Function_uint Function,,,,,,,,,,,
2560,%8816 = OpVariable %_ptr_Function_uint Function,,,,,,,,,,,
2561,%8753 = OpVariable %_ptr_Function_v3float Function,,,,,,,,,,,
2562,%8752 = OpVariable %_ptr_Function_v2float Function,,,,,,,,,,,
2563,%8751 = OpVariable %_ptr_Function_v3float Function,,,,,,,,,,,
2564,%8750 = OpVariable %_ptr_Function_v3float Function,,,,,,,,,,,
2565,%6397 = OpVariable %_ptr_Function_uint Function,,,,,,,,,,,
2566,%6399 = OpVariable %_ptr_Function_uint Function,,,,,,,,,,,
2567,%6400 = OpVariable %_ptr_Function_uint Function,,,,,,,,,,,
2568,%6401 = OpVariable %_ptr_Function__ptr_PhysicalStorageBuffer_float Function,,,,,,,,,,,
2569,%6404 = OpVariable %_ptr_Function_uint Function,,,,,,,,,,,
2570,%6405 = OpVariable %_ptr_Function__ptr_PhysicalStorageBuffer_float Function,,,,,,,,,,,
2571,%6047 = OpVariable %_ptr_Function_uint Function,,,,,,,,,,,
2572,%6049 = OpVariable %_ptr_Function_uint Function,,,,,,,,,,,
2573,%6050 = OpVariable %_ptr_Function_uint Function,,,,,,,,,,,
2574,%6052 = OpVariable %_ptr_Function_uint Function,,,,,,,,,,,
2575,%6055 = OpVariable %_ptr_Function_mat4v4float Function,,,,,,,,,,,
2576,%6058 = OpVariable %_ptr_Function_v4float Function,,,,,,,,,,,
2577,%9293 = OpExtInst %void %2 DebugScope %89 %6048,,,,,,,,,,,
2578,%8999 = OpExtInst %void %2 DebugLine %18 %uint_358 %uint_358 %uint_5 %uint_6,,,,,,,,,,,
2579,%8998 = OpExtInst %void %2 DebugValue %output %8974 %8975 %int_7,,,,,,,,,,,
2580,%8995 = OpExtInst %void %2 DebugValue %output %8973 %8975 %int_6,,,,,,,,,,,
2581,%8992 = OpExtInst %void %2 DebugValue %output %8972 %8975 %int_5,,,,,,,,,,,
2582,%8989 = OpExtInst %void %2 DebugValue %output %8971 %8975 %int_4,,,,,,,,,,,
2583,%8986 = OpExtInst %void %2 DebugValue %output %8970 %8975 %int_3,,,,,,,,,,,
2584,%8983 = OpExtInst %void %2 DebugValue %output %8969 %8975 %int_2,,,,,,,,,,,
2585,%8980 = OpExtInst %void %2 DebugValue %output %8968 %8975 %int_1,,,,,,,,,,,
2586,%8977 = OpExtInst %void %2 DebugValue %output %8967 %8975 %int_0,,,,,,,,,,,
2587,%8954 = OpExtInst %void %2 DebugLine %18 %uint_355 %uint_355 %uint_5 %uint_6,,,,,,,,,,,
2588,%8953 = OpExtInst %void %2 DebugValue %vertex %8941 %8942 %int_3,,,,,,,,,,,
2589,%8950 = OpExtInst %void %2 DebugValue %vertex %8940 %8942 %int_2,,,,,,,,,,,
2590,%8947 = OpExtInst %void %2 DebugValue %vertex %8939 %8942 %int_1,,,,,,,,,,,
2591,%8944 = OpExtInst %void %2 DebugValue %vertex %8938 %8942 %int_0,,,,,,,,,,,
2592,%8901 = OpExtInst %void %2 DebugLine %18 %uint_353 %uint_353 %uint_5 %uint_6,,,,,,,,,,,
2593,%8900 = OpExtInst %void %2 DebugValue %draw %8864 %8865 %int_11,,,,,,,,,,,
2594,%8897 = OpExtInst %void %2 DebugValue %draw %8863 %8865 %int_10,,,,,,,,,,,
2595,%8894 = OpExtInst %void %2 DebugValue %draw %8862 %8865 %int_9,,,,,,,,,,,
2596,%8891 = OpExtInst %void %2 DebugValue %draw %8861 %8865 %int_8,,,,,,,,,,,
2597,%8888 = OpExtInst %void %2 DebugValue %draw %8860 %8865 %int_7,,,,,,,,,,,
2598,%8885 = OpExtInst %void %2 DebugValue %draw %8859 %8865 %int_6,,,,,,,,,,,
2599,%8882 = OpExtInst %void %2 DebugValue %draw %8858 %8865 %int_5,,,,,,,,,,,
2600,%8879 = OpExtInst %void %2 DebugValue %draw %8857 %8865 %int_4,,,,,,,,,,,
2601,%8876 = OpExtInst %void %2 DebugValue %draw %8856 %8865 %int_3,,,,,,,,,,,
2602,%8873 = OpExtInst %void %2 DebugValue %draw %8855 %8865 %int_2,,,,,,,,,,,
2603,%8870 = OpExtInst %void %2 DebugValue %draw %8854 %8865 %int_1,,,,,,,,,,,
2604,%8867 = OpExtInst %void %2 DebugValue %draw %8853 %8865 %int_0,,,,,,,,,,,
2605,%8840 = OpExtInst %void %2 DebugLine %18 %uint_351 %uint_351 %uint_5 %uint_6,,,,,,,,,,,
2606,%8839 = OpExtInst %void %2 DebugValue %mesh %8819 %8820 %int_3,,,,,,,,,,,
2607,%8834 = OpExtInst %void %2 DebugValue %mesh %8818 %8820 %int_2,,,,,,,,,,,
2608,%8829 = OpExtInst %void %2 DebugValue %mesh %8817 %8820 %int_1,,,,,,,,,,,
2609,%8824 = OpExtInst %void %2 DebugValue %mesh %8816 %8820 %int_0,,,,,,,,,,,
2610,%9294 = OpExtInst %void %2 DebugScope %298 %6398,,,,,,,,,,,
2611,%8775 = OpExtInst %void %2 DebugLine %18 %uint_329 %uint_329 %uint_5 %uint_6,,,,,,,,,,,
2612,%8774 = OpExtInst %void %2 DebugValue %vert %8753 %8754 %int_3,,,,,,,,,,,
2613,%8769 = OpExtInst %void %2 DebugValue %vert %8752 %8754 %int_2,,,,,,,,,,,
2614,%8764 = OpExtInst %void %2 DebugValue %vert %8751 %8754 %int_1,,,,,,,,,,,
2615,%8759 = OpExtInst %void %2 DebugValue %vert %8750 %8754 %int_0,,,,,,,,,,,
2616,%9295 = OpExtInst %void %2 DebugNoLine,,,,,,,,,,,
2617,%9296 = OpExtInst %void %2 DebugNoScope,,,,,,,,,,,
2618,%29 = OpExtInst %void %2 DebugFunctionDefinition %25 %vertMain,,,,,,,,,,,
2619,%9297 = OpExtInst %void %2 DebugScope %25,,,,,,,,,,,
2620,%35 = OpLoad %int %37,,,,,,,,,,,
2621,%38 = OpLoad %int %gl_VertexIndex,,,,,,,,,,,
2622,%40 = OpISub %int %38 %35,,,,,,,,,,,
2623,%41 = OpBitcast %uint %40,,,,,,,,,,,
2624,%42 = OpLoad %int %gl_BaseInstance,,,,,,,,,,,
2625,%44 = OpLoad %int %gl_InstanceIndex,,,,,,,,,,,
2626,%46 = OpISub %int %44 %42,,,,,,,,,,,
2627,%47 = OpBitcast %uint %46,,,,,,,,,,,
2628,%48 = OpLoad %int %49,,,,,,,,,,,
2629,%50 = OpBitcast %uint %48,,,,,,,,,,,
2630,%9298 = OpExtInst %void %2 DebugScope %89 %6048,,,,,,,,,,,
2631,%6062 = OpExtInst %void %2 DebugDeclare %drawID %6047 %101,,,,,,,,,,,
2632,OpStore %6047 %50,,,,,,,,,,,
2633,%6063 = OpExtInst %void %2 DebugDeclare %instanceID %6049 %101,,,,,,,,,,,
2634,OpStore %6049 %47,,,,,,,,,,,
2635,%6064 = OpExtInst %void %2 DebugDeclare %vertexID %6050 %101,,,,,,,,,,,
2636,OpStore %6050 %41,,,,,,,,,,,
2637,%6221 = OpExtInst %void %2 DebugLine %18 %uint_351 %uint_351 %uint_5 %uint_6,,,,,,,,,,,
,// C:/Users/vicro/Desktop/vulkan-renderer/repo/shader-forge/shaders/modules/common.slang:351,,,,,,,,
,LitMeshDrawData mesh = pc.litMeshDrawData[drawID + pc.drawIDOffset];,,,,,,,,,,,
2638,%6066 = OpAccessChain %_ptr_PushConstant_145 %pc %int_4,,,,,,,,,,,
2639,%6067 = OpAccessChain %_ptr_PushConstant_uint %pc %int_6,,,,,,,,,,,
2640,%6068 = OpLoad %uint %6067,,,,,,,,,,,
2641,%6069 = OpIAdd %uint %50 %6068,,,,,,,,,,,
2642,%6070 = OpLoad %_ptr_PhysicalStorageBuffer_LitMeshDrawData_natural %6066,,,,,,,,,,,
2643,%6071 = OpPtrAccessChain %_ptr_PhysicalStorageBuffer_LitMeshDrawData_natural %6070 %6069,,,,,,,,,,,
2644,%6072 = OpAccessChain %_ptr_PhysicalStorageBuffer_uint %6071 %int_0,,,,,,,,,,,
2645,%6073 = OpLoad %uint %6072 Aligned 4,,,,,,,,,,,
2646,%6074 = OpAccessChain %_ptr_PhysicalStorageBuffer_uint %6071 %int_1,,,,,,,,,,,
2647,%6075 = OpLoad %uint %6074 Aligned 4,,,,,,,,,,,
2648,%6076 = OpAccessChain %_ptr_PhysicalStorageBuffer_uint %6071 %int_2,,,,,,,,,,,
2649,%6077 = OpLoad %uint %6076 Aligned 4,,,,,,,,,,,
2650,%6078 = OpAccessChain %_ptr_PhysicalStorageBuffer_uint %6071 %int_3,,,,,,,,,,,
2651,%6079 = OpLoad %uint %6078 Aligned 4,,,,,,,,,,,
2652,OpStore %8816 %6073,,,,,,,,,,,
2653,OpStore %8817 %6075,,,,,,,,,,,
2654,OpStore %8818 %6077,,,,,,,,,,,
2655,OpStore %8819 %6079,,,,,,,,,,,
2656,%6237 = OpExtInst %void %2 DebugLine %18 %uint_352 %uint_352 %uint_5 %uint_6,,,,,,,,,,,
2657,%6081 = OpExtInst %void %2 DebugDeclare %absInstance %6052 %101,,,,,,,,,,,
,uint absInstance = mesh.firstInstance + instanceID;,,,,,,,,,,,
2658,%6082 = OpIAdd %uint %6079 %47,,,,,,,,,,,
2659,OpStore %6052 %6082,,,,,,,,,,,
2660,%6241 = OpExtInst %void %2 DebugLine %18 %uint_353 %uint_353 %uint_5 %uint_6,,,,,,,,,,,
,LitInstanceData draw = pc.litInstanceData[absInstance];,,,,,,,,,,,
2661,%6084 = OpAccessChain %_ptr_PushConstant_143 %pc %int_3,,,,,,,,,,,
2662,%6085 = OpLoad %_ptr_PhysicalStorageBuffer_LitInstanceData_natural %6084,,,,,,,,,,,
2663,%6086 = OpPtrAccessChain %_ptr_PhysicalStorageBuffer_LitInstanceData_natural %6085 %6082,,,,,,,,,,,
2664,%6087 = OpAccessChain %_ptr_PhysicalStorageBuffer_uint %6086 %int_0,,,,,,,,,,,
2665,%6088 = OpLoad %uint %6087 Aligned 4,,,,,,,,,,,
2666,%6089 = OpAccessChain %_ptr_PhysicalStorageBuffer_uint %6086 %int_1,,,,,,,,,,,
2667,%6090 = OpLoad %uint %6089 Aligned 4,,,,,,,,,,,
2668,%6091 = OpAccessChain %_ptr_PhysicalStorageBuffer_uint %6086 %int_2,,,,,,,,,,,
2669,%6092 = OpLoad %uint %6091 Aligned 4,,,,,,,,,,,
2670,%6093 = OpAccessChain %_ptr_PhysicalStorageBuffer_uint %6086 %int_3,,,,,,,,,,,
2671,%6094 = OpLoad %uint %6093 Aligned 4,,,,,,,,,,,
2672,%6095 = OpAccessChain %_ptr_PhysicalStorageBuffer_uint %6086 %int_4,,,,,,,,,,,
2673,%6096 = OpLoad %uint %6095 Aligned 4,,,,,,,,,,,
2674,%6097 = OpAccessChain %_ptr_PhysicalStorageBuffer_uint %6086 %int_5,,,,,,,,,,,
2675,%6098 = OpLoad %uint %6097 Aligned 4,,,,,,,,,,,
2676,%6099 = OpAccessChain %_ptr_PhysicalStorageBuffer_float %6086 %int_6,,,,,,,,,,,
2677,%6100 = OpLoad %float %6099 Aligned 4,,,,,,,,,,,
2678,%6101 = OpAccessChain %_ptr_PhysicalStorageBuffer_uint %6086 %int_7,,,,,,,,,,,
2679,%6102 = OpLoad %uint %6101 Aligned 4,,,,,,,,,,,
2680,%6103 = OpAccessChain %_ptr_PhysicalStorageBuffer_float %6086 %int_8,,,,,,,,,,,
2681,%6104 = OpLoad %float %6103 Aligned 4,,,,,,,,,,,
2682,%6105 = OpAccessChain %_ptr_PhysicalStorageBuffer_float %6086 %int_9,,,,,,,,,,,
2683,%6106 = OpLoad %float %6105 Aligned 4,,,,,,,,,,,
2684,%6107 = OpAccessChain %_ptr_PhysicalStorageBuffer_float %6086 %int_10,,,,,,,,,,,
2685,%6108 = OpLoad %float %6107 Aligned 4,,,,,,,,,,,
2686,%6109 = OpAccessChain %_ptr_PhysicalStorageBuffer_uint %6086 %int_11,,,,,,,,,,,
2687,%6110 = OpLoad %uint %6109 Aligned 4,,,,,,,,,,,
2688,OpStore %8853 %6088,,,,,,,,,,,
2689,OpStore %8854 %6090,,,,,,,,,,,
2690,OpStore %8855 %6092,,,,,,,,,,,
2691,OpStore %8856 %6094,,,,,,,,,,,
2692,OpStore %8857 %6096,,,,,,,,,,,
2693,OpStore %8858 %6098,,,,,,,,,,,
2694,OpStore %8859 %6100,,,,,,,,,,,
2695,OpStore %8860 %6102,,,,,,,,,,,
2696,OpStore %8861 %6104,,,,,,,,,,,
2697,OpStore %8862 %6106,,,,,,,,,,,
2698,OpStore %8863 %6108,,,,,,,,,,,
2699,OpStore %8864 %6110,,,,,,,,,,,
2700,%6271 = OpExtInst %void %2 DebugLine %18 %uint_355 %uint_355 %uint_5 %uint_6,,,,,,,,,,,
,"Vertex vertex = loadVertex(pc.vertexBuffer, vertexID, mesh.vertexStride, mesh.vertexOffset);",,,,,,,,,,,
2701,%6113 = OpAccessChain %_ptr_PushConstant__ptr_PhysicalStorageBuffer_float %pc %int_0,,,,,,,,,,,
2702,%6114 = OpLoad %_ptr_PhysicalStorageBuffer_float %6113,,,,,,,,,,,
2703,%9299 = OpExtInst %void %2 DebugNoLine,,,,,,,,,,,
2704,%9300 = OpExtInst %void %2 DebugScope %298 %6398,,,,,,,,,,,
2705,%6409 = OpExtInst %void %2 DebugDeclare %offset %6397 %101,,,,,,,,,,,
2706,OpStore %6397 %6075,,,,,,,,,,,
2707,%6410 = OpExtInst %void %2 DebugDeclare %stride %6399 %101,,,,,,,,,,,
2708,OpStore %6399 %6077,,,,,,,,,,,
2709,%6411 = OpExtInst %void %2 DebugDeclare %vertexIndex %6400 %101,,,,,,,,,,,
2710,OpStore %6400 %41,,,,,,,,,,,
2711,%6412 = OpExtInst %void %2 DebugDeclare %buffer %6401 %101,,,,,,,,,,,
2712,OpStore %6401 %6114,,,,,,,,,,,
2713,%6460 = OpExtInst %void %2 DebugLine %18 %uint_332 %uint_332 %uint_5 %uint_6,,,,,,,,,,,
2714,%6414 = OpExtInst %void %2 DebugDeclare %floatOffset %6404 %101,,,,,,,,,,,
,uint floatOffset = (offset + vertexIndex * stride) / 4;,,,,,,,,,,,
2715,%6415 = OpIMul %uint %41 %6077,,,,,,,,,,,
2716,%6416 = OpIAdd %uint %6075 %6415,,,,,,,,,,,
2717,%6417 = OpUDiv %uint %6416 %uint_4,,,,,,,,,,,
2718,OpStore %6404 %6417,,,,,,,,,,,
2719,%6465 = OpExtInst %void %2 DebugLine %18 %uint_333 %uint_333 %uint_5 %uint_6,,,,,,,,,,,
2720,%6418 = OpExtInst %void %2 DebugDeclare %v %6405 %101,,,,,,,,,,,
,float* v = buffer + floatOffset;,,,,,,,,,,,
2721,%6419 = OpUConvert %ulong %6417,,,,,,,,,,,
2722,%6420 = OpBitcast %long %6419,,,,,,,,,,,
2723,%6421 = OpPtrAccessChain %_ptr_PhysicalStorageBuffer_float %6114 %6420,,,,,,,,,,,
2724,OpStore %6405 %6421,,,,,,,,,,,
2725,%6471 = OpExtInst %void %2 DebugLine %18 %uint_335 %uint_335 %uint_5 %uint_6,,,,,,,,,,,
,"vert.position = float3(v[0], v[1], v[2]);",,,,,,,,,,,
2726,%6423 = OpPtrAccessChain %_ptr_PhysicalStorageBuffer_float %6421 %int_0,,,,,,,,,,,
2727,%6424 = OpLoad %float %6423 Aligned 4,,,,,,,,,,,
2728,%6425 = OpPtrAccessChain %_ptr_PhysicalStorageBuffer_float %6421 %int_1,,,,,,,,,,,
2729,%6426 = OpLoad %float %6425 Aligned 4,,,,,,,,,,,
2730,%6427 = OpPtrAccessChain %_ptr_PhysicalStorageBuffer_float %6421 %int_2,,,,,,,,,,,
2731,%6428 = OpLoad %float %6427 Aligned 4,,,,,,,,,,,
2732,%6429 = OpCompositeConstruct %v3float %6424 %6426 %6428,,,,,,,,,,,
2733,OpStore %8750 %6429,,,,,,,,,,,
2734,%6482 = OpExtInst %void %2 DebugLine %18 %uint_336 %uint_336 %uint_5 %uint_6,,,,,,,,,,,
,"vert.normal   = float3(v[3], v[4], v[5]);",,,,,,,,,,,
2735,%6432 = OpPtrAccessChain %_ptr_PhysicalStorageBuffer_float %6421 %int_3,,,,,,,,,,,
2736,%6433 = OpLoad %float %6432 Aligned 4,,,,,,,,,,,
2737,%6434 = OpPtrAccessChain %_ptr_PhysicalStorageBuffer_float %6421 %int_4,,,,,,,,,,,
2738,%6435 = OpLoad %float %6434 Aligned 4,,,,,,,,,,,
2739,%6436 = OpPtrAccessChain %_ptr_PhysicalStorageBuffer_float %6421 %int_5,,,,,,,,,,,
2740,%6437 = OpLoad %float %6436 Aligned 4,,,,,,,,,,,
2741,%6438 = OpCompositeConstruct %v3float %6433 %6435 %6437,,,,,,,,,,,
2742,OpStore %8751 %6438,,,,,,,,,,,
2743,%6493 = OpExtInst %void %2 DebugLine %18 %uint_337 %uint_337 %uint_5 %uint_6,,,,,,,,,,,
,"vert.tangent  = float3(v[6], v[7], v[8]);",,,,,,,,,,,
2744,%6441 = OpPtrAccessChain %_ptr_PhysicalStorageBuffer_float %6421 %int_6,,,,,,,,,,,
2745,%6442 = OpLoad %float %6441 Aligned 4,,,,,,,,,,,
2746,%6443 = OpPtrAccessChain %_ptr_PhysicalStorageBuffer_float %6421 %int_7,,,,,,,,,,,
2747,%6444 = OpLoad %float %6443 Aligned 4,,,,,,,,,,,
2748,%6445 = OpPtrAccessChain %_ptr_PhysicalStorageBuffer_float %6421 %int_8,,,,,,,,,,,
2749,%6446 = OpLoad %float %6445 Aligned 4,,,,,,,,,,,
2750,%6447 = OpCompositeConstruct %v3float %6442 %6444 %6446,,,,,,,,,,,
2751,OpStore %8753 %6447,,,,,,,,,,,
2752,%6504 = OpExtInst %void %2 DebugLine %18 %uint_339 %uint_339 %uint_5 %uint_6,,,,,,,,,,,
,"vert.texCoord = float2(v[10], v[11]);",,,,,,,,,,,
2753,%6450 = OpPtrAccessChain %_ptr_PhysicalStorageBuffer_float %6421 %int_10,,,,,,,,,,,
2754,%6451 = OpLoad %float %6450 Aligned 4,,,,,,,,,,,
2755,%6452 = OpPtrAccessChain %_ptr_PhysicalStorageBuffer_float %6421 %int_11,,,,,,,,,,,
2756,%6453 = OpLoad %float %6452 Aligned 4,,,,,,,,,,,
2757,%6454 = OpCompositeConstruct %v2float %6451 %6453,,,,,,,,,,,
2758,OpStore %8752 %6454,,,,,,,,,,,
2759,%9301 = OpExtInst %void %2 DebugScope %89 %6048,,,,,,,,,,,
2760,%8957 = OpExtInst %void %2 DebugLine %18 %uint_355 %uint_355 %uint_5 %uint_6,,,,,,,,,,,
,"Vertex vertex = loadVertex(pc.vertexBuffer, vertexID, mesh.vertexStride, mesh.vertexOffset);",,,,,,,,,,,
2761,OpStore %8938 %6429,,,,,,,,,,,
2762,OpStore %8939 %6438,,,,,,,,,,,
2763,OpStore %8940 %6454,,,,,,,,,,,
2764,OpStore %8941 %6447,,,,,,,,,,,
2765,%6275 = OpExtInst %void %2 DebugLine %18 %uint_357 %uint_357 %uint_5 %uint_6,,,,,,,,,,,
2766,%6116 = OpExtInst %void %2 DebugDeclare %modelMatrix %6055 %101,,,,,,,,,,,
,float4x4 modelMatrix = pc.modelMatrices[draw.modelMatrixIndex];,,,,,,,,,,,
2767,%6117 = OpAccessChain %_ptr_PushConstant_139 %pc %int_1,,,,,,,,,,,
2768,%6118 = OpLoad %_ptr_PhysicalStorageBuffer__MatrixStorage_float4x4_ColMajornatural %6117,,,,,,,,,,,
2769,%6119 = OpPtrAccessChain %_ptr_PhysicalStorageBuffer__MatrixStorage_float4x4_ColMajornatural %6118 %6088,,,,,,,,,,,
2770,%6120 = OpLoad %_MatrixStorage_float4x4_ColMajornatural %6119 Aligned 4,,,,,,,,,,,
2771,%6121 = OpCompositeExtract %_arr_v4float_int_4 %6120 0,,,,,,,,,,,
2772,%6122 = OpCompositeExtract %v4float %6121 0,,,,,,,,,,,
2773,%6123 = OpCompositeExtract %float %6122 0,,,,,,,,,,,
2774,%6124 = OpCompositeExtract %float %6122 1,,,,,,,,,,,
2775,%6125 = OpCompositeExtract %float %6122 2,,,,,,,,,,,
2776,%6126 = OpCompositeExtract %float %6122 3,,,,,,,,,,,
2777,%6127 = OpCompositeExtract %v4float %6121 1,,,,,,,,,,,
2778,%6128 = OpCompositeExtract %float %6127 0,,,,,,,,,,,
2779,%6129 = OpCompositeExtract %float %6127 1,,,,,,,,,,,
2780,%6130 = OpCompositeExtract %float %6127 2,,,,,,,,,,,
2781,%6131 = OpCompositeExtract %float %6127 3,,,,,,,,,,,
2782,%6132 = OpCompositeExtract %v4float %6121 2,,,,,,,,,,,
2783,%6133 = OpCompositeExtract %float %6132 0,,,,,,,,,,,
2784,%6134 = OpCompositeExtract %float %6132 1,,,,,,,,,,,
2785,%6135 = OpCompositeExtract %float %6132 2,,,,,,,,,,,
2786,%6136 = OpCompositeExtract %float %6132 3,,,,,,,,,,,
2787,%6137 = OpCompositeExtract %v4float %6121 3,,,,,,,,,,,
2788,%6138 = OpCompositeExtract %float %6137 0,,,,,,,,,,,
2789,%6139 = OpCompositeExtract %float %6137 1,,,,,,,,,,,
2790,%6140 = OpCompositeExtract %float %6137 2,,,,,,,,,,,
2791,%6141 = OpCompositeExtract %float %6137 3,,,,,,,,,,,
2792,%6142 = OpCompositeConstruct %v4float %6123 %6128 %6133 %6138,,,,,,,,,,,
2793,%6143 = OpCompositeConstruct %v4float %6124 %6129 %6134 %6139,,,,,,,,,,,
2794,%6144 = OpCompositeConstruct %v4float %6125 %6130 %6135 %6140,,,,,,,,,,,
2795,%6145 = OpCompositeConstruct %v4float %6126 %6131 %6136 %6141,,,,,,,,,,,
2796,%6146 = OpCompositeConstruct %mat4v4float %6142 %6143 %6144 %6145,,,,,,,,,,,
2797,OpStore %6055 %6146,,,,,,,,,,,
2798,%6308 = OpExtInst %void %2 DebugLine %18 %uint_359 %uint_359 %uint_5 %uint_6,,,,,,,,,,,
2799,%6148 = OpExtInst %void %2 DebugDeclare %worldPos %6058 %101,,,,,,,,,,,
,"float4 worldPos = mul(modelMatrix, float4(vertex.position, 1.0));",,,,,,,,,,,
2800,%6150 = OpCompositeConstruct %v4float %6429 %float_1,,,,,,,,,,,
2801,%6151 = OpVectorTimesMatrix %v4float %6150 %6146,,,,,,,,,,,
2802,OpStore %6058 %6151,,,,,,,,,,,
2803,%6314 = OpExtInst %void %2 DebugLine %18 %uint_360 %uint_360 %uint_5 %uint_6,,,,,,,,,,,
,output.worldPos = worldPos.xyz;,,,,,,,,,,,
2804,%6153 = OpVectorShuffle %v3float %6151 %6151 0 1 2,,,,,,,,,,,
2805,OpStore %8968 %6153,,,,,,,,,,,
2806,%6319 = OpExtInst %void %2 DebugLine %18 %uint_361 %uint_361 %uint_5 %uint_6,,,,,,,,,,,
,"output.position = mul(pc.litPassData.viewProjection, worldPos);",,,,,,,,,,,
2807,%6156 = OpAccessChain %_ptr_PushConstant_147 %pc %int_5,,,,,,,,,,,
2808,%6157 = OpLoad %_ptr_PhysicalStorageBuffer_LitPass_natural %6156,,,,,,,,,,,
2809,%6158 = OpAccessChain %_ptr_PhysicalStorageBuffer__MatrixStorage_float4x4_ColMajornatural %6157 %int_8,,,,,,,,,,,
2810,%6159 = OpLoad %_MatrixStorage_float4x4_ColMajornatural %6158 Aligned 4,,,,,,,,,,,
2811,%6160 = OpCompositeExtract %_arr_v4float_int_4 %6159 0,,,,,,,,,,,
2812,%6161 = OpCompositeExtract %v4float %6160 0,,,,,,,,,,,
2813,%6162 = OpCompositeExtract %float %6161 0,,,,,,,,,,,
2814,%6163 = OpCompositeExtract %float %6161 1,,,,,,,,,,,
2815,%6164 = OpCompositeExtract %float %6161 2,,,,,,,,,,,
2816,%6165 = OpCompositeExtract %float %6161 3,,,,,,,,,,,
2817,%6166 = OpCompositeExtract %v4float %6160 1,,,,,,,,,,,
2818,%6167 = OpCompositeExtract %float %6166 0,,,,,,,,,,,
2819,%6168 = OpCompositeExtract %float %6166 1,,,,,,,,,,,
2820,%6169 = OpCompositeExtract %float %6166 2,,,,,,,,,,,
2821,%6170 = OpCompositeExtract %float %6166 3,,,,,,,,,,,
2822,%6171 = OpCompositeExtract %v4float %6160 2,,,,,,,,,,,
2823,%6172 = OpCompositeExtract %float %6171 0,,,,,,,,,,,
2824,%6173 = OpCompositeExtract %float %6171 1,,,,,,,,,,,
2825,%6174 = OpCompositeExtract %float %6171 2,,,,,,,,,,,
2826,%6175 = OpCompositeExtract %float %6171 3,,,,,,,,,,,
2827,%6176 = OpCompositeExtract %v4float %6160 3,,,,,,,,,,,
2828,%6177 = OpCompositeExtract %float %6176 0,,,,,,,,,,,
2829,%6178 = OpCompositeExtract %float %6176 1,,,,,,,,,,,
2830,%6179 = OpCompositeExtract %float %6176 2,,,,,,,,,,,
2831,%6180 = OpCompositeExtract %float %6176 3,,,,,,,,,,,
2832,%6181 = OpCompositeConstruct %v4float %6162 %6167 %6172 %6177,,,,,,,,,,,
2833,%6182 = OpCompositeConstruct %v4float %6163 %6168 %6173 %6178,,,,,,,,,,,
2834,%6183 = OpCompositeConstruct %v4float %6164 %6169 %6174 %6179,,,,,,,,,,,
2835,%6184 = OpCompositeConstruct %v4float %6165 %6170 %6175 %6180,,,,,,,,,,,
2836,%6185 = OpCompositeConstruct %mat4v4float %6181 %6182 %6183 %6184,,,,,,,,,,,
2837,%6186 = OpVectorTimesMatrix %v4float %6151 %6185,,,,,,,,,,,
2838,OpStore %8967 %6186,,,,,,,,,,,
2839,%6355 = OpExtInst %void %2 DebugLine %18 %uint_362 %uint_362 %uint_5 %uint_6,,,,,,,,,,,
,"output.normal = mul((float3x3)modelMatrix, vertex.normal);",,,,,,,,,,,
2840,%6190 = OpVectorShuffle %v3float %6142 %6142 0 1 2,,,,,,,,,,,
2841,%6192 = OpVectorShuffle %v3float %6143 %6143 0 1 2,,,,,,,,,,,
2842,%6194 = OpVectorShuffle %v3float %6144 %6144 0 1 2,,,,,,,,,,,
2843,%6195 = OpCompositeConstruct %mat3v3float %6190 %6192 %6194,,,,,,,,,,,
2844,%6197 = OpVectorTimesMatrix %v3float %6438 %6195,,,,,,,,,,,
2845,OpStore %8969 %6197,,,,,,,,,,,
2846,%6370 = OpExtInst %void %2 DebugLine %18 %uint_363 %uint_363 %uint_5 %uint_6,,,,,,,,,,,
,output.texCoord = vertex.texCoord;,,,,,,,,,,,
2847,OpStore %8970 %6454,,,,,,,,,,,
2848,%6373 = OpExtInst %void %2 DebugLine %18 %uint_364 %uint_364 %uint_5 %uint_6,,,,,,,,,,,
,"output.tangent = normalize(mul((float3x3)modelMatrix, vertex.tangent));",,,,,,,,,,,
2849,%6204 = OpVectorTimesMatrix %v3float %6447 %6195,,,,,,,,,,,
2850,%6205 = OpExtInst %v3float %554 Normalize %6204,,,,,,,,,,,
2851,OpStore %8971 %6205,,,,,,,,,,,
2852,%6381 = OpExtInst %void %2 DebugLine %18 %uint_365 %uint_365 %uint_5 %uint_6,,,,,,,,,,,
,"output.bitangent = normalize(cross(output.normal, output.tangent));",,,,,,,,,,,
2853,%6210 = OpExtInst %v3float %554 Cross %6197 %6205,,,,,,,,,,,
2854,%6211 = OpExtInst %v3float %554 Normalize %6210,,,,,,,,,,,
2855,OpStore %8972 %6211,,,,,,,,,,,
2856,%6389 = OpExtInst %void %2 DebugLine %18 %uint_366 %uint_366 %uint_5 %uint_6,,,,,,,,,,,
,output.drawID = drawID;,,,,,,,,,,,
2857,OpStore %8973 %50,,,,,,,,,,,
2858,%6393 = OpExtInst %void %2 DebugLine %18 %uint_367 %uint_367 %uint_5 %uint_6,,,,,,,,,,,
,output.instanceID = absInstance;,,,,,,,,,,,
2859,OpStore %8974 %6082,,,,,,,,,,,
2860,%9302 = OpExtInst %void %2 DebugScope %25,,,,,,,,,,,
2861,%4283 = OpExtInst %void %2 DebugLine %15 %uint_8 %uint_8 %uint_5 %uint_6,,,,,,,,,,,
,// C:/Users/vicro/Desktop/vulkan-renderer/repo/shader-forge/shaders/lit.slang:8,,,,,,,,
,"return litVertMain(vertexID, instanceID, drawID);",,,,,,,,,,,
2862,OpStore %gl_Position %6186,,,,,,,,,,,
2863,OpStore %entryPointParam_vertMain_worldPos %6153,,,,,,,,,,,
2864,OpStore %entryPointParam_vertMain_normal %6197,,,,,,,,,,,
2865,OpStore %entryPointParam_vertMain_texCoord %6454,,,,,,,,,,,
2866,OpStore %entryPointParam_vertMain_tangent %6205,,,,,,,,,,,
2867,OpStore %entryPointParam_vertMain_bitangent %6211,,,,,,,,,,,
2868,OpStore %entryPointParam_vertMain_drawID %50,,,,,,,,,,,
2869,OpStore %entryPointParam_vertMain_instanceID %6082,,,,,,,,,,,
2870,OpReturn,,,,,,,,,,,
2871,%9303 = OpExtInst %void %2 DebugNoScope,,,,,,,,,,,
2872,OpFunctionEnd,,,,,,,,,,,
2873,%fragMain = OpFunction %void None %21,,,,,,,,,,,
2874,%614 = OpLabel,,,,,,,,,,,
2875,%9214 = OpVariable %_ptr_Function_uint Function,,,,,,,,,,,
2876,%9213 = OpVariable %_ptr_Function_float Function,,,,,,,,,,,
2877,%9212 = OpVariable %_ptr_Function_float Function,,,,,,,,,,,
2878,%9211 = OpVariable %_ptr_Function_float Function,,,,,,,,,,,
2879,%9210 = OpVariable %_ptr_Function_uint Function,,,,,,,,,,,
2880,%9209 = OpVariable %_ptr_Function_float Function,,,,,,,,,,,
2881,%9208 = OpVariable %_ptr_Function_uint Function,,,,,,,,,,,
2882,%9207 = OpVariable %_ptr_Function_uint Function,,,,,,,,,,,
2883,%9206 = OpVariable %_ptr_Function_uint Function,,,,,,,,,,,
2884,%9205 = OpVariable %_ptr_Function_uint Function,,,,,,,,,,,
2885,%9204 = OpVariable %_ptr_Function_uint Function,,,,,,,,,,,
2886,%9203 = OpVariable %_ptr_Function_uint Function,,,,,,,,,,,
2887,%9186 = OpVariable %_ptr_Function_v4float Function,,,,,,,,,,,
2888,%9185 = OpVariable %_ptr_Function_v4float Function,,,,,,,,,,,
2889,%9184 = OpVariable %_ptr_Function_v4float Function,,,,,,,,,,,
2890,%9167 = OpVariable %_ptr_Function_v4float Function,,,,,,,,,,,
2891,%9166 = OpVariable %_ptr_Function_v4float Function,,,,,,,,,,,
2892,%9165 = OpVariable %_ptr_Function_v4float Function,,,,,,,,,,,
2893,%9151 = OpVariable %_ptr_Function_v4float Function,,,,,,,,,,,
2894,%9150 = OpVariable %_ptr_Function_mat4v4float Function,,,,,,,,,,,
2895,%9100 = OpVariable %_ptr_Function_float Function,,,,,,,,,,,
2896,%9099 = OpVariable %_ptr_Function_float Function,,,,,,,,,,,
2897,%9098 = OpVariable %_ptr_Function_float Function,,,,,,,,,,,
2898,%9097 = OpVariable %_ptr_Function_float Function,,,,,,,,,,,
2899,%9096 = OpVariable %_ptr_Function_v4float Function,,,,,,,,,,,
2900,%9095 = OpVariable %_ptr_Function_mat4v4float Function,,,,,,,,,,,
2901,%9081 = OpVariable %_ptr_Function_uint Function,,,,,,,,,,,
2902,%9080 = OpVariable %_ptr_Function_uint Function,,,,,,,,,,,
2903,%9079 = OpVariable %_ptr_Function_uint Function,,,,,,,,,,,
2904,%9078 = OpVariable %_ptr_Function_uint Function,,,,,,,,,,,
2905,%9077 = OpVariable %_ptr_Function_uint Function,,,,,,,,,,,
2906,%9076 = OpVariable %_ptr_Function_uint Function,,,,,,,,,,,
2907,%8719 = OpVariable %_ptr_Function_float Function,,,,,,,,,,,
2908,%8721 = OpVariable %_ptr_Function_v3float Function,,,,,,,,,,,
2909,%8722 = OpVariable %_ptr_Function_float Function,,,,,,,,,,,
2910,%8702 = OpVariable %_ptr_Function_v3float Function,,,,,,,,,,,
2911,%8681 = OpVariable %_ptr_Function_v4float Function,,,,,,,,,,,
2912,%8664 = OpVariable %_ptr_Function_v3float Function,,,,,,,,,,,
2913,%8643 = OpVariable %_ptr_Function_v4float Function,,,,,,,,,,,
2914,%8626 = OpVariable %_ptr_Function_v3float Function,,,,,,,,,,,
2915,%8605 = OpVariable %_ptr_Function_v4float Function,,,,,,,,,,,
2916,%8561 = OpVariable %_ptr_Function_mat4v4float Function,,,,,,,,,,,
2917,%8563 = OpVariable %_ptr_Function_v3float Function,,,,,,,,,,,
2918,%8564 = OpVariable %_ptr_Function_v4float Function,,,,,,,,,,,
2919,%8565 = OpVariable %_ptr_Function_v3float Function,,,,,,,,,,,
2920,%8403 = OpVariable %_ptr_Function__arr_uint_int_6_0 Function,,,,,,,,,,,
2921,%8405 = OpVariable %_ptr_Function_v3float Function,,,,,,,,,,,
2922,%8406 = OpVariable %_ptr_Function_v3float Function,,,,,,,,,,,
2923,%8407 = OpVariable %_ptr_Function_float Function,,,,,,,,,,,
2924,%8408 = OpVariable %_ptr_Function_uint Function,,,,,,,,,,,
2925,%8409 = OpVariable %_ptr_Function_mat4v4float Function,,,,,,,,,,,
2926,%8410 = OpVariable %_ptr_Function_uint Function,,,,,,,,,,,
2927,%8412 = OpVariable %_ptr_Function_v3float Function,,,,,,,,,,,
2928,%8413 = OpVariable %_ptr_Function_v3float Function,,,,,,,,,,,
2929,%8414 = OpVariable %_ptr_Function_uint Function,,,,,,,,,,,
2930,%8415 = OpVariable %_ptr_Function_int Function,,,,,,,,,,,
2931,%8416 = OpVariable %_ptr_Function_uint Function,,,,,,,,,,,
2932,%8417 = OpVariable %_ptr_Function_uint Function,,,,,,,,,,,
2933,%8386 = OpVariable %_ptr_Function_v3float Function,,,,,,,,,,,
2934,%8342 = OpVariable %_ptr_Function_mat4v4float Function,,,,,,,,,,,
2935,%8344 = OpVariable %_ptr_Function_v3float Function,,,,,,,,,,,
2936,%8345 = OpVariable %_ptr_Function_v4float Function,,,,,,,,,,,
2937,%8346 = OpVariable %_ptr_Function_v3float Function,,,,,,,,,,,
2938,%7895 = OpVariable %_ptr_Function_float Function,,,,,,,,,,,
2939,%7897 = OpVariable %_ptr_Function_uint Function,,,,,,,,,,,
2940,%7898 = OpVariable %_ptr_Function_uint Function,,,,,,,,,,,
2941,%7899 = OpVariable %_ptr_Function_uint Function,,,,,,,,,,,
2942,%7900 = OpVariable %_ptr_Function_float Function,,,,,,,,,,,
2943,%7901 = OpVariable %_ptr_Function_float Function,,,,,,,,,,,
2944,%7902 = OpVariable %_ptr_Function_float Function,,,,,,,,,,,
2945,%7903 = OpVariable %_ptr_Function_v3float Function,,,,,,,,,,,
2946,%7904 = OpVariable %_ptr_Function_v3float Function,,,,,,,,,,,
2947,%7905 = OpVariable %_ptr_Function_mat4v4float Function,,,,,,,,,,,
2948,%7906 = OpVariable %_ptr_Function_v3float Function,,,,,,,,,,,
2949,%7907 = OpVariable %_ptr_Function_v4float Function,,,,,,,,,,,
2950,%7908 = OpVariable %_ptr_Function_v3float Function,,,,,,,,,,,
2951,%7909 = OpVariable %_ptr_Function_v3float Function,,,,,,,,,,,
2952,%7910 = OpVariable %_ptr_Function_v4float Function,,,,,,,,,,,
2953,%7911 = OpVariable %_ptr_Function_v4float Function,,,,,,,,,,,
2954,%7912 = OpVariable %_ptr_Function_float Function,,,,,,,,,,,
2955,%7913 = OpVariable %_ptr_Function_uint Function,,,,,,,,,,,
2956,%7914 = OpVariable %_ptr_Function_float Function,,,,,,,,,,,
2957,%7915 = OpVariable %_ptr_Function_uint Function,,,,,,,,,,,
2958,%7916 = OpVariable %_ptr_Function_bool Function,,,,,,,,,,,
2959,%7917 = OpVariable %_ptr_Function_bool Function,,,,,,,,,,,
2960,%7918 = OpVariable %_ptr_Function_uint Function,,,,,,,,,,,
2961,%7920 = OpVariable %_ptr_Function_uint Function,,,,,,,,,,,
2962,%7922 = OpVariable %_ptr_Function_uint Function,,,,,,,,,,,
2963,%7924 = OpVariable %_ptr_Function__arr_v4float_int_8 Function,,,,,,,,,,,
2964,%7925 = OpVariable %_ptr_Function__arr_v4float_int_8 Function,,,,,,,,,,,
2965,%7926 = OpVariable %_ptr_Function_float Function,,,,,,,,,,,
2966,%7927 = OpVariable %_ptr_Function_uint Function,,,,,,,,,,,
2967,%7928 = OpVariable %_ptr_Function_uint Function,,,,,,,,,,,
2968,%7929 = OpVariable %_ptr_Function_uint Function,,,,,,,,,,,
2969,%7930 = OpVariable %_ptr_Function_uint Function,,,,,,,,,,,
2970,%7931 = OpVariable %_ptr_Function_float Function,,,,,,,,,,,
2971,%7932 = OpVariable %_ptr_Function_float Function,,,,,,,,,,,
2972,%7674 = OpVariable %_ptr_Function_float Function,,,,,,,,,,,
2973,%7676 = OpVariable %_ptr_Function_uint Function,,,,,,,,,,,
2974,%7677 = OpVariable %_ptr_Function_uint Function,,,,,,,,,,,
2975,%7678 = OpVariable %_ptr_Function_uint Function,,,,,,,,,,,
2976,%7679 = OpVariable %_ptr_Function_uint Function,,,,,,,,,,,
2977,%7680 = OpVariable %_ptr_Function_v3float Function,,,,,,,,,,,
2978,%7681 = OpVariable %_ptr_Function_v3float Function,,,,,,,,,,,
2979,%7682 = OpVariable %_ptr_Function_float Function,,,,,,,,,,,
2980,%7683 = OpVariable %_ptr_Function_uint Function,,,,,,,,,,,
2981,%7684 = OpVariable %_ptr_Function_mat4v4float Function,,,,,,,,,,,
2982,%7685 = OpVariable %_ptr_Function_uint Function,,,,,,,,,,,
2983,%7686 = OpVariable %_ptr_Function_uint Function,,,,,,,,,,,
2984,%7687 = OpVariable %_ptr_Function_float Function,,,,,,,,,,,
2985,%7688 = OpVariable %_ptr_Function_float Function,,,,,,,,,,,
2986,%7689 = OpVariable %_ptr_Function_uint Function,,,,,,,,,,,
2987,%7690 = OpVariable %_ptr_Function_uint Function,,,,,,,,,,,
2988,%7691 = OpVariable %_ptr_Function_v3float Function,,,,,,,,,,,
2989,%7692 = OpVariable %_ptr_Function_v3float Function,,,,,,,,,,,
2990,%7693 = OpVariable %_ptr_Function_v3float Function,,,,,,,,,,,
2991,%7694 = OpVariable %_ptr_Function_v3float Function,,,,,,,,,,,
2992,%7695 = OpVariable %_ptr_Function_v3float Function,,,,,,,,,,,
2993,%7696 = OpVariable %_ptr_Function_v3float Function,,,,,,,,,,,
2994,%7697 = OpVariable %_ptr_Function_float Function,,,,,,,,,,,
2995,%7698 = OpVariable %_ptr_Function_uint Function,,,,,,,,,,,
2996,%7699 = OpVariable %_ptr_Function_v3float Function,,,,,,,,,,,
2997,%7700 = OpVariable %_ptr_Function_uint Function,,,,,,,,,,,
2998,%7701 = OpVariable %_ptr_Function_float Function,,,,,,,,,,,
2999,%7702 = OpVariable %_ptr_Function_v3float Function,,,,,,,,,,,
3000,%7703 = OpVariable %_ptr_Function__arr_v3float_int_6 Function,,,,,,,,,,,
3001,%7704 = OpVariable %_ptr_Function__arr_float_int_6 Function,,,,,,,,,,,
3002,%7206 = OpVariable %_ptr_Function_bool Function %false,,,,,,,,,,,
3003,%7208 = OpVariable %_ptr_Function_float Function,,,,,,,,,,,
3004,%7209 = OpVariable %_ptr_Function_uint Function,,,,,,,,,,,
3005,%7210 = OpVariable %_ptr_Function_141 Function,,,,,,,,,,,
3006,%7211 = OpVariable %_ptr_Function_v3float Function,,,,,,,,,,,
3007,%7212 = OpVariable %_ptr_Function_v3float Function,,,,,,,,,,,
3008,%7213 = OpVariable %_ptr_Function_v3float Function,,,,,,,,,,,
3009,%7214 = OpVariable %_ptr_Function_v3float Function,,,,,,,,,,,
3010,%7215 = OpVariable %_ptr_Function_v3float Function,,,,,,,,,,,
3011,%7216 = OpVariable %_ptr_Function_float Function,,,,,,,,,,,
3012,%7217 = OpVariable %_ptr_Function_int Function,,,,,,,,,,,
3013,%7218 = OpVariable %_ptr_Function_int Function,,,,,,,,,,,
3014,%7219 = OpVariable %_ptr_Function_int Function,,,,,,,,,,,
3015,%7220 = OpVariable %_ptr_Function_int Function,,,,,,,,,,,
3016,%7221 = OpVariable %_ptr_Function_int Function,,,,,,,,,,,
3017,%7222 = OpVariable %_ptr_Function_int Function,,,,,,,,,,,
3018,%7224 = OpVariable %_ptr_Function_float Function,,,,,,,,,,,
3019,%7225 = OpVariable %_ptr_Function_float Function,,,,,,,,,,,
3020,%7226 = OpVariable %_ptr_Function_v3float Function,,,,,,,,,,,
3021,%7227 = OpVariable %_ptr_Function_v4float Function,,,,,,,,,,,
3022,%7228 = OpVariable %_ptr_Function_v3float Function,,,,,,,,,,,
3023,%7229 = OpVariable %_ptr_Function_v3float Function,,,,,,,,,,,
3024,%7230 = OpVariable %_ptr_Function_float Function,,,,,,,,,,,
3025,%7231 = OpVariable %_ptr_Function_bool Function,,,,,,,,,,,
3026,%7232 = OpVariable %_ptr_Function_bool Function,,,,,,,,,,,
3027,%7233 = OpVariable %_ptr_Function_bool Function,,,,,,,,,,,
3028,%7234 = OpVariable %_ptr_Function_bool Function,,,,,,,,,,,
3029,%7235 = OpVariable %_ptr_Function_bool Function,,,,,,,,,,,
3030,%7236 = OpVariable %_ptr_Function_float Function,,,,,,,,,,,
3031,%7237 = OpVariable %_ptr_Function_v2float Function,,,,,,,,,,,
3032,%7238 = OpVariable %_ptr_Function_v2float Function,,,,,,,,,,,
3033,%7239 = OpVariable %_ptr_Function_v2float Function,,,,,,,,,,,
3034,%7240 = OpVariable %_ptr_Function_float Function,,,,,,,,,,,
3035,%6820 = OpVariable %_ptr_Function_float Function,,,,,,,,,,,
3036,%6821 = OpVariable %_ptr_Function_uint Function,,,,,,,,,,,
3037,%6822 = OpVariable %_ptr_Function_141 Function,,,,,,,,,,,
3038,%6823 = OpVariable %_ptr_Function_v3float Function,,,,,,,,,,,
3039,%6824 = OpVariable %_ptr_Function_v3float Function,,,,,,,,,,,
3040,%6825 = OpVariable %_ptr_Function_v3float Function,,,,,,,,,,,
3041,%6826 = OpVariable %_ptr_Function_v3float Function,,,,,,,,,,,
3042,%6827 = OpVariable %_ptr_Function_v3float Function,,,,,,,,,,,
3043,%6828 = OpVariable %_ptr_Function_int Function,,,,,,,,,,,
3044,%6829 = OpVariable %_ptr_Function_bool Function,,,,,,,,,,,
3045,%6830 = OpVariable %_ptr_Function_int Function,,,,,,,,,,,
3046,%6832 = OpVariable %_ptr_Function_float Function,,,,,,,,,,,
3047,%6833 = OpVariable %_ptr_Function_float Function,,,,,,,,,,,
3048,%6834 = OpVariable %_ptr_Function_v3float Function,,,,,,,,,,,
3049,%6835 = OpVariable %_ptr_Function_v4float Function,,,,,,,,,,,
3050,%6836 = OpVariable %_ptr_Function_v3float Function,,,,,,,,,,,
3051,%6837 = OpVariable %_ptr_Function_v3float Function,,,,,,,,,,,
3052,%6838 = OpVariable %_ptr_Function_float Function,,,,,,,,,,,
3053,%6839 = OpVariable %_ptr_Function_float Function,,,,,,,,,,,
3054,%6840 = OpVariable %_ptr_Function_v2float Function,,,,,,,,,,,
3055,%6841 = OpVariable %_ptr_Function_v2float Function,,,,,,,,,,,
3056,%6842 = OpVariable %_ptr_Function_v2float Function,,,,,,,,,,,
3057,%6843 = OpVariable %_ptr_Function_float Function,,,,,,,,,,,
3058,%6766 = OpVariable %_ptr_Function_float Function,,,,,,,,,,,
3059,%6767 = OpVariable %_ptr_Function_uint Function,,,,,,,,,,,
3060,%6768 = OpVariable %_ptr_Function_141 Function,,,,,,,,,,,
3061,%6769 = OpVariable %_ptr_Function_v3float Function,,,,,,,,,,,
3062,%6770 = OpVariable %_ptr_Function_v3float Function,,,,,,,,,,,
3063,%6771 = OpVariable %_ptr_Function_v3float Function,,,,,,,,,,,
3064,%6772 = OpVariable %_ptr_Function_v3float Function,,,,,,,,,,,
3065,%6773 = OpVariable %_ptr_Function_v3float Function,,,,,,,,,,,
3066,%6739 = OpVariable %_ptr_Function_v3float Function,,,,,,,,,,,
3067,%6741 = OpVariable %_ptr_Function_float Function,,,,,,,,,,,
3068,%6697 = OpVariable %_ptr_Function_float Function,,,,,,,,,,,
3069,%6699 = OpVariable %_ptr_Function_float Function,,,,,,,,,,,
3070,%6700 = OpVariable %_ptr_Function_float Function,,,,,,,,,,,
3071,%6701 = OpVariable %_ptr_Function_float Function,,,,,,,,,,,
3072,%6702 = OpVariable %_ptr_Function_float Function,,,,,,,,,,,
3073,%6703 = OpVariable %_ptr_Function_float Function,,,,,,,,,,,
3074,%6655 = OpVariable %_ptr_Function_float Function,,,,,,,,,,,
3075,%6657 = OpVariable %_ptr_Function_float Function,,,,,,,,,,,
3076,%6658 = OpVariable %_ptr_Function_float Function,,,,,,,,,,,
3077,%6659 = OpVariable %_ptr_Function_float Function,,,,,,,,,,,
3078,%6660 = OpVariable %_ptr_Function_float Function,,,,,,,,,,,
3079,%6661 = OpVariable %_ptr_Function_float Function,,,,,,,,,,,
3080,%6609 = OpVariable %_ptr_Function_float Function,,,,,,,,,,,
3081,%6611 = OpVariable %_ptr_Function_v3float Function,,,,,,,,,,,
3082,%6612 = OpVariable %_ptr_Function_v3float Function,,,,,,,,,,,
3083,%6613 = OpVariable %_ptr_Function_v3float Function,,,,,,,,,,,
3084,%6614 = OpVariable %_ptr_Function_float Function,,,,,,,,,,,
3085,%6615 = OpVariable %_ptr_Function_float Function,,,,,,,,,,,
3086,%6616 = OpVariable %_ptr_Function_float Function,,,,,,,,,,,
3087,%6617 = OpVariable %_ptr_Function_float Function,,,,,,,,,,,
3088,%6548 = OpVariable %_ptr_Function_float Function,,,,,,,,,,,
3089,%6550 = OpVariable %_ptr_Function_v3float Function,,,,,,,,,,,
3090,%6551 = OpVariable %_ptr_Function_v3float Function,,,,,,,,,,,
3091,%6552 = OpVariable %_ptr_Function_float Function,,,,,,,,,,,
3092,%6553 = OpVariable %_ptr_Function_float Function,,,,,,,,,,,
3093,%6554 = OpVariable %_ptr_Function_float Function,,,,,,,,,,,
3094,%6555 = OpVariable %_ptr_Function_float Function,,,,,,,,,,,
3095,%6556 = OpVariable %_ptr_Function_float Function,,,,,,,,,,,
3096,%6557 = OpVariable %_ptr_Function_float Function,,,,,,,,,,,
3097,%6515 = OpVariable %_ptr_Function_float Function,,,,,,,,,,,
3098,%6517 = OpVariable %_ptr_Function_v3float Function,,,,,,,,,,,
3099,%6518 = OpVariable %_ptr_Function_v3float Function,,,,,,,,,,,
3100,%6519 = OpVariable %_ptr_Function_v3float Function,,,,,,,,,,,
3101,%6027 = OpVariable %_ptr_Function_bool Function %false,,,,,,,,,,,
3102,%621 = OpVariable %_ptr_Function_bool Function,,,,,,,,,,,
3103,%622 = OpVariable %_ptr_Function_bool Function,,,,,,,,,,,
3104,%623 = OpVariable %_ptr_Function_bool Function,,,,,,,,,,,
3105,%624 = OpVariable %_ptr_Function_bool Function,,,,,,,,,,,
3106,%625 = OpVariable %_ptr_Function_bool Function,,,,,,,,,,,
3107,%626 = OpVariable %_ptr_Function_bool Function,,,,,,,,,,,
3108,%627 = OpVariable %_ptr_Function_v3float Function,,,,,,,,,,,
3109,%628 = OpVariable %_ptr_Function_v3float Function,,,,,,,,,,,
3110,%normalMap = OpVariable %_ptr_Function_v3float Function,,,,,,,,,,,
3111,%630 = OpVariable %_ptr_Function_v4float Function,,,,,,,,,,,
3112,%albedo = OpVariable %_ptr_Function_v4float Function,,,,,,,,,,,
3113,%632 = OpVariable %_ptr_Function_bool Function,,,,,,,,,,,
3114,%633 = OpVariable %_ptr_Function_v4float Function,,,,,,,,,,,
3115,%roughness = OpVariable %_ptr_Function_v4float Function,,,,,,,,,,,
3116,%635 = OpVariable %_ptr_Function_v4float Function,,,,,,,,,,,
3117,%metallic = OpVariable %_ptr_Function_v4float Function,,,,,,,,,,,
3118,%N = OpVariable %_ptr_Function_v3float Function,,,,,,,,,,,
3119,%639 = OpVariable %_ptr_Function_float Function,,,,,,,,,,,
3120,%640 = OpVariable %_ptr_Function_v3float Function,,,,,,,,,,,
3121,%641 = OpVariable %_ptr_Function_v3float Function,,,,,,,,,,,
3122,%642 = OpVariable %_ptr_Function_v3float Function,,,,,,,,,,,
3123,%644 = OpVariable %_ptr_Function_mat3v3float Function,,,,,,,,,,,
3124,%645 = OpVariable %_ptr_Function_v3float Function,,,,,,,,,,,
3125,%646 = OpVariable %_ptr_Function_v3float Function,,,,,,,,,,,
3126,%647 = OpVariable %_ptr_Function_v3float Function,,,,,,,,,,,
3127,%648 = OpVariable %_ptr_Function_v3float Function,,,,,,,,,,,
3128,%650 = OpVariable %_ptr_Function_int Function,,,,,,,,,,,
3129,%Lo = OpVariable %_ptr_Function_v3float Function,,,,,,,,,,,
3130,%i = OpVariable %_ptr_Function_int Function,,,,,,,,,,,
3131,%L = OpVariable %_ptr_Function_v3float Function,,,,,,,,,,,
3132,%654 = OpVariable %_ptr_Function_v3float Function,,,,,,,,,,,
3133,%655 = OpVariable %_ptr_Function_v3float Function,,,,,,,,,,,
3134,%656 = OpVariable %_ptr_Function_v3float Function,,,,,,,,,,,
3135,%657 = OpVariable %_ptr_Function_float Function,,,,,,,,,,,
3136,%658 = OpVariable %_ptr_Function_v3float Function,,,,,,,,,,,
3137,%659 = OpVariable %_ptr_Function_v3float Function,,,,,,,,,,,
3138,%661 = OpVariable %_ptr_Function_141 Function,,,,,,,,,,,
3139,%662 = OpVariable %_ptr_Function_float Function,,,,,,,,,,,
3140,%663 = OpVariable %_ptr_Function_v3float Function,,,,,,,,,,,
3141,%664 = OpVariable %_ptr_Function_float Function,,,,,,,,,,,
3142,%665 = OpVariable %_ptr_Function_v3float Function,,,,,,,,,,,
3143,%radiance = OpVariable %_ptr_Function_v3float Function,,,,,,,,,,,
3144,%667 = OpVariable %_ptr_Function_v3float Function,,,,,,,,,,,
3145,%668 = OpVariable %_ptr_Function_float Function,,,,,,,,,,,
3146,%669 = OpVariable %_ptr_Function_v3float Function,,,,,,,,,,,
3147,%670 = OpVariable %_ptr_Function_v3float Function,,,,,,,,,,,
3148,%671 = OpVariable %_ptr_Function_float Function,,,,,,,,,,,
3149,%672 = OpVariable %_ptr_Function_float Function,,,,,,,,,,,
3150,%673 = OpVariable %_ptr_Function_float Function,,,,,,,,,,,
3151,%674 = OpVariable %_ptr_Function_float Function,,,,,,,,,,,
3152,%675 = OpVariable %_ptr_Function_float Function,,,,,,,,,,,
3153,%676 = OpVariable %_ptr_Function_float Function,,,,,,,,,,,
3154,%677 = OpVariable %_ptr_Function_float Function,,,,,,,,,,,
3155,%678 = OpVariable %_ptr_Function_v3float Function,,,,,,,,,,,
3156,%679 = OpVariable %_ptr_Function_v3float Function,,,,,,,,,,,
3157,%680 = OpVariable %_ptr_Function_v3float Function,,,,,,,,,,,
3158,%681 = OpVariable %_ptr_Function_v3float Function,,,,,,,,,,,
3159,%682 = OpVariable %_ptr_Function_float Function,,,,,,,,,,,
3160,%683 = OpVariable %_ptr_Function_v3float Function,,,,,,,,,,,
3161,%684 = OpVariable %_ptr_Function_float Function,,,,,,,,,,,
3162,%shadow = OpVariable %_ptr_Function_float Function,,,,,,,,,,,
3163,%686 = OpVariable %_ptr_Function_v3float Function,,,,,,,,,,,
3164,%9304 = OpExtInst %void %2 DebugScope %687,,,,,,,,,,,
3165,%9251 = OpExtInst %void %2 DebugLine %15 %uint_23 %uint_23 %uint_5 %uint_6,,,,,,,,,,,
3166,%9250 = OpExtInst %void %2 DebugValue %inst %9214 %9215 %int_11,,,,,,,,,,,
3167,%9247 = OpExtInst %void %2 DebugValue %inst %9213 %9215 %int_10,,,,,,,,,,,
3168,%9244 = OpExtInst %void %2 DebugValue %inst %9212 %9215 %int_9,,,,,,,,,,,
3169,%9241 = OpExtInst %void %2 DebugValue %inst %9211 %9215 %int_8,,,,,,,,,,,
3170,%9238 = OpExtInst %void %2 DebugValue %inst %9210 %9215 %int_7,,,,,,,,,,,
3171,%9235 = OpExtInst %void %2 DebugValue %inst %9209 %9215 %int_6,,,,,,,,,,,
3172,%9232 = OpExtInst %void %2 DebugValue %inst %9208 %9215 %int_5,,,,,,,,,,,
3173,%9229 = OpExtInst %void %2 DebugValue %inst %9207 %9215 %int_4,,,,,,,,,,,
3174,%9226 = OpExtInst %void %2 DebugValue %inst %9206 %9215 %int_3,,,,,,,,,,,
3175,%9223 = OpExtInst %void %2 DebugValue %inst %9205 %9215 %int_2,,,,,,,,,,,
3176,%9220 = OpExtInst %void %2 DebugValue %inst %9204 %9215 %int_1,,,,,,,,,,,
3177,%9217 = OpExtInst %void %2 DebugValue %inst %9203 %9215 %int_0,,,,,,,,,,,
3178,%9183 = OpExtInst %void %2 DebugLine %15 %uint_21 %uint_21 %uint_5 %uint_6,,,,,,,,,,,
3179,%9182 = OpExtInst %void %2 DebugValue %output_0 %9167 %9168 %int_2,,,,,,,,,,,
3180,%9177 = OpExtInst %void %2 DebugValue %output_0 %9166 %9168 %int_1,,,,,,,,,,,
3181,%9172 = OpExtInst %void %2 DebugValue %output_0 %9165 %9168 %int_0,,,,,,,,,,,
3182,%9305 = OpExtInst %void %2 DebugScope %3311 %6819,,,,,,,,,,,
3183,%9158 = OpExtInst %void %2 DebugLine %18 %uint_217 %uint_217 %uint_5 %uint_6,,,,,,,,,,,
3184,%9157 = OpExtInst %void %2 DebugValue %face %9151 %9152 %int_1,,,,,,,,,,,
3185,%9154 = OpExtInst %void %2 DebugValue %face %9150 %9152 %int_0,,,,,,,,,,,
3186,%9306 = OpExtInst %void %2 DebugScope %3740 %7207,,,,,,,,,,,
3187,%9131 = OpExtInst %void %2 DebugLine %18 %uint_169 %uint_169 %uint_9 %uint_10,,,,,,,,,,,
3188,%9130 = OpExtInst %void %2 DebugValue %cascade %9100 %9101 %int_5,,,,,,,,,,,
3189,%9125 = OpExtInst %void %2 DebugValue %cascade %9099 %9101 %int_4,,,,,,,,,,,
3190,%9120 = OpExtInst %void %2 DebugValue %cascade %9098 %9101 %int_3,,,,,,,,,,,
3191,%9115 = OpExtInst %void %2 DebugValue %cascade %9097 %9101 %int_2,,,,,,,,,,,
3192,%9110 = OpExtInst %void %2 DebugValue %cascade %9096 %9101 %int_1,,,,,,,,,,,
3193,%9105 = OpExtInst %void %2 DebugValue %cascade %9095 %9101 %int_0,,,,,,,,,,,
3194,%9307 = OpExtInst %void %2 DebugNoLine,,,,,,,,,,,
3195,%9308 = OpExtInst %void %2 DebugScope %2306 %8404,,,,,,,,,,,
3196,%9088 = OpExtInst %void %2 DebugValue %faceIndices %9081 %9082 %int_5,,,,,,,,,,,
3197,%9087 = OpExtInst %void %2 DebugValue %faceIndices %9080 %9082 %int_4,,,,,,,,,,,
3198,%9086 = OpExtInst %void %2 DebugValue %faceIndices %9079 %9082 %int_3,,,,,,,,,,,
3199,%9085 = OpExtInst %void %2 DebugValue %faceIndices %9078 %9082 %int_2,,,,,,,,,,,
3200,%9084 = OpExtInst %void %2 DebugValue %faceIndices %9077 %9082 %int_1,,,,,,,,,,,
3201,%9083 = OpExtInst %void %2 DebugValue %faceIndices %9076 %9082 %int_0,,,,,,,,,,,
3202,%9309 = OpExtInst %void %2 DebugNoScope,,,,,,,,,,,
3203,%691 = OpExtInst %void %2 DebugFunctionDefinition %687 %fragMain,,,,,,,,,,,
3204,OpSelectionMerge %6025 None,,,,,,,,,,,
3205,OpSwitch %uint_0 %6026,,,,,,,,,,,
3206,%6026 = OpLabel,,,,,,,,,,,
3207,%9310 = OpExtInst %void %2 DebugScope %687,,,,,,,,,,,
3208,%805 = OpLoad %v3float %input_worldPos,,,,,,,,,,,58
3209,%808 = OpLoad %v3float %input_normal,,,,,,,,,,,58
3210,%810 = OpLoad %v2float %input_texCoord,,,,,,,,,,,58
3211,%813 = OpLoad %v3float %input_tangent,,,,,,,,,,,58
3212,%815 = OpLoad %uint %input_instanceID,,,,,,,,,,,35
3213,%4532 = OpExtInst %void %2 DebugLine %15 %uint_23 %uint_23 %uint_5 %uint_6,,,,,,,,,,,
,LitInstanceData inst = pc.litInstanceData[input.instanceID];,73033,MIO Throttle,25101,Wait,11445,Short Scoreboard,10868,30,,,58
3214,%837 = OpAccessChain %_ptr_PushConstant_143 %pc %int_3,46121,MIO Throttle,24087,Selected,5691,Short Scoreboard,4752,30,27,29696,58
3215,%838 = OpLoad %_ptr_PhysicalStorageBuffer_LitInstanceData_natural %837,,,,,,,,,,,
3216,%839 = OpPtrAccessChain %_ptr_PhysicalStorageBuffer_LitInstanceData_natural %838 %815,9408,Short Scoreboard,6116,Wait,1791,Selected,734,30,3,,36
3217,%840 = OpAccessChain %_ptr_PhysicalStorageBuffer_uint %839 %int_0,,,,,,,,,,,
3218,%841 = OpLoad %uint %840 Aligned 4,,,,,,,,,,,
3219,%842 = OpAccessChain %_ptr_PhysicalStorageBuffer_uint %839 %int_1,,,,,,,,,,,
3220,%843 = OpLoad %uint %842 Aligned 4,1373,Wait,696,LG Throttle,254,Selected,212,30,1,239989,39
3221,%844 = OpAccessChain %_ptr_PhysicalStorageBuffer_uint %839 %int_2,,,,,,,,,,,
3222,%845 = OpLoad %uint %844 Aligned 4,1338,Wait,635,LG Throttle,313,Selected,241,30,1,239989,40
3223,%846 = OpAccessChain %_ptr_PhysicalStorageBuffer_uint %839 %int_3,,,,,,,,,,,
3224,%847 = OpLoad %uint %846 Aligned 4,1781,LG Throttle,721,Wait,684,Selected,205,30,1,239989,41
3225,%848 = OpAccessChain %_ptr_PhysicalStorageBuffer_uint %839 %int_4,,,,,,,,,,,
3226,%849 = OpLoad %uint %848 Aligned 4,1582,Wait,965,Selected,258,LG Throttle,194,30,1,6864,56
3227,%850 = OpAccessChain %_ptr_PhysicalStorageBuffer_uint %839 %int_5,,,,,,,,,,,
3228,%851 = OpLoad %uint %850 Aligned 4,3035,LG Throttle,2067,Wait,601,Not Selected,184,30,1,239989,42
3229,%852 = OpAccessChain %_ptr_PhysicalStorageBuffer_float %839 %int_6,,,,,,,,,,,
3230,%853 = OpLoad %float %852 Aligned 4,,,,,,,,,,,
3231,%854 = OpAccessChain %_ptr_PhysicalStorageBuffer_uint %839 %int_7,,,,,,,,,,,
3232,%855 = OpLoad %uint %854 Aligned 4,2257,Wait,1558,Selected,227,MIO Throttle,192,30,1,36122,37
3233,%856 = OpAccessChain %_ptr_PhysicalStorageBuffer_float %839 %int_8,,,,,,,,,,,
3234,%857 = OpLoad %float %856 Aligned 4,1781,LG Throttle,760,Wait,663,Selected,197,30,1,239989,43
3235,%858 = OpAccessChain %_ptr_PhysicalStorageBuffer_float %839 %int_9,,,,,,,,,,,
3236,%859 = OpLoad %float %858 Aligned 4,2140,LG Throttle,1012,Wait,713,Selected,242,30,1,239989,44
3237,%860 = OpAccessChain %_ptr_PhysicalStorageBuffer_float %839 %int_10,,,,,,,,,,,
3238,%861 = OpLoad %float %860 Aligned 4,2217,LG Throttle,1035,Wait,669,MIO Throttle,242,30,1,239989,45
3239,%862 = OpAccessChain %_ptr_PhysicalStorageBuffer_uint %839 %int_11,,,,,,,,,,,
3240,%863 = OpLoad %uint %862 Aligned 4,,,,,,,,,,,
3241,OpStore %9203 %841,,,,,,,,,,,
3242,OpStore %9204 %843,,,,,,,,,,,
3243,OpStore %9205 %845,,,,,,,,,,,
3244,OpStore %9206 %847,,,,,,,,,,,
3245,OpStore %9207 %849,,,,,,,,,,,
3246,OpStore %9208 %851,,,,,,,,,,,
3247,OpStore %9209 %853,,,,,,,,,,,
3248,OpStore %9210 %855,,,,,,,,,,,
3249,OpStore %9211 %857,,,,,,,,,,,
3250,OpStore %9212 %859,,,,,,,,,,,
3251,OpStore %9213 %861,,,,,,,,,,,
3252,OpStore %9214 %863,,,,,,,,,,,
3253,%866 = OpExtInst %void %2 DebugLine %15 %uint_25 %uint_25 %uint_5 %uint_6,,,,,,,,,,,
3254,%872 = OpExtInst %void %2 DebugDeclare %flipNormal %621 %101,,,,,,,,,,,
,bool flipNormal  = (inst.materialFlags & (1u << 0)) != 0;,,,,,,,,,,,
3255,%873 = OpBitwiseAnd %uint %855 %uint_1,,,,,,,,,,,
3256,%874 = OpINotEqual %bool %873 %uint_0,,,,,,,,,,,
3257,OpStore %621 %874,,,,,,,,,,,
3258,%876 = OpExtInst %void %2 DebugLine %15 %uint_26 %uint_26 %uint_5 %uint_6,,,,,,,,,,,
3259,%880 = OpExtInst %void %2 DebugDeclare %hasAlbedo %622 %101,,,,,,,,,,,
,bool hasAlbedo   = (inst.materialFlags & (1u << 1)) != 0;,2975,Branch Resolving,2020,Wait,623,Selected,243,30,,,61
3260,%881 = OpBitwiseAnd %uint %855 %uint_2,,,,,,,,,,,
3261,%hasAlbedo_0 = OpINotEqual %bool %881 %uint_0,2975,Branch Resolving,2020,Wait,623,Selected,243,30,1,,61
3262,OpStore %622 %hasAlbedo_0,,,,,,,,,,,
3263,%884 = OpExtInst %void %2 DebugLine %15 %uint_27 %uint_27 %uint_5 %uint_6,,,,,,,,,,,
3264,%888 = OpExtInst %void %2 DebugDeclare %hasRoughness %623 %101,,,,,,,,,,,
,bool hasRoughness= (inst.materialFlags & (1u << 2)) != 0;,1426,Wait,886,Selected,247,Branch Resolving,212,29,,,59
3265,%889 = OpBitwiseAnd %uint %855 %uint_4,,,,,,,,,,,
3266,%hasRoughness_0 = OpINotEqual %bool %889 %uint_0,1426,Wait,886,Selected,247,Branch Resolving,212,29,1,,59
3267,OpStore %623 %hasRoughness_0,,,,,,,,,,,
3268,%892 = OpExtInst %void %2 DebugLine %15 %uint_28 %uint_28 %uint_5 %uint_6,,,,,,,,,,,
3269,%896 = OpExtInst %void %2 DebugDeclare %hasMetallic %624 %101,,,,,,,,,,,
,bool hasMetallic = (inst.materialFlags & (1u << 3)) != 0;,3233,Branch Resolving,2021,Wait,662,Miscellaneous,321,30,,,58
3270,%897 = OpBitwiseAnd %uint %855 %uint_8,,,,,,,,,,,
3271,%hasMetallic_0 = OpINotEqual %bool %897 %uint_0,3233,Branch Resolving,2021,Wait,662,Miscellaneous,321,30,1,,58
3272,OpStore %624 %hasMetallic_0,,,,,,,,,,,
3273,%900 = OpExtInst %void %2 DebugLine %15 %uint_29 %uint_29 %uint_5 %uint_6,,,,,,,,,,,
3274,%904 = OpExtInst %void %2 DebugDeclare %hasNormal %625 %101,,,,,,,,,,,
,bool hasNormal   = (inst.materialFlags & (1u << 4)) != 0;,32936,Long Scoreboard,31946,Miscellaneous,727,Selected,244,30,,,56
3275,%905 = OpBitwiseAnd %uint %855 %uint_16,,,,,,,,,,,
3276,%hasNormal_0 = OpINotEqual %bool %905 %uint_0,32936,Long Scoreboard,31946,Miscellaneous,727,Selected,244,30,1,,56
3277,OpStore %625 %hasNormal_0,,,,,,,,,,,
3278,%908 = OpExtInst %void %2 DebugLine %15 %uint_30 %uint_30 %uint_5 %uint_6,,,,,,,,,,,
3279,%912 = OpExtInst %void %2 DebugDeclare %alphaClip %626 %101,,,,,,,,,,,
,bool alphaClip   = (inst.materialFlags & (1u << 5)) != 0;,345,Selected,345,,,,,30,,,61
3280,%913 = OpBitwiseAnd %uint %855 %uint_32,,,,,,,,,,,
3281,%alphaClip_0 = OpINotEqual %bool %913 %uint_0,345,Selected,345,,,,,30,1,,61
3282,OpStore %626 %alphaClip_0,,,,,,,,,,,
3283,%916 = OpExtInst %void %2 DebugLine %15 %uint_32 %uint_32 %uint_5 %uint_6,,,,,,,,,,,
3284,%919 = OpExtInst %void %2 DebugDeclare %N_0 %627 %101,,,,,,,,,,,
3285,%920 = OpExtInst %void %2 DebugLine %15 %uint_33 %uint_33 %uint_5 %uint_6,,,,,,,,,,,
3286,%924 = OpExtInst %void %2 DebugDeclare %normalMap_0 %628 %101,,,,,,,,,,,
3287,%925 = OpExtInst %void %2 DebugLine %15 %uint_35 %uint_35 %uint_11 %uint_12,,,,,,,,,,,
,const SamplerState sampler = samplers[pc.litPassData.samplerIndex];,4033,Miscellaneous,1733,Branch Resolving,648,Wait,536,30,,,38
3288,%927 = OpAccessChain %_ptr_PushConstant_147 %pc %int_5,,,,,,,,,,,
3289,%928 = OpLoad %_ptr_PhysicalStorageBuffer_LitPass_natural %927,,,,,,,,,,,
3290,%929 = OpAccessChain %_ptr_PhysicalStorageBuffer_uint %928 %int_0,,,,,,,,,,,
3291,%930 = OpLoad %uint %929 Aligned 4,4033,Miscellaneous,1733,Branch Resolving,648,Wait,536,30,3,239989,38
3292,%936 = OpAccessChain %_ptr_UniformConstant_932 %samplers %930,,,,,,,,,,,
3293,%937 = OpExtInst %void %2 DebugLine %15 %uint_37 %uint_37 %uint_5 %uint_6,,,,,,,,,,,
3294,%939 = OpExtInst %void %2 DebugLine %15 %uint_37 %uint_37 %uint_8 %uint_9,,,,,,,,,,,
3295,%9311 = OpExtInst %void %2 DebugNoScope,,,,,,,,,,,
,if(hasNormal) {,2824,Wait,2555,Selected,204,Not Selected,60,1,,,56
3296,OpSelectionMerge %695 None,,,,,,,,,,,
3297,OpBranchConditional %hasNormal_0 %693 %695,2824,Wait,2555,Selected,204,Not Selected,60,1,1,,56
3298,%693 = OpLabel,,,,,,,,,,,
3299,%9312 = OpExtInst %void %2 DebugScope %687,,,,,,,,,,,
3300,%942 = OpExtInst %void %2 DebugLine %15 %uint_38 %uint_38 %uint_9 %uint_10,,,,,,,,,,,
,"normalMap = textures[inst.normalTextureIndex].Sample(sampler, input.texCoord).rgb;",264945,Long Scoreboard,250054,Short Scoreboard,5823,Wait,5170,30,,,59
3301,%950 = OpAccessChain %_ptr_UniformConstant_946 %textures %849,,,,,,,,,,,
3302,%952 = OpLoad %932 %936,5252,Long Scoreboard,5025,Selected,201,Not Selected,16,30,1,,56
3303,%953 = OpLoad %946 %950,7160,Long Scoreboard,6864,Selected,185,Not Selected,69,30,1,,57
3304,%sampledImage = OpSampledImage %954 %953 %952,9096,Short Scoreboard,5823,Wait,2391,Selected,604,30,3,11646,57
3305,%sampled = OpImageSampleImplicitLod %v4float %sampledImage %810 None,1212,Wait,931,Selected,240,Not Selected,38,30,1,238165,57
3306,%958 = OpVectorShuffle %v3float %sampled %sampled 0 1 2,,,,,,,,,,,
3307,OpStore %normalMap %958,,,,,,,,,,,
3308,OpStore %628 %958,,,,,,,,,,,
3309,OpBranch %695,242225,Long Scoreboard,238165,Wait,1848,Selected,1246,30,8,,59
3310,%695 = OpLabel,,,,,,,,,,,
3311,%9313 = OpExtInst %void %2 DebugScope %687,,,,,,,,,,,
3312,%962 = OpExtInst %void %2 DebugLine %15 %uint_41 %uint_41 %uint_5 %uint_6,,,,,,,,,,,
3313,%966 = OpExtInst %void %2 DebugDeclare %albedo_0 %630 %101,,,,,,,,,,,
,"float4 albedo = float4(1.0, 1.0, 1.0, 1.0);",,,,,,,,,,,
3314,OpStore %630 %967,,,,,,,,,,,
3315,%969 = OpExtInst %void %2 DebugLine %15 %uint_42 %uint_42 %uint_5 %uint_6,,,,,,,,,,,
3316,%971 = OpExtInst %void %2 DebugLine %15 %uint_42 %uint_42 %uint_8 %uint_9,,,,,,,,,,,
3317,%9314 = OpExtInst %void %2 DebugNoScope,,,,,,,,,,,
,if(hasAlbedo) {,4398,Wait,1930,Selected,1815,Miscellaneous,254,8,,,61
3318,OpSelectionMerge %701 None,,,,,,,,,,,
3319,OpBranchConditional %hasAlbedo_0 %699 %697,4398,Wait,1930,Selected,1815,Miscellaneous,254,8,7,7400,61
3320,%697 = OpLabel,,,,,,,,,,,
3321,%9315 = OpExtInst %void %2 DebugScope %687,,,,,,,,,,,
3322,OpStore %albedo %967,,,,,,,,,,,
3323,OpBranch %701,,,,,,,,,,,
3324,%699 = OpLabel,,,,,,,,,,,
3325,%9316 = OpExtInst %void %2 DebugScope %687,,,,,,,,,,,
3326,%975 = OpExtInst %void %2 DebugLine %15 %uint_43 %uint_43 %uint_9 %uint_10,,,,,,,,,,,
,"albedo = textures[inst.albedoTextureIndex].Sample(sampler, input.texCoord);",15464,Short Scoreboard,6842,Wait,5075,Selected,1509,30,,,60
3327,%978 = OpAccessChain %_ptr_UniformConstant_946 %textures %843,,,,,,,,,,,
3328,%980 = OpLoad %932 %936,526,Selected,267,Wait,239,Not Selected,20,30,1,,58
3329,%981 = OpLoad %946 %978,1568,Wait,924,Long Scoreboard,306,Selected,267,30,1,,57
3330,%sampledImage_0 = OpSampledImage %954 %981 %980,10488,Short Scoreboard,6842,Wait,2694,Selected,705,30,3,13684,59
3331,%sampled_0 = OpImageSampleImplicitLod %v4float %sampledImage_0 %810 None,2882,Wait,1218,Branch Resolving,710,Miscellaneous,558,30,2,230505,60
3332,OpStore %630 %sampled_0,,,,,,,,,,,
3333,OpStore %albedo %sampled_0,,,,,,,,,,,
3334,OpBranch %701,,,,,,,,,,,
3335,%701 = OpLabel,,,,,,,,,,,
3336,%9317 = OpExtInst %void %2 DebugScope %687,,,,,,,,,,,
3337,%988 = OpExtInst %void %2 DebugLine %15 %uint_45 %uint_45 %uint_5 %uint_6,,,,,,,,,,,
3338,%990 = OpExtInst %void %2 DebugLine %15 %uint_45 %uint_45 %uint_19 %uint_20,,,,,,,,,,,
3339,%9318 = OpExtInst %void %2 DebugNoScope,,,,,,,,,,,
,if (alphaClip && albedo.a < inst.alphaCutoff),2572,Wait,2320,Selected,188,Not Selected,58,1,,,59
3340,OpSelectionMerge %707 None,,,,,,,,,,,
3341,OpBranchConditional %alphaClip_0 %705 %703,,,,,,,,,,,
3342,%703 = OpLabel,,,,,,,,,,,
3343,%9319 = OpExtInst %void %2 DebugScope %687,,,,,,,,,,,
3344,OpStore %632 %false,,,,,,,,,,,
3345,OpBranch %707,,,,,,,,,,,
3346,%705 = OpLabel,,,,,,,,,,,
3347,%9320 = OpExtInst %void %2 DebugScope %687,,,,,,,,,,,
3348,%995 = OpLoad %v4float %albedo,,,,,,,,,,,
3349,%996 = OpCompositeExtract %float %995 3,,,,,,,,,,,
3350,%997 = OpFOrdLessThan %bool %996 %861,,,,,,,,,,,
3351,OpStore %632 %997,,,,,,,,,,,
3352,OpBranch %707,,,,,,,,,,,
3353,%707 = OpLabel,,,,,,,,,,,
3354,%9321 = OpExtInst %void %2 DebugScope %687,,,,,,,,,,,
3355,%1000 = OpExtInst %void %2 DebugLine %15 %uint_45 %uint_45 %uint_19 %uint_20,,,,,,,,,,,
3356,%1001 = OpLoad %bool %632,,,,,,,,,,,
3357,%9322 = OpExtInst %void %2 DebugNoScope,,,,,,,,,,,
3358,OpSelectionMerge %711 None,,,,,,,,,,,
3359,OpBranchConditional %1001 %709 %711,2572,Wait,2320,Selected,188,Not Selected,58,1,1,,59
3360,%709 = OpLabel,,,,,,,,,,,
3361,%9323 = OpExtInst %void %2 DebugScope %687,,,,,,,,,,,
3362,%1003 = OpExtInst %void %2 DebugLine %15 %uint_46 %uint_46 %uint_9 %uint_10,,,,,,,,,,,
,discard;,,,,,,,,,,,
3363,OpKill,,,,,,,,,,,
3364,%711 = OpLabel,,,,,,,,,,,
3365,%9324 = OpExtInst %void %2 DebugScope %687,,,,,,,,,,,
3366,%1006 = OpExtInst %void %2 DebugLine %15 %uint_49 %uint_49 %uint_5 %uint_6,,,,,,,,,,,
3367,%1009 = OpExtInst %void %2 DebugDeclare %roughness_0 %633 %101,,,,,,,,,,,
,"float4 roughness = float4(inst.roughness, inst.roughness, inst.roughness, 1.0);",,,,,,,,,,,
3368,%1010 = OpCompositeConstruct %v4float %859 %859 %859 %float_1,,,,,,,,,,,
3369,OpStore %633 %1010,,,,,,,,,,,
3370,%1012 = OpExtInst %void %2 DebugLine %15 %uint_50 %uint_50 %uint_5 %uint_6,,,,,,,,,,,
3371,%1014 = OpExtInst %void %2 DebugLine %15 %uint_50 %uint_50 %uint_8 %uint_9,,,,,,,,,,,
3372,%9325 = OpExtInst %void %2 DebugNoScope,,,,,,,,,,,
,if(hasRoughness) {,2736,Wait,1830,Selected,823,Not Selected,52,28,,,59
3373,OpSelectionMerge %717 None,,,,,,,,,,,
3374,OpBranchConditional %hasRoughness_0 %715 %713,2736,Wait,1830,Selected,823,Not Selected,52,28,4,558,59
3375,%713 = OpLabel,,,,,,,,,,,
3376,%9326 = OpExtInst %void %2 DebugScope %687,,,,,,,,,,,
3377,OpStore %roughness %1010,,,,,,,,,,,
3378,OpBranch %717,,,,,,,,,,,
3379,%715 = OpLabel,,,,,,,,,,,
3380,%9327 = OpExtInst %void %2 DebugScope %687,,,,,,,,,,,
3381,%1018 = OpExtInst %void %2 DebugLine %15 %uint_51 %uint_51 %uint_9 %uint_10,,,,,,,,,,,
,"roughness = textures[inst.roughnessTextureIndex].Sample(sampler, input.texCoord);",236129,Long Scoreboard,230482,Branch Resolving,2146,Wait,1930,30,,,60
3382,%1021 = OpAccessChain %_ptr_UniformConstant_946 %textures %845,,,,,,,,,,,
3383,%1023 = OpLoad %932 %936,55,Wait,34,Selected,19,Not Selected,2,31,1,,58
3384,%1024 = OpLoad %946 %1021,939,Wait,697,Selected,236,Not Selected,6,31,1,,57
3385,%sampledImage_1 = OpSampledImage %954 %1024 %1023,862,Short Scoreboard,558,Wait,224,Selected,70,31,3,1116,59
3386,%sampled_1 = OpImageSampleImplicitLod %v4float %sampledImage_1 %810 None,234273,Long Scoreboard,230482,Branch Resolving,2146,Wait,975,30,3,37180,60
3387,OpStore %633 %sampled_1,,,,,,,,,,,
3388,OpStore %roughness %sampled_1,,,,,,,,,,,
3389,OpBranch %717,,,,,,,,,,,
3390,%717 = OpLabel,,,,,,,,,,,
3391,%9328 = OpExtInst %void %2 DebugScope %687,,,,,,,,,,,
3392,%1031 = OpExtInst %void %2 DebugLine %15 %uint_54 %uint_54 %uint_5 %uint_6,,,,,,,,,,,
3393,%1034 = OpExtInst %void %2 DebugDeclare %metallic_0 %635 %101,,,,,,,,,,,
,"float4 metallic = float4(inst.metallic, inst.metallic, inst.metallic, 1.0);",,,,,,,,,,,
3394,%1035 = OpCompositeConstruct %v4float %857 %857 %857 %float_1,,,,,,,,,,,
3395,OpStore %635 %1035,,,,,,,,,,,
3396,%1037 = OpExtInst %void %2 DebugLine %15 %uint_55 %uint_55 %uint_5 %uint_6,,,,,,,,,,,
3397,%1039 = OpExtInst %void %2 DebugLine %15 %uint_55 %uint_55 %uint_8 %uint_9,,,,,,,,,,,
3398,%9329 = OpExtInst %void %2 DebugNoScope,,,,,,,,,,,
,if(hasMetallic){,2766,Wait,1887,Selected,810,Not Selected,49,30,,,57
3399,OpSelectionMerge %723 None,,,,,,,,,,,
3400,OpBranchConditional %hasMetallic_0 %721 %719,2766,Wait,1887,Selected,810,Not Selected,49,30,4,0,57
3401,%719 = OpLabel,,,,,,,,,,,
3402,%9330 = OpExtInst %void %2 DebugScope %687,,,,,,,,,,,
3403,OpStore %metallic %1035,,,,,,,,,,,
3404,OpBranch %723,,,,,,,,,,,
3405,%721 = OpLabel,,,,,,,,,,,
3406,%9331 = OpExtInst %void %2 DebugScope %687,,,,,,,,,,,
3407,%1043 = OpExtInst %void %2 DebugLine %15 %uint_56 %uint_56 %uint_9 %uint_10,,,,,,,,,,,
,"metallic = textures[inst.metallicTextureIndex].Sample(sampler, input.texCoord);",1988,Wait,635,Miscellaneous,555,Branch Resolving,549,30,,,57
3408,%1046 = OpAccessChain %_ptr_UniformConstant_946 %textures %847,,,,,,,,,,,
3409,%1048 = OpLoad %932 %936,,,,,,,,,1,,55
3410,%1049 = OpLoad %946 %1046,801,Wait,617,Selected,182,Branch Resolving,2,,1,,55
3411,%sampledImage_2 = OpSampledImage %954 %1049 %1048,,,,,,,,,3,0,56
3412,%sampled_2 = OpImageSampleImplicitLod %v4float %sampledImage_2 %810 None,1187,Miscellaneous,555,Branch Resolving,547,Not Selected,50,30,2,37180,57
3413,OpStore %635 %sampled_2,,,,,,,,,,,
3414,OpStore %metallic %sampled_2,,,,,,,,,,,
3415,OpBranch %723,,,,,,,,,,,
3416,%723 = OpLabel,,,,,,,,,,,
3417,%9332 = OpExtInst %void %2 DebugScope %687,,,,,,,,,,,
3418,%1056 = OpExtInst %void %2 DebugLine %15 %uint_60 %uint_60 %uint_5 %uint_6,,,,,,,,,,,
3419,%1058 = OpExtInst %void %2 DebugLine %15 %uint_60 %uint_60 %uint_9 %uint_10,,,,,,,,,,,
3420,%9333 = OpExtInst %void %2 DebugNoScope,,,,,,,,,,,
,if (hasNormal) {,6347,Branch Resolving,2575,Wait,1401,Selected,995,22,,,52
3421,OpSelectionMerge %729 None,,,,,,,,,,,
3422,OpBranchConditional %hasNormal_0 %727 %725,4505,Branch Resolving,2508,Selected,690,Wait,678,22,4,,52
3423,%725 = OpLabel,,,,,,,,,,,
3424,%9334 = OpExtInst %void %2 DebugScope %687,,,,,,,,,,,
3425,%1060 = OpExtInst %void %2 DebugLine %15 %uint_75 %uint_75 %uint_9 %uint_10,,,,,,,,,,,
3426,%1063 = OpExtInst %v3float %554 Normalize %808,1842,Wait,723,Miscellaneous,328,Selected,305,18,7,265,48
,N = normalize(input.normal);,85,Selected,60,Wait,15,Not Selected,10,18,,,49
3427,OpStore %627 %1063,,,,,,,,,,,
3428,OpStore %N %1063,,,,,,,,,,,
3429,OpBranch %729,85,Selected,60,Wait,15,Not Selected,10,18,3,,49
3430,%727 = OpLabel,,,,,,,,,,,
3431,%9335 = OpExtInst %void %2 DebugScope %687,,,,,,,,,,,
3432,%1067 = OpExtInst %void %2 DebugLine %15 %uint_61 %uint_61 %uint_9 %uint_10,,,,,,,,,,,
,normalMap = normalMap * 2.0 - 1.0;,,,,,,,,,,,
3433,%1071 = OpLoad %v3float %normalMap,,,,,,,,,,,
3434,%1072 = OpVectorTimesScalar %v3float %1071 %float_2,,,,,,,,,,,
3435,%1075 = OpFSub %v3float %1072 %2550,,,,,,,,,,,
3436,OpStore %normalMap %1075,,,,,,,,,,,
3437,OpStore %628 %1075,,,,,,,,,,,
3438,%1078 = OpExtInst %void %2 DebugLine %15 %uint_62 %uint_62 %uint_9 %uint_10,,,,,,,,,,,
3439,%1083 = OpExtInst %void %2 DebugDeclare %normalIntensity %639 %101,,,,,,,,,,,
,float normalIntensity = 1.0;,,,,,,,,,,,
3440,OpStore %639 %float_1,,,,,,,,,,,
3441,%4671 = OpExtInst %void %2 DebugLine %15 %uint_63 %uint_63 %uint_9 %uint_10,,,,,,,,,,,
,normalMap.xy *= normalIntensity;,,,,,,,,,,,
3442,%1089 = OpAccessChain %_ptr_Function_float %normalMap %int_0,,,,,,,,,,,
3443,%1090 = OpCompositeExtract %float %1075 0,,,,,,,,,,,
3444,OpStore %1089 %1090,,,,,,,,,,,
3445,%1091 = OpAccessChain %_ptr_Function_float %normalMap %int_1,,,,,,,,,,,
3446,%1092 = OpCompositeExtract %float %1075 1,,,,,,,,,,,
3447,OpStore %1091 %1092,,,,,,,,,,,
3448,%1094 = OpLoad %v3float %normalMap,,,,,,,,,,,
3449,OpStore %628 %1094,,,,,,,,,,,
3450,%1096 = OpExtInst %void %2 DebugLine %15 %uint_64 %uint_64 %uint_9 %uint_10,,,,,,,,,,,
,normalMap.y *= -1.0;,,,,,,,,,,,
3451,%1097 = OpAccessChain %_ptr_Function_float %normalMap %int_1,,,,,,,,,,,
3452,%1098 = OpLoad %float %1097,,,,,,,,,,,
3453,%1099 = OpFMul %float %1098 %float_n1,,,,,,,,,,,
3454,OpStore %1097 %1099,,,,,,,,,,,
3455,%1102 = OpAccessChain %_ptr_Function_float %628 %int_1,,,,,,,,,,,
3456,OpStore %1102 %1099,,,,,,,,,,,
3457,%1104 = OpExtInst %void %2 DebugLine %15 %uint_65 %uint_65 %uint_9 %uint_10,,,,,,,,,,,
,normalMap = normalize(normalMap);,4943,Wait,1520,Selected,1337,Short Scoreboard,1079,30,,,57
3458,%1106 = OpLoad %v3float %normalMap,,,,,,,,,,,
3459,%1107 = OpExtInst %v3float %554 Normalize %1106,4943,Wait,1520,Selected,1337,Short Scoreboard,1079,30,7,1079,57
3460,OpStore %normalMap %1107,,,,,,,,,,,
3461,OpStore %628 %1107,,,,,,,,,,,
3462,%1110 = OpExtInst %void %2 DebugLine %15 %uint_67 %uint_67 %uint_9 %uint_10,,,,,,,,,,,
3463,%1114 = OpExtInst %void %2 DebugDeclare %T %640 %101,,,,,,,,,,,
,float3 T = normalize(input.tangent);,5975,Wait,1887,Selected,1260,Short Scoreboard,1109,30,,,55
3464,%1115 = OpExtInst %v3float %554 Normalize %813,5975,Wait,1887,Selected,1260,Short Scoreboard,1109,30,7,1109,55
3465,OpStore %640 %1115,,,,,,,,,,,
3466,%1117 = OpExtInst %void %2 DebugLine %15 %uint_68 %uint_68 %uint_9 %uint_10,,,,,,,,,,,
3467,%1121 = OpExtInst %void %2 DebugDeclare %N_world %641 %101,,,,,,,,,,,
,float3 N_world = normalize(input.normal);,5290,Wait,2715,Selected,1133,Short Scoreboard,483,30,,,55
3468,%1122 = OpExtInst %v3float %554 Normalize %808,5290,Wait,2715,Selected,1133,Short Scoreboard,483,30,7,483,55
3469,OpStore %641 %1122,,,,,,,,,,,
3470,%1124 = OpExtInst %void %2 DebugLine %15 %uint_69 %uint_69 %uint_9 %uint_10,,,,,,,,,,,
,"T = normalize(T - dot(T, N_world) * N_world);",11984,Wait,4512,Selected,2620,Short Scoreboard,2463,30,,,54
3471,%1126 = OpDot %float %1115 %1122,2475,Wait,955,Selected,614,Not Selected,453,30,3,,54
3472,%1127 = OpVectorTimesScalar %v3float %1122 %1126,,,,,,,,,,,
3473,%1128 = OpFSub %v3float %1115 %1127,1926,Wait,1105,Selected,465,Math Pipe Throttle,170,30,3,,54
3474,%1129 = OpExtInst %v3float %554 Normalize %1128,7583,Short Scoreboard,2463,Wait,2452,Selected,1541,30,7,2463,54
3475,OpStore %640 %1129,,,,,,,,,,,
3476,%1131 = OpExtInst %void %2 DebugLine %15 %uint_70 %uint_70 %uint_9 %uint_10,,,,,,,,,,,
3477,%1135 = OpExtInst %void %2 DebugDeclare %B %642 %101,,,,,,,,,,,
,"float3 B = normalize(cross(N_world, T));",8083,Wait,3393,Selected,2469,Not Selected,839,30,,,57
3478,%1136 = OpExtInst %v3float %554 Cross %1122 %1129,3671,Wait,1196,Selected,1138,Not Selected,679,30,6,,57
3479,%1137 = OpExtInst %v3float %554 Normalize %1136,4412,Wait,2197,Selected,1331,Short Scoreboard,403,30,7,403,57
3480,OpStore %642 %1137,,,,,,,,,,,
3481,%1139 = OpExtInst %void %2 DebugLine %15 %uint_71 %uint_71 %uint_9 %uint_10,,,,,,,,,,,
3482,%1144 = OpExtInst %void %2 DebugDeclare %TBN %644 %101,,,,,,,,,,,
,"float3x3 TBN = float3x3(T, B, N_world);",,,,,,,,,,,
3483,%TBN_0 = OpCompositeConstruct %mat3v3float %1129 %1137 %1122,,,,,,,,,,,
3484,OpStore %644 %TBN_0,,,,,,,,,,,
3485,%4708 = OpExtInst %void %2 DebugLine %15 %uint_73 %uint_73 %uint_9 %uint_10,,,,,,,,,,,
,"N = normalize(mul(normalMap, TBN));",12269,Wait,4008,Selected,3107,Short Scoreboard,2716,30,,,56
3486,%1150 = OpMatrixTimesVector %v3float %TBN_0 %1107,4214,Selected,1735,Wait,1617,Not Selected,436,30,9,,56
3487,%1151 = OpExtInst %v3float %554 Normalize %1150,7883,Short Scoreboard,2716,Wait,2391,Selected,1204,30,7,2716,51
3488,OpStore %627 %1151,,,,,,,,,,,
3489,OpStore %N %1151,,,,,,,,,,,
3490,OpBranch %729,172,Selected,168,Dispatch Stall,4,,,30,1,,49
3491,%729 = OpLabel,,,,,,,,,,,
3492,%9336 = OpExtInst %void %2 DebugScope %687,,,,,,,,,,,
3493,%1155 = OpExtInst %void %2 DebugLine %15 %uint_79 %uint_79 %uint_5 %uint_6,,,,,,,,,,,
3494,%1157 = OpExtInst %void %2 DebugLine %15 %uint_81 %uint_81 %uint_5 %uint_6,,,,,,,,,,,
3495,%1161 = OpExtInst %void %2 DebugDeclare %diffuseIBL %645 %101,,,,,,,,,,,
,"float3 diffuseIBL = calculateDiffuseIBL(N, albedo.rgb, envMap, inst.maxEnvMips, sampler);",,,,,,,,,,,
3496,%1162 = OpLoad %v4float %albedo,,,,,,,,,,,
3497,%1163 = OpVectorShuffle %v3float %1162 %1162 0 1 2,,,,,,,,,,,
3498,%1164 = OpLoad %v3float %N,,,,,,,,,,,
3499,%1165 = OpLoad %932 %936,,,,,,,,,,,
3500,%9337 = OpExtInst %void %2 DebugNoLine,,,,,,,,,,,
3501,%9338 = OpExtInst %void %2 DebugScope %1180 %6516,,,,,,,,,,,
3502,%6523 = OpAccessChain %_ptr_UniformConstant_1185 %cubemaps %851,,,,,,,,,,,
3503,%6524 = OpExtInst %void %2 DebugDeclare %maxMip %6515 %101,,,,,,,,,,,
3504,OpStore %6515 %853,,,,,,,,,,,
3505,%6525 = OpExtInst %void %2 DebugDeclare %albedo_1 %6517 %101,,,,,,,,,,,
3506,OpStore %6517 %1163,,,,,,,,,,,
3507,%6526 = OpExtInst %void %2 DebugDeclare %N_1 %6518 %101,,,,,,,,,,,
3508,OpStore %6518 %1164,,,,,,,,,,,
3509,%6535 = OpExtInst %void %2 DebugLine %12 %uint_69 %uint_69 %uint_5 %uint_6,,,,,,,,,,,
3510,%6527 = OpExtInst %void %2 DebugDeclare %irradiance %6519 %101,,,,,,,,,,,
,// C:/Users/vicro/Desktop/vulkan-renderer/repo/shader-forge/shaders/modules/pbr.slang:69,,,,,,,,
,"float3 irradiance = envMap.SampleLevel(envSampler, N, maxMip).rgb;",,,,,,,,,,,
3511,%6528 = OpLoad %1185 %6523,,,,,,,,,,,
3512,%6529 = OpSampledImage %1207 %6528 %1165,,,,,,,,,,,
3513,%6530 = OpImageSampleExplicitLod %v4float %6529 %1164 Lod %853,,,,,,,,,,,
3514,%6532 = OpVectorShuffle %v3float %6530 %6530 0 1 2,,,,,,,,,,,
3515,OpStore %6519 %6532,,,,,,,,,,,
3516,%6544 = OpExtInst %void %2 DebugLine %12 %uint_70 %uint_70 %uint_5 %uint_6,,,,,,,,,,,
,return irradiance * albedo * invPI;,,,,,,,,,,,
3517,%6533 = OpFMul %v3float %6532 %1163,,,,,,,,,,,
3518,%6534 = OpVectorTimesScalar %v3float %6533 %float_0_318309873,,,,,,,,,,,
3519,%9339 = OpExtInst %void %2 DebugScope %687,,,,,,,,,,,
3520,%4719 = OpExtInst %void %2 DebugLine %15 %uint_81 %uint_81 %uint_5 %uint_6,,,,,,,,,,,
,// C:/Users/vicro/Desktop/vulkan-renderer/repo/shader-forge/shaders/lit.slang:81,,,,,,,,
,"float3 diffuseIBL = calculateDiffuseIBL(N, albedo.rgb, envMap, inst.maxEnvMips, sampler);",,,,,,,,,,,
3521,OpStore %645 %6534,,,,,,,,,,,
3522,%1219 = OpExtInst %void %2 DebugLine %15 %uint_83 %uint_83 %uint_5 %uint_6,,,,,,,,,,,
3523,%1223 = OpExtInst %void %2 DebugDeclare %V %646 %101,,,,,,,,,,,
,float3 V = normalize(pc.litPassData.cameraPos.xyz - input.worldPos);,22697,Long Scoreboard,5797,Wait,5106,Short Scoreboard,2654,30,,,63
3524,%1224 = OpLoad %_ptr_PhysicalStorageBuffer_LitPass_natural %927,,,,,,,,,,,
3525,%1226 = OpAccessChain %_ptr_PhysicalStorageBuffer_v3float %1224 %int_4,,,,,,,,,,,
3526,%1227 = OpLoad %v3float %1226 Aligned 4,6978,Branch Resolving,2183,Wait,1885,LG Throttle,1039,30,4,5797,52
3527,%1228 = OpVectorShuffle %v3float %1227 %1227 0 1 2,,,,,,,,,,,
3528,%1229 = OpFSub %v3float %1228 %805,7807,Long Scoreboard,5797,Wait,628,Not Selected,493,30,3,,63
3529,%1230 = OpExtInst %v3float %554 Normalize %1229,7912,Short Scoreboard,2654,Wait,2593,Selected,1437,30,7,2654,63
3530,OpStore %646 %1230,,,,,,,,,,,
3531,%1232 = OpExtInst %void %2 DebugLine %15 %uint_84 %uint_84 %uint_5 %uint_6,,,,,,,,,,,
3532,%1236 = OpExtInst %void %2 DebugDeclare %F0 %647 %101,,,,,,,,,,,
,float3 F0 = float3(0.04);,,,,,,,,,,,
3533,OpStore %647 %1237,,,,,,,,,,,
3534,%1240 = OpExtInst %void %2 DebugLine %15 %uint_85 %uint_85 %uint_5 %uint_6,,,,,,,,,,,
,"F0 = lerp(F0, albedo.rgb, metallic.r);",45088,Long Scoreboard,37157,Selected,3652,Wait,2134,30,,,59
3535,%1242 = OpLoad %v4float %metallic,,,,,,,,,,,
3536,%1243 = OpCompositeExtract %float %1242 0,,,,,,,,,,,
3537,%1244 = OpCompositeConstruct %v3float %1243 %1243 %1243,,,,,,,,,,,
3538,%1245 = OpExtInst %v3float %554 FMix %1237 %1163 %1244,45088,Long Scoreboard,37157,Selected,3652,Wait,2134,30,17,1264,59
3539,OpStore %647 %1245,,,,,,,,,,,
3540,%1247 = OpExtInst %void %2 DebugLine %15 %uint_87 %uint_87 %uint_5 %uint_6,,,,,,,,,,,
3541,%1251 = OpExtInst %void %2 DebugDeclare %Lo_0 %648 %101,,,,,,,,,,,
,float3 Lo = float3(0.0);,,,,,,,,,,,
3542,OpStore %648 %1252,,,,,,,,,,,
3543,%1255 = OpExtInst %void %2 DebugLine %15 %uint_89 %uint_89 %uint_5 %uint_6,,,,,,,,,,,
3544,%1257 = OpExtInst %void %2 DebugLine %15 %uint_89 %uint_89 %uint_9 %uint_10,,,,,,,,,,,
3545,%1263 = OpExtInst %void %2 DebugDeclare %i_0 %650 %101,,,,,,,,,,,
,for(int i = 0; i < pc.litPassData.lightCount; i++){,14027,Wait,9476,Selected,3597,Not Selected,541,26,,,63
3546,OpStore %650 %int_0,,,,,,,,,,,
3547,OpStore %i %int_0,,,,,,,,,,,
3548,OpStore %Lo %1252,,,,,,,,,,,
3549,OpBranch %731,,,,,,,,,,,
3550,%731 = OpLabel,,,,,,,,,,,
3551,OpLoopMerge %739 %801 None,,,,,,,,,,,
3552,OpBranch %732,,,,,,,,,,,
3553,%732 = OpLabel,,,,,,,,,,,
3554,%9340 = OpExtInst %void %2 DebugScope %687,,,,,,,,,,,
3555,OpBranch %734,,,,,,,,,,,
3556,%734 = OpLabel,,,,,,,,,,,
3557,OpSelectionMerge %797 None,,,,,,,,,,,
3558,OpSwitch %int_0 %735,,,,,,,,,,,
3559,%735 = OpLabel,,,,,,,,,,,
3560,%9341 = OpExtInst %void %2 DebugScope %687,,,,,,,,,,,
3561,%1267 = OpExtInst %void %2 DebugLine %15 %uint_89 %uint_89 %uint_22 %uint_23,,,,,,,,,,,
3562,%1269 = OpLoad %int %i,,,,,,,,,,,
3563,%1270 = OpBitcast %uint %1269,,,,,,,,,,,
3564,%1271 = OpLoad %_ptr_PhysicalStorageBuffer_LitPass_natural %927,,,,,,,,,,,
3565,%1272 = OpAccessChain %_ptr_PhysicalStorageBuffer_uint %1271 %int_1,,,,,,,,,,,
3566,%1273 = OpLoad %uint %1272 Aligned 4,998,Wait,563,Selected,171,LG Throttle,169,30,1,655,53
3567,%1274 = OpULessThan %bool %1270 %1273,2360,Wait,1378,Selected,676,Not Selected,191,30,2,,63
3568,%9342 = OpExtInst %void %2 DebugNoScope,,,,,,,,,,,
3569,OpSelectionMerge %747 None,,,,,,,,,,,
3570,OpBranchConditional %1274 %747 %737,10669,Wait,7535,Selected,2750,Not Selected,302,24,13,,62
3571,%737 = OpLabel,,,,,,,,,,,
3572,%9343 = OpExtInst %void %2 DebugScope %687,,,,,,,,,,,
3573,OpBranch %739,,,,,,,,,,,
3574,%747 = OpLabel,,,,,,,,,,,
3575,%9344 = OpExtInst %void %2 DebugScope %687,,,,,,,,,,,
3576,%2615 = OpExtInst %void %2 DebugLine %15 %uint_90 %uint_90 %uint_9 %uint_10,,,,,,,,,,,
3577,%2692 = OpExtInst %void %2 DebugDeclare %currentLight %661 %101,,,,,,,,,,,
,Light* currentLight = &pc.lights[i];,7496,Wait,3606,Miscellaneous,1104,Selected,998,30,,,64
3578,%2694 = OpAccessChain %_ptr_PushConstant_141 %pc %int_2,,,,,,,,,,,
3579,%2695 = OpLoad %_ptr_PhysicalStorageBuffer_Light_natural %2694,,,,,,,,,,,
3580,%2696 = OpLoad %int %i,,,,,,,,,,,
3581,%currentLight_0 = OpPtrAccessChain %_ptr_PhysicalStorageBuffer_Light_natural %2695 %2696,7496,Wait,3606,Miscellaneous,1104,Selected,998,30,3,,64
3582,OpStore %661 %currentLight_0,,,,,,,,,,,
3583,%2699 = OpExtInst %void %2 DebugLine %15 %uint_93 %uint_93 %uint_9 %uint_10,,,,,,,,,,,
,if(currentLight.intensity <= 0.0) continue;,55301,Long Scoreboard,43897,Wait,7335,Selected,1988,24,,,65
3584,%2701 = OpAccessChain %_ptr_PhysicalStorageBuffer_float %currentLight_0 %int_4,,,,,,,,,,,
3585,%2702 = OpLoad %float %2701 Aligned 4,4816,Wait,2809,LG Throttle,769,MIO Throttle,533,30,1,43897,65
3586,%2703 = OpFOrdLessThanEqual %bool %2702 %float_0,44693,Long Scoreboard,43897,Selected,404,Not Selected,259,30,1,,65
3587,%2704 = OpExtInst %void %2 DebugLine %15 %uint_93 %uint_93 %uint_35 %uint_36,,,,,,,,,,,
3588,%9345 = OpExtInst %void %2 DebugNoScope,,,,,,,,,,,
3589,OpSelectionMerge %749 None,,,,,,,,,,,
3590,OpBranchConditional %2703 %795 %749,5792,Wait,4526,Selected,1148,Not Selected,114,20,3,1264,65
3591,%795 = OpLabel,,,,,,,,,,,
3592,%9346 = OpExtInst %void %2 DebugScope %687,,,,,,,,,,,
3593,%4269 = OpExtInst %void %2 DebugLine %15 %uint_93 %uint_93 %uint_43 %uint_44,,,,,,,,,,,
3594,OpBranch %797,,,,,,,,,,,
3595,%749 = OpLabel,,,,,,,,,,,
3596,%9347 = OpExtInst %void %2 DebugScope %687,,,,,,,,,,,
3597,%2707 = OpExtInst %void %2 DebugLine %15 %uint_95 %uint_95 %uint_9 %uint_10,,,,,,,,,,,
,if(currentLight.type != 1) {,46093,Long Scoreboard,36830,Wait,6655,Selected,1290,25,,,65
3598,%2709 = OpAccessChain %_ptr_PhysicalStorageBuffer_int %currentLight_0 %int_0,,,,,,,,,,,
3599,%2710 = OpLoad %int %2709 Aligned 4,2949,Wait,1621,Selected,448,LG Throttle,377,30,1,36830,65
3600,%2711 = OpINotEqual %bool %2710 %int_1,37954,Long Scoreboard,36830,Selected,414,Wait,411,30,1,,65
3601,%2712 = OpExtInst %void %2 DebugLine %15 %uint_95 %uint_95 %uint_30 %uint_31,,,,,,,,,,,
3602,%9348 = OpExtInst %void %2 DebugNoScope,,,,,,,,,,,
3603,OpSelectionMerge %755 None,,,,,,,,,,,
3604,OpBranchConditional %2711 %751 %755,5190,Wait,4623,Selected,428,Not Selected,136,15,1,,65
3605,%751 = OpLabel,,,,,,,,,,,
3606,%9349 = OpExtInst %void %2 DebugScope %687,,,,,,,,,,,
3607,%2714 = OpExtInst %void %2 DebugLine %15 %uint_96 %uint_96 %uint_13 %uint_14,,,,,,,,,,,
3608,%2719 = OpExtInst %void %2 DebugDeclare %distance %662 %101,,,,,,,,,,,
,float distance = length(currentLight.position - input.worldPos);,16083,Long Scoreboard,5970,Wait,5270,Selected,2192,30,,,69
3609,%2720 = OpAccessChain %_ptr_PhysicalStorageBuffer_v3float %currentLight_0 %int_1,,,,,,,,,,,
3610,%2721 = OpLoad %v3float %2720 Aligned 4,4719,Wait,2783,Selected,738,LG Throttle,670,30,3,5970,68
3611,%2722 = OpFSub %v3float %2721 %805,7845,Long Scoreboard,5970,Selected,620,Math Pipe Throttle,438,30,3,,69
3612,%2723 = OpExtInst %float %554 Length %2722,3519,Wait,2076,Selected,834,Math Pipe Throttle,295,30,4,2797,69
3613,OpStore %662 %2723,,,,,,,,,,,
3614,%2725 = OpExtInst %void %2 DebugLine %15 %uint_97 %uint_97 %uint_13 %uint_14,,,,,,,,,,,
,if(distance > currentLight.range){,7019,Wait,3092,Short Scoreboard,2797,Selected,629,25,,,69
3615,%2727 = OpAccessChain %_ptr_PhysicalStorageBuffer_float %currentLight_0 %int_3,,,,,,,,,,,
3616,%2728 = OpLoad %float %2727 Aligned 4,1284,Wait,651,LG Throttle,288,Selected,207,30,1,1729,69
3617,%2729 = OpFOrdGreaterThan %bool %2723 %2728,3266,Short Scoreboard,2797,Wait,209,Selected,201,30,1,,67
3618,%2730 = OpExtInst %void %2 DebugLine %15 %uint_97 %uint_97 %uint_25 %uint_26,,,,,,,,,,,
3619,%9350 = OpExtInst %void %2 DebugNoScope,,,,,,,,,,,
3620,OpSelectionMerge %753 None,,,,,,,,,,,
3621,OpBranchConditional %2729 %793 %753,2469,Wait,2232,Selected,221,Not Selected,16,16,1,,65
3622,%793 = OpLabel,,,,,,,,,,,
3623,%9351 = OpExtInst %void %2 DebugScope %687,,,,,,,,,,,
3624,%4265 = OpExtInst %void %2 DebugLine %15 %uint_98 %uint_98 %uint_17 %uint_18,,,,,,,,,,,
,continue;,,,,,,,,,,,
3625,OpBranch %797,,,,,,,,,,,
3626,%753 = OpLabel,,,,,,,,,,,
3627,%9352 = OpExtInst %void %2 DebugScope %687,,,,,,,,,,,
3628,OpBranch %755,,,,,,,,,,,
3629,%755 = OpLabel,,,,,,,,,,,
3630,%9353 = OpExtInst %void %2 DebugScope %687,,,,,,,,,,,
3631,%2733 = OpExtInst %void %2 DebugLine %15 %uint_102 %uint_102 %uint_9 %uint_10,,,,,,,,,,,
3632,%2737 = OpExtInst %void %2 DebugDeclare %L_0 %663 %101,,,,,,,,,,,
3633,%2738 = OpExtInst %void %2 DebugLine %15 %uint_103 %uint_103 %uint_9 %uint_10,,,,,,,,,,,
3634,%2742 = OpExtInst %void %2 DebugDeclare %attenuation %664 %101,,,,,,,,,,,
3635,%2743 = OpExtInst %void %2 DebugLine %15 %uint_104 %uint_104 %uint_9 %uint_10,,,,,,,,,,,
3636,%2746 = OpExtInst %void %2 DebugDeclare %radiance_0 %665 %101,,,,,,,,,,,
3637,%2747 = OpExtInst %void %2 DebugLine %15 %uint_106 %uint_106 %uint_9 %uint_10,,,,,,,,,,,
,if(currentLight.type == 1) {,3363,Miscellaneous,1033,Selected,882,Wait,754,23,,,62
3638,%2749 = OpLoad %int %2709 Aligned 4,,,,,,,,,,,
3639,%2750 = OpIEqual %bool %2749 %int_1,,,,,,,,,,,
3640,%2751 = OpExtInst %void %2 DebugLine %15 %uint_106 %uint_106 %uint_30 %uint_31,,,,,,,,,,,
3641,%9354 = OpExtInst %void %2 DebugNoScope,,,,,,,,,,,
3642,OpSelectionMerge %761 None,,,,,,,,,,,
3643,OpBranchConditional %2750 %759 %757,3363,Miscellaneous,1033,Selected,882,Wait,754,23,3,1264,62
3644,%757 = OpLabel,,,,,,,,,,,
3645,%9355 = OpExtInst %void %2 DebugScope %687,,,,,,,,,,,
3646,%2753 = OpExtInst %void %2 DebugLine %15 %uint_114 %uint_114 %uint_13 %uint_14,,,,,,,,,,,
3647,%2758 = OpExtInst %void %2 DebugDeclare %lightPos %667 %101,,,,,,,,,,,
,float3 lightPos = currentLight.position;,4152,Wait,1508,Miscellaneous,1022,LG Throttle,500,29,,,65
3648,%2759 = OpAccessChain %_ptr_PhysicalStorageBuffer_v3float %currentLight_0 %int_1,,,,,,,,,,,
3649,%lightPos_0 = OpLoad %v3float %2759 Aligned 4,4152,Wait,1508,Miscellaneous,1022,LG Throttle,500,29,3,3654,65
3650,OpStore %667 %lightPos_0,,,,,,,,,,,
3651,%2762 = OpExtInst %void %2 DebugLine %15 %uint_115 %uint_115 %uint_13 %uint_14,,,,,,,,,,,
3652,%2764 = OpExtInst %void %2 DebugDeclare %distance_0 %668 %101,,,,,,,,,,,
,float distance = length(lightPos - input.worldPos);,5866,Long Scoreboard,3654,Selected,703,Wait,624,29,,,70
3653,%2765 = OpFSub %v3float %lightPos_0 %805,5023,Long Scoreboard,3654,Not Selected,410,Math Pipe Throttle,368,29,3,,69
3654,%2766 = OpExtInst %float %554 Length %2765,843,Selected,382,Wait,358,Not Selected,49,29,3,,70
3655,OpStore %668 %2766,,,,,,,,,,,
3656,%2768 = OpExtInst %void %2 DebugLine %15 %uint_117 %uint_117 %uint_13 %uint_14,,,,,,,,,,,
,L = normalize(lightPos - input.worldPos);,2004,Short Scoreboard,673,Wait,581,Selected,378,29,,,70
3657,%2770 = OpExtInst %v3float %554 Normalize %2765,2004,Short Scoreboard,673,Wait,581,Selected,378,29,4,673,70
3658,OpStore %663 %2770,,,,,,,,,,,
3659,%2772 = OpExtInst %void %2 DebugLine %15 %uint_118 %uint_118 %uint_13 %uint_14,,,,,,,,,,,
,attenuation = 1.0 / (distance * distance);,833,Wait,642,MIO Throttle,77,Selected,65,29,,,70
3660,%2773 = OpFMul %float %2766 %2766,,,,,,,,,,,
3661,%attenuation_0 = OpFDiv %float %float_1 %2773,833,Wait,642,MIO Throttle,77,Selected,65,29,1,246,70
3662,OpStore %664 %attenuation_0,,,,,,,,,,,
3663,%2776 = OpExtInst %void %2 DebugLine %15 %uint_119 %uint_119 %uint_13 %uint_14,,,,,,,,,,,
,radiance = currentLight.color.rgb * currentLight.intensity * attenuation;,4274,Wait,1660,Selected,1044,LG Throttle,529,29,,,70
3664,%2778 = OpAccessChain %_ptr_PhysicalStorageBuffer_v4float %currentLight_0 %int_6,,,,,,,,,,,
3665,%2779 = OpLoad %v4float %2778 Aligned 4,2274,Wait,1077,LG Throttle,529,Selected,387,29,3,7074,68
3666,%2780 = OpVectorShuffle %v3float %2779 %2779 0 1 2,,,,,,,,,,,
3667,%2781 = OpLoad %float %2701 Aligned 4,,,,,,,,,,,
3668,%2782 = OpVectorTimesScalar %v3float %2780 %2781,871,Selected,330,Wait,224,Math Pipe Throttle,163,29,3,,70
3669,%2783 = OpVectorTimesScalar %v3float %2782 %attenuation_0,1129,Wait,359,Selected,327,Short Scoreboard,246,29,3,,69
3670,OpStore %665 %2783,,,,,,,,,,,
3671,OpStore %L %2770,,,,,,,,,,,
3672,OpStore %radiance %2783,,,,,,,,,,,
3673,OpBranch %761,,,,,,,,,,,
3674,%759 = OpLabel,,,,,,,,,,,
3675,%9356 = OpExtInst %void %2 DebugScope %687,,,,,,,,,,,
3676,%2788 = OpExtInst %void %2 DebugLine %15 %uint_107 %uint_107 %uint_13 %uint_14,,,,,,,,,,,
3677,%2793 = OpExtInst %void %2 DebugDeclare %lightDir %669 %101,,,,,,,,,,,
,float3 lightDir = currentLight.direction;,5128,Wait,2506,LG Throttle,1166,Selected,831,30,,,65
3678,%2794 = OpAccessChain %_ptr_PhysicalStorageBuffer_v3float %currentLight_0 %int_2,,,,,,,,,,,
3679,%lightDir_0 = OpLoad %v3float %2794 Aligned 4,5128,Wait,2506,LG Throttle,1166,Selected,831,30,3,24245,65
3680,OpStore %669 %lightDir_0,,,,,,,,,,,
3681,%2797 = OpExtInst %void %2 DebugLine %15 %uint_108 %uint_108 %uint_13 %uint_14,,,,,,,,,,,
,lightDir = normalize(lightDir);,28211,Long Scoreboard,24245,Wait,1856,Selected,829,30,,,70
3682,%2798 = OpExtInst %v3float %554 Normalize %lightDir_0,28211,Long Scoreboard,24245,Wait,1856,Selected,829,30,4,2212,70
3683,OpStore %669 %2798,,,,,,,,,,,
3684,%2800 = OpExtInst %void %2 DebugLine %15 %uint_109 %uint_109 %uint_13 %uint_14,,,,,,,,,,,
,L = -lightDir;,,,,,,,,,,,
3685,%2801 = OpFNegate %v3float %2798,,,,,,,,,,,
3686,OpStore %663 %2801,,,,,,,,,,,
3687,%2803 = OpExtInst %void %2 DebugLine %15 %uint_110 %uint_110 %uint_13 %uint_14,,,,,,,,,,,
,attenuation = 1.0;,,,,,,,,,,,
3688,OpStore %664 %float_1,,,,,,,,,,,
3689,%2805 = OpExtInst %void %2 DebugLine %15 %uint_111 %uint_111 %uint_13 %uint_14,,,,,,,,,,,
,radiance = currentLight.color.rgb * currentLight.intensity;,9567,Wait,2899,Short Scoreboard,2212,Selected,2159,30,,,69
3690,%2806 = OpAccessChain %_ptr_PhysicalStorageBuffer_v4float %currentLight_0 %int_6,,,,,,,,,,,
3691,%2807 = OpLoad %v4float %2806 Aligned 4,3803,Wait,1832,LG Throttle,1090,Selected,555,30,3,66555,68
3692,%2808 = OpVectorShuffle %v3float %2807 %2807 0 1 2,,,,,,,,,,,
3693,%2809 = OpLoad %float %2701 Aligned 4,,,,,,,,,,,
3694,%2810 = OpVectorTimesScalar %v3float %2808 %2809,1101,Selected,647,Wait,403,Not Selected,35,30,3,,69
3695,OpStore %665 %2810,,,,,,,,,,,
3696,OpStore %L %2801,,,,,,,,,,,
3697,OpStore %radiance %2810,,,,,,,,,,,
3698,OpBranch %761,4663,Short Scoreboard,2212,Selected,957,Wait,664,30,4,,68
3699,%761 = OpLabel,,,,,,,,,,,
3700,%9357 = OpExtInst %void %2 DebugScope %687,,,,,,,,,,,
3701,%2815 = OpExtInst %void %2 DebugLine %15 %uint_122 %uint_122 %uint_9 %uint_10,,,,,,,,,,,
3702,%2818 = OpExtInst %void %2 DebugDeclare %H %670 %101,,,,,,,,,,,
,float3 H = normalize(V + L);,17565,Branch Resolving,3639,Short Scoreboard,3461,Selected,3333,30,,,73
3703,%2819 = OpLoad %v3float %L,,,,,,,,,,,
3704,%2820 = OpFAdd %v3float %1230 %2819,7637,Branch Resolving,3639,Wait,1794,Selected,1112,30,4,,71
3705,%2821 = OpExtInst %v3float %554 Normalize %2820,9928,Short Scoreboard,3461,Selected,2221,Wait,1504,30,7,3461,73
3706,OpStore %670 %2821,,,,,,,,,,,
3707,%2823 = OpExtInst %void %2 DebugLine %15 %uint_124 %uint_124 %uint_9 %uint_10,,,,,,,,,,,
3708,%2827 = OpExtInst %void %2 DebugDeclare %NdotL_raw %671 %101,,,,,,,,,,,
,"float NdotL_raw = dot(N, L);",4296,Wait,1632,Selected,927,Math Pipe Throttle,878,30,,,73
3709,%2828 = OpLoad %v3float %N,,,,,,,,,,,
3710,%2830 = OpDot %float %2828 %2819,4296,Wait,1632,Selected,927,Math Pipe Throttle,878,30,3,,73
3711,OpStore %671 %2830,,,,,,,,,,,
3712,%2832 = OpExtInst %void %2 DebugLine %15 %uint_125 %uint_125 %uint_9 %uint_10,,,,,,,,,,,
,if(NdotL_raw <= 0.0) {,4074,Wait,2981,Selected,724,Not Selected,290,20,,,72
3713,%2834 = OpFOrdLessThanEqual %bool %2830 %float_0,1416,Wait,902,Selected,330,Not Selected,105,30,1,,72
3714,%2835 = OpExtInst %void %2 DebugLine %15 %uint_125 %uint_125 %uint_22 %uint_23,,,,,,,,,,,
3715,%9358 = OpExtInst %void %2 DebugNoScope,,,,,,,,,,,
3716,OpSelectionMerge %763 None,,,,,,,,,,,
3717,OpBranchConditional %2834 %791 %763,2658,Wait,2079,Selected,394,Not Selected,185,11,1,,71
3718,%791 = OpLabel,,,,,,,,,,,
3719,%9359 = OpExtInst %void %2 DebugScope %687,,,,,,,,,,,
3720,%4261 = OpExtInst %void %2 DebugLine %15 %uint_126 %uint_126 %uint_13 %uint_14,,,,,,,,,,,
,continue;,,,,,,,,,,,
3721,OpBranch %797,,,,,,,,,,,
3722,%763 = OpLabel,,,,,,,,,,,
3723,%9360 = OpExtInst %void %2 DebugScope %687,,,,,,,,,,,
3724,%2837 = OpExtInst %void %2 DebugLine %15 %uint_129 %uint_129 %uint_9 %uint_10,,,,,,,,,,,
3725,%2840 = OpExtInst %void %2 DebugDeclare %NdotV %672 %101,,,,,,,,,,,
,"float NdotV = max(dot(N, V), 0.001);",1002,Selected,756,Wait,192,Math Pipe Throttle,28,27,,,75
3726,%2841 = OpLoad %v3float %N,,,,,,,,,,,
3727,%2842 = OpDot %float %2841 %1230,787,Selected,544,Wait,192,Math Pipe Throttle,28,27,3,,74
3728,%2843 = OpExtInst %float %554 FMax %2842 %float_0_00100000005,215,Selected,212,Dispatch Stall,3,,,27,1,,75
3729,OpStore %672 %2843,,,,,,,,,,,
3730,%2846 = OpExtInst %void %2 DebugLine %15 %uint_130 %uint_130 %uint_9 %uint_10,,,,,,,,,,,
3731,%2849 = OpExtInst %void %2 DebugDeclare %NdotL %673 %101,,,,,,,,,,,
,"float NdotL = max(NdotL_raw, 0.001);",193,Selected,193,,,,,27,,,76
3732,%2850 = OpExtInst %float %554 FMax %2830 %float_0_00100000005,193,Selected,193,,,,,27,1,,76
3733,OpStore %673 %2850,,,,,,,,,,,
3734,%2852 = OpExtInst %void %2 DebugLine %15 %uint_131 %uint_131 %uint_9 %uint_10,,,,,,,,,,,
3735,%2856 = OpExtInst %void %2 DebugDeclare %NdotH %674 %101,,,,,,,,,,,
,"float NdotH = max(dot(N, H), 0.001);",,,,,,,,,,,
3736,%2858 = OpDot %float %2841 %2821,,,,,,,,,,,
3737,%2859 = OpExtInst %float %554 FMax %2858 %float_0_00100000005,,,,,,,,,,,
3738,OpStore %674 %2859,,,,,,,,,,,
3739,%2861 = OpExtInst %void %2 DebugLine %15 %uint_132 %uint_132 %uint_9 %uint_10,,,,,,,,,,,
3740,%2864 = OpExtInst %void %2 DebugDeclare %HdotV %675 %101,,,,,,,,,,,
,"float HdotV = max(dot(H, V), 0.001);",1803,Selected,805,Wait,745,Math Pipe Throttle,122,27,,,77
3741,%2865 = OpDot %float %2821 %1230,1193,Selected,578,Wait,505,Math Pipe Throttle,52,27,3,,77
3742,%2866 = OpExtInst %float %554 FMax %2865 %float_0_00100000005,610,Wait,240,Selected,227,Math Pipe Throttle,70,27,1,,75
3743,OpStore %675 %2866,,,,,,,,,,,
3744,%2868 = OpExtInst %void %2 DebugLine %15 %uint_134 %uint_134 %uint_9 %uint_10,,,,,,,,,,,
3745,%2872 = OpExtInst %void %2 DebugDeclare %NDF %676 %101,,,,,,,,,,,
,"float NDF = DistributionGGX(N, H, roughness.r);",,,,,,,,,,,
3746,%2873 = OpLoad %v4float %roughness,,,,,,,,,,,
3747,%2874 = OpCompositeExtract %float %2873 0,,,,,,,,,,,
3748,%9361 = OpExtInst %void %2 DebugNoLine,,,,,,,,,,,
3749,%9362 = OpExtInst %void %2 DebugScope %2893 %6549,,,,,,,,,,,
3750,%6561 = OpExtInst %void %2 DebugDeclare %roughness_2 %6548 %101,,,,,,,,,,,
3751,OpStore %6548 %2874,,,,,,,,,,,
3752,%6562 = OpExtInst %void %2 DebugDeclare %H_0 %6550 %101,,,,,,,,,,,
3753,OpStore %6550 %2821,,,,,,,,,,,
3754,%6563 = OpExtInst %void %2 DebugDeclare %N_4 %6551 %101,,,,,,,,,,,
3755,OpStore %6551 %2841,,,,,,,,,,,
3756,%6581 = OpExtInst %void %2 DebugLine %12 %uint_16 %uint_16 %uint_5 %uint_6,,,,,,,,,,,
3757,%6564 = OpExtInst %void %2 DebugDeclare %a %6552 %101,,,,,,,,,,,
,// C:/Users/vicro/Desktop/vulkan-renderer/repo/shader-forge/shaders/modules/pbr.slang:16,,,,,,,,
,float a      = roughness*roughness;,495,Wait,256,Selected,214,Math Pipe Throttle,14,27,,,74
3758,%6565 = OpFMul %float %2874 %2874,495,Wait,256,Selected,214,Math Pipe Throttle,14,27,1,,74
3759,OpStore %6552 %6565,,,,,,,,,,,
3760,%6586 = OpExtInst %void %2 DebugLine %12 %uint_17 %uint_17 %uint_5 %uint_6,,,,,,,,,,,
3761,%6566 = OpExtInst %void %2 DebugDeclare %a2 %6553 %101,,,,,,,,,,,
,float a2     = a*a;,550,Selected,278,Wait,201,Math Pipe Throttle,37,27,,,75
3762,%6567 = OpFMul %float %6565 %6565,550,Selected,278,Wait,201,Math Pipe Throttle,37,27,1,,75
3763,OpStore %6553 %6567,,,,,,,,,,,
3764,%6589 = OpExtInst %void %2 DebugLine %12 %uint_18 %uint_18 %uint_5 %uint_6,,,,,,,,,,,
3765,%6568 = OpExtInst %void %2 DebugDeclare %NdotH_0 %6554 %101,,,,,,,,,,,
,"float NdotH  = max(dot(N, H), 0.0);",3106,Selected,855,Miscellaneous,819,Math Pipe Throttle,630,27,,,75
3766,%6569 = OpDot %float %2841 %2821,2362,Selected,676,Math Pipe Throttle,626,Not Selected,581,27,3,,75
3767,%6570 = OpExtInst %float %554 FMax %6569 %float_0,744,Miscellaneous,544,Selected,179,Dispatch Stall,9,27,1,,75
3768,OpStore %6554 %6570,,,,,,,,,,,
3769,%6593 = OpExtInst %void %2 DebugLine %12 %uint_19 %uint_19 %uint_5 %uint_6,,,,,,,,,,,
3770,%6571 = OpExtInst %void %2 DebugDeclare %NdotH2 %6555 %101,,,,,,,,,,,
,float NdotH2 = NdotH*NdotH;,234,Selected,234,,,,,27,,,76
3771,%6572 = OpFMul %float %6570 %6570,234,Selected,234,,,,,27,1,,76
3772,OpStore %6555 %6572,,,,,,,,,,,
3773,%6596 = OpExtInst %void %2 DebugLine %12 %uint_21 %uint_21 %uint_5 %uint_6,,,,,,,,,,,
3774,%6573 = OpExtInst %void %2 DebugDeclare %num %6556 %101,,,,,,,,,,,
,float num   = a2;,,,,,,,,,,,
3775,OpStore %6556 %6567,,,,,,,,,,,
3776,%6598 = OpExtInst %void %2 DebugLine %12 %uint_22 %uint_22 %uint_5 %uint_6,,,,,,,,,,,
3777,%6574 = OpExtInst %void %2 DebugDeclare %denom %6557 %101,,,,,,,,,,,
,float denom = (NdotH2 * (a2 - 1.0) + 1.0);,1619,Miscellaneous,726,Selected,446,Wait,367,27,,,76
3778,%6575 = OpFSub %float %6567 %float_1,362,Selected,183,Wait,159,Not Selected,10,27,1,,75
3779,%6576 = OpFMul %float %6572 %6575,,,,,,,,,,,
3780,%6577 = OpFAdd %float %6576 %float_1,1257,Miscellaneous,726,Selected,263,Wait,208,27,1,,76
3781,OpStore %6557 %6577,,,,,,,,,,,
3782,%6603 = OpExtInst %void %2 DebugLine %12 %uint_23 %uint_23 %uint_5 %uint_6,,,,,,,,,,,
,denom = PI * denom * denom;,2078,Miscellaneous,578,Not Selected,498,Math Pipe Throttle,409,27,,,75
3783,%6578 = OpFMul %float %float_3_14159274 %6577,,,,,,,,,,,
3784,%6579 = OpFMul %float %6578 %6577,2078,Miscellaneous,578,Not Selected,498,Math Pipe Throttle,409,27,2,,75
3785,OpStore %6557 %6579,,,,,,,,,,,
3786,%6606 = OpExtInst %void %2 DebugLine %12 %uint_25 %uint_25 %uint_5 %uint_6,,,,,,,,,,,
,return num / denom;,2273,Miscellaneous,1428,Selected,467,Wait,210,27,,,75
3787,%6580 = OpFDiv %float %6567 %6579,2273,Miscellaneous,1428,Selected,467,Wait,210,27,2,20,75
3788,%9363 = OpExtInst %void %2 DebugScope %687,,,,,,,,,,,
3789,%5039 = OpExtInst %void %2 DebugLine %15 %uint_134 %uint_134 %uint_9 %uint_10,,,,,,,,,,,
,// C:/Users/vicro/Desktop/vulkan-renderer/repo/shader-forge/shaders/lit.slang:134,,,,,,,,
,"float NDF = DistributionGGX(N, H, roughness.r);",,,,,,,,,,,
3790,OpStore %676 %6580,,,,,,,,,,,
3791,%2954 = OpExtInst %void %2 DebugLine %15 %uint_135 %uint_135 %uint_9 %uint_10,,,,,,,,,,,
3792,%2957 = OpExtInst %void %2 DebugDeclare %G %677 %101,,,,,,,,,,,
,"float G = GeometrySmith(N, V, L, roughness.r);",,,,,,,,,,,
3793,%2959 = OpLoad %v3float %L,,,,,,,,,,,
3794,%9364 = OpExtInst %void %2 DebugNoLine,,,,,,,,,,,
3795,%9365 = OpExtInst %void %2 DebugScope %2977 %6610,,,,,,,,,,,
3796,%6621 = OpExtInst %void %2 DebugDeclare %roughness_3 %6609 %101,,,,,,,,,,,
3797,OpStore %6609 %2874,,,,,,,,,,,
3798,%6622 = OpExtInst %void %2 DebugDeclare %L_1 %6611 %101,,,,,,,,,,,
3799,OpStore %6611 %2959,,,,,,,,,,,
3800,%6623 = OpExtInst %void %2 DebugDeclare %V_0 %6612 %101,,,,,,,,,,,
3801,OpStore %6612 %1230,,,,,,,,,,,
3802,%6624 = OpExtInst %void %2 DebugDeclare %N_5 %6613 %101,,,,,,,,,,,
3803,OpStore %6613 %2841,,,,,,,,,,,
3804,%6636 = OpExtInst %void %2 DebugLine %12 %uint_41 %uint_41 %uint_5 %uint_6,,,,,,,,,,,
3805,%6625 = OpExtInst %void %2 DebugDeclare %NdotV_0 %6614 %101,,,,,,,,,,,
,// C:/Users/vicro/Desktop/vulkan-renderer/repo/shader-forge/shaders/modules/pbr.slang:41,,,,,,,,
,"float NdotV = max(dot(N, V), 0.0);",243,Selected,233,Dispatch Stall,10,,,27,,,76
3806,%6626 = OpDot %float %2841 %1230,,,,,,,,,,,
3807,%6627 = OpExtInst %float %554 FMax %6626 %float_0,243,Selected,233,Dispatch Stall,10,,,27,1,,76
3808,OpStore %6614 %6627,,,,,,,,,,,
3809,%6642 = OpExtInst %void %2 DebugLine %12 %uint_42 %uint_42 %uint_5 %uint_6,,,,,,,,,,,
3810,%6628 = OpExtInst %void %2 DebugDeclare %NdotL_0 %6615 %101,,,,,,,,,,,
,"float NdotL = max(dot(N, L), 0.0);",207,Selected,207,,,,,27,,,71
3811,%6629 = OpDot %float %2841 %2959,,,,,,,,,,,
3812,%6630 = OpExtInst %float %554 FMax %6629 %float_0,207,Selected,207,,,,,27,1,,71
3813,OpStore %6615 %6630,,,,,,,,,,,
3814,%6646 = OpExtInst %void %2 DebugLine %12 %uint_43 %uint_43 %uint_5 %uint_6,,,,,,,,,,,
3815,%6631 = OpExtInst %void %2 DebugDeclare %ggx2 %6616 %101,,,,,,,,,,,
3816,%9366 = OpExtInst %void %2 DebugNoLine,,,,,,,,,,,
3817,%9367 = OpExtInst %void %2 DebugScope %3025 %6656,,,,,,,,,,,
3818,%6665 = OpExtInst %void %2 DebugDeclare %roughness_4 %6655 %101,,,,,,,,,,,
3819,OpStore %6655 %2874,,,,,,,,,,,
3820,%6666 = OpExtInst %void %2 DebugDeclare %NdotV_1 %6657 %101,,,,,,,,,,,
3821,OpStore %6657 %6627,,,,,,,,,,,
3822,%6678 = OpExtInst %void %2 DebugLine %12 %uint_30 %uint_30 %uint_5 %uint_6,,,,,,,,,,,
3823,%6667 = OpExtInst %void %2 DebugDeclare %r %6658 %101,,,,,,,,,,,
,float r = (roughness + 1.0);,221,Selected,214,Dispatch Stall,7,,,27,,,72
3824,%6668 = OpFAdd %float %2874 %float_1,221,Selected,214,Dispatch Stall,7,,,27,1,,72
3825,OpStore %6658 %6668,,,,,,,,,,,
3826,%6683 = OpExtInst %void %2 DebugLine %12 %uint_31 %uint_31 %uint_5 %uint_6,,,,,,,,,,,
3827,%6669 = OpExtInst %void %2 DebugDeclare %k %6659 %101,,,,,,,,,,,
,float k = (r*r) / 8.0;,440,Wait,231,Selected,152,Math Pipe Throttle,33,27,,,74
3828,%6670 = OpFMul %float %6668 %6668,440,Wait,231,Selected,152,Math Pipe Throttle,33,27,1,,74
3829,%6671 = OpFMul %float %6670 %float_0_125,,,,,,,,,,,
3830,OpStore %6659 %6671,,,,,,,,,,,
3831,%6687 = OpExtInst %void %2 DebugLine %12 %uint_33 %uint_33 %uint_5 %uint_6,,,,,,,,,,,
3832,%6672 = OpExtInst %void %2 DebugDeclare %num_0 %6660 %101,,,,,,,,,,,
,float num   = NdotV;,,,,,,,,,,,
3833,OpStore %6660 %6627,,,,,,,,,,,
3834,%6689 = OpExtInst %void %2 DebugLine %12 %uint_34 %uint_34 %uint_5 %uint_6,,,,,,,,,,,
3835,%6673 = OpExtInst %void %2 DebugDeclare %denom_0 %6661 %101,,,,,,,,,,,
,float denom = NdotV * (1.0 - k) + k;,2192,Not Selected,719,Math Pipe Throttle,577,Wait,450,27,,,77
3836,%6674 = OpFSub %float %float_1 %6671,1743,Not Selected,698,Math Pipe Throttle,576,Wait,242,27,1,,77
3837,%6675 = OpFMul %float %6627 %6674,,,,,,,,,,,
3838,%6676 = OpFAdd %float %6675 %6671,449,Selected,219,Wait,208,Not Selected,21,27,1,,76
3839,OpStore %6661 %6676,,,,,,,,,,,
3840,%6694 = OpExtInst %void %2 DebugLine %12 %uint_36 %uint_36 %uint_5 %uint_6,,,,,,,,,,,
,return num / denom;,1429,Selected,439,Not Selected,241,Short Scoreboard,240,27,,,75
3841,%6677 = OpFDiv %float %6627 %6676,1429,Selected,439,Not Selected,241,Short Scoreboard,240,27,2,240,75
3842,%9368 = OpExtInst %void %2 DebugScope %2977 %6610,,,,,,,,,,,
3843,%6648 = OpExtInst %void %2 DebugLine %12 %uint_43 %uint_43 %uint_5 %uint_6,,,,,,,,,,,
,"float ggx2  = GeometrySchlickGGX(NdotV, roughness);",,,,,,,,,,,
3844,OpStore %6616 %6677,,,,,,,,,,,
3845,%6649 = OpExtInst %void %2 DebugLine %12 %uint_44 %uint_44 %uint_5 %uint_6,,,,,,,,,,,
3846,%6633 = OpExtInst %void %2 DebugDeclare %ggx1 %6617 %101,,,,,,,,,,,
3847,%9369 = OpExtInst %void %2 DebugNoLine,,,,,,,,,,,
3848,%9370 = OpExtInst %void %2 DebugScope %3025 %6698,,,,,,,,,,,
3849,%6707 = OpExtInst %void %2 DebugDeclare %roughness_4 %6697 %101,,,,,,,,,,,
3850,OpStore %6697 %2874,,,,,,,,,,,
3851,%6708 = OpExtInst %void %2 DebugDeclare %NdotV_1 %6699 %101,,,,,,,,,,,
3852,OpStore %6699 %6630,,,,,,,,,,,
3853,%6720 = OpExtInst %void %2 DebugLine %12 %uint_30 %uint_30 %uint_5 %uint_6,,,,,,,,,,,
3854,%6709 = OpExtInst %void %2 DebugDeclare %r %6700 %101,,,,,,,,,,,
,float r = (roughness + 1.0);,,,,,,,,,,,
3855,%6710 = OpFAdd %float %2874 %float_1,,,,,,,,,,,
3856,OpStore %6700 %6710,,,,,,,,,,,
3857,%6725 = OpExtInst %void %2 DebugLine %12 %uint_31 %uint_31 %uint_5 %uint_6,,,,,,,,,,,
3858,%6711 = OpExtInst %void %2 DebugDeclare %k %6701 %101,,,,,,,,,,,
,float k = (r*r) / 8.0;,,,,,,,,,,,
3859,%6712 = OpFMul %float %6710 %6710,,,,,,,,,,,
3860,%6713 = OpFMul %float %6712 %float_0_125,,,,,,,,,,,
3861,OpStore %6701 %6713,,,,,,,,,,,
3862,%6729 = OpExtInst %void %2 DebugLine %12 %uint_33 %uint_33 %uint_5 %uint_6,,,,,,,,,,,
3863,%6714 = OpExtInst %void %2 DebugDeclare %num_0 %6702 %101,,,,,,,,,,,
,float num   = NdotV;,,,,,,,,,,,
3864,OpStore %6702 %6630,,,,,,,,,,,
3865,%6731 = OpExtInst %void %2 DebugLine %12 %uint_34 %uint_34 %uint_5 %uint_6,,,,,,,,,,,
3866,%6715 = OpExtInst %void %2 DebugDeclare %denom_0 %6703 %101,,,,,,,,,,,
,float denom = NdotV * (1.0 - k) + k;,440,Selected,213,Wait,210,Not Selected,17,27,,,76
3867,%6716 = OpFSub %float %float_1 %6713,,,,,,,,,,,
3868,%6717 = OpFMul %float %6630 %6716,,,,,,,,,,,
3869,%6718 = OpFAdd %float %6717 %6713,440,Selected,213,Wait,210,Not Selected,17,27,1,,76
3870,OpStore %6703 %6718,,,,,,,,,,,
3871,%6736 = OpExtInst %void %2 DebugLine %12 %uint_36 %uint_36 %uint_5 %uint_6,,,,,,,,,,,
,return num / denom;,441,Selected,417,Dispatch Stall,14,MIO Throttle,10,27,,,75
3872,%6719 = OpFDiv %float %6630 %6718,441,Selected,417,Dispatch Stall,14,MIO Throttle,10,27,2,313,75
3873,%9371 = OpExtInst %void %2 DebugScope %2977 %6610,,,,,,,,,,,
3874,%6651 = OpExtInst %void %2 DebugLine %12 %uint_44 %uint_44 %uint_5 %uint_6,,,,,,,,,,,
,"float ggx1  = GeometrySchlickGGX(NdotL, roughness);",,,,,,,,,,,
3875,OpStore %6617 %6719,,,,,,,,,,,
3876,%6652 = OpExtInst %void %2 DebugLine %12 %uint_46 %uint_46 %uint_5 %uint_6,,,,,,,,,,,
,return ggx1 * ggx2;,1666,Wait,605,Math Pipe Throttle,481,Not Selected,391,27,,,74
3877,%6635 = OpFMul %float %6719 %6677,1666,Wait,605,Math Pipe Throttle,481,Not Selected,391,27,1,,74
3878,%9372 = OpExtInst %void %2 DebugScope %687,,,,,,,,,,,
3879,%5044 = OpExtInst %void %2 DebugLine %15 %uint_135 %uint_135 %uint_9 %uint_10,,,,,,,,,,,
,// C:/Users/vicro/Desktop/vulkan-renderer/repo/shader-forge/shaders/lit.slang:135,,,,,,,,
,"float G = GeometrySmith(N, V, L, roughness.r);",,,,,,,,,,,
3880,OpStore %677 %6635,,,,,,,,,,,
3881,%3077 = OpExtInst %void %2 DebugLine %15 %uint_136 %uint_136 %uint_9 %uint_10,,,,,,,,,,,
3882,%3081 = OpExtInst %void %2 DebugDeclare %F %678 %101,,,,,,,,,,,
3883,%9373 = OpExtInst %void %2 DebugNoLine,,,,,,,,,,,
3884,%9374 = OpExtInst %void %2 DebugScope %3091 %6740,,,,,,,,,,,
3885,%6745 = OpExtInst %void %2 DebugDeclare %F0_1 %6739 %101,,,,,,,,,,,
3886,OpStore %6739 %1245,,,,,,,,,,,
3887,%6746 = OpExtInst %void %2 DebugDeclare %cosTheta_0 %6741 %101,,,,,,,,,,,
3888,OpStore %6741 %2866,,,,,,,,,,,
3889,%6756 = OpExtInst %void %2 DebugLine %12 %uint_6 %uint_6 %uint_5 %uint_6,,,,,,,,,,,
,// C:/Users/vicro/Desktop/vulkan-renderer/repo/shader-forge/shaders/modules/pbr.slang:6,,,,,,,,
,"return F0 + (1.0 - F0) * pow(clamp(1.0 - cosTheta, 0.0, 1.0), 5.0);",5774,Selected,2183,Wait,1993,Not Selected,861,27,,,76
3890,%6748 = OpFSub %v3float %2550 %1245,1378,Selected,642,Wait,531,Not Selected,101,27,3,,75
3891,%6749 = OpFSub %float %float_1 %2866,1250,Wait,411,Not Selected,383,Math Pipe Throttle,279,27,1,,74
3892,%6750 = OpExtInst %float %554 FClamp %6749 %float_0 %float_1,,,,,,,,,,,
3893,%6751 = OpExtInst %float %554 Pow %6750 %float_5,1188,Selected,700,Wait,383,Not Selected,51,27,3,,76
3894,%6752 = OpVectorTimesScalar %v3float %6748 %6751,,,,,,,,,,,
3895,%6753 = OpFAdd %v3float %1245 %6752,1958,Wait,668,Selected,665,Not Selected,326,27,3,,73
3896,%9375 = OpExtInst %void %2 DebugScope %687,,,,,,,,,,,
3897,%5047 = OpExtInst %void %2 DebugLine %15 %uint_136 %uint_136 %uint_9 %uint_10,,,,,,,,,,,
,// C:/Users/vicro/Desktop/vulkan-renderer/repo/shader-forge/shaders/lit.slang:136,,,,,,,,
,"float3 F = fresnelSchlick(HdotV, F0);",,,,,,,,,,,
3898,OpStore %678 %6753,,,,,,,,,,,
3899,%3112 = OpExtInst %void %2 DebugLine %15 %uint_138 %uint_138 %uint_9 %uint_10,,,,,,,,,,,
3900,%3115 = OpExtInst %void %2 DebugDeclare %kS_0 %679 %101,,,,,,,,,,,
,float3 kS = F;,,,,,,,,,,,
3901,OpStore %679 %6753,,,,,,,,,,,
3902,%3117 = OpExtInst %void %2 DebugLine %15 %uint_139 %uint_139 %uint_9 %uint_10,,,,,,,,,,,
3903,%3119 = OpExtInst %void %2 DebugDeclare %kD_2 %680 %101,,,,,,,,,,,
,float3 kD = float3(1.0) - kS;,2668,Miscellaneous,662,Selected,611,Wait,573,27,,,75
3904,%kD_3 = OpFSub %v3float %3121 %6753,2668,Miscellaneous,662,Selected,611,Wait,573,27,3,,75
3905,OpStore %680 %kD_3,,,,,,,,,,,
3906,%3123 = OpExtInst %void %2 DebugLine %15 %uint_140 %uint_140 %uint_9 %uint_10,,,,,,,,,,,
,kD *= 1.0 - metallic.r;,1739,Selected,840,Wait,826,Not Selected,41,27,,,76
3907,%3124 = OpFSub %float %float_1 %1243,496,Wait,244,Selected,234,Not Selected,14,27,1,,72
3908,%kD_4 = OpVectorTimesScalar %v3float %kD_3 %3124,1243,Selected,606,Wait,582,Not Selected,27,27,3,,76
3909,OpStore %680 %kD_4,,,,,,,,,,,
3910,%3127 = OpExtInst %void %2 DebugLine %15 %uint_142 %uint_142 %uint_9 %uint_10,,,,,,,,,,,
3911,%3130 = OpExtInst %void %2 DebugDeclare %numerator %681 %101,,,,,,,,,,,
,float3 numerator = NDF * G * F;,4248,Short Scoreboard,2114,Wait,875,Selected,824,27,,,77
3912,%3131 = OpFMul %float %6580 %6635,455,Selected,223,Wait,215,Math Pipe Throttle,9,27,1,,72
3913,%numerator_0 = OpVectorTimesScalar %v3float %6753 %3131,3793,Short Scoreboard,2114,Wait,660,Selected,601,27,3,,77
3914,OpStore %681 %numerator_0,,,,,,,,,,,
3915,%3134 = OpExtInst %void %2 DebugLine %15 %uint_143 %uint_143 %uint_9 %uint_10,,,,,,,,,,,
3916,%3137 = OpExtInst %void %2 DebugDeclare %denominator %682 %101,,,,,,,,,,,
,"float denominator = max(4.0 * NdotV * NdotL, 0.001);",1471,Wait,432,Selected,358,Short Scoreboard,313,27,,,76
3917,%3138 = OpFMul %float %float_4 %2843,,,,,,,,,,,
3918,%3140 = OpFMul %float %3138 %2850,641,Short Scoreboard,313,Selected,163,Math Pipe Throttle,95,27,1,,75
3919,%3141 = OpExtInst %float %554 FMax %3140 %float_0_00100000005,830,Wait,432,Selected,195,Not Selected,130,27,1,,76
3920,OpStore %682 %3141,,,,,,,,,,,
3921,%3143 = OpExtInst %void %2 DebugLine %15 %uint_144 %uint_144 %uint_9 %uint_10,,,,,,,,,,,
3922,%3146 = OpExtInst %void %2 DebugDeclare %specular %683 %101,,,,,,,,,,,
,float3 specular = numerator / denominator;,1929,Selected,893,Wait,823,Not Selected,153,27,,,75
3923,%3147 = OpCompositeConstruct %v3float %3141 %3141 %3141,,,,,,,,,,,
3924,%specular_0 = OpFDiv %v3float %numerator_0 %3147,1929,Selected,893,Wait,823,Not Selected,153,27,4,2114,75
3925,OpStore %683 %specular_0,,,,,,,,,,,
3926,%3150 = OpExtInst %void %2 DebugLine %15 %uint_145 %uint_145 %uint_9 %uint_10,,,,,,,,,,,
,"specular = max(specular, float3(0.0, 0.0, 0.0));",4805,Branch Resolving,1895,Wait,1680,Selected,963,27,,,68
3927,%3152 = OpExtInst %v3float %554 FMax %specular_0 %3153,4805,Branch Resolving,1895,Wait,1680,Selected,963,27,4,,68
3928,OpStore %683 %3152,,,,,,,,,,,
3929,%3155 = OpExtInst %void %2 DebugLine %15 %uint_146 %uint_146 %uint_9 %uint_10,,,,,,,,,,,
,"specular = min(specular, float3(100.0, 100.0, 100.0));",1510,Selected,651,Not Selected,295,Wait,244,27,,,69
3930,%3156 = OpExtInst %v3float %554 FMin %3152 %3157,1510,Selected,651,Not Selected,295,Wait,244,27,3,,69
3931,OpStore %683 %3156,,,,,,,,,,,
3932,%3160 = OpExtInst %void %2 DebugLine %15 %uint_148 %uint_148 %uint_9 %uint_10,,,,,,,,,,,
3933,%3163 = OpExtInst %void %2 DebugDeclare %shadow_0 %684 %101,,,,,,,,,,,
,float shadow = 0.0;,,,,,,,,,,,
3934,OpStore %684 %float_0,,,,,,,,,,,
3935,%3165 = OpExtInst %void %2 DebugLine %15 %uint_149 %uint_149 %uint_9 %uint_10,,,,,,,,,,,
,if(currentLight.castsShadows == 1) {,14544,Long Scoreboard,9252,Wait,2722,Selected,1303,18,,,75
3936,%3166 = OpAccessChain %_ptr_PhysicalStorageBuffer_int %currentLight_0 %int_7,,,,,,,,,,,
3937,%3167 = OpLoad %int %3166 Aligned 4,2376,Wait,1177,LG Throttle,320,Selected,308,27,1,9252,69
3938,%3168 = OpIEqual %bool %3167 %int_1,9448,Long Scoreboard,9252,Selected,187,Not Selected,5,27,1,,75
3939,%3169 = OpExtInst %void %2 DebugLine %15 %uint_149 %uint_149 %uint_38 %uint_39,,,,,,,,,,,
3940,%9376 = OpExtInst %void %2 DebugNoScope,,,,,,,,,,,
3941,OpSelectionMerge %771 None,,,,,,,,,,,
3942,OpBranchConditional %3168 %767 %765,2720,Wait,1545,Selected,808,Not Selected,206,13,4,,73
3943,%765 = OpLabel,,,,,,,,,,,
3944,%9377 = OpExtInst %void %2 DebugScope %687,,,,,,,,,,,
3945,OpStore %shadow %float_0,,,,,,,,,,,
3946,OpBranch %771,,,,,,,,,,,
3947,%767 = OpLabel,,,,,,,,,,,
3948,%9378 = OpExtInst %void %2 DebugScope %687,,,,,,,,,,,
3949,%3173 = OpExtInst %void %2 DebugLine %15 %uint_150 %uint_150 %uint_13 %uint_14,,,,,,,,,,,
3950,%3179 = OpExtInst %void %2 DebugDeclare %geometricNormal %686 %101,,,,,,,,,,,
3951,%3180 = OpExtInst %v3float %554 Normalize %808,,,,,,,,,,,
,float3 geometricNormal = normalize(input.normal);,,,,,,,,,,,
3952,OpStore %686 %3180,,,,,,,,,,,
3953,%3182 = OpExtInst %void %2 DebugLine %15 %uint_151 %uint_151 %uint_13 %uint_14,,,,,,,,,,,
,"shadow = calculateShadow(input.worldPos, pc.litPassData.cameraPos, pc.litPassData.cameraForward, geometricNormal, L, currentLight, pc.litPassData.shadowAtlasIndex);",4797,Wait,2041,Selected,1037,LG Throttle,947,27,,,76
3954,%3184 = OpLoad %_ptr_PhysicalStorageBuffer_LitPass_natural %927,,,,,,,,,,,
3955,%3185 = OpAccessChain %_ptr_PhysicalStorageBuffer_v3float %3184 %int_4,,,,,,,,,,,
3956,%3186 = OpLoad %v3float %3185 Aligned 4,,,,,,,,,,,
3957,%3187 = OpLoad %_ptr_PhysicalStorageBuffer_LitPass_natural %927,,,,,,,,,,,
3958,%3188 = OpAccessChain %_ptr_PhysicalStorageBuffer_v3float %3187 %int_6,,,,,,,,,,,
3959,%3189 = OpLoad %v3float %3188 Aligned 4,2546,Wait,1239,LG Throttle,617,Selected,382,27,3,27105,76
3960,%3190 = OpLoad %_ptr_PhysicalStorageBuffer_LitPass_natural %927,,,,,,,,,,,
3961,%3191 = OpAccessChain %_ptr_PhysicalStorageBuffer_uint %3190 %int_3,,,,,,,,,,,
3962,%3192 = OpLoad %uint %3191 Aligned 4,2251,Wait,802,Selected,655,LG Throttle,330,27,3,46119,73
3963,%3193 = OpLoad %v3float %L,,,,,,,,,,,
3964,%9379 = OpExtInst %void %2 DebugNoLine,,,,,,,,,,,
3965,%9380 = OpExtInst %void %2 DebugNoScope,,,,,,,,,,,
3966,OpSelectionMerge %6797 None,,,,,,,,,,,
3967,OpSwitch %uint_0 %6777,,,,,,,,,,,
3968,%6777 = OpLabel,,,,,,,,,,,
3969,%9381 = OpExtInst %void %2 DebugScope %3213 %6765,,,,,,,,,,,
3970,%6778 = OpExtInst %void %2 DebugDeclare %shadowAtlasIdx %6767 %101,,,,,,,,,,,
3971,OpStore %6767 %3192,,,,,,,,,,,
3972,%6779 = OpExtInst %void %2 DebugDeclare %light %6768 %101,,,,,,,,,,,
3973,OpStore %6768 %currentLight_0,,,,,,,,,,,
3974,%6780 = OpExtInst %void %2 DebugDeclare %L_2 %6769 %101,,,,,,,,,,,
3975,OpStore %6769 %3193,,,,,,,,,,,
3976,%6781 = OpExtInst %void %2 DebugDeclare %geometricNormal_0 %6770 %101,,,,,,,,,,,
3977,OpStore %6770 %3180,,,,,,,,,,,
3978,%6782 = OpExtInst %void %2 DebugDeclare %cameraForward %6771 %101,,,,,,,,,,,
3979,OpStore %6771 %3189,,,,,,,,,,,
3980,%6783 = OpExtInst %void %2 DebugDeclare %cameraPos %6772 %101,,,,,,,,,,,
3981,OpStore %6772 %3186,,,,,,,,,,,
3982,%6784 = OpExtInst %void %2 DebugDeclare %fragWorldPos %6773 %101,,,,,,,,,,,
3983,OpStore %6773 %805,,,,,,,,,,,
3984,%6799 = OpExtInst %void %2 DebugLine %18 %uint_250 %uint_250 %uint_5 %uint_6,,,,,,,,,,,
,// C:/Users/vicro/Desktop/vulkan-renderer/repo/shader-forge/shaders/modules/common.slang:250,,,,,,,,
,if (light.type == LightType::Directional) {,196,Selected,186,MIO Throttle,6,Not Selected,4,18,,,73
3985,%6785 = OpAccessChain %_ptr_PhysicalStorageBuffer_int %currentLight_0 %int_0,,,,,,,,,,,
3986,%6786 = OpLoad %int %6785 Aligned 4,,,,,,,,,,,
3987,%6787 = OpIEqual %bool %6786 %int_1,,,,,,,,,,,
3988,%6804 = OpExtInst %void %2 DebugLine %18 %uint_250 %uint_250 %uint_20 %uint_21,,,,,,,,,,,
3989,%9382 = OpExtInst %void %2 DebugNoScope,,,,,,,,,,,
3990,OpSelectionMerge %6796 None,,,,,,,,,,,
3991,OpBranchConditional %6787 %6794 %6788,196,Selected,186,MIO Throttle,6,Not Selected,4,18,1,,73
3992,%6788 = OpLabel,,,,,,,,,,,
3993,%9383 = OpExtInst %void %2 DebugScope %3213 %6765,,,,,,,,,,,
3994,%6806 = OpExtInst %void %2 DebugLine %18 %uint_252 %uint_252 %uint_12 %uint_13,,,,,,,,,,,
,} else if (light.type == LightType::Point) {,2523,Wait,1987,Selected,398,Not Selected,97,9,,,73
3995,%6789 = OpLoad %int %6785 Aligned 4,,,,,,,,,,,
3996,%6790 = OpIEqual %bool %6789 %int_0,1147,Wait,848,Selected,259,Not Selected,37,27,1,,73
3997,%6808 = OpExtInst %void %2 DebugLine %18 %uint_252 %uint_252 %uint_27 %uint_28,,,,,,,,,,,
3998,%9384 = OpExtInst %void %2 DebugNoScope,,,,,,,,,,,
3999,OpSelectionMerge %6793 None,,,,,,,,,,,
4000,OpBranchConditional %6790 %6791 %6793,1376,Wait,1139,Selected,139,Not Selected,60,,2,,73
4001,%6791 = OpLabel,,,,,,,,,,,
4002,%9385 = OpExtInst %void %2 DebugNoScope,,,,,,,,,,,
4003,OpSelectionMerge %7022 None,,,,,,,,,,,
4004,OpSwitch %uint_0 %6847,,,,,,,,,,,
4005,%6847 = OpLabel,,,,,,,,,,,
4006,%9386 = OpExtInst %void %2 DebugScope %3311 %6819,,,,,,,,,,,
4007,%6848 = OpExtInst %void %2 DebugDeclare %shadowAtlasIdx_0 %6821 %101,,,,,,,,,,,
4008,OpStore %6821 %3192,,,,,,,,,,,
4009,%6849 = OpExtInst %void %2 DebugDeclare %light_0 %6822 %101,,,,,,,,,,,
4010,OpStore %6822 %currentLight_0,,,,,,,,,,,
4011,%6850 = OpExtInst %void %2 DebugDeclare %L_3 %6823 %101,,,,,,,,,,,
4012,OpStore %6823 %3193,,,,,,,,,,,
4013,%6851 = OpExtInst %void %2 DebugDeclare %geometricNormal_1 %6824 %101,,,,,,,,,,,
4014,OpStore %6824 %3180,,,,,,,,,,,
4015,%6852 = OpExtInst %void %2 DebugDeclare %fragWorldPos_0 %6825 %101,,,,,,,,,,,
4016,OpStore %6825 %805,,,,,,,,,,,
4017,%7024 = OpExtInst %void %2 DebugLine %18 %uint_205 %uint_205 %uint_5 %uint_6,,,,,,,,,,,
4018,%6853 = OpExtInst %void %2 DebugDeclare %fragToLight %6826 %101,,,,,,,,,,,
,float3 fragToLight = fragWorldPos - light.position;,5124,Long Scoreboard,2486,Wait,1021,Selected,502,27,,,62
4019,%6854 = OpAccessChain %_ptr_PhysicalStorageBuffer_v3float %currentLight_0 %int_1,,,,,,,,,,,
4020,%6855 = OpLoad %v3float %6854 Aligned 4,1805,Wait,835,LG Throttle,404,Selected,237,27,3,3338,58
4021,%6856 = OpFSub %v3float %805 %6855,3319,Long Scoreboard,2486,Selected,265,Math Pipe Throttle,221,27,3,,62
4022,OpStore %6826 %6856,,,,,,,,,,,
4023,%7031 = OpExtInst %void %2 DebugLine %18 %uint_206 %uint_206 %uint_5 %uint_6,,,,,,,,,,,
4024,%6857 = OpExtInst %void %2 DebugDeclare %absDir %6827 %101,,,,,,,,,,,
,float3 absDir = abs(fragToLight);,,,,,,,,,,,
4025,%6858 = OpExtInst %v3float %554 FAbs %6856,,,,,,,,,,,
4026,OpStore %6827 %6858,,,,,,,,,,,
4027,%7034 = OpExtInst %void %2 DebugLine %18 %uint_208 %uint_208 %uint_5 %uint_6,,,,,,,,,,,
4028,%6859 = OpExtInst %void %2 DebugDeclare %faceIndex %6828 %101,,,,,,,,,,,
4029,%7035 = OpExtInst %void %2 DebugLine %18 %uint_209 %uint_209 %uint_5 %uint_6,,,,,,,,,,,
,if (absDir.x >= absDir.y && absDir.x >= absDir.z) {,1156,Wait,629,Selected,213,Miscellaneous,122,27,,,62
4030,%6860 = OpCompositeExtract %float %6858 0,,,,,,,,,,,
4031,%6861 = OpCompositeExtract %float %6858 1,,,,,,,,,,,
4032,%6862 = OpFOrdGreaterThanEqual %bool %6860 %6861,,,,,,,,,,,
4033,%7038 = OpExtInst %void %2 DebugLine %18 %uint_209 %uint_209 %uint_18 %uint_19,,,,,,,,,,,
4034,%9387 = OpExtInst %void %2 DebugNoScope,,,,,,,,,,,
4035,OpSelectionMerge %6867 None,,,,,,,,,,,
4036,OpBranchConditional %6862 %6864 %6863,,,,,,,,,,,
4037,%6863 = OpLabel,,,,,,,,,,,
4038,%9388 = OpExtInst %void %2 DebugScope %3311 %6819,,,,,,,,,,,
4039,OpStore %6829 %false,,,,,,,,,,,
4040,OpBranch %6867,,,,,,,,,,,
4041,%6864 = OpLabel,,,,,,,,,,,
4042,%9389 = OpExtInst %void %2 DebugScope %3311 %6819,,,,,,,,,,,
4043,%6865 = OpCompositeExtract %float %6858 2,,,,,,,,,,,
4044,%6866 = OpFOrdGreaterThanEqual %bool %6860 %6865,1156,Wait,629,Selected,213,Miscellaneous,122,27,3,,62
4045,OpStore %6829 %6866,,,,,,,,,,,
4046,OpBranch %6867,,,,,,,,,,,
4047,%6867 = OpLabel,,,,,,,,,,,
4048,%9390 = OpExtInst %void %2 DebugScope %3311 %6819,,,,,,,,,,,
4049,%7040 = OpExtInst %void %2 DebugLine %18 %uint_209 %uint_209 %uint_30 %uint_31,,,,,,,,,,,
4050,%6868 = OpLoad %bool %6829,,,,,,,,,,,
4051,%9391 = OpExtInst %void %2 DebugNoScope,,,,,,,,,,,
4052,OpSelectionMerge %6899 None,,,,,,,,,,,
4053,OpBranchConditional %6868 %6892 %6869,,,,,,,,,,,
4054,%6869 = OpLabel,,,,,,,,,,,
4055,%9392 = OpExtInst %void %2 DebugScope %3311 %6819,,,,,,,,,,,
4056,%7043 = OpExtInst %void %2 DebugLine %18 %uint_211 %uint_211 %uint_12 %uint_13,,,,,,,,,,,
,} else if (absDir.y >= absDir.x && absDir.y >= absDir.z) {,653,Wait,492,Selected,104,Not Selected,31,27,,,61
4057,%6870 = OpFOrdGreaterThanEqual %bool %6861 %6860,,,,,,,,,,,
4058,%7044 = OpExtInst %void %2 DebugLine %18 %uint_211 %uint_211 %uint_25 %uint_26,,,,,,,,,,,
4059,%9393 = OpExtInst %void %2 DebugNoScope,,,,,,,,,,,
4060,OpSelectionMerge %6875 None,,,,,,,,,,,
4061,OpBranchConditional %6870 %6872 %6871,,,,,,,,,,,
4062,%6871 = OpLabel,,,,,,,,,,,
4063,%9394 = OpExtInst %void %2 DebugScope %3311 %6819,,,,,,,,,,,
4064,OpStore %6829 %false,,,,,,,,,,,
4065,OpBranch %6875,,,,,,,,,,,
4066,%6872 = OpLabel,,,,,,,,,,,
4067,%9395 = OpExtInst %void %2 DebugScope %3311 %6819,,,,,,,,,,,
4068,%6873 = OpCompositeExtract %float %6858 2,,,,,,,,,,,
4069,%6874 = OpFOrdGreaterThanEqual %bool %6861 %6873,653,Wait,492,Selected,104,Not Selected,31,27,2,,61
4070,OpStore %6829 %6874,,,,,,,,,,,
4071,OpBranch %6875,,,,,,,,,,,
4072,%6875 = OpLabel,,,,,,,,,,,
4073,%9396 = OpExtInst %void %2 DebugScope %3311 %6819,,,,,,,,,,,
4074,%7046 = OpExtInst %void %2 DebugLine %18 %uint_211 %uint_211 %uint_37 %uint_38,,,,,,,,,,,
4075,%6876 = OpLoad %bool %6829,,,,,,,,,,,
4076,%9397 = OpExtInst %void %2 DebugNoScope,,,,,,,,,,,
4077,OpSelectionMerge %6891 None,,,,,,,,,,,
4078,OpBranchConditional %6876 %6884 %6877,,,,,,,,,,,
4079,%6877 = OpLabel,,,,,,,,,,,
4080,%9398 = OpExtInst %void %2 DebugScope %3311 %6819,,,,,,,,,,,
4081,%7049 = OpExtInst %void %2 DebugLine %18 %uint_214 %uint_214 %uint_9 %uint_10,,,,,,,,,,,
,faceIndex = fragToLight.z > 0.0 ? 4 : 5;,482,Wait,244,Selected,164,Math Pipe Throttle,44,27,,,58
4082,%6878 = OpCompositeExtract %float %6856 2,,,,,,,,,,,
4083,%6879 = OpFOrdGreaterThan %bool %6878 %float_0,112,Selected,55,Wait,48,Not Selected,9,27,1,,58
4084,%9399 = OpExtInst %void %2 DebugNoScope,,,,,,,,,,,
4085,OpSelectionMerge %6882 None,,,,,,,,,,,
4086,OpBranchConditional %6879 %6881 %6880,,,,,,,,,,,
4087,%6880 = OpLabel,,,,,,,,,,,
4088,%9400 = OpExtInst %void %2 DebugScope %3311 %6819,,,,,,,,,,,
4089,OpStore %6830 %int_5,,,,,,,,,,,
4090,OpBranch %6882,,,,,,,,,,,
4091,%6881 = OpLabel,,,,,,,,,,,
4092,%9401 = OpExtInst %void %2 DebugScope %3311 %6819,,,,,,,,,,,
4093,OpStore %6830 %int_4,,,,,,,,,,,
4094,OpBranch %6882,370,Wait,196,Selected,109,Math Pipe Throttle,44,27,2,,58
4095,%6882 = OpLabel,,,,,,,,,,,
4096,%9402 = OpExtInst %void %2 DebugScope %3311 %6819,,,,,,,,,,,
4097,%6883 = OpLoad %int %6830,,,,,,,,,,,
4098,OpStore %6828 %6883,,,,,,,,,,,
4099,OpBranch %6891,,,,,,,,,,,
4100,%6884 = OpLabel,,,,,,,,,,,
4101,%9403 = OpExtInst %void %2 DebugScope %3311 %6819,,,,,,,,,,,
4102,%7054 = OpExtInst %void %2 DebugLine %18 %uint_212 %uint_212 %uint_9 %uint_10,,,,,,,,,,,
,faceIndex = fragToLight.y > 0.0 ? 2 : 3;,915,Wait,726,Selected,118,Not Selected,49,0,,,59
4103,%6885 = OpCompositeExtract %float %6856 1,,,,,,,,,,,
4104,%6886 = OpFOrdGreaterThan %bool %6885 %float_0,797,Wait,692,Not Selected,49,Selected,39,0,1,,59
4105,%9404 = OpExtInst %void %2 DebugNoScope,,,,,,,,,,,
4106,OpSelectionMerge %6889 None,,,,,,,,,,,
4107,OpBranchConditional %6886 %6888 %6887,,,,,,,,,,,
4108,%6887 = OpLabel,,,,,,,,,,,
4109,%9405 = OpExtInst %void %2 DebugScope %3311 %6819,,,,,,,,,,,
4110,OpStore %6830 %int_3,,,,,,,,,,,
4111,OpBranch %6889,,,,,,,,,,,
4112,%6888 = OpLabel,,,,,,,,,,,
4113,%9406 = OpExtInst %void %2 DebugScope %3311 %6819,,,,,,,,,,,
4114,OpStore %6830 %int_2,,,,,,,,,,,
4115,OpBranch %6889,118,Selected,79,Wait,34,Math Pipe Throttle,4,0,2,,58
4116,%6889 = OpLabel,,,,,,,,,,,
4117,%9407 = OpExtInst %void %2 DebugScope %3311 %6819,,,,,,,,,,,
4118,%6890 = OpLoad %int %6830,,,,,,,,,,,
4119,OpStore %6828 %6890,,,,,,,,,,,
4120,OpBranch %6891,,,,,,,,,,,
4121,%6891 = OpLabel,,,,,,,,,,,
4122,%9408 = OpExtInst %void %2 DebugScope %3311 %6819,,,,,,,,,,,
4123,OpBranch %6899,,,,,,,,,,,
4124,%6892 = OpLabel,,,,,,,,,,,
4125,%9409 = OpExtInst %void %2 DebugScope %3311 %6819,,,,,,,,,,,
4126,%7059 = OpExtInst %void %2 DebugLine %18 %uint_210 %uint_210 %uint_9 %uint_10,,,,,,,,,,,
,faceIndex = fragToLight.x > 0.0 ? 0 : 1;,1712,Wait,1104,Selected,422,Not Selected,95,18,,,62
4127,%6893 = OpCompositeExtract %float %6856 0,,,,,,,,,,,
4128,%6894 = OpFOrdGreaterThan %bool %6893 %float_0,1094,Wait,894,Selected,94,Not Selected,53,12,1,,62
4129,%9410 = OpExtInst %void %2 DebugNoScope,,,,,,,,,,,
4130,OpSelectionMerge %6897 None,,,,,,,,,,,
4131,OpBranchConditional %6894 %6896 %6895,,,,,,,,,,,
4132,%6895 = OpLabel,,,,,,,,,,,
4133,%9411 = OpExtInst %void %2 DebugScope %3311 %6819,,,,,,,,,,,
4134,OpStore %6830 %int_1,,,,,,,,,,,
4135,OpBranch %6897,,,,,,,,,,,
4136,%6896 = OpLabel,,,,,,,,,,,
4137,%9412 = OpExtInst %void %2 DebugScope %3311 %6819,,,,,,,,,,,
4138,OpStore %6830 %int_0,,,,,,,,,,,
4139,OpBranch %6897,528,Selected,238,Wait,210,Not Selected,42,22,3,,61
4140,%6897 = OpLabel,,,,,,,,,,,
4141,%9413 = OpExtInst %void %2 DebugScope %3311 %6819,,,,,,,,,,,
4142,%6898 = OpLoad %int %6830,,,,,,,,,,,
4143,OpStore %6828 %6898,,,,,,,,,,,
4144,OpBranch %6899,90,Selected,90,,,,,12,1,,61
4145,%6899 = OpLabel,,,,,,,,,,,
4146,%9414 = OpExtInst %void %2 DebugScope %3311 %6819,,,,,,,,,,,
4147,%7065 = OpExtInst %void %2 DebugLine %18 %uint_217 %uint_217 %uint_5 %uint_6,,,,,,,,,,,
,ShadowMap face = light.shadowMaps[faceIndex];,15796,Wait,6278,LG Throttle,3534,Selected,3172,27,,,78
4148,%6901 = OpAccessChain %_ptr_PhysicalStorageBuffer__Array_natural_ShadowMap6 %currentLight_0 %int_12,,,,,,,,,,,
4149,%6902 = OpLoad %int %6830,,,,,,,,,,,
4150,%6903 = OpAccessChain %_ptr_PhysicalStorageBuffer__arr_ShadowMap_natural_int_6 %6901 %int_0,,,,,,,,,,,
4151,%6904 = OpAccessChain %_ptr_PhysicalStorageBuffer_ShadowMap_natural %6903 %6902,,,,,,,,,,,
4152,%6905 = OpAccessChain %_ptr_PhysicalStorageBuffer__MatrixStorage_float4x4_ColMajornatural %6904 %int_0,,,,,,,,,,,
4153,%6906 = OpLoad %_MatrixStorage_float4x4_ColMajornatural %6905 Aligned 4,13242,Wait,5159,LG Throttle,3040,Selected,2593,27,30,237472,75
4154,%6907 = OpCompositeExtract %_arr_v4float_int_4 %6906 0,,,,,,,,,,,
4155,%6908 = OpCompositeExtract %v4float %6907 0,,,,,,,,,,,
4156,%6909 = OpCompositeExtract %float %6908 0,,,,,,,,,,,
4157,%6910 = OpCompositeExtract %float %6908 1,,,,,,,,,,,
4158,%6911 = OpCompositeExtract %float %6908 2,,,,,,,,,,,
4159,%6912 = OpCompositeExtract %float %6908 3,,,,,,,,,,,
4160,%6913 = OpCompositeExtract %v4float %6907 1,,,,,,,,,,,
4161,%6914 = OpCompositeExtract %float %6913 0,,,,,,,,,,,
4162,%6915 = OpCompositeExtract %float %6913 1,,,,,,,,,,,
4163,%6916 = OpCompositeExtract %float %6913 2,,,,,,,,,,,
4164,%6917 = OpCompositeExtract %float %6913 3,,,,,,,,,,,
4165,%6918 = OpCompositeExtract %v4float %6907 2,,,,,,,,,,,
4166,%6919 = OpCompositeExtract %float %6918 0,,,,,,,,,,,
4167,%6920 = OpCompositeExtract %float %6918 1,,,,,,,,,,,
4168,%6921 = OpCompositeExtract %float %6918 2,,,,,,,,,,,
4169,%6922 = OpCompositeExtract %float %6918 3,,,,,,,,,,,
4170,%6923 = OpCompositeExtract %v4float %6907 3,,,,,,,,,,,
4171,%6924 = OpCompositeExtract %float %6923 0,,,,,,,,,,,
4172,%6925 = OpCompositeExtract %float %6923 1,,,,,,,,,,,
4173,%6926 = OpCompositeExtract %float %6923 2,,,,,,,,,,,
4174,%6927 = OpCompositeExtract %float %6923 3,,,,,,,,,,,
4175,%6928 = OpCompositeConstruct %v4float %6909 %6914 %6919 %6924,,,,,,,,,,,
4176,%6929 = OpCompositeConstruct %v4float %6910 %6915 %6920 %6925,,,,,,,,,,,
4177,%6930 = OpCompositeConstruct %v4float %6911 %6916 %6921 %6926,,,,,,,,,,,
4178,%6931 = OpCompositeConstruct %v4float %6912 %6917 %6922 %6927,,,,,,,,,,,
4179,%6932 = OpCompositeConstruct %mat4v4float %6928 %6929 %6930 %6931,,,,,,,,,,,
4180,%6933 = OpAccessChain %_ptr_PhysicalStorageBuffer_v4float %6904 %int_1,,,,,,,,,,,
4181,%6934 = OpLoad %v4float %6933 Aligned 4,2554,Wait,1119,Selected,579,LG Throttle,494,27,7,51296,78
4182,OpStore %9150 %6932,,,,,,,,,,,
4183,OpStore %9151 %6934,,,,,,,,,,,
4184,%7101 = OpExtInst %void %2 DebugLine %18 %uint_219 %uint_219 %uint_5 %uint_6,,,,,,,,,,,
4185,%6936 = OpExtInst %void %2 DebugDeclare %NdotL_1 %6832 %101,,,,,,,,,,,
,"float NdotL = saturate(abs(dot(geometricNormal, L)));",1582,Wait,742,Selected,361,Not Selected,244,27,,,73
4186,%6937 = OpDot %float %3180 %3193,1257,Wait,585,Selected,267,Not Selected,210,27,3,,73
4187,%6938 = OpExtInst %float %554 FAbs %6937,,,,,,,,,,,
4188,%6939 = OpExtInst %float %554 FClamp %6938 %float_0 %float_1,325,Wait,157,Selected,94,Not Selected,34,27,1,,72
4189,OpStore %6832 %6939,,,,,,,,,,,
4190,%7106 = OpExtInst %void %2 DebugLine %18 %uint_220 %uint_220 %uint_5 %uint_6,,,,,,,,,,,
4191,%6940 = OpExtInst %void %2 DebugDeclare %normalOffset %6833 %101,,,,,,,,,,,
,float normalOffset = (1.0 - NdotL) * light.range / float(light.shadowResolution);,3427,Wait,976,Selected,558,Long Scoreboard,546,27,,,73
4192,%6941 = OpFSub %float %float_1 %6939,465,Wait,215,Math Pipe Throttle,111,Not Selected,81,27,1,,72
4193,%6942 = OpAccessChain %_ptr_PhysicalStorageBuffer_float %currentLight_0 %int_3,,,,,,,,,,,
4194,%6943 = OpLoad %float %6942 Aligned 4,370,LG Throttle,175,Selected,87,MIO Throttle,71,27,1,71,57
4195,%6944 = OpFMul %float %6941 %6943,513,Wait,251,Selected,89,Long Scoreboard,71,27,1,,72
4196,%6945 = OpAccessChain %_ptr_PhysicalStorageBuffer_uint %currentLight_0 %int_10,,,,,,,,,,,
4197,%6946 = OpLoad %uint %6945 Aligned 4,535,Wait,271,LG Throttle,108,Selected,72,27,1,475,59
4198,%6947 = OpConvertUToF %float %6946,561,Long Scoreboard,475,Selected,77,Not Selected,9,27,1,384,73
4199,%6948 = OpFDiv %float %6944 %6947,983,Short Scoreboard,410,Wait,239,Selected,175,27,2,26,72
4200,OpStore %6833 %6948,,,,,,,,,,,
4201,%7116 = OpExtInst %void %2 DebugLine %18 %uint_221 %uint_221 %uint_5 %uint_6,,,,,,,,,,,
4202,%6949 = OpExtInst %void %2 DebugDeclare %biasedPos %6834 %101,,,,,,,,,,,
,float3 biasedPos = fragWorldPos + geometricNormal * normalOffset;,872,Wait,480,Selected,276,Not Selected,69,27,,,75
4203,%6950 = OpVectorTimesScalar %v3float %3180 %6948,,,,,,,,,,,
4204,%6951 = OpFAdd %v3float %805 %6950,872,Wait,480,Selected,276,Not Selected,69,27,3,,75
4205,OpStore %6834 %6951,,,,,,,,,,,
4206,%7120 = OpExtInst %void %2 DebugLine %18 %uint_223 %uint_223 %uint_5 %uint_6,,,,,,,,,,,
4207,%6952 = OpExtInst %void %2 DebugDeclare %fragPosLightSpace %6835 %101,,,,,,,,,,,
,"float4 fragPosLightSpace = mul(face.lightSpaceMatrix, float4(biasedPos, 1.0));",19580,Long Scoreboard,14842,Wait,1995,Selected,1487,27,,,76
4208,%6953 = OpCompositeConstruct %v4float %6951 %float_1,,,,,,,,,,,
4209,%6954 = OpVectorTimesMatrix %v4float %6953 %6932,19580,Long Scoreboard,14842,Wait,1995,Selected,1487,27,17,,76
4210,OpStore %6835 %6954,,,,,,,,,,,
4211,%7124 = OpExtInst %void %2 DebugLine %18 %uint_224 %uint_224 %uint_5 %uint_6,,,,,,,,,,,
4212,%6955 = OpExtInst %void %2 DebugDeclare %projCoords %6836 %101,,,,,,,,,,,
,float3 projCoords = fragPosLightSpace.xyz / fragPosLightSpace.w;,1318,Wait,698,Selected,360,Not Selected,96,27,,,77
4213,%6956 = OpVectorShuffle %v3float %6954 %6954 0 1 2,,,,,,,,,,,
4214,%6957 = OpCompositeExtract %float %6954 3,,,,,,,,,,,
4215,%6958 = OpCompositeConstruct %v3float %6957 %6957 %6957,,,,,,,,,,,
4216,%6959 = OpFDiv %v3float %6956 %6958,1318,Wait,698,Selected,360,Not Selected,96,27,4,72,77
4217,OpStore %6837 %6959,,,,,,,,,,,
4218,OpStore %6836 %6959,,,,,,,,,,,
4219,%7131 = OpExtInst %void %2 DebugLine %18 %uint_225 %uint_225 %uint_5 %uint_6,,,,,,,,,,,
,projCoords.x = projCoords.x * 0.5 + 0.5;,194,Wait,96,Selected,87,Not Selected,8,27,,,76
4220,%6960 = OpAccessChain %_ptr_Function_float %6837 %int_0,,,,,,,,,,,
4221,%6962 = OpCompositeExtract %float %6959 0,,,,,,,,,,,
4222,%6963 = OpFMul %float %6962 %float_0_5,,,,,,,,,,,
4223,%6964 = OpFAdd %float %6963 %float_0_5,194,Wait,96,Selected,87,Not Selected,8,27,1,,76
4224,OpStore %6960 %6964,,,,,,,,,,,
4225,%6965 = OpAccessChain %_ptr_Function_float %6836 %int_0,,,,,,,,,,,
4226,OpStore %6965 %6964,,,,,,,,,,,
4227,%7139 = OpExtInst %void %2 DebugLine %18 %uint_226 %uint_226 %uint_5 %uint_6,,,,,,,,,,,
,projCoords.y = projCoords.y * 0.5 + 0.5;,714,Wait,343,Selected,184,Not Selected,113,27,,,76
4228,%6966 = OpAccessChain %_ptr_Function_float %6837 %int_1,,,,,,,,,,,
4229,%6967 = OpLoad %v3float %6837,,,,,,,,,,,
4230,%6968 = OpCompositeExtract %float %6967 1,,,,,,,,,,,
4231,%6969 = OpFMul %float %6968 %float_0_5,,,,,,,,,,,
4232,%6970 = OpFAdd %float %6969 %float_0_5,714,Wait,343,Selected,184,Not Selected,113,27,2,,76
4233,OpStore %6966 %6970,,,,,,,,,,,
4234,%6971 = OpAccessChain %_ptr_Function_float %6836 %int_1,,,,,,,,,,,
4235,OpStore %6971 %6970,,,,,,,,,,,
4236,%7147 = OpExtInst %void %2 DebugLine %18 %uint_228 %uint_228 %uint_5 %uint_6,,,,,,,,,,,
4237,%6972 = OpExtInst %void %2 DebugDeclare %texelSize %6838 %101,,,,,,,,,,,
,float texelSize = 1.0 / float(light.shadowResolution);,,,,,,,,,,,
4238,%6973 = OpLoad %uint %6945 Aligned 4,,,,,,,,,,,
4239,%6974 = OpConvertUToF %float %6973,,,,,,,,,,,
4240,%6975 = OpFDiv %float %float_1 %6974,,,,,,,,,,,
4241,OpStore %6838 %6975,,,,,,,,,,,
4242,%7152 = OpExtInst %void %2 DebugLine %18 %uint_229 %uint_229 %uint_5 %uint_6,,,,,,,,,,,
,if (projCoords.z < 0.0 || projCoords.z > 1.0) {,635,Wait,269,Selected,254,Not Selected,44,9,,,75
4243,%6976 = OpLoad %v3float %6837,,,,,,,,,,,
4244,%6977 = OpCompositeExtract %float %6976 2,,,,,,,,,,,
4245,%6978 = OpFOrdLessThan %bool %6977 %float_0,,,,,,,,,,,
4246,%7155 = OpExtInst %void %2 DebugLine %18 %uint_229 %uint_229 %uint_22 %uint_23,,,,,,,,,,,
4247,%9415 = OpExtInst %void %2 DebugNoScope,,,,,,,,,,,
4248,OpSelectionMerge %6984 None,,,,,,,,,,,
4249,OpBranchConditional %6978 %6983 %6979,,,,,,,,,,,
4250,%6979 = OpLabel,,,,,,,,,,,
4251,%9416 = OpExtInst %void %2 DebugScope %3311 %6819,,,,,,,,,,,
4252,%6980 = OpLoad %v3float %6837,,,,,,,,,,,
4253,%6981 = OpCompositeExtract %float %6980 2,,,,,,,,,,,
4254,%6982 = OpFOrdGreaterThan %bool %6981 %float_1,319,Wait,185,Selected,76,Not Selected,31,27,1,,75
4255,OpStore %6829 %6982,,,,,,,,,,,
4256,OpBranch %6984,,,,,,,,,,,
4257,%6983 = OpLabel,,,,,,,,,,,
4258,%9417 = OpExtInst %void %2 DebugScope %3311 %6819,,,,,,,,,,,
4259,OpStore %6829 %true,,,,,,,,,,,
4260,OpBranch %6984,,,,,,,,,,,
4261,%6984 = OpLabel,,,,,,,,,,,
4262,%9418 = OpExtInst %void %2 DebugScope %3311 %6819,,,,,,,,,,,
4263,%7157 = OpExtInst %void %2 DebugLine %18 %uint_229 %uint_229 %uint_28 %uint_29,,,,,,,,,,,
4264,%6985 = OpLoad %bool %6829,,,,,,,,,,,
4265,%9419 = OpExtInst %void %2 DebugNoScope,,,,,,,,,,,
4266,OpSelectionMerge %6987 None,,,,,,,,,,,
4267,OpBranchConditional %6985 %6986 %6987,316,Selected,178,Wait,84,Miscellaneous,26,,2,,75
4268,%6986 = OpLabel,,,,,,,,,,,
4269,%9420 = OpExtInst %void %2 DebugNoScope,,,,,,,,,,,
4270,OpStore %6820 %float_0,,,,,,,,,,,
4271,%9421 = OpExtInst %void %2 DebugScope %3311 %6819,,,,,,,,,,,
4272,%7160 = OpExtInst %void %2 DebugLine %18 %uint_230 %uint_230 %uint_9 %uint_10,,,,,,,,,,,
,return 0.0;,,,,,,,,,,,
4273,OpBranch %7022,,,,,,,,,,,
4274,%6987 = OpLabel,,,,,,,,,,,
4275,%9422 = OpExtInst %void %2 DebugScope %3311 %6819,,,,,,,,,,,
4276,%7162 = OpExtInst %void %2 DebugLine %18 %uint_232 %uint_232 %uint_5 %uint_6,,,,,,,,,,,
,"projCoords.xy = clamp(projCoords.xy, 0.5 * texelSize, 1.0 - 0.5 * texelSize);",1292,Wait,562,Selected,442,Not Selected,160,27,,,78
4277,%6988 = OpLoad %v3float %6837,,,,,,,,,,,
4278,%6989 = OpVectorShuffle %v2float %6988 %6988 0 1,,,,,,,,,,,
4279,%6990 = OpFDiv %float %float_0_5 %6974,176,Wait,85,Selected,80,Not Selected,6,27,1,,76
4280,%6991 = OpCompositeConstruct %v2float %6990 %6990,,,,,,,,,,,
4281,%6992 = OpFSub %float %float_1 %6990,476,Wait,179,Not Selected,107,Math Pipe Throttle,104,27,1,,77
4282,%6993 = OpCompositeConstruct %v2float %6992 %6992,,,,,,,,,,,
4283,%6994 = OpExtInst %v2float %554 FClamp %6989 %6991 %6993,640,Wait,298,Selected,282,Not Selected,47,27,4,,78
4284,%6995 = OpAccessChain %_ptr_Function_float %6837 %int_0,,,,,,,,,,,
4285,%6996 = OpCompositeExtract %float %6994 0,,,,,,,,,,,
4286,OpStore %6995 %6996,,,,,,,,,,,
4287,%6997 = OpAccessChain %_ptr_Function_float %6837 %int_1,,,,,,,,,,,
4288,%6998 = OpCompositeExtract %float %6994 1,,,,,,,,,,,
4289,OpStore %6997 %6998,,,,,,,,,,,
4290,%6999 = OpLoad %v3float %6837,,,,,,,,,,,
4291,OpStore %6836 %6999,,,,,,,,,,,
4292,%7177 = OpExtInst %void %2 DebugLine %18 %uint_234 %uint_234 %uint_5 %uint_6,,,,,,,,,,,
4293,%7000 = OpExtInst %void %2 DebugDeclare %currentDepth %6839 %101,,,,,,,,,,,
,float currentDepth = projCoords.z - 0.0001f;,196,Selected,85,Wait,81,Not Selected,15,27,,,74
4294,%7002 = OpCompositeExtract %float %6999 2,,,,,,,,,,,
4295,%7003 = OpFSub %float %7002 %float_9_99999975en05,196,Selected,85,Wait,81,Not Selected,15,27,1,,74
4296,OpStore %6839 %7003,,,,,,,,,,,
4297,%7182 = OpExtInst %void %2 DebugLine %18 %uint_236 %uint_236 %uint_5 %uint_6,,,,,,,,,,,
4298,%7004 = OpExtInst %void %2 DebugDeclare %rangeMin %6840 %101,,,,,,,,,,,
,float2 rangeMin  = face.shadowAtlasRange.xy;,,,,,,,,,,,
4299,%7005 = OpVectorShuffle %v2float %6934 %6934 0 1,,,,,,,,,,,
4300,OpStore %6840 %7005,,,,,,,,,,,
4301,%7185 = OpExtInst %void %2 DebugLine %18 %uint_237 %uint_237 %uint_5 %uint_6,,,,,,,,,,,
4302,%7006 = OpExtInst %void %2 DebugDeclare %rangeSpan %6841 %101,,,,,,,,,,,
,float2 rangeSpan = face.shadowAtlasRange.zw - face.shadowAtlasRange.xy;,13195,Long Scoreboard,12873,Selected,179,Wait,111,27,,,76
4303,%7007 = OpVectorShuffle %v2float %6934 %6934 2 3,,,,,,,,,,,
4304,%7008 = OpFSub %v2float %7007 %7005,13195,Long Scoreboard,12873,Selected,179,Wait,111,27,2,,76
4305,OpStore %6841 %7008,,,,,,,,,,,
4306,%7189 = OpExtInst %void %2 DebugLine %18 %uint_239 %uint_239 %uint_5 %uint_6,,,,,,,,,,,
4307,%7009 = OpExtInst %void %2 DebugDeclare %atlasUV %6842 %101,,,,,,,,,,,
,float2 atlasUV = rangeMin + projCoords.xy * rangeSpan;,773,Wait,301,Selected,231,Not Selected,120,27,,,75
4308,%7011 = OpVectorShuffle %v2float %6999 %6999 0 1,,,,,,,,,,,
4309,%7012 = OpFMul %v2float %7011 %7008,,,,,,,,,,,
4310,%7013 = OpFAdd %v2float %7005 %7012,773,Wait,301,Selected,231,Not Selected,120,27,2,,75
4311,OpStore %6842 %7013,,,,,,,,,,,
4312,%7195 = OpExtInst %void %2 DebugLine %18 %uint_240 %uint_240 %uint_5 %uint_6,,,,,,,,,,,
4313,%7014 = OpExtInst %void %2 DebugDeclare %lit %6843 %101,,,,,,,,,,,
,float lit = textures[shadowAtlasIdx].SampleCmpLevelZero(,4930,Short Scoreboard,2218,Wait,1543,Selected,543,27,,,77
4314,%7015 = OpAccessChain %_ptr_UniformConstant_946 %textures %3192,,,,,,,,,,,
4315,%7017 = OpLoad %946 %7015,2685,Short Scoreboard,2218,Wait,280,Selected,152,27,2,2218,77
4316,%7018 = OpLoad %932 %shadowCmpSampler,,,,,,,,,,,
4317,%7019 = OpSampledImage %954 %7017 %7018,1595,Wait,757,Miscellaneous,444,Selected,307,27,4,,76
4318,%7020 = OpImageSampleDrefExplicitLod %float %7019 %7013 %7003 Lod %float_0,650,Wait,506,Selected,84,Not Selected,60,27,1,55718,71
4319,OpStore %6843 %7020,,,,,,,,,,,
4320,%7203 = OpExtInst %void %2 DebugLine %18 %uint_245 %uint_245 %uint_5 %uint_6,,,,,,,,,,,
,return 1.0 - lit;,56382,Long Scoreboard,55718,Selected,173,Wait,144,27,,,70
4321,%7021 = OpFSub %float %float_1 %7020,56281,Long Scoreboard,55718,Wait,144,Math Pipe Throttle,134,27,1,,70
4322,%9423 = OpExtInst %void %2 DebugNoLine,,,,,,,,,,,
4323,%9424 = OpExtInst %void %2 DebugNoScope,,,,,,,,,,,
4324,OpStore %6820 %7021,,,,,,,,,,,
4325,%9425 = OpExtInst %void %2 DebugScope %3311 %6819,,,,,,,,,,,
4326,%7204 = OpExtInst %void %2 DebugLine %18 %uint_245 %uint_245 %uint_5 %uint_6,,,,,,,,,,,
4327,OpBranch %7022,101,Selected,101,,,,,27,1,,69
4328,%7022 = OpLabel,,,,,,,,,,,
4329,%9426 = OpExtInst %void %2 DebugNoScope,,,,,,,,,,,
4330,%7023 = OpLoad %float %6820,,,,,,,,,,,
4331,%9427 = OpExtInst %void %2 DebugNoScope,,,,,,,,,,,
4332,OpStore %6766 %7023,,,,,,,,,,,
4333,%9428 = OpExtInst %void %2 DebugScope %3213 %6765,,,,,,,,,,,
4334,%6812 = OpExtInst %void %2 DebugLine %18 %uint_253 %uint_253 %uint_9 %uint_10,,,,,,,,,,,
,"return calculatePointShadow(fragWorldPos, geometricNormal, L, light, shadowAtlasIdx);",,,,,,,,,,,
4335,OpBranch %6797,,,,,,,,,,,
4336,%6793 = OpLabel,,,,,,,,,,,
4337,%9429 = OpExtInst %void %2 DebugScope %3213 %6765,,,,,,,,,,,
4338,OpBranch %6796,,,,,,,,,,,
4339,%6794 = OpLabel,,,,,,,,,,,
4340,%9430 = OpExtInst %void %2 DebugNoScope,,,,,,,,,,,
4341,OpStore %7206 %false,,,,,,,,,,,
4342,OpSelectionMerge %7457 None,,,,,,,,,,,
4343,OpSwitch %uint_0 %7244,,,,,,,,,,,
4344,%7244 = OpLabel,,,,,,,,,,,
4345,%9431 = OpExtInst %void %2 DebugScope %3740 %7207,,,,,,,,,,,
4346,%7245 = OpExtInst %void %2 DebugDeclare %shadowAtlasIdx_1 %7209 %101,,,,,,,,,,,
4347,OpStore %7209 %3192,,,,,,,,,,,
4348,%7246 = OpExtInst %void %2 DebugDeclare %light_1 %7210 %101,,,,,,,,,,,
4349,OpStore %7210 %currentLight_0,,,,,,,,,,,
4350,%7247 = OpExtInst %void %2 DebugDeclare %L_4 %7211 %101,,,,,,,,,,,
4351,OpStore %7211 %3193,,,,,,,,,,,
4352,%7248 = OpExtInst %void %2 DebugDeclare %geometricNormal_2 %7212 %101,,,,,,,,,,,
4353,OpStore %7212 %3180,,,,,,,,,,,
4354,%7249 = OpExtInst %void %2 DebugDeclare %cameraForward_0 %7213 %101,,,,,,,,,,,
4355,OpStore %7213 %3189,,,,,,,,,,,
4356,%7250 = OpExtInst %void %2 DebugDeclare %cameraPos_0 %7214 %101,,,,,,,,,,,
4357,OpStore %7214 %3186,,,,,,,,,,,
4358,%7251 = OpExtInst %void %2 DebugDeclare %fragWorldPos_1 %7215 %101,,,,,,,,,,,
4359,OpStore %7215 %805,,,,,,,,,,,
4360,%7459 = OpExtInst %void %2 DebugLine %18 %uint_151 %uint_151 %uint_5 %uint_6,,,,,,,,,,,
4361,%7252 = OpExtInst %void %2 DebugDeclare %viewDepth %7216 %101,,,,,,,,,,,
,"float viewDepth = dot(fragWorldPos - cameraPos, cameraForward);",11153,Long Scoreboard,9035,Selected,933,Wait,561,27,,,77
4362,%7253 = OpFSub %v3float %805 %3186,548,Selected,320,Wait,134,Not Selected,54,27,3,,77
4363,%7254 = OpDot %float %7253 %3189,10605,Long Scoreboard,9035,Selected,613,Wait,427,27,5,1835,77
4364,OpStore %7216 %7254,,,,,,,,,,,
4365,%7465 = OpExtInst %void %2 DebugLine %18 %uint_153 %uint_153 %uint_5 %uint_6,,,,,,,,,,,
4366,%7255 = OpExtInst %void %2 DebugDeclare %cascadeIndex %7217 %101,,,,,,,,,,,
,int cascadeIndex = int(light.numCascades) - 1;,2108,Miscellaneous,1125,Branch Resolving,356,Wait,282,27,,,76
4367,%7256 = OpAccessChain %_ptr_PhysicalStorageBuffer_uint %currentLight_0 %int_9,,,,,,,,,,,
4368,%7257 = OpLoad %uint %7256 Aligned 4,1935,Miscellaneous,1125,Branch Resolving,356,Wait,282,27,1,2066,73
4369,%7258 = OpBitcast %int %7257,,,,,,,,,,,
4370,%7259 = OpISub %int %7258 %int_1,173,Selected,168,Dispatch Stall,5,,,27,1,,76
4371,OpStore %7217 %7259,,,,,,,,,,,
4372,%7471 = OpExtInst %void %2 DebugLine %18 %uint_154 %uint_154 %uint_5 %uint_6,,,,,,,,,,,
4373,%7472 = OpExtInst %void %2 DebugLine %18 %uint_154 %uint_154 %uint_10 %uint_11,,,,,,,,,,,
4374,%7260 = OpExtInst %void %2 DebugDeclare %i_3 %7218 %101,,,,,,,,,,,
,for (int i = 0; i < int(light.numCascades); i++) {,5584,Wait,2318,Long Scoreboard,2066,Selected,728,17,,,77
4375,OpStore %7218 %int_0,,,,,,,,,,,
4376,OpStore %7219 %int_0,,,,,,,,,,,
4377,OpBranch %7261,,,,,,,,,,,
4378,%7261 = OpLabel,,,,,,,,,,,
4379,%9432 = OpExtInst %void %2 DebugNoScope,,,,,,,,,,,
4380,OpLoopMerge %7287 %7286 None,,,,,,,,,,,
4381,OpBranch %7262,,,,,,,,,,,
4382,%7262 = OpLabel,,,,,,,,,,,
4383,%9433 = OpExtInst %void %2 DebugScope %3740 %7207,,,,,,,,,,,
4384,OpBranch %7263,,,,,,,,,,,
4385,%7263 = OpLabel,,,,,,,,,,,
4386,%9434 = OpExtInst %void %2 DebugNoScope,,,,,,,,,,,
4387,OpBranch %7264,,,,,,,,,,,
4388,%7264 = OpLabel,,,,,,,,,,,
4389,%9435 = OpExtInst %void %2 DebugScope %3740 %7207,,,,,,,,,,,
4390,%7476 = OpExtInst %void %2 DebugLine %18 %uint_154 %uint_154 %uint_23 %uint_24,,,,,,,,,,,
4391,%7265 = OpLoad %uint %7256 Aligned 4,,,,,,,,,,,
4392,%7266 = OpBitcast %int %7265,,,,,,,,,,,
4393,%7267 = OpLoad %int %7219,,,,,,,,,,,
4394,%7268 = OpSLessThan %bool %7267 %7266,2671,Long Scoreboard,2066,Wait,220,Selected,189,27,2,,77
4395,%9436 = OpExtInst %void %2 DebugNoScope,,,,,,,,,,,
4396,OpSelectionMerge %7270 None,,,,,,,,,,,
4397,OpBranchConditional %7268 %7270 %7269,2913,Wait,2098,Selected,539,Not Selected,171,13,5,,77
4398,%7269 = OpLabel,,,,,,,,,,,
4399,%9437 = OpExtInst %void %2 DebugScope %3740 %7207,,,,,,,,,,,
4400,OpStore %7220 %7259,,,,,,,,,,,
4401,OpBranch %7287,,,,,,,,,,,
4402,%7270 = OpLabel,,,,,,,,,,,
4403,%9438 = OpExtInst %void %2 DebugScope %3740 %7207,,,,,,,,,,,
4404,%7482 = OpExtInst %void %2 DebugLine %18 %uint_155 %uint_155 %uint_9 %uint_10,,,,,,,,,,,
,if (viewDepth < light.cascades[i].splitDistance) {,41327,Long Scoreboard,31231,Wait,6527,Selected,1340,25,,,77
4405,%7271 = OpAccessChain %_ptr_PhysicalStorageBuffer__Array_natural_Cascade3 %currentLight_0 %int_11,,,,,,,,,,,
4406,%7272 = OpLoad %int %7219,,,,,,,,,,,
4407,%7273 = OpAccessChain %_ptr_PhysicalStorageBuffer__arr_Cascade_natural_int_3 %7271 %int_0,,,,,,,,,,,
4408,%7274 = OpAccessChain %_ptr_PhysicalStorageBuffer_Cascade_natural %7273 %7272,,,,,,,,,,,
4409,%7275 = OpAccessChain %_ptr_PhysicalStorageBuffer_float %7274 %int_2,,,,,,,,,,,
4410,%7276 = OpLoad %float %7275 Aligned 4,7140,Wait,4195,Selected,956,Not Selected,562,27,5,31231,77
4411,%7277 = OpFOrdLessThan %bool %7254 %7276,31789,Long Scoreboard,31231,Selected,218,Wait,178,27,1,,76
4412,%7490 = OpExtInst %void %2 DebugLine %18 %uint_155 %uint_155 %uint_23 %uint_24,,,,,,,,,,,
4413,%9439 = OpExtInst %void %2 DebugNoScope,,,,,,,,,,,
4414,OpSelectionMerge %7281 None,,,,,,,,,,,
4415,OpBranchConditional %7277 %7278 %7281,2398,Wait,2154,Selected,166,Not Selected,71,15,1,,75
4416,%7278 = OpLabel,,,,,,,,,,,
4417,%9440 = OpExtInst %void %2 DebugScope %3740 %7207,,,,,,,,,,,
4418,%7492 = OpExtInst %void %2 DebugLine %18 %uint_156 %uint_156 %uint_13 %uint_14,,,,,,,,,,,
,cascadeIndex = i;,,,,,,,,,,,
4419,%7279 = OpLoad %int %7219,,,,,,,,,,,
4420,OpStore %7217 %7279,,,,,,,,,,,
4421,%7497 = OpExtInst %void %2 DebugLine %18 %uint_157 %uint_157 %uint_13 %uint_14,,,,,,,,,,,
,break;,,,,,,,,,,,
4422,OpStore %7220 %7279,,,,,,,,,,,
4423,OpBranch %7287,,,,,,,,,,,
4424,%7281 = OpLabel,,,,,,,,,,,
4425,%9441 = OpExtInst %void %2 DebugScope %3740 %7207,,,,,,,,,,,
4426,OpBranch %7282,,,,,,,,,,,
4427,%7282 = OpLabel,,,,,,,,,,,
4428,%9442 = OpExtInst %void %2 DebugScope %3740 %7207,,,,,,,,,,,
4429,OpBranch %7283,,,,,,,,,,,
4430,%7283 = OpLabel,,,,,,,,,,,
4431,%9443 = OpExtInst %void %2 DebugScope %3740 %7207,,,,,,,,,,,
4432,%7499 = OpExtInst %void %2 DebugLine %18 %uint_154 %uint_154 %uint_50 %uint_51,,,,,,,,,,,
,for (int i = 0; i < int(light.numCascades); i++) {,1033,Wait,782,Selected,221,Math Pipe Throttle,17,27,,,75
4433,%7284 = OpLoad %int %7219,,,,,,,,,,,
4434,%7285 = OpIAdd %int %7284 %int_1,1033,Wait,782,Selected,221,Math Pipe Throttle,17,27,1,,75
4435,OpStore %7218 %7285,,,,,,,,,,,
4436,OpStore %7219 %7285,,,,,,,,,,,
4437,OpBranch %7286,,,,,,,,,,,
4438,%7286 = OpLabel,,,,,,,,,,,
4439,%9444 = OpExtInst %void %2 DebugScope %3740 %7207,,,,,,,,,,,
4440,OpBranch %7261,,,,,,,,,,,
4441,%7287 = OpLabel,,,,,,,,,,,
4442,%9445 = OpExtInst %void %2 DebugScope %3740 %7207,,,,,,,,,,,
4443,%7504 = OpExtInst %void %2 DebugLine %18 %uint_160 %uint_160 %uint_5 %uint_6,,,,,,,,,,,
,if( light.showCascades>0){,9212,Long Scoreboard,4641,Wait,1865,Branch Resolving,1489,20,,,74
4444,%7288 = OpAccessChain %_ptr_PhysicalStorageBuffer_int %currentLight_0 %int_8,,,,,,,,,,,
4445,%7289 = OpLoad %int %7288 Aligned 4,2648,Branch Resolving,1489,Wait,432,Miscellaneous,362,27,2,4641,74
4446,%7290 = OpSGreaterThan %bool %7289 %int_0,5031,Long Scoreboard,4641,Selected,137,Wait,131,27,1,,74
4447,%7507 = OpExtInst %void %2 DebugLine %18 %uint_160 %uint_160 %uint_27 %uint_28,,,,,,,,,,,
4448,%9446 = OpExtInst %void %2 DebugNoScope,,,,,,,,,,,
4449,OpSelectionMerge %7294 None,,,,,,,,,,,
4450,OpBranchConditional %7290 %7291 %7294,1533,Wait,1302,Selected,185,Not Selected,46,,1,,74
4451,%7291 = OpLabel,,,,,,,,,,,
4452,%9447 = OpExtInst %void %2 DebugScope %3740 %7207,,,,,,,,,,,
4453,%7509 = OpExtInst %void %2 DebugLine %18 %uint_161 %uint_161 %uint_9 %uint_10,,,,,,,,,,,
,return cascadeIndex;,544,Wait,407,Selected,137,,,,,,70
4454,%7292 = OpLoad %int %7220,,,,,,,,,,,
4455,%7293 = OpConvertSToF %float %7292,544,Wait,407,Selected,137,,,,1,8,70
4456,%9448 = OpExtInst %void %2 DebugNoLine,,,,,,,,,,,
4457,%9449 = OpExtInst %void %2 DebugNoScope,,,,,,,,,,,
4458,OpStore %7206 %true,,,,,,,,,,,
4459,OpStore %7208 %7293,,,,,,,,,,,
4460,%9450 = OpExtInst %void %2 DebugScope %3740 %7207,,,,,,,,,,,
4461,%7512 = OpExtInst %void %2 DebugLine %18 %uint_161 %uint_161 %uint_9 %uint_10,,,,,,,,,,,
4462,OpBranch %7457,,,,,,,,,,,
4463,%7294 = OpLabel,,,,,,,,,,,
4464,%9451 = OpExtInst %void %2 DebugScope %3740 %7207,,,,,,,,,,,
4465,%7513 = OpExtInst %void %2 DebugLine %18 %uint_168 %uint_168 %uint_5 %uint_6,,,,,,,,,,,
4466,%7514 = OpExtInst %void %2 DebugLine %18 %uint_168 %uint_168 %uint_10 %uint_11,,,,,,,,,,,
4467,%7295 = OpExtInst %void %2 DebugDeclare %c %7221 %101,,,,,,,,,,,
,for (int c = cascadeIndex; c < int(light.numCascades); c++) {,2377,Wait,1645,Selected,602,Not Selected,68,16,,,74
4468,%7296 = OpLoad %int %7220,,,,,,,,,,,
4469,OpStore %7221 %7296,,,,,,,,,,,
4470,OpStore %7222 %7296,,,,,,,,,,,
4471,OpBranch %7298,,,,,,,,,,,
4472,%7298 = OpLabel,,,,,,,,,,,
4473,%9452 = OpExtInst %void %2 DebugNoScope,,,,,,,,,,,
4474,OpLoopMerge %7454 %7453 None,,,,,,,,,,,
4475,OpBranch %7299,,,,,,,,,,,
4476,%7299 = OpLabel,,,,,,,,,,,
4477,%9453 = OpExtInst %void %2 DebugScope %3740 %7207,,,,,,,,,,,
4478,OpBranch %7300,,,,,,,,,,,
4479,%7300 = OpLabel,,,,,,,,,,,
4480,%9454 = OpExtInst %void %2 DebugNoScope,,,,,,,,,,,
4481,OpSelectionMerge %7449 None,,,,,,,,,,,
4482,OpSwitch %int_0 %7301,,,,,,,,,,,
4483,%7301 = OpLabel,,,,,,,,,,,
4484,%9455 = OpExtInst %void %2 DebugScope %3740 %7207,,,,,,,,,,,
4485,%7520 = OpExtInst %void %2 DebugLine %18 %uint_168 %uint_168 %uint_34 %uint_35,,,,,,,,,,,
4486,%7302 = OpLoad %uint %7256 Aligned 4,,,,,,,,,,,
4487,%7303 = OpBitcast %int %7302,,,,,,,,,,,
4488,%7304 = OpLoad %int %7222,,,,,,,,,,,
4489,%7305 = OpSLessThan %bool %7304 %7303,619,Wait,449,Selected,111,Math Pipe Throttle,32,27,2,,74
4490,%9456 = OpExtInst %void %2 DebugNoScope,,,,,,,,,,,
4491,OpSelectionMerge %7307 None,,,,,,,,,,,
4492,OpBranchConditional %7305 %7307 %7306,1758,Wait,1196,Selected,491,Not Selected,41,13,7,1835,74
4493,%7306 = OpLabel,,,,,,,,,,,
4494,%9457 = OpExtInst %void %2 DebugScope %3740 %7207,,,,,,,,,,,
4495,OpBranch %7454,,,,,,,,,,,
4496,%7307 = OpLabel,,,,,,,,,,,
4497,%9458 = OpExtInst %void %2 DebugScope %3740 %7207,,,,,,,,,,,
4498,%7529 = OpExtInst %void %2 DebugLine %18 %uint_169 %uint_169 %uint_9 %uint_10,,,,,,,,,,,
,Cascade cascade = light.cascades[c];,33078,Wait,10517,LG Throttle,8863,Selected,5981,27,,,78
4499,%7309 = OpAccessChain %_ptr_PhysicalStorageBuffer__Array_natural_Cascade3 %currentLight_0 %int_11,,,,,,,,,,,
4500,%7310 = OpLoad %int %7222,,,,,,,,,,,
4501,%7311 = OpAccessChain %_ptr_PhysicalStorageBuffer__arr_Cascade_natural_int_3 %7309 %int_0,,,,,,,,,,,
4502,%7312 = OpAccessChain %_ptr_PhysicalStorageBuffer_Cascade_natural %7311 %7310,,,,,,,,,,,
4503,%7313 = OpAccessChain %_ptr_PhysicalStorageBuffer__MatrixStorage_float4x4_ColMajornatural %7312 %int_0,,,,,,,,,,,
4504,%7314 = OpLoad %_MatrixStorage_float4x4_ColMajornatural %7313 Aligned 4,21929,LG Throttle,7025,Wait,5684,Selected,3976,27,29,443584,75
4505,%7315 = OpCompositeExtract %_arr_v4float_int_4 %7314 0,,,,,,,,,,,
4506,%7316 = OpCompositeExtract %v4float %7315 0,,,,,,,,,,,
4507,%7317 = OpCompositeExtract %float %7316 0,,,,,,,,,,,
4508,%7318 = OpCompositeExtract %float %7316 1,,,,,,,,,,,
4509,%7319 = OpCompositeExtract %float %7316 2,,,,,,,,,,,
4510,%7320 = OpCompositeExtract %float %7316 3,,,,,,,,,,,
4511,%7321 = OpCompositeExtract %v4float %7315 1,,,,,,,,,,,
4512,%7322 = OpCompositeExtract %float %7321 0,,,,,,,,,,,
4513,%7323 = OpCompositeExtract %float %7321 1,,,,,,,,,,,
4514,%7324 = OpCompositeExtract %float %7321 2,,,,,,,,,,,
4515,%7325 = OpCompositeExtract %float %7321 3,,,,,,,,,,,
4516,%7326 = OpCompositeExtract %v4float %7315 2,,,,,,,,,,,
4517,%7327 = OpCompositeExtract %float %7326 0,,,,,,,,,,,
4518,%7328 = OpCompositeExtract %float %7326 1,,,,,,,,,,,
4519,%7329 = OpCompositeExtract %float %7326 2,,,,,,,,,,,
4520,%7330 = OpCompositeExtract %float %7326 3,,,,,,,,,,,
4521,%7331 = OpCompositeExtract %v4float %7315 3,,,,,,,,,,,
4522,%7332 = OpCompositeExtract %float %7331 0,,,,,,,,,,,
4523,%7333 = OpCompositeExtract %float %7331 1,,,,,,,,,,,
4524,%7334 = OpCompositeExtract %float %7331 2,,,,,,,,,,,
4525,%7335 = OpCompositeExtract %float %7331 3,,,,,,,,,,,
4526,%7336 = OpCompositeConstruct %v4float %7317 %7322 %7327 %7332,,,,,,,,,,,
4527,%7337 = OpCompositeConstruct %v4float %7318 %7323 %7328 %7333,,,,,,,,,,,
4528,%7338 = OpCompositeConstruct %v4float %7319 %7324 %7329 %7334,,,,,,,,,,,
4529,%7339 = OpCompositeConstruct %v4float %7320 %7325 %7330 %7335,,,,,,,,,,,
4530,%7340 = OpCompositeConstruct %mat4v4float %7336 %7337 %7338 %7339,,,,,,,,,,,
4531,%7341 = OpAccessChain %_ptr_PhysicalStorageBuffer_v4float %7312 %int_1,,,,,,,,,,,
4532,%7342 = OpLoad %v4float %7341 Aligned 4,7196,Wait,3573,Selected,1000,Miscellaneous,730,27,8,5846,78
4533,%7343 = OpAccessChain %_ptr_PhysicalStorageBuffer_float %7312 %int_2,,,,,,,,,,,
4534,%7344 = OpLoad %float %7343 Aligned 4,,,,,,,,,,,
4535,%7345 = OpAccessChain %_ptr_PhysicalStorageBuffer_float %7312 %int_3,,,,,,,,,,,
4536,%7346 = OpLoad %float %7345 Aligned 4,1468,Selected,508,LG Throttle,496,Wait,366,27,4,27724,74
4537,%7347 = OpAccessChain %_ptr_PhysicalStorageBuffer_float %7312 %int_4,,,,,,,,,,,
4538,%7348 = OpLoad %float %7347 Aligned 4,2485,Wait,894,LG Throttle,614,Selected,497,27,4,253,61
4539,%7349 = OpAccessChain %_ptr_PhysicalStorageBuffer_float %7312 %int_5,,,,,,,,,,,
4540,%7350 = OpLoad %float %7349 Aligned 4,,,,,,,,,,,
4541,OpStore %9095 %7340,,,,,,,,,,,
4542,OpStore %9096 %7342,,,,,,,,,,,
4543,OpStore %9097 %7344,,,,,,,,,,,
4544,OpStore %9098 %7346,,,,,,,,,,,
4545,OpStore %9099 %7348,,,,,,,,,,,
4546,OpStore %9100 %7350,,,,,,,,,,,
4547,%7573 = OpExtInst %void %2 DebugLine %18 %uint_171 %uint_171 %uint_9 %uint_10,,,,,,,,,,,
4548,%7352 = OpExtInst %void %2 DebugDeclare %NdotL_2 %7224 %101,,,,,,,,,,,
,"float NdotL = abs(dot(geometricNormal, normalize(L + float3(1e-8))));",8403,Wait,3268,Short Scoreboard,1827,Selected,1611,27,,,54
4549,%7353 = OpFAdd %v3float %3193 %3999,1360,Wait,846,Selected,335,Not Selected,101,27,3,,53
4550,%7354 = OpExtInst %v3float %554 Normalize %7353,5376,Short Scoreboard,1827,Wait,1676,Selected,899,27,7,1827,54
4551,%7355 = OpDot %float %3180 %7354,1667,Wait,746,Selected,377,Math Pipe Throttle,291,27,3,,53
4552,%7356 = OpExtInst %float %554 FAbs %7355,,,,,,,,,,,
4553,OpStore %7224 %7356,,,,,,,,,,,
4554,%7579 = OpExtInst %void %2 DebugLine %18 %uint_172 %uint_172 %uint_9 %uint_10,,,,,,,,,,,
4555,%7357 = OpExtInst %void %2 DebugDeclare %normalOffset_0 %7225 %101,,,,,,,,,,,
,float normalOffset = cascade.worldTexelSize * (1.0 - NdotL) * 2.0;,2863,Wait,1399,Selected,575,Not Selected,382,27,,,53
4556,%7358 = OpFSub %float %float_1 %7356,719,Wait,379,Not Selected,125,Selected,106,27,1,,50
4557,%7359 = OpFMul %float %7348 %7358,777,Wait,356,Miscellaneous,135,Not Selected,106,27,1,,51
4558,%7360 = OpFMul %float %7359 %float_2,1367,Wait,664,Selected,366,Math Pipe Throttle,174,27,3,,53
4559,OpStore %7225 %7360,,,,,,,,,,,
4560,%7584 = OpExtInst %void %2 DebugLine %18 %uint_173 %uint_173 %uint_9 %uint_10,,,,,,,,,,,
4561,%7361 = OpExtInst %void %2 DebugDeclare %biasedPos_0 %7226 %101,,,,,,,,,,,
,float3 biasedPos = fragWorldPos + geometricNormal * normalOffset;,1227,Selected,410,Long Scoreboard,253,Wait,204,27,,,73
4562,%7362 = OpVectorTimesScalar %v3float %3180 %7360,,,,,,,,,,,
4563,%7363 = OpFAdd %v3float %805 %7362,1227,Selected,410,Long Scoreboard,253,Wait,204,27,3,,73
4564,OpStore %7226 %7363,,,,,,,,,,,
4565,%7588 = OpExtInst %void %2 DebugLine %18 %uint_175 %uint_175 %uint_9 %uint_10,,,,,,,,,,,
4566,%7364 = OpExtInst %void %2 DebugDeclare %fragPosLightSpace_0 %7227 %101,,,,,,,,,,,
,"float4 fragPosLightSpace = mul(cascade.lightSpaceMatrix, float4(biasedPos, 1.0));",32383,Long Scoreboard,25151,Wait,2785,Selected,2216,27,,,78
4567,%7365 = OpCompositeConstruct %v4float %7363 %float_1,,,,,,,,,,,
4568,%7366 = OpVectorTimesMatrix %v4float %7365 %7340,32383,Long Scoreboard,25151,Wait,2785,Selected,2216,27,18,,78
4569,OpStore %7227 %7366,,,,,,,,,,,
4570,%7592 = OpExtInst %void %2 DebugLine %18 %uint_176 %uint_176 %uint_9 %uint_10,,,,,,,,,,,
4571,%7367 = OpExtInst %void %2 DebugDeclare %projCoords_0 %7228 %101,,,,,,,,,,,
,float3 projCoords = fragPosLightSpace.xyz / fragPosLightSpace.w;,3650,Wait,1542,Selected,971,Not Selected,534,27,,,78
4572,%7368 = OpVectorShuffle %v3float %7366 %7366 0 1 2,,,,,,,,,,,
4573,%7369 = OpCompositeExtract %float %7366 3,,,,,,,,,,,
4574,%7370 = OpCompositeConstruct %v3float %7369 %7369 %7369,,,,,,,,,,,
4575,%7371 = OpFDiv %v3float %7368 %7370,3650,Wait,1542,Selected,971,Not Selected,534,27,7,205,78
4576,OpStore %7229 %7371,,,,,,,,,,,
4577,OpStore %7228 %7371,,,,,,,,,,,
4578,%7599 = OpExtInst %void %2 DebugLine %18 %uint_177 %uint_177 %uint_9 %uint_10,,,,,,,,,,,
,projCoords.x = projCoords.x * 0.5 + 0.5;,3207,Long Scoreboard,2573,Selected,269,Wait,212,27,,,78
4579,%7372 = OpAccessChain %_ptr_Function_float %7229 %int_0,,,,,,,,,,,
4580,%7374 = OpCompositeExtract %float %7371 0,,,,,,,,,,,
4581,%7375 = OpFMul %float %7374 %float_0_5,,,,,,,,,,,
4582,%7376 = OpFAdd %float %7375 %float_0_5,3207,Long Scoreboard,2573,Selected,269,Wait,212,27,2,,78
4583,OpStore %7372 %7376,,,,,,,,,,,
4584,%7377 = OpAccessChain %_ptr_Function_float %7228 %int_0,,,,,,,,,,,
4585,OpStore %7377 %7376,,,,,,,,,,,
4586,%7607 = OpExtInst %void %2 DebugLine %18 %uint_178 %uint_178 %uint_9 %uint_10,,,,,,,,,,,
,projCoords.y = projCoords.y * 0.5 + 0.5;,137,Selected,137,,,,,27,,,78
4587,%7378 = OpAccessChain %_ptr_Function_float %7229 %int_1,,,,,,,,,,,
4588,%7379 = OpLoad %v3float %7229,,,,,,,,,,,
4589,%7380 = OpCompositeExtract %float %7379 1,,,,,,,,,,,
4590,%7381 = OpFMul %float %7380 %float_0_5,,,,,,,,,,,
4591,%7382 = OpFAdd %float %7381 %float_0_5,137,Selected,137,,,,,27,1,,78
4592,OpStore %7378 %7382,,,,,,,,,,,
4593,%7383 = OpAccessChain %_ptr_Function_float %7228 %int_1,,,,,,,,,,,
4594,OpStore %7383 %7382,,,,,,,,,,,
4595,%7615 = OpExtInst %void %2 DebugLine %18 %uint_180 %uint_180 %uint_9 %uint_10,,,,,,,,,,,
4596,%7384 = OpExtInst %void %2 DebugDeclare %texelSize_0 %7230 %101,,,,,,,,,,,
,float texelSize = cascade.texelSize;,,,,,,,,,,,
4597,OpStore %7230 %7346,,,,,,,,,,,
4598,%7617 = OpExtInst %void %2 DebugLine %18 %uint_181 %uint_181 %uint_9 %uint_10,,,,,,,,,,,
,if (projCoords.x < texelSize || projCoords.x > 1.0 - texelSize ||,1144,Miscellaneous,664,Selected,332,Wait,118,27,,,78
4599,%7385 = OpLoad %v3float %7229,,,,,,,,,,,
4600,%7386 = OpCompositeExtract %float %7385 0,,,,,,,,,,,
4601,%7387 = OpFOrdLessThan %bool %7386 %7346,,,,,,,,,,,
4602,%7620 = OpExtInst %void %2 DebugLine %18 %uint_181 %uint_181 %uint_26 %uint_27,,,,,,,,,,,
4603,%9459 = OpExtInst %void %2 DebugNoScope,,,,,,,,,,,
4604,OpSelectionMerge %7394 None,,,,,,,,,,,
4605,OpBranchConditional %7387 %7393 %7388,,,,,,,,,,,
4606,%7388 = OpLabel,,,,,,,,,,,
4607,%9460 = OpExtInst %void %2 DebugScope %3740 %7207,,,,,,,,,,,
4608,%7389 = OpLoad %v3float %7229,,,,,,,,,,,
4609,%7390 = OpCompositeExtract %float %7389 0,,,,,,,,,,,
4610,%7391 = OpFSub %float %float_1 %7346,291,Selected,160,Wait,118,Not Selected,11,27,1,,78
4611,%7392 = OpFOrdGreaterThan %bool %7390 %7391,853,Miscellaneous,664,Selected,172,Dispatch Stall,16,27,1,,78
4612,OpStore %7231 %7392,,,,,,,,,,,
4613,OpBranch %7394,,,,,,,,,,,
4614,%7393 = OpLabel,,,,,,,,,,,
4615,%9461 = OpExtInst %void %2 DebugScope %3740 %7207,,,,,,,,,,,
4616,OpStore %7231 %true,,,,,,,,,,,
4617,OpBranch %7394,,,,,,,,,,,
4618,%7394 = OpLabel,,,,,,,,,,,
4619,%9462 = OpExtInst %void %2 DebugScope %3740 %7207,,,,,,,,,,,
4620,%7622 = OpExtInst %void %2 DebugLine %18 %uint_181 %uint_181 %uint_38 %uint_39,,,,,,,,,,,
4621,%7395 = OpLoad %bool %7231,,,,,,,,,,,
4622,%9463 = OpExtInst %void %2 DebugNoScope,,,,,,,,,,,
4623,OpSelectionMerge %7401 None,,,,,,,,,,,
4624,OpBranchConditional %7395 %7400 %7396,,,,,,,,,,,
4625,%7396 = OpLabel,,,,,,,,,,,
4626,%9464 = OpExtInst %void %2 DebugScope %3740 %7207,,,,,,,,,,,
4627,%7397 = OpLoad %v3float %7229,,,,,,,,,,,
4628,%7398 = OpCompositeExtract %float %7397 1,,,,,,,,,,,
4629,%7399 = OpFOrdLessThan %bool %7398 %7346,,,,,,,,,,,
4630,OpStore %7232 %7399,,,,,,,,,,,
4631,OpBranch %7401,,,,,,,,,,,
4632,%7400 = OpLabel,,,,,,,,,,,
4633,%9465 = OpExtInst %void %2 DebugScope %3740 %7207,,,,,,,,,,,
4634,OpStore %7232 %true,,,,,,,,,,,
4635,OpBranch %7401,,,,,,,,,,,
4636,%7401 = OpLabel,,,,,,,,,,,
4637,%9466 = OpExtInst %void %2 DebugScope %3740 %7207,,,,,,,,,,,
4638,%7625 = OpExtInst %void %2 DebugLine %18 %uint_181 %uint_181 %uint_72 %uint_73,,,,,,,,,,,
4639,%7402 = OpLoad %bool %7232,,,,,,,,,,,
4640,%9467 = OpExtInst %void %2 DebugNoScope,,,,,,,,,,,
4641,OpSelectionMerge %7409 None,,,,,,,,,,,
4642,OpBranchConditional %7402 %7408 %7403,,,,,,,,,,,
4643,%7403 = OpLabel,,,,,,,,,,,
4644,%9468 = OpExtInst %void %2 DebugScope %3740 %7207,,,,,,,,,,,
4645,%7404 = OpLoad %v3float %7229,,,,,,,,,,,
4646,%7405 = OpCompositeExtract %float %7404 1,,,,,,,,,,,
4647,%7406 = OpFSub %float %float_1 %7346,,,,,,,,,,,
4648,%7407 = OpFOrdGreaterThan %bool %7405 %7406,,,,,,,,,,,
4649,OpStore %7233 %7407,,,,,,,,,,,
4650,OpBranch %7409,,,,,,,,,,,
4651,%7408 = OpLabel,,,,,,,,,,,
4652,%9469 = OpExtInst %void %2 DebugScope %3740 %7207,,,,,,,,,,,
4653,OpStore %7233 %true,,,,,,,,,,,
4654,OpBranch %7409,,,,,,,,,,,
4655,%7409 = OpLabel,,,,,,,,,,,
4656,%9470 = OpExtInst %void %2 DebugScope %3740 %7207,,,,,,,,,,,
4657,%7628 = OpExtInst %void %2 DebugLine %18 %uint_182 %uint_182 %uint_38 %uint_39,,,,,,,,,,,
,projCoords.y < texelSize || projCoords.y > 1.0 - texelSize ||,,,,,,,,,,,
4658,%7410 = OpLoad %bool %7233,,,,,,,,,,,
4659,%9471 = OpExtInst %void %2 DebugNoScope,,,,,,,,,,,
4660,OpSelectionMerge %7416 None,,,,,,,,,,,
4661,OpBranchConditional %7410 %7415 %7411,,,,,,,,,,,
4662,%7411 = OpLabel,,,,,,,,,,,
4663,%9472 = OpExtInst %void %2 DebugScope %3740 %7207,,,,,,,,,,,
4664,%7412 = OpLoad %v3float %7229,,,,,,,,,,,
4665,%7413 = OpCompositeExtract %float %7412 2,,,,,,,,,,,
4666,%7414 = OpFOrdLessThan %bool %7413 %float_0,,,,,,,,,,,
4667,OpStore %7234 %7414,,,,,,,,,,,
4668,OpBranch %7416,,,,,,,,,,,
4669,%7415 = OpLabel,,,,,,,,,,,
4670,%9473 = OpExtInst %void %2 DebugScope %3740 %7207,,,,,,,,,,,
4671,OpStore %7234 %true,,,,,,,,,,,
4672,OpBranch %7416,,,,,,,,,,,
4673,%7416 = OpLabel,,,,,,,,,,,
4674,%9474 = OpExtInst %void %2 DebugScope %3740 %7207,,,,,,,,,,,
4675,%7631 = OpExtInst %void %2 DebugLine %18 %uint_182 %uint_182 %uint_72 %uint_73,,,,,,,,,,,
4676,%7417 = OpLoad %bool %7234,,,,,,,,,,,
4677,%9475 = OpExtInst %void %2 DebugNoScope,,,,,,,,,,,
4678,OpSelectionMerge %7423 None,,,,,,,,,,,
4679,OpBranchConditional %7417 %7422 %7418,,,,,,,,,,,
4680,%7418 = OpLabel,,,,,,,,,,,
4681,%9476 = OpExtInst %void %2 DebugScope %3740 %7207,,,,,,,,,,,
4682,%7419 = OpLoad %v3float %7229,,,,,,,,,,,
4683,%7420 = OpCompositeExtract %float %7419 2,,,,,,,,,,,
4684,%7421 = OpFOrdGreaterThan %bool %7420 %float_1,,,,,,,,,,,
4685,OpStore %7235 %7421,,,,,,,,,,,
4686,OpBranch %7423,,,,,,,,,,,
4687,%7422 = OpLabel,,,,,,,,,,,
4688,%9477 = OpExtInst %void %2 DebugScope %3740 %7207,,,,,,,,,,,
4689,OpStore %7235 %true,,,,,,,,,,,
4690,OpBranch %7423,,,,,,,,,,,
4691,%7423 = OpLabel,,,,,,,,,,,
4692,%9478 = OpExtInst %void %2 DebugScope %3740 %7207,,,,,,,,,,,
4693,%7634 = OpExtInst %void %2 DebugLine %18 %uint_183 %uint_183 %uint_32 %uint_33,,,,,,,,,,,
,projCoords.z < 0.0 || projCoords.z > 1.0) {,1493,Wait,1300,Selected,150,Not Selected,43,27,,,74
4694,%7424 = OpLoad %bool %7235,,,,,,,,,,,
4695,%9479 = OpExtInst %void %2 DebugNoScope,,,,,,,,,,,
4696,OpSelectionMerge %7426 None,,,,,,,,,,,
4697,OpBranchConditional %7424 %7425 %7426,1493,Wait,1300,Selected,150,Not Selected,43,27,1,,74
4698,%7425 = OpLabel,,,,,,,,,,,
4699,%9480 = OpExtInst %void %2 DebugScope %3740 %7207,,,,,,,,,,,
4700,%7637 = OpExtInst %void %2 DebugLine %18 %uint_184 %uint_184 %uint_13 %uint_14,,,,,,,,,,,
,continue;,,,,,,,,,,,
4701,OpBranch %7449,,,,,,,,,,,
4702,%7426 = OpLabel,,,,,,,,,,,
4703,%9481 = OpExtInst %void %2 DebugScope %3740 %7207,,,,,,,,,,,
4704,%7639 = OpExtInst %void %2 DebugLine %18 %uint_187 %uint_187 %uint_9 %uint_10,,,,,,,,,,,
4705,%7427 = OpExtInst %void %2 DebugDeclare %currentDepth_0 %7236 %101,,,,,,,,,,,
,float currentDepth = projCoords.z - 0.0001f;,1503,Long Scoreboard,1188,Not Selected,115,Selected,108,27,,,76
4706,%7428 = OpLoad %v3float %7229,,,,,,,,,,,
4707,%7429 = OpCompositeExtract %float %7428 2,,,,,,,,,,,
4708,%7430 = OpFSub %float %7429 %float_9_99999975en05,1503,Long Scoreboard,1188,Not Selected,115,Selected,108,27,1,,76
4709,OpStore %7236 %7430,,,,,,,,,,,
4710,%7644 = OpExtInst %void %2 DebugLine %18 %uint_189 %uint_189 %uint_9 %uint_10,,,,,,,,,,,
4711,%7431 = OpExtInst %void %2 DebugDeclare %rangeMin_0 %7237 %101,,,,,,,,,,,
,float2 rangeMin  = cascade.shadowAtlasRange.xy;,,,,,,,,,,,
4712,%7432 = OpVectorShuffle %v2float %7342 %7342 0 1,,,,,,,,,,,
4713,OpStore %7237 %7432,,,,,,,,,,,
4714,%7647 = OpExtInst %void %2 DebugLine %18 %uint_190 %uint_190 %uint_9 %uint_10,,,,,,,,,,,
4715,%7433 = OpExtInst %void %2 DebugDeclare %rangeSpan_0 %7238 %101,,,,,,,,,,,
,float2 rangeSpan = cascade.shadowAtlasRange.zw - cascade.shadowAtlasRange.xy;,1065,Long Scoreboard,547,Selected,273,Wait,170,27,,,75
4716,%7434 = OpVectorShuffle %v2float %7342 %7342 2 3,,,,,,,,,,,
4717,%7435 = OpFSub %v2float %7434 %7432,1065,Long Scoreboard,547,Selected,273,Wait,170,27,2,,75
4718,OpStore %7238 %7435,,,,,,,,,,,
4719,%7651 = OpExtInst %void %2 DebugLine %18 %uint_192 %uint_192 %uint_9 %uint_10,,,,,,,,,,,
4720,%7436 = OpExtInst %void %2 DebugDeclare %atlasUV_0 %7239 %101,,,,,,,,,,,
,float2 atlasUV = rangeMin + projCoords.xy * rangeSpan;,592,Wait,269,Selected,245,Math Pipe Throttle,41,27,,,75
4721,%7438 = OpVectorShuffle %v2float %7428 %7428 0 1,,,,,,,,,,,
4722,%7439 = OpFMul %v2float %7438 %7435,,,,,,,,,,,
4723,%7440 = OpFAdd %v2float %7432 %7439,592,Wait,269,Selected,245,Math Pipe Throttle,41,27,2,,75
4724,OpStore %7239 %7440,,,,,,,,,,,
4725,%7657 = OpExtInst %void %2 DebugLine %18 %uint_193 %uint_193 %uint_9 %uint_10,,,,,,,,,,,
4726,%7441 = OpExtInst %void %2 DebugDeclare %lit_0 %7240 %101,,,,,,,,,,,
,float lit = textures[shadowAtlasIdx].SampleCmpLevelZero(,8151,Short Scoreboard,4056,Wait,2830,Selected,899,27,,,76
4727,%7442 = OpAccessChain %_ptr_UniformConstant_946 %textures %3192,,,,,,,,,,,
4728,%7444 = OpLoad %946 %7442,4723,Short Scoreboard,4056,Selected,249,Wait,246,27,2,4056,76
4729,%7445 = OpLoad %932 %shadowCmpSampler,,,,,,,,,,,
4730,%7446 = OpSampledImage %954 %7444 %7445,2662,Wait,1986,Selected,528,Miscellaneous,68,27,4,,76
4731,%7447 = OpImageSampleDrefExplicitLod %float %7446 %7440 %7430 Lod %float_0,766,Wait,598,Selected,122,Not Selected,46,27,1,86377,71
4732,OpStore %7240 %7447,,,,,,,,,,,
4733,%7665 = OpExtInst %void %2 DebugLine %18 %uint_198 %uint_198 %uint_9 %uint_10,,,,,,,,,,,
,return 1.0 - lit;,86961,Long Scoreboard,86377,Selected,180,Short Scoreboard,180,27,,,70
4734,%7448 = OpFSub %float %float_1 %7447,86961,Long Scoreboard,86377,Selected,180,Short Scoreboard,180,27,1,,70
4735,%9482 = OpExtInst %void %2 DebugNoLine,,,,,,,,,,,
4736,%9483 = OpExtInst %void %2 DebugNoScope,,,,,,,,,,,
4737,OpStore %7206 %true,,,,,,,,,,,
4738,OpStore %7208 %7448,,,,,,,,,,,
4739,%9484 = OpExtInst %void %2 DebugScope %3740 %7207,,,,,,,,,,,
4740,%7666 = OpExtInst %void %2 DebugLine %18 %uint_198 %uint_198 %uint_9 %uint_10,,,,,,,,,,,
4741,OpBranch %7454,,,,,,,,,,,
4742,%7449 = OpLabel,,,,,,,,,,,
4743,%9485 = OpExtInst %void %2 DebugScope %3740 %7207,,,,,,,,,,,
4744,OpBranch %7450,,,,,,,,,,,
4745,%7450 = OpLabel,,,,,,,,,,,
4746,%9486 = OpExtInst %void %2 DebugScope %3740 %7207,,,,,,,,,,,
4747,%7667 = OpExtInst %void %2 DebugLine %18 %uint_168 %uint_168 %uint_61 %uint_62,,,,,,,,,,,
,for (int c = cascadeIndex; c < int(light.numCascades); c++) {,2657,Branch Resolving,1198,Wait,986,Selected,414,27,,,71
4748,%7451 = OpLoad %int %7222,,,,,,,,,,,
4749,%7452 = OpIAdd %int %7451 %int_1,531,Wait,381,Selected,150,,,2,1,,71
4750,OpStore %7221 %7452,,,,,,,,,,,
4751,OpStore %7222 %7452,,,,,,,,,,,
4752,OpBranch %7453,,,,,,,,,,,
4753,%7453 = OpLabel,,,,,,,,,,,
4754,%9487 = OpExtInst %void %2 DebugScope %3740 %7207,,,,,,,,,,,
4755,OpBranch %7298,,,,,,,,,,,
4756,%7454 = OpLabel,,,,,,,,,,,
4757,%9488 = OpExtInst %void %2 DebugNoScope,,,,,,,,,,,
4758,%7455 = OpLoad %bool %7206,,,,,,,,,,,
4759,OpSelectionMerge %7456 None,,,,,,,,,,,
4760,OpBranchConditional %7455 %7457 %7456,2126,Branch Resolving,1198,Wait,605,Selected,264,27,2,,69
4761,%7456 = OpLabel,,,,,,,,,,,
4762,%9489 = OpExtInst %void %2 DebugNoScope,,,,,,,,,,,
4763,OpStore %7206 %true,,,,,,,,,,,
4764,OpStore %7208 %float_0,,,,,,,,,,,
4765,%9490 = OpExtInst %void %2 DebugScope %3740 %7207,,,,,,,,,,,
4766,%7672 = OpExtInst %void %2 DebugLine %18 %uint_200 %uint_200 %uint_5 %uint_6,,,,,,,,,,,
,return 0.0;,,,,,,,,,,,
4767,OpBranch %7457,,,,,,,,,,,
4768,%7457 = OpLabel,,,,,,,,,,,
4769,%9491 = OpExtInst %void %2 DebugNoScope,,,,,,,,,,,
4770,%7458 = OpLoad %float %7208,,,,,,,,,,,
4771,%9492 = OpExtInst %void %2 DebugNoScope,,,,,,,,,,,
4772,OpStore %6766 %7458,,,,,,,,,,,
4773,%9493 = OpExtInst %void %2 DebugScope %3213 %6765,,,,,,,,,,,
4774,%6815 = OpExtInst %void %2 DebugLine %18 %uint_251 %uint_251 %uint_9 %uint_10,,,,,,,,,,,
,"return calculateDirectionalShadow(fragWorldPos, cameraPos, cameraForward, geometricNormal, L, light, shadowAtlasIdx);",,,,,,,,,,,
4775,OpBranch %6797,,,,,,,,,,,
4776,%6796 = OpLabel,,,,,,,,,,,
4777,%9494 = OpExtInst %void %2 DebugNoScope,,,,,,,,,,,
4778,OpStore %6766 %float_0,,,,,,,,,,,
4779,%9495 = OpExtInst %void %2 DebugScope %3213 %6765,,,,,,,,,,,
4780,%6816 = OpExtInst %void %2 DebugLine %18 %uint_255 %uint_255 %uint_5 %uint_6,,,,,,,,,,,
,return 0.0;,,,,,,,,,,,
4781,OpBranch %6797,,,,,,,,,,,
4782,%6797 = OpLabel,,,,,,,,,,,
4783,%9496 = OpExtInst %void %2 DebugNoScope,,,,,,,,,,,
4784,%6798 = OpLoad %float %6766,,,,,,,,,,,
4785,%9497 = OpExtInst %void %2 DebugScope %687,,,,,,,,,,,
4786,%5094 = OpExtInst %void %2 DebugLine %15 %uint_151 %uint_151 %uint_13 %uint_14,,,,,,,,,,,
,// C:/Users/vicro/Desktop/vulkan-renderer/repo/shader-forge/shaders/lit.slang:151,,,,,,,,
,"shadow = calculateShadow(input.worldPos, pc.litPassData.cameraPos, pc.litPassData.cameraForward, geometricNormal, L, currentLight, pc.litPassData.shadowAtlasIndex);",,,,,,,,,,,
4787,OpStore %684 %6798,,,,,,,,,,,
4788,%4175 = OpExtInst %void %2 DebugLine %15 %uint_152 %uint_152 %uint_13 %uint_14,,,,,,,,,,,
,if( currentLight.showCascades>0){,18360,Long Scoreboard,9743,Wait,3181,Branch Resolving,2625,13,,,69
4789,%4176 = OpAccessChain %_ptr_PhysicalStorageBuffer_int %currentLight_0 %int_8,,,,,,,,,,,
4790,%4177 = OpLoad %int %4176 Aligned 4,4814,Branch Resolving,2625,Miscellaneous,625,Wait,605,27,2,9743,69
4791,%4178 = OpSGreaterThan %bool %4177 %int_0,10395,Long Scoreboard,9743,Wait,225,Selected,165,27,1,,68
4792,%4179 = OpExtInst %void %2 DebugLine %15 %uint_152 %uint_152 %uint_42 %uint_43,,,,,,,,,,,
4793,%9498 = OpExtInst %void %2 DebugNoScope,,,,,,,,,,,
4794,OpSelectionMerge %769 None,,,,,,,,,,,
4795,OpBranchConditional %4178 %773 %769,3151,Wait,2351,Selected,655,Not Selected,140,,3,,67
4796,%773 = OpLabel,,,,,,,,,,,
4797,%9499 = OpExtInst %void %2 DebugScope %687,,,,,,,,,,,
4798,%4199 = OpExtInst %void %2 DebugLine %15 %uint_153 %uint_153 %uint_17 %uint_18,,,,,,,,,,,
,if(shadow == 0){,,,,,,,,,,,
4799,%4202 = OpFOrdEqual %bool %6798 %float_0,,,,,,,,,,,
4800,%4203 = OpExtInst %void %2 DebugLine %15 %uint_153 %uint_153 %uint_27 %uint_28,,,,,,,,,,,
4801,%9500 = OpExtInst %void %2 DebugNoScope,,,,,,,,,,,
4802,OpSelectionMerge %777 None,,,,,,,,,,,
4803,OpBranchConditional %4202 %775 %777,,,,,,,,,,,
4804,%775 = OpLabel,,,,,,,,,,,
4805,%9501 = OpExtInst %void %2 DebugScope %687,,,,,,,,,,,
4806,%5119 = OpExtInst %void %2 DebugLine %15 %uint_154 %uint_154 %uint_21 %uint_22,,,,,,,,,,,
,"output.color = float4(1,0,0,1);",,,,,,,,,,,
4807,OpStore %9184 %4208,,,,,,,,,,,
4808,OpStore %9165 %4208,,,,,,,,,,,
4809,OpBranch %777,,,,,,,,,,,
4810,%777 = OpLabel,,,,,,,,,,,
4811,%9502 = OpExtInst %void %2 DebugScope %687,,,,,,,,,,,
4812,%4213 = OpExtInst %void %2 DebugLine %15 %uint_156 %uint_156 %uint_17 %uint_18,,,,,,,,,,,
,if(shadow == 1){,804,Wait,641,Selected,163,,,,,,58
4813,%4214 = OpFOrdEqual %bool %6798 %float_1,804,Wait,641,Selected,163,,,,1,,58
4814,%4215 = OpExtInst %void %2 DebugLine %15 %uint_156 %uint_156 %uint_27 %uint_28,,,,,,,,,,,
4815,%9503 = OpExtInst %void %2 DebugNoScope,,,,,,,,,,,
4816,OpSelectionMerge %781 None,,,,,,,,,,,
4817,OpBranchConditional %4214 %779 %781,,,,,,,,,,,
4818,%779 = OpLabel,,,,,,,,,,,
4819,%9504 = OpExtInst %void %2 DebugScope %687,,,,,,,,,,,
4820,%5127 = OpExtInst %void %2 DebugLine %15 %uint_157 %uint_157 %uint_21 %uint_22,,,,,,,,,,,
,"output.color = float4(0,1,0,1);",,,,,,,,,,,
4821,OpStore %9184 %4220,,,,,,,,,,,
4822,OpStore %9165 %4220,,,,,,,,,,,
4823,OpBranch %781,,,,,,,,,,,
4824,%781 = OpLabel,,,,,,,,,,,
4825,%9505 = OpExtInst %void %2 DebugScope %687,,,,,,,,,,,
4826,%4225 = OpExtInst %void %2 DebugLine %15 %uint_159 %uint_159 %uint_17 %uint_18,,,,,,,,,,,
,if(shadow == 2){,,,,,,,,,,,59
4827,%4226 = OpFOrdEqual %bool %6798 %float_2,,,,,,,,,1,,59
4828,%4227 = OpExtInst %void %2 DebugLine %15 %uint_159 %uint_159 %uint_27 %uint_28,,,,,,,,,,,
4829,%9506 = OpExtInst %void %2 DebugNoScope,,,,,,,,,,,
4830,OpSelectionMerge %785 None,,,,,,,,,,,
4831,OpBranchConditional %4226 %783 %785,,,,,,,,,,,
4832,%783 = OpLabel,,,,,,,,,,,
4833,%9507 = OpExtInst %void %2 DebugScope %687,,,,,,,,,,,
4834,%5135 = OpExtInst %void %2 DebugLine %15 %uint_160 %uint_160 %uint_21 %uint_22,,,,,,,,,,,
,"output.color = float4(0,0,1,1);",,,,,,,,,,,
4835,OpStore %9184 %4232,,,,,,,,,,,
4836,OpStore %9165 %4232,,,,,,,,,,,
4837,OpBranch %785,,,,,,,,,,,
4838,%785 = OpLabel,,,,,,,,,,,
4839,%9508 = OpExtInst %void %2 DebugScope %687,,,,,,,,,,,
4840,%4237 = OpExtInst %void %2 DebugLine %15 %uint_162 %uint_162 %uint_17 %uint_18,,,,,,,,,,,
,if(shadow == 3){,,,,,,,,,,,61
4841,%4238 = OpFOrdEqual %bool %6798 %float_3,,,,,,,,,6,,59
4842,%4240 = OpExtInst %void %2 DebugLine %15 %uint_162 %uint_162 %uint_27 %uint_28,,,,,,,,,,,
4843,%9509 = OpExtInst %void %2 DebugNoScope,,,,,,,,,,,
4844,OpSelectionMerge %789 None,,,,,,,,,,,
4845,OpBranchConditional %4238 %787 %789,,,,,,,,,3,,61
4846,%787 = OpLabel,,,,,,,,,,,
4847,%9510 = OpExtInst %void %2 DebugScope %687,,,,,,,,,,,
4848,%5143 = OpExtInst %void %2 DebugLine %15 %uint_163 %uint_163 %uint_21 %uint_22,,,,,,,,,,,
,"output.color = float4(1,1,0,1);",,,,,,,,,,,
4849,OpStore %9184 %4246,,,,,,,,,,,
4850,OpStore %9165 %4246,,,,,,,,,,,
4851,OpBranch %789,,,,,,,,,,,
4852,%789 = OpLabel,,,,,,,,,,,
4853,%9511 = OpExtInst %void %2 DebugScope %687,,,,,,,,,,,
4854,%9200 = OpExtInst %void %2 DebugLine %15 %uint_165 %uint_165 %uint_17 %uint_18,,,,,,,,,,,
,return output;,,,,,,,,,,,61
4855,%9199 = OpLoad %v4float %9186,,,,,,,,,,,
4856,%9197 = OpLoad %v4float %9185,,,,,,,,,,,
4857,%9195 = OpLoad %v4float %9184,,,,,,,,,,,
4858,OpStore %entryPointParam_fragMain_color %9195,,,,,,,,,1,,60
4859,OpStore %entryPointParam_fragMain_roughness_metal %9197,,,,,,,,,,,
4860,OpStore %entryPointParam_fragMain_worldNormal %9199,,,,,,,,,,,
4861,%9512 = OpExtInst %void %2 DebugNoLine,,,,,,,,,,,
4862,%9513 = OpExtInst %void %2 DebugNoScope,,,,,,,,,,,
4863,OpStore %6027 %true,,,,,,,,,,,
4864,%9514 = OpExtInst %void %2 DebugScope %687,,,,,,,,,,,
4865,%5154 = OpExtInst %void %2 DebugLine %15 %uint_165 %uint_165 %uint_17 %uint_18,,,,,,,,,,,
4866,OpBranch %739,,,,,,,,,5,,61
4867,%769 = OpLabel,,,,,,,,,,,
4868,%9515 = OpExtInst %void %2 DebugScope %687,,,,,,,,,,,
4869,OpStore %shadow %6798,,,,,,,,,,,
4870,OpBranch %771,,,,,,,,,,,
4871,%771 = OpLabel,,,,,,,,,,,
4872,%9516 = OpExtInst %void %2 DebugScope %687,,,,,,,,,,,
4873,%4183 = OpExtInst %void %2 DebugLine %15 %uint_169 %uint_169 %uint_9 %uint_10,,,,,,,,,,,
,Lo += (1.0 - shadow) * (kD * albedo.rgb / 3.14159265 + specular) * radiance * NdotL;,8443,Selected,3567,Wait,2487,Not Selected,1312,27,,,69
4874,%4184 = OpLoad %float %shadow,,,,,,,,,,,
4875,%4185 = OpFSub %float %float_1 %4184,216,Selected,213,Dispatch Stall,3,,,27,1,,69
4876,%4186 = OpFMul %v3float %kD_4 %1163,659,Selected,659,,,,,27,3,,69
4877,%4188 = OpFMul %v3float %4186 %9292,,,,,,,,,,,
4878,%4189 = OpFAdd %v3float %4188 %3156,1384,Selected,587,Wait,492,Not Selected,158,27,3,,69
4879,%4190 = OpVectorTimesScalar %v3float %4189 %4185,1570,Selected,760,Wait,653,Not Selected,113,27,3,,67
4880,%4191 = OpLoad %v3float %radiance,,,,,,,,,,,
4881,%4192 = OpFMul %v3float %4190 %4191,2993,Not Selected,914,Math Pipe Throttle,729,Wait,683,27,3,,65
4882,%4193 = OpVectorTimesScalar %v3float %4192 %2850,,,,,,,,,,,
4883,%4194 = OpLoad %v3float %Lo,,,,,,,,,,,
4884,%Lo_1 = OpFAdd %v3float %4194 %4193,1621,Selected,694,Wait,659,Math Pipe Throttle,138,27,3,,64
4885,OpStore %648 %Lo_1,,,,,,,,,,,
4886,OpStore %Lo %Lo_1,,,,,,,,,,,
4887,OpBranch %797,,,,,,,,,,,
4888,%797 = OpLabel,,,,,,,,,,,
4889,%9517 = OpExtInst %void %2 DebugScope %687,,,,,,,,,,,
4890,OpBranch %799,,,,,,,,,,,
4891,%799 = OpLabel,,,,,,,,,,,
4892,%9518 = OpExtInst %void %2 DebugScope %687,,,,,,,,,,,
4893,%4272 = OpExtInst %void %2 DebugLine %15 %uint_89 %uint_89 %uint_52 %uint_53,,,,,,,,,,,
,for(int i = 0; i < pc.litPassData.lightCount; i++){,13943,Branch Resolving,7336,Wait,2640,Miscellaneous,2454,24,,,62
4894,%4275 = OpLoad %int %i,,,,,,,,,,,
4895,%i_4 = OpIAdd %int %4275 %int_1,9689,Branch Resolving,4814,Wait,1981,Miscellaneous,1732,28,2,,62
4896,OpStore %650 %i_4,,,,,,,,,,,
4897,OpStore %i %i_4,,,,,,,,,,,
4898,OpBranch %801,,,,,,,,,,,
4899,%801 = OpLabel,,,,,,,,,,,
4900,%9519 = OpExtInst %void %2 DebugScope %687,,,,,,,,,,,
4901,OpBranch %731,,,,,,,,,,,
4902,%739 = OpLabel,,,,,,,,,,,
4903,%6029 = OpLoad %bool %6027,,,,,,,,,,,
4904,OpSelectionMerge %6028 None,,,,,,,,,,,
4905,OpBranchConditional %6029 %6025 %6028,4254,Branch Resolving,2522,Miscellaneous,722,Wait,659,15,2,,61
4906,%6028 = OpLabel,,,,,,,,,,,
4907,%9520 = OpExtInst %void %2 DebugScope %687,,,,,,,,,,,
4908,%1277 = OpExtInst %void %2 DebugLine %15 %uint_172 %uint_172 %uint_5 %uint_6,,,,,,,,,,,
4909,%1281 = OpExtInst %void %2 DebugDeclare %GI %654 %101,,,,,,,,,,,
4910,%1282 = OpExtInst %void %2 DebugLine %15 %uint_173 %uint_173 %uint_5 %uint_6,,,,,,,,,,,
,if (pc.litPassData.giMode == 1) {,24721,Long Scoreboard,19297,Wait,3468,Selected,652,20,,,62
4911,%1284 = OpLoad %_ptr_PhysicalStorageBuffer_LitPass_natural %927,,,,,,,,,,,
4912,%1286 = OpAccessChain %_ptr_PhysicalStorageBuffer_uint %1284 %int_16,,,,,,,,,,,
4913,%1287 = OpLoad %uint %1286 Aligned 4,2083,Wait,795,LG Throttle,613,Selected,257,30,1,19297,62
4914,%1288 = OpIEqual %bool %1287 %uint_1,19914,Long Scoreboard,19297,Selected,214,Wait,194,30,1,,62
4915,%1289 = OpExtInst %void %2 DebugLine %15 %uint_173 %uint_173 %uint_31 %uint_32,,,,,,,,,,,
4916,%9521 = OpExtInst %void %2 DebugNoScope,,,,,,,,,,,
4917,OpSelectionMerge %745 None,,,,,,,,,,,
4918,OpBranchConditional %1288 %743 %741,2724,Wait,2479,Selected,181,Not Selected,59,1,1,,61
4919,%741 = OpLabel,,,,,,,,,,,
4920,%9522 = OpExtInst %void %2 DebugScope %687,,,,,,,,,,,
4921,%1292 = OpExtInst %void %2 DebugLine %15 %uint_178 %uint_178 %uint_9 %uint_10,,,,,,,,,,,
,"GI = coneTraceVXGI(pc.litPassData.voxelTextureIndex, pc.litPassData.voxelSamplerIndex,",4790,Wait,2230,LG Throttle,1138,Selected,783,30,,,95
4922,%1295 = OpLoad %_ptr_PhysicalStorageBuffer_LitPass_natural %927,,,,,,,,,,,
4923,%1296 = OpAccessChain %_ptr_PhysicalStorageBuffer_uint %1295 %int_5,,,,,,,,,,,
4924,%1297 = OpLoad %uint %1296 Aligned 4,270,LG Throttle,77,Long Scoreboard,64,Wait,63,30,2,186,95
4925,%1298 = OpLoad %_ptr_PhysicalStorageBuffer_LitPass_natural %927,,,,,,,,,,,
4926,%1299 = OpAccessChain %_ptr_PhysicalStorageBuffer_uint %1298 %int_7,,,,,,,,,,,
4927,%1300 = OpLoad %uint %1299 Aligned 4,217,Wait,95,LG Throttle,55,Selected,34,30,2,373,94
4928,%1301 = OpLoad %_ptr_PhysicalStorageBuffer_LitPass_natural %927,,,,,,,,,,,
4929,%1302 = OpAccessChain %_ptr_PhysicalStorageBuffer__MatrixStorage_float4x4_ColMajornatural %1301 %int_10,,,,,,,,,,,
4930,%1303 = OpLoad %_MatrixStorage_float4x4_ColMajornatural %1302 Aligned 4,2580,Wait,1177,LG Throttle,823,Selected,359,30,16,12880,86
4931,%1304 = OpCompositeExtract %_arr_v4float_int_4 %1303 0,,,,,,,,,,,
4932,%1305 = OpCompositeExtract %v4float %1304 0,,,,,,,,,,,
4933,%1306 = OpCompositeExtract %float %1305 0,,,,,,,,,,,
4934,%1307 = OpCompositeExtract %float %1305 1,,,,,,,,,,,
4935,%1308 = OpCompositeExtract %float %1305 2,,,,,,,,,,,
4936,%1309 = OpCompositeExtract %float %1305 3,,,,,,,,,,,
4937,%1310 = OpCompositeExtract %v4float %1304 1,,,,,,,,,,,
4938,%1311 = OpCompositeExtract %float %1310 0,,,,,,,,,,,
4939,%1312 = OpCompositeExtract %float %1310 1,,,,,,,,,,,
4940,%1313 = OpCompositeExtract %float %1310 2,,,,,,,,,,,
4941,%1314 = OpCompositeExtract %float %1310 3,,,,,,,,,,,
4942,%1315 = OpCompositeExtract %v4float %1304 2,,,,,,,,,,,
4943,%1316 = OpCompositeExtract %float %1315 0,,,,,,,,,,,
4944,%1317 = OpCompositeExtract %float %1315 1,,,,,,,,,,,
4945,%1318 = OpCompositeExtract %float %1315 2,,,,,,,,,,,
4946,%1319 = OpCompositeExtract %float %1315 3,,,,,,,,,,,
4947,%1320 = OpCompositeExtract %v4float %1304 3,,,,,,,,,,,
4948,%1321 = OpCompositeExtract %float %1320 0,,,,,,,,,,,
4949,%1322 = OpCompositeExtract %float %1320 1,,,,,,,,,,,
4950,%1323 = OpCompositeExtract %float %1320 2,,,,,,,,,,,
4951,%1324 = OpCompositeExtract %float %1320 3,,,,,,,,,,,
4952,%1325 = OpCompositeConstruct %v4float %1306 %1311 %1316 %1321,,,,,,,,,,,
4953,%1326 = OpCompositeConstruct %v4float %1307 %1312 %1317 %1322,,,,,,,,,,,
4954,%1327 = OpCompositeConstruct %v4float %1308 %1313 %1318 %1323,,,,,,,,,,,
4955,%1328 = OpCompositeConstruct %v4float %1309 %1314 %1319 %1324,,,,,,,,,,,
4956,%1329 = OpCompositeConstruct %mat4v4float %1325 %1326 %1327 %1328,,,,,,,,,,,
4957,%1330 = OpLoad %_ptr_PhysicalStorageBuffer_LitPass_natural %927,,,,,,,,,,,
4958,%1331 = OpAccessChain %_ptr_PhysicalStorageBuffer_uint %1330 %int_11,,,,,,,,,,,
4959,%1332 = OpLoad %uint %1331 Aligned 4,1056,Wait,586,Selected,227,Miscellaneous,128,30,1,592,61
4960,%1333 = OpLoad %_ptr_PhysicalStorageBuffer_LitPass_natural %927,,,,,,,,,,,
4961,%1335 = OpAccessChain %_ptr_PhysicalStorageBuffer_float %1333 %int_12,,,,,,,,,,,
4962,%1336 = OpLoad %float %1335 Aligned 4,94,Wait,48,LG Throttle,20,Selected,19,30,1,42,63
4963,%1337 = OpLoad %_ptr_PhysicalStorageBuffer_LitPass_natural %927,,,,,,,,,,,
4964,%1339 = OpAccessChain %_ptr_PhysicalStorageBuffer_uint %1337 %int_13,,,,,,,,,,,
4965,%1340 = OpLoad %uint %1339 Aligned 4,142,Wait,62,Selected,33,LG Throttle,31,30,1,42,62
4966,%1341 = OpLoad %_ptr_PhysicalStorageBuffer_LitPass_natural %927,,,,,,,,,,,
4967,%1343 = OpAccessChain %_ptr_PhysicalStorageBuffer_uint %1341 %int_14,,,,,,,,,,,
4968,%1344 = OpLoad %uint %1343 Aligned 4,148,Wait,81,LG Throttle,36,Selected,20,30,1,805,87
4969,%1345 = OpLoad %_ptr_PhysicalStorageBuffer_LitPass_natural %927,,,,,,,,,,,
4970,%1347 = OpAccessChain %_ptr_PhysicalStorageBuffer_uint %1345 %int_15,,,,,,,,,,,
4971,%1348 = OpLoad %uint %1347 Aligned 4,122,Wait,55,LG Throttle,30,Selected,20,30,1,8,70
4972,%1349 = OpLoad %_ptr_PhysicalStorageBuffer_LitPass_natural %927,,,,,,,,,,,
4973,%1351 = OpAccessChain %_ptr_PhysicalStorageBuffer_float %1349 %int_19,,,,,,,,,,,
4974,%1352 = OpLoad %float %1351 Aligned 4,161,Wait,63,LG Throttle,42,Selected,29,30,1,805,88
4975,%9523 = OpExtInst %void %2 DebugNoLine,,,,,,,,,,,
4976,%9524 = OpExtInst %void %2 DebugScope %1404 %7675,,,,,,,,,,,
4977,%7708 = OpExtInst %void %2 DebugDeclare %skyIntensity %7674 %101,,,,,,,,,,,
4978,OpStore %7674 %1352,,,,,,,,,,,
4979,%7709 = OpExtInst %void %2 DebugDeclare %envMapIndex %7676 %101,,,,,,,,,,,
4980,OpStore %7676 %851,,,,,,,,,,,
4981,%7710 = OpExtInst %void %2 DebugDeclare %fetchBatch %7677 %101,,,,,,,,,,,
4982,OpStore %7677 %1348,,,,,,,,,,,
4983,%7711 = OpExtInst %void %2 DebugDeclare %maxSteps %7678 %101,,,,,,,,,,,
4984,OpStore %7678 %1344,,,,,,,,,,,
4985,%7712 = OpExtInst %void %2 DebugDeclare %hemisphereRays %7679 %101,,,,,,,,,,,
4986,OpStore %7679 %1340,,,,,,,,,,,
4987,%7713 = OpExtInst %void %2 DebugDeclare %N_2 %7680 %101,,,,,,,,,,,
4988,OpStore %7680 %808,,,,,,,,,,,
4989,%7714 = OpExtInst %void %2 DebugDeclare %worldPos_0 %7681 %101,,,,,,,,,,,
4990,OpStore %7681 %805,,,,,,,,,,,
4991,%7715 = OpExtInst %void %2 DebugDeclare %worldExtent %7682 %101,,,,,,,,,,,
4992,OpStore %7682 %1336,,,,,,,,,,,
4993,%7716 = OpExtInst %void %2 DebugDeclare %resolution %7683 %101,,,,,,,,,,,
4994,OpStore %7683 %1332,,,,,,,,,,,
4995,%7717 = OpExtInst %void %2 DebugDeclare %worldToGridClip %7684 %101,,,,,,,,,,,
4996,OpStore %7684 %1329,,,,,,,,,,,
4997,%7718 = OpExtInst %void %2 DebugDeclare %voxelSamplerIndex %7685 %101,,,,,,,,,,,
4998,OpStore %7685 %1300,,,,,,,,,,,
4999,%7719 = OpExtInst %void %2 DebugDeclare %voxel3DTextureIndex %7686 %101,,,,,,,,,,,
5000,OpStore %7686 %1297,,,,,,,,,,,
5001,%7796 = OpExtInst %void %2 DebugLine %4 %uint_139 %uint_139 %uint_5 %uint_6,,,,,,,,,,,
5002,%7799 = OpExtInst %void %2 DebugLine %4 %uint_140 %uint_140 %uint_5 %uint_6,,,,,,,,,,,
,// C:/Users/vicro/Desktop/vulkan-renderer/repo/shader-forge/shaders/modules/voxel.slang:140,,,,,,,,
,SamplerState smp = samplers[voxelSamplerIndex];,,,,,,,,,,,
5003,%7720 = OpAccessChain %_ptr_UniformConstant_932 %samplers_0 %1300,,,,,,,,,,,
5004,%7800 = OpExtInst %void %2 DebugLine %4 %uint_141 %uint_141 %uint_5 %uint_6,,,,,,,,,,,
5005,%7721 = OpExtInst %void %2 DebugDeclare %voxelSize %7687 %101,,,,,,,,,,,
,float voxelSize = worldExtent / resolution;,1289,Long Scoreboard,592,Short Scoreboard,472,Selected,79,30,,,67
5006,%7722 = OpConvertUToF %float %1332,660,Long Scoreboard,592,Wait,38,Selected,30,30,1,70,67
5007,%7723 = OpFDiv %float %1336 %7722,629,Short Scoreboard,472,Selected,49,Not Selected,41,30,2,402,67
5008,OpStore %7687 %7723,,,,,,,,,,,
5009,%7804 = OpExtInst %void %2 DebugLine %4 %uint_142 %uint_142 %uint_5 %uint_6,,,,,,,,,,,
5010,%7724 = OpExtInst %void %2 DebugDeclare %maxMip_0 %7688 %101,,,,,,,,,,,
,float maxMip = log2(float(resolution));,23,Selected,23,,,,,30,,,88
5011,%7725 = OpExtInst %float %554 Log2 %7722,23,Selected,23,,,,,30,1,114,88
5012,OpStore %7688 %7725,,,,,,,,,,,
5013,%7807 = OpExtInst %void %2 DebugLine %4 %uint_143 %uint_143 %uint_5 %uint_6,,,,,,,,,,,
5014,%7726 = OpExtInst %void %2 DebugDeclare %rays %7689 %101,,,,,,,,,,,
,"uint rays  = min(hemisphereRays, uint(MAX_HEMISPHERE_RAYS));",54,Long Scoreboard,42,Math Pipe Throttle,6,Selected,5,30,,,66
5015,%7727 = OpExtInst %uint %554 UMin %1340 %uint_5,54,Long Scoreboard,42,Math Pipe Throttle,6,Selected,5,30,1,,66
5016,OpStore %7689 %7727,,,,,,,,,,,
5017,%7810 = OpExtInst %void %2 DebugLine %4 %uint_144 %uint_144 %uint_5 %uint_6,,,,,,,,,,,
5018,%7728 = OpExtInst %void %2 DebugDeclare %batch %7690 %101,,,,,,,,,,,
,"uint batch = min(max(fetchBatch, 1u), uint(MAX_FETCH_BATCH));",306,Short Scoreboard,114,Wait,109,Selected,26,30,,,94
5019,%7729 = OpExtInst %uint %554 UMax %1348 %uint_1,7,Selected,7,,,,,30,1,,93
5020,%7730 = OpExtInst %uint %554 UMin %7729 %uint_8,299,Short Scoreboard,114,Wait,109,Not Selected,25,30,1,,94
5021,OpStore %7690 %7730,,,,,,,,,,,
5022,%7814 = OpExtInst %void %2 DebugLine %4 %uint_146 %uint_146 %uint_5 %uint_6,,,,,,,,,,,
,N = normalize(N);,,,,,,,,,,,
5023,%7731 = OpExtInst %v3float %554 Normalize %808,,,,,,,,,,,
5024,%7815 = OpExtInst %void %2 DebugLine %4 %uint_147 %uint_147 %uint_5 %uint_6,,,,,,,,,,,
5025,%7732 = OpExtInst %void %2 DebugDeclare %up %7691 %101,,,,,,,,,,,
,"float3 up = abs(N.y) < 0.99 ? float3(0.0, 1.0, 0.0) : float3(1.0, 0.0, 0.0);",107,Selected,42,Not Selected,35,Math Pipe Throttle,18,30,,,65
5026,%7733 = OpCompositeExtract %float %7731 1,,,,,,,,,,,
5027,%7734 = OpExtInst %float %554 FAbs %7733,,,,,,,,,,,
5028,%7735 = OpFOrdLessThan %bool %7734 %float_0_99000001,,,,,,,,,,,
5029,%9525 = OpExtInst %void %2 DebugNoScope,,,,,,,,,,,
5030,OpSelectionMerge %7738 None,,,,,,,,,,,
5031,OpBranchConditional %7735 %7737 %7736,,,,,,,,,,,
5032,%7736 = OpLabel,,,,,,,,,,,
5033,%9526 = OpExtInst %void %2 DebugScope %1404 %7675,,,,,,,,,,,
5034,OpStore %7692 %1530,,,,,,,,,,,
5035,OpBranch %7738,,,,,,,,,,,
5036,%7737 = OpLabel,,,,,,,,,,,
5037,%9527 = OpExtInst %void %2 DebugScope %1404 %7675,,,,,,,,,,,
5038,OpStore %7692 %1533,,,,,,,,,,,
5039,OpBranch %7738,107,Selected,42,Not Selected,35,Math Pipe Throttle,18,30,2,,65
5040,%7738 = OpLabel,,,,,,,,,,,
5041,%9528 = OpExtInst %void %2 DebugScope %1404 %7675,,,,,,,,,,,
5042,%7739 = OpLoad %v3float %7692,,,,,,,,,,,
5043,OpStore %7691 %7739,,,,,,,,,,,
5044,%7821 = OpExtInst %void %2 DebugLine %4 %uint_148 %uint_148 %uint_5 %uint_6,,,,,,,,,,,
5045,%7740 = OpExtInst %void %2 DebugDeclare %T_0 %7693 %101,,,,,,,,,,,
,"float3 T = normalize(cross(up, N));",1391,Wait,497,Short Scoreboard,280,Selected,250,30,,,68
5046,%7742 = OpExtInst %v3float %554 Cross %7739 %7731,383,Wait,108,Selected,95,Not Selected,88,30,4,,68
5047,%7743 = OpExtInst %v3float %554 Normalize %7742,1008,Wait,389,Short Scoreboard,280,Selected,155,30,7,280,68
5048,OpStore %7693 %7743,,,,,,,,,,,
5049,%7826 = OpExtInst %void %2 DebugLine %4 %uint_149 %uint_149 %uint_5 %uint_6,,,,,,,,,,,
5050,%7744 = OpExtInst %void %2 DebugDeclare %B_0 %7694 %101,,,,,,,,,,,
,"float3 B = cross(N, T);",380,Not Selected,112,Selected,111,Math Pipe Throttle,111,30,,,95
5051,%7745 = OpExtInst %v3float %554 Cross %7731 %7743,380,Not Selected,112,Selected,111,Math Pipe Throttle,111,30,6,,95
5052,OpStore %7694 %7745,,,,,,,,,,,
5053,%7829 = OpExtInst %void %2 DebugLine %4 %uint_152 %uint_152 %uint_5 %uint_6,,,,,,,,,,,
5054,%7746 = OpExtInst %void %2 DebugDeclare %origin %7695 %101,,,,,,,,,,,
,float3 origin = worldPos + N * (2.0 * voxelSize);,437,Wait,167,Math Pipe Throttle,102,Selected,90,30,,,69
5055,%7747 = OpFMul %float %float_2 %7723,186,Math Pipe Throttle,64,Wait,52,Not Selected,45,30,1,,68
5056,%7748 = OpVectorTimesScalar %v3float %7731 %7747,,,,,,,,,,,
5057,%7749 = OpFAdd %v3float %805 %7748,251,Wait,115,Selected,65,Math Pipe Throttle,38,30,3,,69
5058,OpStore %7695 %7749,,,,,,,,,,,
5059,%7834 = OpExtInst %void %2 DebugLine %4 %uint_155 %uint_155 %uint_5 %uint_6,,,,,,,,,,,
5060,%7750 = OpExtInst %void %2 DebugDeclare %gi %7696 %101,,,,,,,,,,,
,float3 gi = float3(0.0);,,,,,,,,,,,
5061,OpStore %7696 %1566,,,,,,,,,,,
5062,%7836 = OpExtInst %void %2 DebugLine %4 %uint_156 %uint_156 %uint_5 %uint_6,,,,,,,,,,,
5063,%7751 = OpExtInst %void %2 DebugDeclare %totalWeight %7697 %101,,,,,,,,,,,
,float totalWeight = 0.0;,,,,,,,,,,,
5064,OpStore %7697 %float_0,,,,,,,,,,,
5065,%7838 = OpExtInst %void %2 DebugLine %4 %uint_157 %uint_157 %uint_5 %uint_6,,,,,,,,,,,
5066,%7839 = OpExtInst %void %2 DebugLine %4 %uint_157 %uint_157 %uint_10 %uint_11,,,,,,,,,,,
5067,%7752 = OpExtInst %void %2 DebugDeclare %i_1 %7698 %101,,,,,,,,,,,
,for (uint i = 0; i < rays + 1; i++) {,2946,Wait,1732,Selected,966,Not Selected,227,27,,,96
5068,OpStore %7698 %uint_0,,,,,,,,,,,
5069,OpStore %7700 %uint_0,,,,,,,,,,,
5070,OpStore %7699 %1566,,,,,,,,,,,
5071,OpStore %7701 %float_0,,,,,,,,,,,
5072,OpBranch %7753,,,,,,,,,,,
5073,%7753 = OpLabel,,,,,,,,,,,
5074,%9529 = OpExtInst %void %2 DebugNoScope,,,,,,,,,,,
5075,OpLoopMerge %7791 %7790 None,,,,,,,,,,,
5076,OpBranch %7754,,,,,,,,,,,
5077,%7754 = OpLabel,,,,,,,,,,,
5078,%9530 = OpExtInst %void %2 DebugScope %1404 %7675,,,,,,,,,,,
5079,OpBranch %7755,,,,,,,,,,,
5080,%7755 = OpLabel,,,,,,,,,,,
5081,%9531 = OpExtInst %void %2 DebugNoScope,,,,,,,,,,,
5082,OpBranch %7756,,,,,,,,,,,
5083,%7756 = OpLabel,,,,,,,,,,,
5084,%9532 = OpExtInst %void %2 DebugScope %1404 %7675,,,,,,,,,,,
5085,%7845 = OpExtInst %void %2 DebugLine %4 %uint_157 %uint_157 %uint_24 %uint_25,,,,,,,,,,,
5086,%7757 = OpIAdd %uint %7727 %uint_1,148,Wait,94,Selected,28,Not Selected,24,30,1,,67
5087,%7758 = OpLoad %uint %7700,,,,,,,,,,,
5088,%7759 = OpULessThan %bool %7758 %7757,296,Selected,216,Wait,48,Not Selected,22,30,2,,96
5089,%9533 = OpExtInst %void %2 DebugNoScope,,,,,,,,,,,
5090,OpSelectionMerge %7761 None,,,,,,,,,,,
5091,OpBranchConditional %7759 %7761 %7760,2502,Wait,1590,Selected,722,Not Selected,181,26,12,,95
5092,%7760 = OpLabel,,,,,,,,,,,
5093,%9534 = OpExtInst %void %2 DebugScope %1404 %7675,,,,,,,,,,,
5094,OpBranch %7791,,,,,,,,,,,
5095,%7761 = OpLabel,,,,,,,,,,,
5096,%9535 = OpExtInst %void %2 DebugScope %1404 %7675,,,,,,,,,,,
5097,%7850 = OpExtInst %void %2 DebugLine %4 %uint_158 %uint_158 %uint_9 %uint_10,,,,,,,,,,,
5098,%7762 = OpExtInst %void %2 DebugDeclare %dir %7702 %101,,,,,,,,,,,
,float3 dir = normalize(T * CONE_DIRS[i].x + B * CONE_DIRS[i].y + N * CONE_DIRS[i].z);,9317,Selected,2905,Wait,2545,Not Selected,1804,30,,,108
5099,%7763 = OpLoad %uint %7700,,,,,,,,,,,
5100,OpStore %7703 %1605,,,,,,,,,,,
5101,%7764 = OpAccessChain %_ptr_Function_v3float %7703 %7763,,,,,,,,,,,
5102,%7765 = OpLoad %v3float %7764,117,Selected,117,,,,,30,1,,94
5103,%7766 = OpCompositeExtract %float %7765 0,,,,,,,,,,,
5104,%7767 = OpVectorTimesScalar %v3float %7743 %7766,,,,,,,,,,,
5105,%7768 = OpCompositeExtract %float %7765 1,,,,,,,,,,,
5106,%7769 = OpVectorTimesScalar %v3float %7745 %7768,1945,Wait,646,Selected,632,Not Selected,362,30,4,,104
5107,%7770 = OpFAdd %v3float %7767 %7769,886,Selected,452,Wait,338,Math Pipe Throttle,46,30,3,,107
5108,%7771 = OpCompositeExtract %float %7765 2,,,,,,,,,,,
5109,%7772 = OpVectorTimesScalar %v3float %7731 %7771,,,,,,,,,,,
5110,%7773 = OpFAdd %v3float %7770 %7772,2363,Not Selected,703,Math Pipe Throttle,673,Selected,665,30,4,,106
5111,%7774 = OpExtInst %v3float %554 Normalize %7773,4006,Wait,1262,Selected,1039,Not Selected,699,30,7,488,108
5112,OpStore %7702 %7774,,,,,,,,,,,
5113,%7868 = OpExtInst %void %2 DebugLine %4 %uint_159 %uint_159 %uint_9 %uint_10,,,,,,,,,,,
,"gi += CONE_WEIGHTS[i] * traceCone(volume, smp, worldToGridClip, origin, dir, voxelSize, worldExtent * 0.5, maxMip, maxSteps, batch, envMapIndex, skyIntensity);",809,Selected,460,Short Scoreboard,251,Not Selected,41,30,,,96
5114,OpStore %7704 %1636,,,,,,,,,,,
5115,%7776 = OpAccessChain %_ptr_Function_float %7704 %7763,,,,,,,,,,,
5116,%7777 = OpLoad %float %7776,193,Selected,193,,,,,30,1,,96
5117,%7778 = OpFMul %float %1336 %float_0_5,196,Selected,154,Math Pipe Throttle,28,Not Selected,12,30,1,,96
5118,%7779 = OpLoad %932 %7720,420,Short Scoreboard,251,Selected,113,Not Selected,29,30,1,,96
5119,%9536 = OpExtInst %void %2 DebugNoLine,,,,,,,,,,,
5120,%9537 = OpExtInst %void %2 DebugScope %1700 %7896,,,,,,,,,,,
5121,%7936 = OpAccessChain %_ptr_UniformConstant_1776 %textures3D %1297,,,,,,,,,,,
5122,%7937 = OpExtInst %void %2 DebugDeclare %skyIntensity_0 %7895 %101,,,,,,,,,,,
5123,OpStore %7895 %1352,,,,,,,,,,,
5124,%7938 = OpExtInst %void %2 DebugDeclare %envMapIndex_0 %7897 %101,,,,,,,,,,,
5125,OpStore %7897 %851,,,,,,,,,,,
5126,%7939 = OpExtInst %void %2 DebugDeclare %fetchBatch_0 %7898 %101,,,,,,,,,,,
5127,OpStore %7898 %7730,,,,,,,,,,,
5128,%7940 = OpExtInst %void %2 DebugDeclare %maxSteps_0 %7899 %101,,,,,,,,,,,
5129,OpStore %7899 %1344,,,,,,,,,,,
5130,%7941 = OpExtInst %void %2 DebugDeclare %maxMip_1 %7900 %101,,,,,,,,,,,
5131,OpStore %7900 %7725,,,,,,,,,,,
5132,%7942 = OpExtInst %void %2 DebugDeclare %maxDist %7901 %101,,,,,,,,,,,
5133,OpStore %7901 %7778,,,,,,,,,,,
5134,%7943 = OpExtInst %void %2 DebugDeclare %voxelSize_0 %7902 %101,,,,,,,,,,,
5135,OpStore %7902 %7723,,,,,,,,,,,
5136,%7944 = OpExtInst %void %2 DebugDeclare %dir_0 %7903 %101,,,,,,,,,,,
5137,OpStore %7903 %7774,,,,,,,,,,,
5138,%7945 = OpExtInst %void %2 DebugDeclare %origin_0 %7904 %101,,,,,,,,,,,
5139,OpStore %7904 %7749,,,,,,,,,,,
5140,%7946 = OpExtInst %void %2 DebugDeclare %worldToGridClip_0 %7905 %101,,,,,,,,,,,
5141,OpStore %7905 %1329,,,,,,,,,,,
5142,%8127 = OpExtInst %void %2 DebugLine %4 %uint_99 %uint_99 %uint_5 %uint_6,,,,,,,,,,,
5143,%7947 = OpExtInst %void %2 DebugDeclare %uvwOrigin %7906 %101,,,,,,,,,,,
5144,%9538 = OpExtInst %void %2 DebugNoLine,,,,,,,,,,,
5145,%9539 = OpExtInst %void %2 DebugScope %1830 %8343,,,,,,,,,,,
5146,%8350 = OpExtInst %void %2 DebugDeclare %worldToGridClip_1 %8342 %101,,,,,,,,,,,
5147,OpStore %8342 %1329,,,,,,,,,,,
5148,%8351 = OpExtInst %void %2 DebugDeclare %worldPos_1 %8344 %101,,,,,,,,,,,
5149,OpStore %8344 %7749,,,,,,,,,,,
5150,%8366 = OpExtInst %void %2 DebugLine %4 %uint_62 %uint_62 %uint_5 %uint_6,,,,,,,,,,,
5151,%8352 = OpExtInst %void %2 DebugDeclare %clip %8345 %101,,,,,,,,,,,
,"float4 clip = mul(worldToGridClip, float4(worldPos, 1.0));",8454,Selected,2589,Not Selected,2022,Math Pipe Throttle,1910,30,,,114
5152,%8353 = OpCompositeConstruct %v4float %7749 %float_1,,,,,,,,,,,
5153,%8354 = OpVectorTimesMatrix %v4float %8353 %1329,8454,Selected,2589,Not Selected,2022,Math Pipe Throttle,1910,30,16,,114
5154,OpStore %8345 %8354,,,,,,,,,,,
5155,%8372 = OpExtInst %void %2 DebugLine %4 %uint_63 %uint_63 %uint_5 %uint_6,,,,,,,,,,,
5156,%8355 = OpExtInst %void %2 DebugDeclare %ndc %8346 %101,,,,,,,,,,,
,float3 ndc = clip.xyz / clip.w;,3179,Wait,1090,Not Selected,761,Selected,684,30,,,117
5157,%8356 = OpVectorShuffle %v3float %8354 %8354 0 1 2,,,,,,,,,,,
5158,%8357 = OpCompositeExtract %float %8354 3,,,,,,,,,,,
5159,%8358 = OpCompositeConstruct %v3float %8357 %8357 %8357,,,,,,,,,,,
5160,%8359 = OpFDiv %v3float %8356 %8358,3179,Wait,1090,Not Selected,761,Selected,684,30,4,0,117
5161,OpStore %8346 %8359,,,,,,,,,,,
5162,%8378 = OpExtInst %void %2 DebugLine %4 %uint_64 %uint_64 %uint_5 %uint_6,,,,,,,,,,,
,"return float3(ndc.xy * 0.5 + 0.5, ndc.z);",648,Selected,429,Wait,98,Not Selected,49,30,,,114
5163,%8360 = OpVectorShuffle %v2float %8359 %8359 0 1,,,,,,,,,,,
5164,%8361 = OpVectorTimesScalar %v2float %8360 %float_0_5,,,,,,,,,,,
5165,%8363 = OpFAdd %v2float %8361 %9288,648,Selected,429,Wait,98,Not Selected,49,30,3,,114
5166,%8364 = OpCompositeExtract %float %8359 2,,,,,,,,,,,
5167,%8365 = OpCompositeConstruct %v3float %8363 %8364,,,,,,,,,,,
5168,%9540 = OpExtInst %void %2 DebugScope %1700 %7896,,,,,,,,,,,
5169,%8131 = OpExtInst %void %2 DebugLine %4 %uint_99 %uint_99 %uint_5 %uint_6,,,,,,,,,,,
,"float3 uvwOrigin = worldToGridUVW(origin, worldToGridClip);",,,,,,,,,,,
5170,OpStore %7906 %8365,,,,,,,,,,,
5171,%8132 = OpExtInst %void %2 DebugLine %4 %uint_100 %uint_100 %uint_5 %uint_6,,,,,,,,,,,
5172,%7949 = OpExtInst %void %2 DebugDeclare %clipDir %7907 %101,,,,,,,,,,,
,"float4 clipDir = mul(worldToGridClip, float4(dir, 0.0));",4070,Selected,1396,Wait,1113,Math Pipe Throttle,757,30,,,113
5173,%7950 = OpCompositeConstruct %v4float %7774 %float_0,,,,,,,,,,,
5174,%7951 = OpVectorTimesMatrix %v4float %7950 %1329,4070,Selected,1396,Wait,1113,Math Pipe Throttle,757,30,9,,113
5175,OpStore %7907 %7951,,,,,,,,,,,
5176,%8136 = OpExtInst %void %2 DebugLine %4 %uint_101 %uint_101 %uint_5 %uint_6,,,,,,,,,,,
5177,%7952 = OpExtInst %void %2 DebugDeclare %uvwDir %7908 %101,,,,,,,,,,,
,"float3 uvwDir = float3(clipDir.xy * 0.5, clipDir.z);",795,Selected,360,Wait,327,Math Pipe Throttle,58,30,,,110
5178,%7953 = OpVectorShuffle %v2float %7951 %7951 0 1,,,,,,,,,,,
5179,%7954 = OpVectorTimesScalar %v2float %7953 %float_0_5,795,Selected,360,Wait,327,Math Pipe Throttle,58,30,2,,110
5180,%7955 = OpCompositeExtract %float %7951 2,,,,,,,,,,,
5181,%7956 = OpCompositeConstruct %v3float %7954 %7955,,,,,,,,,,,
5182,OpStore %7908 %7956,,,,,,,,,,,
5183,%8142 = OpExtInst %void %2 DebugLine %4 %uint_104 %uint_104 %uint_5 %uint_6,,,,,,,,,,,
5184,%7957 = OpExtInst %void %2 DebugDeclare %tFar %7909 %101,,,,,,,,,,,
,"float3 tFar = (step(0.0, uvwDir) - uvwOrigin) / uvwDir;",2629,Selected,1823,Wait,307,Dispatch Stall,154,30,,,117
5185,%7958 = OpExtInst %v3float %554 Step %1890 %7956,663,Selected,402,Dispatch Stall,149,Miscellaneous,107,30,3,,117
5186,%7959 = OpFSub %v3float %7958 %8365,511,Selected,511,,,,,30,3,,117
5187,%7960 = OpFDiv %v3float %7959 %7956,1455,Selected,910,Wait,307,MIO Throttle,108,30,6,0,116
5188,OpStore %7909 %7960,,,,,,,,,,,
5189,%8147 = OpExtInst %void %2 DebugLine %4 %uint_105 %uint_105 %uint_5 %uint_6,,,,,,,,,,,
,"maxDist = min(maxDist, min(min(tFar.x, tFar.y), tFar.z));",1394,Wait,651,Selected,484,Not Selected,187,30,,,117
5190,%7961 = OpCompositeExtract %float %7960 0,,,,,,,,,,,
5191,%7962 = OpCompositeExtract %float %7960 1,,,,,,,,,,,
5192,%7963 = OpExtInst %float %554 FMin %7961 %7962,638,Wait,322,Selected,155,Not Selected,110,30,1,,116
5193,%7964 = OpCompositeExtract %float %7960 2,,,,,,,,,,,
5194,%7965 = OpExtInst %float %554 FMin %7963 %7964,386,Selected,182,Wait,153,Not Selected,44,30,1,,117
5195,%7966 = OpExtInst %float %554 FMin %7778 %7965,370,Wait,176,Selected,147,Not Selected,33,30,1,,117
5196,%8153 = OpExtInst %void %2 DebugLine %4 %uint_107 %uint_107 %uint_5 %uint_6,,,,,,,,,,,
5197,%7967 = OpExtInst %void %2 DebugDeclare %acc %7910 %101,,,,,,,,,,,
,float4 acc = float4(0.0);,,,,,,,,,,,
5198,OpStore %7911 %1907,,,,,,,,,,,
5199,OpStore %7910 %1907,,,,,,,,,,,
5200,%8156 = OpExtInst %void %2 DebugLine %4 %uint_108 %uint_108 %uint_5 %uint_6,,,,,,,,,,,
5201,%7968 = OpExtInst %void %2 DebugDeclare %dist %7912 %101,,,,,,,,,,,
,float dist = voxelSize;,,,,,,,,,,,
5202,OpStore %7912 %7723,,,,,,,,,,,
5203,%8158 = OpExtInst %void %2 DebugLine %4 %uint_109 %uint_109 %uint_5 %uint_6,,,,,,,,,,,
5204,%8159 = OpExtInst %void %2 DebugLine %4 %uint_109 %uint_109 %uint_10 %uint_11,,,,,,,,,,,
5205,%7969 = OpExtInst %void %2 DebugDeclare %i_2 %7913 %101,,,,,,,,,,,
,for (uint i = 0; i < maxSteps / fetchBatch && dist < maxDist && acc.a < 0.99; i++) {,15329,Wait,5513,Selected,4201,Not Selected,1756,30,,,119
5206,OpStore %7913 %uint_0,,,,,,,,,,,
5207,OpStore %7914 %7723,,,,,,,,,,,
5208,OpStore %7915 %uint_0,,,,,,,,,,,
5209,OpBranch %7970,,,,,,,,,,,
5210,%7970 = OpLabel,,,,,,,,,,,
5211,%9541 = OpExtInst %void %2 DebugNoScope,,,,,,,,,,,
5212,OpLoopMerge %8084 %8083 None,,,,,,,,,,,
5213,OpBranch %7971,,,,,,,,,,,
5214,%7971 = OpLabel,,,,,,,,,,,
5215,%9542 = OpExtInst %void %2 DebugScope %1700 %7896,,,,,,,,,,,
5216,OpBranch %7972,,,,,,,,,,,
5217,%7972 = OpLabel,,,,,,,,,,,
5218,%9543 = OpExtInst %void %2 DebugNoScope,,,,,,,,,,,
5219,OpBranch %7973,,,,,,,,,,,
5220,%7973 = OpLabel,,,,,,,,,,,
5221,%9544 = OpExtInst %void %2 DebugScope %1700 %7896,,,,,,,,,,,
5222,%8164 = OpExtInst %void %2 DebugLine %4 %uint_109 %uint_109 %uint_66 %uint_67,,,,,,,,,,,
5223,%7974 = OpUDiv %uint %1344 %7730,10451,Selected,2875,Wait,2535,Not Selected,1481,30,20,752,118
5224,%7975 = OpLoad %uint %7915,,,,,,,,,,,
5225,%7976 = OpULessThan %bool %7975 %7974,,,,,,,,,,,
5226,%8167 = OpExtInst %void %2 DebugLine %4 %uint_109 %uint_109 %uint_24 %uint_25,,,,,,,,,,,
5227,%9545 = OpExtInst %void %2 DebugNoScope,,,,,,,,,,,
5228,OpSelectionMerge %7981 None,,,,,,,,,,,
5229,OpBranchConditional %7976 %7978 %7977,,,,,,,,,,,
5230,%7977 = OpLabel,,,,,,,,,,,
5231,%9546 = OpExtInst %void %2 DebugScope %1700 %7896,,,,,,,,,,,
5232,OpStore %7916 %false,,,,,,,,,,,
5233,OpBranch %7981,,,,,,,,,,,
5234,%7978 = OpLabel,,,,,,,,,,,
5235,%9547 = OpExtInst %void %2 DebugScope %1700 %7896,,,,,,,,,,,
5236,%7979 = OpLoad %float %7914,,,,,,,,,,,
5237,%7980 = OpFOrdLessThan %bool %7979 %7966,1220,Wait,632,Selected,352,Not Selected,136,30,5,,119
5238,OpStore %7916 %7980,,,,,,,,,,,
5239,OpBranch %7981,,,,,,,,,,,
5240,%7981 = OpLabel,,,,,,,,,,,
5241,%9548 = OpExtInst %void %2 DebugScope %1700 %7896,,,,,,,,,,,
5242,%8169 = OpExtInst %void %2 DebugLine %4 %uint_109 %uint_109 %uint_48 %uint_49,,,,,,,,,,,
5243,%7982 = OpLoad %bool %7916,,,,,,,,,,,
5244,%9549 = OpExtInst %void %2 DebugNoScope,,,,,,,,,,,
5245,OpSelectionMerge %7988 None,,,,,,,,,,,
5246,OpBranchConditional %7982 %7984 %7983,1505,Selected,756,Wait,529,Math Pipe Throttle,197,30,6,,119
5247,%7983 = OpLabel,,,,,,,,,,,
5248,%9550 = OpExtInst %void %2 DebugScope %1700 %7896,,,,,,,,,,,
5249,OpStore %7917 %false,,,,,,,,,,,
5250,OpBranch %7988,,,,,,,,,,,
5251,%7984 = OpLabel,,,,,,,,,,,
5252,%9551 = OpExtInst %void %2 DebugScope %1700 %7896,,,,,,,,,,,
5253,%7985 = OpLoad %v4float %7911,,,,,,,,,,,
5254,%7986 = OpCompositeExtract %float %7985 3,,,,,,,,,,,
5255,%7987 = OpFOrdLessThan %bool %7986 %float_0_99000001,,,,,,,,,,,
5256,OpStore %7917 %7987,,,,,,,,,,,
5257,OpBranch %7988,,,,,,,,,,,
5258,%7988 = OpLabel,,,,,,,,,,,
5259,%9552 = OpExtInst %void %2 DebugScope %1700 %7896,,,,,,,,,,,
5260,%7989 = OpLoad %bool %7917,,,,,,,,,,,
5261,%9553 = OpExtInst %void %2 DebugNoScope,,,,,,,,,,,
5262,OpSelectionMerge %7991 None,,,,,,,,,,,
5263,OpBranchConditional %7989 %7991 %7990,2153,Wait,1817,Selected,218,Not Selected,116,30,2,,119
5264,%7990 = OpLabel,,,,,,,,,,,
5265,%9554 = OpExtInst %void %2 DebugScope %1700 %7896,,,,,,,,,,,
5266,OpBranch %8084,,,,,,,,,,,
5267,%7991 = OpLabel,,,,,,,,,,,
5268,%9555 = OpExtInst %void %2 DebugScope %1700 %7896,,,,,,,,,,,
5269,%8172 = OpExtInst %void %2 DebugLine %4 %uint_110 %uint_110 %uint_9 %uint_10,,,,,,,,,,,
5270,%7992 = OpExtInst %void %2 DebugDeclare %s %7924 %101,,,,,,,,,,,
5271,%8175 = OpExtInst %void %2 DebugLine %4 %uint_111 %uint_111 %uint_9 %uint_10,,,,,,,,,,,
5272,%7993 = OpExtInst %void %2 DebugDeclare %d %7926 %101,,,,,,,,,,,
,float d = dist;,,,,,,,,,,,
5273,%7994 = OpLoad %float %7914,,,,,,,,,,,
5274,OpStore %7926 %7994,,,,,,,,,,,
5275,%8178 = OpExtInst %void %2 DebugLine %4 %uint_112 %uint_112 %uint_9 %uint_10,,,,,,,,,,,
5276,%8179 = OpExtInst %void %2 DebugLine %4 %uint_112 %uint_112 %uint_14 %uint_15,,,,,,,,,,,
5277,%7995 = OpExtInst %void %2 DebugDeclare %j %7927 %101,,,,,,,,,,,
,for (uint j = 0; j < fetchBatch; j++) {,,,,,,,,,,,120
5278,OpStore %7927 %uint_0,,,,,,,,,,,
5279,OpStore %7928 %uint_0,,,,,,,,,,,
5280,OpBranch %7996,,,,,,,,,,,
5281,%7996 = OpLabel,,,,,,,,,,,
5282,%9556 = OpExtInst %void %2 DebugNoScope,,,,,,,,,,,
5283,OpLoopMerge %8030 %8029 None,,,,,,,,,,,
5284,OpBranch %7997,,,,,,,,,,,
5285,%7997 = OpLabel,,,,,,,,,,,
5286,%9557 = OpExtInst %void %2 DebugScope %1700 %7896,,,,,,,,,,,
5287,OpBranch %7998,,,,,,,,,,,
5288,%7998 = OpLabel,,,,,,,,,,,
5289,%9558 = OpExtInst %void %2 DebugNoScope,,,,,,,,,,,
5290,OpBranch %7999,,,,,,,,,,,
5291,%7999 = OpLabel,,,,,,,,,,,
5292,%9559 = OpExtInst %void %2 DebugScope %1700 %7896,,,,,,,,,,,
5293,%8183 = OpExtInst %void %2 DebugLine %4 %uint_112 %uint_112 %uint_28 %uint_29,,,,,,,,,,,
5294,%8000 = OpLoad %uint %7928,,,,,,,,,,,
5295,%8001 = OpULessThan %bool %8000 %7730,,,,,,,,,9,,120
5296,%9560 = OpExtInst %void %2 DebugNoScope,,,,,,,,,,,
5297,OpSelectionMerge %8003 None,,,,,,,,,,,
5298,OpBranchConditional %8001 %8003 %8002,,,,,,,,,16,,120
5299,%8002 = OpLabel,,,,,,,,,,,
5300,%9561 = OpExtInst %void %2 DebugScope %1700 %7896,,,,,,,,,,,
5301,OpBranch %8030,,,,,,,,,,,
5302,%8003 = OpLabel,,,,,,,,,,,
5303,%9562 = OpExtInst %void %2 DebugScope %1700 %7896,,,,,,,,,,,
5304,%8187 = OpExtInst %void %2 DebugLine %4 %uint_113 %uint_113 %uint_13 %uint_14,,,,,,,,,,,
5305,%8004 = OpExtInst %void %2 DebugDeclare %diameter %7931 %101,,,,,,,,,,,
,"float diameter = max(voxelSize, 2.0 * CONE_TAN * d);",,,,,,,,,,,121
5306,%8005 = OpLoad %float %7914,,,,,,,,,,,
5307,%8006 = OpFMul %float %float_1_15400004 %8005,,,,,,,,,8,,119
5308,%8007 = OpExtInst %float %554 FMax %7723 %8006,,,,,,,,,8,,121
5309,OpStore %7931 %8007,,,,,,,,,,,
5310,%8194 = OpExtInst %void %2 DebugLine %4 %uint_114 %uint_114 %uint_13 %uint_14,,,,,,,,,,,
5311,%8008 = OpExtInst %void %2 DebugDeclare %mip %7932 %101,,,,,,,,,,,
,"float mip = clamp(log2(diameter / voxelSize), 0.0, maxMip);",,,,,,,,,,,124
5312,%8009 = OpFDiv %float %8007 %7723,,,,,,,,,12,0,121
5313,%8010 = OpExtInst %float %554 Log2 %8009,,,,,,,,,8,0,121
5314,%8011 = OpExtInst %float %554 FClamp %8010 %float_0 %7725,,,,,,,,,16,,124
5315,OpStore %7932 %8011,,,,,,,,,,,
5316,%8199 = OpExtInst %void %2 DebugLine %4 %uint_115 %uint_115 %uint_13 %uint_14,,,,,,,,,,,
,"s[j] = volume.SampleLevel(smp, uvwOrigin + uvwDir * d, mip);",,,,,,,,,,,123
5317,%8012 = OpLoad %uint %7928,,,,,,,,,,,
5318,%8013 = OpAccessChain %_ptr_Function_v4float %7925 %8012,,,,,,,,,8,,123
5319,%8015 = OpVectorTimesScalar %v3float %7956 %8005,,,,,,,,,,,
5320,%8016 = OpFAdd %v3float %8365 %8015,,,,,,,,,24,,123
5321,%8017 = OpLoad %1776 %7936,,,,,,,,,4,,115
5322,%8018 = OpSampledImage %2173 %8017 %7779,,,,,,,,,16,,118
5323,%8019 = OpImageSampleExplicitLod %v4float %8018 %8016 Lod %8011,,,,,,,,,8,0,123
5324,OpStore %8013 %8019,,,,,,,,,326,,123
5325,%8022 = OpAccessChain %_ptr_Function_v4float %7924 %8012,,,,,,,,,,,
5326,OpStore %8022 %8019,,,,,,,,,,,
5327,%8213 = OpExtInst %void %2 DebugLine %4 %uint_116 %uint_116 %uint_13 %uint_14,,,,,,,,,,,
,d += diameter; // half-diameter steps against banding,,,,,,,,,,,124
5328,%8024 = OpFAdd %float %8005 %8007,,,,,,,,,9,,124
5329,OpStore %7926 %8024,,,,,,,,,,,
5330,OpBranch %8025,,,,,,,,,,,
5331,%8025 = OpLabel,,,,,,,,,,,
5332,%9563 = OpExtInst %void %2 DebugScope %1700 %7896,,,,,,,,,,,
5333,OpBranch %8026,,,,,,,,,,,
5334,%8026 = OpLabel,,,,,,,,,,,
5335,%9564 = OpExtInst %void %2 DebugScope %1700 %7896,,,,,,,,,,,
5336,%8216 = OpExtInst %void %2 DebugLine %4 %uint_112 %uint_112 %uint_43 %uint_44,,,,,,,,,,,
,for (uint j = 0; j < fetchBatch; j++) {,,,,,,,,,,,124
5337,%8027 = OpLoad %uint %7928,,,,,,,,,,,
5338,%8028 = OpIAdd %uint %8027 %uint_1,,,,,,,,,6,,124
5339,OpStore %7927 %8028,,,,,,,,,,,
5340,OpStore %7928 %8028,,,,,,,,,,,
5341,OpStore %7914 %8024,,,,,,,,,,,
5342,OpBranch %8029,,,,,,,,,,,
5343,%8029 = OpLabel,,,,,,,,,,,
5344,%9565 = OpExtInst %void %2 DebugScope %1700 %7896,,,,,,,,,,,
5345,OpBranch %7996,,,,,,,,,,,
5346,%8030 = OpLabel,,,,,,,,,,,
5347,%9566 = OpExtInst %void %2 DebugScope %1700 %7896,,,,,,,,,,,
5348,%8222 = OpExtInst %void %2 DebugLine %4 %uint_118 %uint_118 %uint_9 %uint_10,,,,,,,,,,,
5349,%8223 = OpExtInst %void %2 DebugLine %4 %uint_118 %uint_118 %uint_14 %uint_15,,,,,,,,,,,
5350,%8031 = OpExtInst %void %2 DebugDeclare %j_0 %7929 %101,,,,,,,,,,,
,for (uint j = 0; j < fetchBatch; j++) {,,,,,,,,,,,119
5351,OpStore %7929 %uint_0,,,,,,,,,,,
5352,OpStore %7930 %uint_0,,,,,,,,,,,
5353,OpBranch %8032,,,,,,,,,,,
5354,%8032 = OpLabel,,,,,,,,,,,
5355,%9567 = OpExtInst %void %2 DebugNoScope,,,,,,,,,,,
5356,OpLoopMerge %8077 %8076 None,,,,,,,,,,,
5357,OpBranch %8033,,,,,,,,,,,
5358,%8033 = OpLabel,,,,,,,,,,,
5359,%9568 = OpExtInst %void %2 DebugScope %1700 %7896,,,,,,,,,,,
5360,OpBranch %8034,,,,,,,,,,,
5361,%8034 = OpLabel,,,,,,,,,,,
5362,%9569 = OpExtInst %void %2 DebugNoScope,,,,,,,,,,,
5363,OpBranch %8035,,,,,,,,,,,
5364,%8035 = OpLabel,,,,,,,,,,,
5365,%9570 = OpExtInst %void %2 DebugScope %1700 %7896,,,,,,,,,,,
5366,%8227 = OpExtInst %void %2 DebugLine %4 %uint_118 %uint_118 %uint_28 %uint_29,,,,,,,,,,,
5367,%8036 = OpLoad %uint %7930,,,,,,,,,,,
5368,%8037 = OpULessThan %bool %8036 %7730,,,,,,,,,8,,119
5369,%9571 = OpExtInst %void %2 DebugNoScope,,,,,,,,,,,
5370,OpSelectionMerge %8039 None,,,,,,,,,,,
5371,OpBranchConditional %8037 %8039 %8038,,,,,,,,,24,,119
5372,%8038 = OpLabel,,,,,,,,,,,
5373,%9572 = OpExtInst %void %2 DebugScope %1700 %7896,,,,,,,,,,,
5374,OpBranch %8077,,,,,,,,,,,
5375,%8039 = OpLabel,,,,,,,,,,,
5376,%9573 = OpExtInst %void %2 DebugScope %1700 %7896,,,,,,,,,,,
5377,%8231 = OpExtInst %void %2 DebugLine %4 %uint_119 %uint_119 %uint_13 %uint_14,,,,,,,,,,,
,acc.rgb += (1.0 - acc.a) * s[j].a * voxelToneMapInv(s[j].rgb);,,,,,,,,,,,121
5378,%8040 = OpLoad %v4float %7911,,,,,,,,,,,
5379,%8041 = OpVectorShuffle %v3float %8040 %8040 0 1 2,,,,,,,,,,,
5380,%8043 = OpCompositeExtract %float %8040 3,,,,,,,,,,,
5381,%8044 = OpFSub %float %float_1 %8043,,,,,,,,,8,,120
5382,%8045 = OpLoad %uint %7930,,,,,,,,,,,
5383,%8046 = OpAccessChain %_ptr_Function_v4float %7925 %8045,,,,,,,,,8,,121
5384,%8047 = OpLoad %v4float %8046,,,,,,,,,322,,121
5385,%8048 = OpCompositeExtract %float %8047 3,,,,,,,,,,,
5386,%8049 = OpFMul %float %8044 %8048,,,,,,,,,8,,120
5387,%8050 = OpLoad %v4float %8046,,,,,,,,,,,
5388,%8051 = OpVectorShuffle %v3float %8050 %8050 0 1 2,,,,,,,,,,,
5389,%9574 = OpExtInst %void %2 DebugNoLine,,,,,,,,,,,
5390,%9575 = OpExtInst %void %2 DebugScope %2094 %8387,,,,,,,,,,,
5391,%8391 = OpExtInst %void %2 DebugDeclare %v_0 %8386 %101,,,,,,,,,,,
5392,OpStore %8386 %8051,,,,,,,,,,,
5393,%8398 = OpExtInst %void %2 DebugLine %4 %uint_20 %uint_20 %uint_43 %uint_44,,,,,,,,,,,
,"public float3 voxelToneMapInv(float3 v) { return v / max(1.0 - v, 1e-4); }",,,,,,,,,,,121
5394,%8393 = OpFSub %v3float %2550 %8051,,,,,,,,,25,,119
5395,%8394 = OpExtInst %v3float %554 FMax %8393 %2107,,,,,,,,,24,,120
5396,%8395 = OpFDiv %v3float %8051 %8394,,,,,,,,,48,0,121
5397,%9576 = OpExtInst %void %2 DebugScope %1700 %7896,,,,,,,,,,,
5398,%8246 = OpExtInst %void %2 DebugLine %4 %uint_119 %uint_119 %uint_13 %uint_14,,,,,,,,,,,
,acc.rgb += (1.0 - acc.a) * s[j].a * voxelToneMapInv(s[j].rgb);,,,,,,,,,,,121
5399,%8053 = OpVectorTimesScalar %v3float %8395 %8049,,,,,,,,,,,
5400,%8054 = OpFAdd %v3float %8041 %8053,,,,,,,,,27,,121
5401,%8055 = OpAccessChain %_ptr_Function_float %7911 %int_0,,,,,,,,,,,
5402,%8056 = OpCompositeExtract %float %8054 0,,,,,,,,,,,
5403,OpStore %8055 %8056,,,,,,,,,,,
5404,%8057 = OpAccessChain %_ptr_Function_float %7911 %int_1,,,,,,,,,,,
5405,%8058 = OpCompositeExtract %float %8054 1,,,,,,,,,,,
5406,OpStore %8057 %8058,,,,,,,,,,,
5407,%8059 = OpAccessChain %_ptr_Function_float %7911 %int_2,,,,,,,,,,,
5408,%8060 = OpCompositeExtract %float %8054 2,,,,,,,,,,,
5409,OpStore %8059 %8060,,,,,,,,,,,
5410,%8061 = OpLoad %v4float %7911,,,,,,,,,,,
5411,OpStore %7910 %8061,,,,,,,,,,,
5412,%8259 = OpExtInst %void %2 DebugLine %4 %uint_120 %uint_120 %uint_13 %uint_14,,,,,,,,,,,
,acc.a   += (1.0 - acc.a) * s[j].a;,,,,,,,,,,,118
5413,%8062 = OpAccessChain %_ptr_Function_float %7911 %int_3,,,,,,,,,,,
5414,%8064 = OpCompositeExtract %float %8061 3,,,,,,,,,,,
5415,%8065 = OpFSub %float %float_1 %8064,,,,,,,,,,,
5416,%8066 = OpLoad %v4float %8046,,,,,,,,,,,
5417,%8067 = OpCompositeExtract %float %8066 3,,,,,,,,,,,
5418,%8068 = OpFMul %float %8065 %8067,,,,,,,,,,,
5419,%8069 = OpLoad %float %8062,,,,,,,,,,,
5420,%8070 = OpFAdd %float %8069 %8068,,,,,,,,,8,,118
5421,OpStore %8062 %8070,,,,,,,,,,,
5422,%8071 = OpAccessChain %_ptr_Function_float %7910 %int_3,,,,,,,,,,,
5423,OpStore %8071 %8070,,,,,,,,,,,
5424,OpBranch %8072,,,,,,,,,,,
5425,%8072 = OpLabel,,,,,,,,,,,
5426,%9577 = OpExtInst %void %2 DebugScope %1700 %7896,,,,,,,,,,,
5427,OpBranch %8073,,,,,,,,,,,
5428,%8073 = OpLabel,,,,,,,,,,,
5429,%9578 = OpExtInst %void %2 DebugScope %1700 %7896,,,,,,,,,,,
5430,%8272 = OpExtInst %void %2 DebugLine %4 %uint_118 %uint_118 %uint_43 %uint_44,,,,,,,,,,,
,for (uint j = 0; j < fetchBatch; j++) {,,,,,,,,,,,120
5431,%8074 = OpLoad %uint %7930,,,,,,,,,,,
5432,%8075 = OpIAdd %uint %8074 %uint_1,,,,,,,,,6,,120
5433,OpStore %7929 %8075,,,,,,,,,,,
5434,OpStore %7930 %8075,,,,,,,,,,,
5435,OpBranch %8076,,,,,,,,,,,
5436,%8076 = OpLabel,,,,,,,,,,,
5437,%9579 = OpExtInst %void %2 DebugScope %1700 %7896,,,,,,,,,,,
5438,OpBranch %8032,,,,,,,,,,,
5439,%8077 = OpLabel,,,,,,,,,,,
5440,%9580 = OpExtInst %void %2 DebugScope %1700 %7896,,,,,,,,,,,
5441,%8277 = OpExtInst %void %2 DebugLine %4 %uint_122 %uint_122 %uint_9 %uint_10,,,,,,,,,,,
,dist = d;,,,,,,,,,,,
5442,%8078 = OpLoad %float %7914,,,,,,,,,,,
5443,OpStore %7912 %8078,,,,,,,,,,,
5444,OpBranch %8079,,,,,,,,,,,
5445,%8079 = OpLabel,,,,,,,,,,,
5446,%9581 = OpExtInst %void %2 DebugScope %1700 %7896,,,,,,,,,,,
5447,OpBranch %8080,,,,,,,,,,,
5448,%8080 = OpLabel,,,,,,,,,,,
5449,%9582 = OpExtInst %void %2 DebugScope %1700 %7896,,,,,,,,,,,
5450,%8280 = OpExtInst %void %2 DebugLine %4 %uint_109 %uint_109 %uint_84 %uint_85,,,,,,,,,,,
,for (uint i = 0; i < maxSteps / fetchBatch && dist < maxDist && acc.a < 0.99; i++) {,,,,,,,,,,,119
5451,%8081 = OpLoad %uint %7915,,,,,,,,,,,
5452,%8082 = OpIAdd %uint %8081 %uint_1,,,,,,,,,1,,119
5453,OpStore %7913 %8082,,,,,,,,,,,
5454,OpStore %7915 %8082,,,,,,,,,,,
5455,OpBranch %8083,,,,,,,,,,,
5456,%8083 = OpLabel,,,,,,,,,,,
5457,%9583 = OpExtInst %void %2 DebugScope %1700 %7896,,,,,,,,,,,
5458,OpBranch %7970,,,,,,,,,,,
5459,%8084 = OpLabel,,,,,,,,,,,
5460,%9584 = OpExtInst %void %2 DebugScope %1700 %7896,,,,,,,,,,,
5461,%8285 = OpExtInst %void %2 DebugLine %4 %uint_127 %uint_127 %uint_5 %uint_6,,,,,,,,,,,
,if (skyIntensity > 0.0) {,6098,Wait,2230,Branch Resolving,1992,Miscellaneous,1113,30,,,108
5462,%8085 = OpFOrdGreaterThan %bool %1352 %float_0,6098,Wait,2230,Branch Resolving,1992,Miscellaneous,1113,30,3,,108
5463,%8286 = OpExtInst %void %2 DebugLine %4 %uint_127 %uint_127 %uint_22 %uint_23,,,,,,,,,,,
5464,%9585 = OpExtInst %void %2 DebugNoScope,,,,,,,,,,,
5465,OpSelectionMerge %8124 None,,,,,,,,,,,
5466,OpBranchConditional %8085 %8086 %8124,,,,,,,,,,,
5467,%8086 = OpLabel,,,,,,,,,,,
5468,%9586 = OpExtInst %void %2 DebugScope %1700 %7896,,,,,,,,,,,
5469,%8288 = OpExtInst %void %2 DebugLine %4 %uint_128 %uint_128 %uint_9 %uint_10,,,,,,,,,,,
5470,%8087 = OpExtInst %void %2 DebugDeclare %w %7918 %101,,,,,,,,,,,
5471,%8088 = OpExtInst %void %2 DebugDeclare %h %7920 %101,,,,,,,,,,,
5472,%8089 = OpExtInst %void %2 DebugDeclare %mips %7922 %101,,,,,,,,,,,
5473,%8293 = OpExtInst %void %2 DebugLine %4 %uint_129 %uint_129 %uint_9 %uint_10,,,,,,,,,,,
,"voxelCubemaps[envMapIndex].GetDimensions(0, w, h, mips);",7293,Short Scoreboard,3533,Wait,2742,Selected,641,7,,,108
5474,%8090 = OpAccessChain %_ptr_UniformConstant_1185 %voxelCubemaps %851,,,,,,,,,,,
5475,%8092 = OpLoad %1185 %8090,2260,Wait,1758,Selected,306,Not Selected,124,15,2,,108
5476,%8093 = OpLoad %1185 %8090,,,,,,,,,,,
5477,%8094 = OpImageQuerySizeLod %v2uint %8093 %int_0,,,,,,,,,,,
5478,%8095 = OpCompositeExtract %uint %8094 0,,,,,,,,,,,
5479,%8096 = OpCompositeExtract %uint %8094 1,,,,,,,,,,,
5480,%8097 = OpImageQueryLevels %uint %8092,5033,Short Scoreboard,3533,Wait,984,Selected,335,,2,6941,108
5481,OpStore %7922 %8097,,,,,,,,,,,
5482,OpStore %7920 %8096,,,,,,,,,,,
5483,OpStore %7918 %8095,,,,,,,,,,,
5484,%8310 = OpExtInst %void %2 DebugLine %4 %uint_130 %uint_130 %uint_9 %uint_10,,,,,,,,,,,
,"acc.rgb += (1.0 - acc.a) * skyIntensity * voxelCubemaps[envMapIndex].SampleLevel(smp, dir, float(mips) - 2.0).rgb;",23278,Long Scoreboard,8755,Short Scoreboard,4139,Wait,3284,,,,108
5485,%8101 = OpLoad %v4float %7911,,,,,,,,,,,
5486,%8102 = OpVectorShuffle %v3float %8101 %8101 0 1 2,,,,,,,,,,,
5487,%8104 = OpCompositeExtract %float %8101 3,,,,,,,,,,,
5488,%8105 = OpFSub %float %float_1 %8104,1423,Not Selected,573,Math Pipe Throttle,546,Selected,150,,1,,102
5489,%8106 = OpFMul %float %8105 %1352,194,Selected,194,,,,,,1,,101
5490,%8108 = OpConvertUToF %float %8097,3844,Long Scoreboard,3408,Wait,220,Selected,171,,1,1952,105
5491,%8109 = OpFSub %float %8108 %float_2,2739,Short Scoreboard,1952,Math Pipe Throttle,246,Wait,202,,1,,104
5492,%8110 = OpLoad %1185 %8090,,,,,,,,,,,
5493,%8111 = OpSampledImage %1207 %8110 %7779,500,Selected,302,Wait,129,Not Selected,44,,2,,108
5494,%8112 = OpImageSampleExplicitLod %v4float %8111 %7774 Lod %8109,6864,Wait,2240,Short Scoreboard,2187,Selected,1269,,7,7534,108
5495,%8114 = OpVectorShuffle %v3float %8112 %8112 0 1 2,,,,,,,,,,,
5496,%8115 = OpVectorTimesScalar %v3float %8114 %8106,,,,,,,,,,,
5497,%8116 = OpFAdd %v3float %8102 %8115,7714,Long Scoreboard,5347,Math Pipe Throttle,700,Not Selected,624,,3,,100
5498,%8117 = OpAccessChain %_ptr_Function_float %7911 %int_0,,,,,,,,,,,
5499,%8118 = OpCompositeExtract %float %8116 0,,,,,,,,,,,
5500,OpStore %8117 %8118,,,,,,,,,,,
5501,%8119 = OpAccessChain %_ptr_Function_float %7911 %int_1,,,,,,,,,,,
5502,%8120 = OpCompositeExtract %float %8116 1,,,,,,,,,,,
5503,OpStore %8119 %8120,,,,,,,,,,,
5504,%8121 = OpAccessChain %_ptr_Function_float %7911 %int_2,,,,,,,,,,,
5505,%8122 = OpCompositeExtract %float %8116 2,,,,,,,,,,,
5506,OpStore %8121 %8122,,,,,,,,,,,
5507,%8123 = OpLoad %v4float %7911,,,,,,,,,,,
5508,OpStore %7910 %8123,,,,,,,,,,,
5509,OpBranch %8124,,,,,,,,,,,
5510,%8124 = OpLabel,,,,,,,,,,,
5511,%9587 = OpExtInst %void %2 DebugScope %1700 %7896,,,,,,,,,,,
5512,%8338 = OpExtInst %void %2 DebugLine %4 %uint_132 %uint_132 %uint_5 %uint_6,,,,,,,,,,,
,return acc.rgb;,,,,,,,,,,,
5513,%8125 = OpLoad %v4float %7911,,,,,,,,,,,
5514,%8126 = OpVectorShuffle %v3float %8125 %8125 0 1 2,,,,,,,,,,,
5515,%9588 = OpExtInst %void %2 DebugScope %1404 %7675,,,,,,,,,,,
5516,%7874 = OpExtInst %void %2 DebugLine %4 %uint_159 %uint_159 %uint_9 %uint_10,,,,,,,,,,,
,"gi += CONE_WEIGHTS[i] * traceCone(volume, smp, worldToGridClip, origin, dir, voxelSize, worldExtent * 0.5, maxMip, maxSteps, batch, envMapIndex, skyIntensity);",1437,Selected,754,Wait,520,Not Selected,110,30,,,101
5517,%7781 = OpVectorTimesScalar %v3float %8126 %7777,,,,,,,,,,,
5518,%7782 = OpLoad %v3float %7699,,,,,,,,,,,
5519,%7783 = OpFAdd %v3float %7782 %7781,1437,Selected,754,Wait,520,Not Selected,110,30,4,,101
5520,OpStore %7696 %7783,,,,,,,,,,,
5521,%7878 = OpExtInst %void %2 DebugLine %4 %uint_160 %uint_160 %uint_9 %uint_10,,,,,,,,,,,
,totalWeight += CONE_WEIGHTS[i];,428,Selected,166,Wait,162,Not Selected,59,30,,,100
5522,%7784 = OpLoad %float %7701,,,,,,,,,,,
5523,%7785 = OpFAdd %float %7784 %7777,428,Selected,166,Wait,162,Not Selected,59,30,1,,100
5524,OpStore %7697 %7785,,,,,,,,,,,
5525,OpBranch %7786,,,,,,,,,,,
5526,%7786 = OpLabel,,,,,,,,,,,
5527,%9589 = OpExtInst %void %2 DebugScope %1404 %7675,,,,,,,,,,,
5528,OpBranch %7787,,,,,,,,,,,
5529,%7787 = OpLabel,,,,,,,,,,,
5530,%9590 = OpExtInst %void %2 DebugScope %1404 %7675,,,,,,,,,,,
5531,%7882 = OpExtInst %void %2 DebugLine %4 %uint_157 %uint_157 %uint_37 %uint_38,,,,,,,,,,,
,for (uint i = 0; i < rays + 1; i++) {,157,Selected,157,,,,,30,,,101
5532,%7788 = OpLoad %uint %7700,,,,,,,,,,,
5533,%7789 = OpIAdd %uint %7788 %uint_1,157,Selected,157,,,,,30,1,,101
5534,OpStore %7698 %7789,,,,,,,,,,,
5535,OpStore %7700 %7789,,,,,,,,,,,
5536,OpStore %7699 %7783,,,,,,,,,,,
5537,OpStore %7701 %7785,,,,,,,,,,,
5538,OpBranch %7790,,,,,,,,,,,
5539,%7790 = OpLabel,,,,,,,,,,,
5540,%9591 = OpExtInst %void %2 DebugScope %1404 %7675,,,,,,,,,,,
5541,OpBranch %7753,,,,,,,,,,,
5542,%7791 = OpLabel,,,,,,,,,,,
5543,%9592 = OpExtInst %void %2 DebugScope %1404 %7675,,,,,,,,,,,
5544,%7889 = OpExtInst %void %2 DebugLine %4 %uint_162 %uint_162 %uint_5 %uint_6,,,,,,,,,,,
,return gi / totalWeight;,1119,Short Scoreboard,475,Miscellaneous,163,Selected,132,30,,,19
5545,%7792 = OpLoad %v3float %7699,,,,,,,,,,,
5546,%7793 = OpLoad %float %7701,,,,,,,,,,,
5547,%7794 = OpCompositeConstruct %v3float %7793 %7793 %7793,,,,,,,,,,,
5548,%7795 = OpFDiv %v3float %7792 %7794,1119,Short Scoreboard,475,Miscellaneous,163,Selected,132,30,4,475,19
5549,%9593 = OpExtInst %void %2 DebugScope %687,,,,,,,,,,,
5550,%4811 = OpExtInst %void %2 DebugLine %15 %uint_178 %uint_178 %uint_9 %uint_10,,,,,,,,,,,
,// C:/Users/vicro/Desktop/vulkan-renderer/repo/shader-forge/shaders/lit.slang:178,,,,,,,,
,"GI = coneTraceVXGI(pc.litPassData.voxelTextureIndex, pc.litPassData.voxelSamplerIndex,",,,,,,,,,,,
5551,OpStore %654 %7795,,,,,,,,,,,
5552,OpStore %L %7795,,,,,,,,,,,
5553,OpBranch %745,,,,,,,,,,,
5554,%743 = OpLabel,,,,,,,,,,,
5555,%9594 = OpExtInst %void %2 DebugScope %687,,,,,,,,,,,
5556,%2216 = OpExtInst %void %2 DebugLine %15 %uint_174 %uint_174 %uint_9 %uint_10,,,,,,,,,,,
,"GI = sampleAmbientCubeGI(pc.litPassData.giIrradianceIndices, pc.litPassData.voxelSamplerIndex,",37648,LG Throttle,15871,Wait,13699,Selected,4741,30,,,44
5557,%2219 = OpLoad %_ptr_PhysicalStorageBuffer_LitPass_natural %927,,,,,,,,,,,
5558,%2223 = OpAccessChain %_ptr_PhysicalStorageBuffer__Array_natural_uint6 %2219 %int_17,,,,,,,,,,,
5559,%2226 = OpAccessChain %_ptr_PhysicalStorageBuffer__arr_uint_int_6 %2223 %int_0,,,,,,,,,,,
5560,%2227 = OpAccessChain %_ptr_PhysicalStorageBuffer_uint %2226 %int_0,,,,,,,,,,,
5561,%2228 = OpLoad %uint %2227 Aligned 4,2436,LG Throttle,1107,Wait,819,Selected,189,30,1,70,22
5562,%2229 = OpAccessChain %_ptr_PhysicalStorageBuffer_uint %2226 %int_1,,,,,,,,,,,
5563,%2230 = OpLoad %uint %2229 Aligned 4,1980,LG Throttle,948,Wait,564,Selected,218,30,1,18280,23
5564,%2231 = OpAccessChain %_ptr_PhysicalStorageBuffer_uint %2226 %int_2,,,,,,,,,,,
5565,%2232 = OpLoad %uint %2231 Aligned 4,1774,LG Throttle,701,Wait,611,Selected,209,30,1,18280,24
5566,%2233 = OpAccessChain %_ptr_PhysicalStorageBuffer_uint %2226 %int_3,,,,,,,,,,,
5567,%2234 = OpLoad %uint %2233 Aligned 4,1493,LG Throttle,608,Wait,572,Selected,172,30,1,18280,25
5568,%2235 = OpAccessChain %_ptr_PhysicalStorageBuffer_uint %2226 %int_4,,,,,,,,,,,
5569,%2236 = OpLoad %uint %2235 Aligned 4,1440,Wait,580,LG Throttle,497,Selected,206,30,1,18280,26
5570,%2237 = OpAccessChain %_ptr_PhysicalStorageBuffer_uint %2226 %int_5,,,,,,,,,,,
5571,%2238 = OpLoad %uint %2237 Aligned 4,1496,Wait,614,LG Throttle,587,Selected,201,30,1,18280,27
5572,%2240 = OpCompositeConstruct %_arr_uint_int_6_0 %2228 %2230 %2232 %2234 %2236 %2238,,,,,,,,,,,
5573,%2241 = OpLoad %_ptr_PhysicalStorageBuffer_LitPass_natural %927,,,,,,,,,,,
5574,%2242 = OpAccessChain %_ptr_PhysicalStorageBuffer_uint %2241 %int_7,,,,,,,,,,,
5575,%2243 = OpLoad %uint %2242 Aligned 4,1645,LG Throttle,695,Wait,590,Selected,196,30,1,18280,31
5576,%2244 = OpLoad %_ptr_PhysicalStorageBuffer_LitPass_natural %927,,,,,,,,,,,
5577,%2245 = OpAccessChain %_ptr_PhysicalStorageBuffer__MatrixStorage_float4x4_ColMajornatural %2244 %int_10,,,,,,,,,,,
5578,%2246 = OpLoad %_MatrixStorage_float4x4_ColMajornatural %2245 Aligned 4,25384,LG Throttle,10728,Wait,9349,Selected,3350,30,16,292480,44
5579,%2247 = OpCompositeExtract %_arr_v4float_int_4 %2246 0,,,,,,,,,,,
5580,%2248 = OpCompositeExtract %v4float %2247 0,,,,,,,,,,,
5581,%2249 = OpCompositeExtract %float %2248 0,,,,,,,,,,,
5582,%2250 = OpCompositeExtract %float %2248 1,,,,,,,,,,,
5583,%2251 = OpCompositeExtract %float %2248 2,,,,,,,,,,,
5584,%2252 = OpCompositeExtract %float %2248 3,,,,,,,,,,,
5585,%2253 = OpCompositeExtract %v4float %2247 1,,,,,,,,,,,
5586,%2254 = OpCompositeExtract %float %2253 0,,,,,,,,,,,
5587,%2255 = OpCompositeExtract %float %2253 1,,,,,,,,,,,
5588,%2256 = OpCompositeExtract %float %2253 2,,,,,,,,,,,
5589,%2257 = OpCompositeExtract %float %2253 3,,,,,,,,,,,
5590,%2258 = OpCompositeExtract %v4float %2247 2,,,,,,,,,,,
5591,%2259 = OpCompositeExtract %float %2258 0,,,,,,,,,,,
5592,%2260 = OpCompositeExtract %float %2258 1,,,,,,,,,,,
5593,%2261 = OpCompositeExtract %float %2258 2,,,,,,,,,,,
5594,%2262 = OpCompositeExtract %float %2258 3,,,,,,,,,,,
5595,%2263 = OpCompositeExtract %v4float %2247 3,,,,,,,,,,,
5596,%2264 = OpCompositeExtract %float %2263 0,,,,,,,,,,,
5597,%2265 = OpCompositeExtract %float %2263 1,,,,,,,,,,,
5598,%2266 = OpCompositeExtract %float %2263 2,,,,,,,,,,,
5599,%2267 = OpCompositeExtract %float %2263 3,,,,,,,,,,,
5600,%2268 = OpCompositeConstruct %v4float %2249 %2254 %2259 %2264,,,,,,,,,,,
5601,%2269 = OpCompositeConstruct %v4float %2250 %2255 %2260 %2265,,,,,,,,,,,
5602,%2270 = OpCompositeConstruct %v4float %2251 %2256 %2261 %2266,,,,,,,,,,,
5603,%2271 = OpCompositeConstruct %v4float %2252 %2257 %2262 %2267,,,,,,,,,,,
5604,%2272 = OpCompositeConstruct %mat4v4float %2268 %2269 %2270 %2271,,,,,,,,,,,
5605,%2273 = OpLoad %_ptr_PhysicalStorageBuffer_LitPass_natural %927,,,,,,,,,,,
5606,%2274 = OpAccessChain %_ptr_PhysicalStorageBuffer_uint %2273 %int_11,,,,,,,,,,,
5607,%2275 = OpLoad %uint %2274 Aligned 4,,,,,,,,,,,
5608,%2276 = OpLoad %_ptr_PhysicalStorageBuffer_LitPass_natural %927,,,,,,,,,,,
5609,%2277 = OpAccessChain %_ptr_PhysicalStorageBuffer_float %2276 %int_12,,,,,,,,,,,
5610,%2278 = OpLoad %float %2277 Aligned 4,,,,,,,,,,,
5611,%9595 = OpExtInst %void %2 DebugNoLine,,,,,,,,,,,
5612,%9596 = OpExtInst %void %2 DebugScope %2306 %8404,,,,,,,,,,,
5613,OpStore %8403 %2240,,,,,,,,,,,
5614,%8421 = OpExtInst %void %2 DebugDeclare %N_3 %8405 %101,,,,,,,,,,,
5615,OpStore %8405 %808,,,,,,,,,,,
5616,%8422 = OpExtInst %void %2 DebugDeclare %worldPos_2 %8406 %101,,,,,,,,,,,
5617,OpStore %8406 %805,,,,,,,,,,,
5618,%8423 = OpExtInst %void %2 DebugDeclare %worldExtent_0 %8407 %101,,,,,,,,,,,
5619,OpStore %8407 %2278,,,,,,,,,,,
5620,%8424 = OpExtInst %void %2 DebugDeclare %resolution_0 %8408 %101,,,,,,,,,,,
5621,OpStore %8408 %2275,,,,,,,,,,,
5622,%8425 = OpExtInst %void %2 DebugDeclare %worldToGridClip_2 %8409 %101,,,,,,,,,,,
5623,OpStore %8409 %2272,,,,,,,,,,,
5624,%8426 = OpExtInst %void %2 DebugDeclare %samplerIndex %8410 %101,,,,,,,,,,,
5625,OpStore %8410 %2243,,,,,,,,,,,
5626,OpStore %9076 %2228,,,,,,,,,,,
5627,OpStore %9077 %2230,,,,,,,,,,,
5628,OpStore %9078 %2232,,,,,,,,,,,
5629,OpStore %9079 %2234,,,,,,,,,,,
5630,OpStore %9080 %2236,,,,,,,,,,,
5631,OpStore %9081 %2238,,,,,,,,,,,
5632,%8496 = OpExtInst %void %2 DebugLine %4 %uint_179 %uint_179 %uint_5 %uint_6,,,,,,,,,,,
,// C:/Users/vicro/Desktop/vulkan-renderer/repo/shader-forge/shaders/modules/voxel.slang:179,,,,,,,,
,SamplerState smp = samplers[samplerIndex];,,,,,,,,,,,
5633,%8428 = OpAccessChain %_ptr_UniformConstant_932 %samplers_0 %2243,,,,,,,,,,,
5634,%8499 = OpExtInst %void %2 DebugLine %4 %uint_180 %uint_180 %uint_5 %uint_6,,,,,,,,,,,
,N = normalize(N);,,,,,,,,,,,
5635,%8429 = OpExtInst %v3float %554 Normalize %808,,,,,,,,,,,
5636,%8500 = OpExtInst %void %2 DebugLine %4 %uint_181 %uint_181 %uint_5 %uint_6,,,,,,,,,,,
5637,%8430 = OpExtInst %void %2 DebugDeclare %uvw %8412 %101,,,,,,,,,,,
5638,%9597 = OpExtInst %void %2 DebugNoLine,,,,,,,,,,,
5639,%9598 = OpExtInst %void %2 DebugScope %1830 %8562,,,,,,,,,,,
5640,%8569 = OpExtInst %void %2 DebugDeclare %worldToGridClip_1 %8561 %101,,,,,,,,,,,
5641,OpStore %8561 %2272,,,,,,,,,,,
5642,%8570 = OpExtInst %void %2 DebugDeclare %worldPos_1 %8563 %101,,,,,,,,,,,
5643,OpStore %8563 %805,,,,,,,,,,,
5644,%8585 = OpExtInst %void %2 DebugLine %4 %uint_62 %uint_62 %uint_5 %uint_6,,,,,,,,,,,
5645,%8571 = OpExtInst %void %2 DebugDeclare %clip %8564 %101,,,,,,,,,,,
,"float4 clip = mul(worldToGridClip, float4(worldPos, 1.0));",8908,Selected,3149,Wait,2972,Not Selected,1252,30,,,41
5646,%8572 = OpCompositeConstruct %v4float %805 %float_1,,,,,,,,,,,
5647,%8573 = OpVectorTimesMatrix %v4float %8572 %2272,8908,Selected,3149,Wait,2972,Not Selected,1252,30,16,,41
5648,OpStore %8564 %8573,,,,,,,,,,,
5649,%8591 = OpExtInst %void %2 DebugLine %4 %uint_63 %uint_63 %uint_5 %uint_6,,,,,,,,,,,
5650,%8574 = OpExtInst %void %2 DebugDeclare %ndc %8565 %101,,,,,,,,,,,
,float3 ndc = clip.xyz / clip.w;,2125,Wait,833,Selected,737,Miscellaneous,444,30,,,38
5651,%8575 = OpVectorShuffle %v3float %8573 %8573 0 1 2,,,,,,,,,,,
5652,%8576 = OpCompositeExtract %float %8573 3,,,,,,,,,,,
5653,%8577 = OpCompositeConstruct %v3float %8576 %8576 %8576,,,,,,,,,,,
5654,%8578 = OpFDiv %v3float %8575 %8577,2125,Wait,833,Selected,737,Miscellaneous,444,30,4,0,38
5655,OpStore %8565 %8578,,,,,,,,,,,
5656,%8597 = OpExtInst %void %2 DebugLine %4 %uint_64 %uint_64 %uint_5 %uint_6,,,,,,,,,,,
,"return float3(ndc.xy * 0.5 + 0.5, ndc.z);",961,Selected,654,Wait,246,Not Selected,34,30,,,27
5657,%8579 = OpVectorShuffle %v2float %8578 %8578 0 1,,,,,,,,,,,
5658,%8580 = OpVectorTimesScalar %v2float %8579 %float_0_5,,,,,,,,,,,
5659,%8582 = OpFAdd %v2float %8580 %9288,961,Selected,654,Wait,246,Not Selected,34,30,3,,27
5660,%8583 = OpCompositeExtract %float %8578 2,,,,,,,,,,,
5661,%8584 = OpCompositeConstruct %v3float %8582 %8583,,,,,,,,,,,
5662,%9599 = OpExtInst %void %2 DebugScope %2306 %8404,,,,,,,,,,,
5663,%8502 = OpExtInst %void %2 DebugLine %4 %uint_181 %uint_181 %uint_5 %uint_6,,,,,,,,,,,
,"float3 uvw = worldToGridUVW(worldPos, worldToGridClip);",,,,,,,,,,,
5664,OpStore %8412 %8584,,,,,,,,,,,
5665,%8503 = OpExtInst %void %2 DebugLine %4 %uint_182 %uint_182 %uint_5 %uint_6,,,,,,,,,,,
5666,%8432 = OpExtInst %void %2 DebugDeclare %w_0 %8413 %101,,,,,,,,,,,
,"float3 w = N * N; // face weights, sum to 1",1553,Selected,681,Wait,679,Not Selected,92,30,,,34
5667,%8433 = OpFMul %v3float %8429 %8429,1553,Selected,681,Wait,679,Not Selected,92,30,3,,34
5668,OpStore %8413 %8433,,,,,,,,,,,
5669,%8506 = OpExtInst %void %2 DebugLine %4 %uint_183 %uint_183 %uint_5 %uint_6,,,,,,,,,,,
5670,%8434 = OpExtInst %void %2 DebugDeclare %fx %8414 %101,,,,,,,,,,,
,uint fx = N.x < 0.0 ? 1 : 0;,426,Selected,260,Wait,157,Math Pipe Throttle,9,30,,,46
5671,%8435 = OpCompositeExtract %float %8429 0,,,,,,,,,,,
5672,%8436 = OpFOrdLessThan %bool %8435 %float_0,426,Selected,260,Wait,157,Math Pipe Throttle,9,30,1,,46
5673,%9600 = OpExtInst %void %2 DebugNoScope,,,,,,,,,,,
5674,OpSelectionMerge %8439 None,,,,,,,,,,,
5675,OpBranchConditional %8436 %8438 %8437,,,,,,,,,,,
5676,%8437 = OpLabel,,,,,,,,,,,
5677,%9601 = OpExtInst %void %2 DebugScope %2306 %8404,,,,,,,,,,,
5678,OpStore %8415 %int_0,,,,,,,,,,,
5679,OpBranch %8439,,,,,,,,,,,
5680,%8438 = OpLabel,,,,,,,,,,,
5681,%9602 = OpExtInst %void %2 DebugScope %2306 %8404,,,,,,,,,,,
5682,OpStore %8415 %int_1,,,,,,,,,,,
5683,OpBranch %8439,,,,,,,,,,,
5684,%8439 = OpLabel,,,,,,,,,,,
5685,%9603 = OpExtInst %void %2 DebugScope %2306 %8404,,,,,,,,,,,
5686,%8440 = OpLoad %int %8415,,,,,,,,,,,
5687,%8441 = OpBitcast %uint %8440,,,,,,,,,,,
5688,OpStore %8414 %8441,,,,,,,,,,,
5689,%8511 = OpExtInst %void %2 DebugLine %4 %uint_184 %uint_184 %uint_5 %uint_6,,,,,,,,,,,
5690,%8442 = OpExtInst %void %2 DebugDeclare %fy %8416 %101,,,,,,,,,,,
,uint fy = N.y < 0.0 ? 3 : 2;,232,Selected,232,,,,,30,,,44
5691,%8443 = OpCompositeExtract %float %8429 1,,,,,,,,,,,
5692,%8444 = OpFOrdLessThan %bool %8443 %float_0,232,Selected,232,,,,,30,1,,44
5693,%9604 = OpExtInst %void %2 DebugNoScope,,,,,,,,,,,
5694,OpSelectionMerge %8447 None,,,,,,,,,,,
5695,OpBranchConditional %8444 %8446 %8445,,,,,,,,,,,
5696,%8445 = OpLabel,,,,,,,,,,,
5697,%9605 = OpExtInst %void %2 DebugScope %2306 %8404,,,,,,,,,,,
5698,OpStore %8415 %int_2,,,,,,,,,,,
5699,OpBranch %8447,,,,,,,,,,,
5700,%8446 = OpLabel,,,,,,,,,,,
5701,%9606 = OpExtInst %void %2 DebugScope %2306 %8404,,,,,,,,,,,
5702,OpStore %8415 %int_3,,,,,,,,,,,
5703,OpBranch %8447,,,,,,,,,,,
5704,%8447 = OpLabel,,,,,,,,,,,
5705,%9607 = OpExtInst %void %2 DebugScope %2306 %8404,,,,,,,,,,,
5706,%8448 = OpLoad %int %8415,,,,,,,,,,,
5707,%8449 = OpBitcast %uint %8448,,,,,,,,,,,
5708,OpStore %8416 %8449,,,,,,,,,,,
5709,%8516 = OpExtInst %void %2 DebugLine %4 %uint_185 %uint_185 %uint_5 %uint_6,,,,,,,,,,,
5710,%8450 = OpExtInst %void %2 DebugDeclare %fz %8417 %101,,,,,,,,,,,
,uint fz = N.z < 0.0 ? 5 : 4;,238,Selected,238,,,,,30,,,46
5711,%8451 = OpCompositeExtract %float %8429 2,,,,,,,,,,,
5712,%8452 = OpFOrdLessThan %bool %8451 %float_0,238,Selected,238,,,,,30,1,,46
5713,%9608 = OpExtInst %void %2 DebugNoScope,,,,,,,,,,,
5714,OpSelectionMerge %8455 None,,,,,,,,,,,
5715,OpBranchConditional %8452 %8454 %8453,,,,,,,,,,,
5716,%8453 = OpLabel,,,,,,,,,,,
5717,%9609 = OpExtInst %void %2 DebugScope %2306 %8404,,,,,,,,,,,
5718,OpStore %8415 %int_4,,,,,,,,,,,
5719,OpBranch %8455,,,,,,,,,,,
5720,%8454 = OpLabel,,,,,,,,,,,
5721,%9610 = OpExtInst %void %2 DebugScope %2306 %8404,,,,,,,,,,,
5722,OpStore %8415 %int_5,,,,,,,,,,,
5723,OpBranch %8455,,,,,,,,,,,
5724,%8455 = OpLabel,,,,,,,,,,,
5725,%9611 = OpExtInst %void %2 DebugScope %2306 %8404,,,,,,,,,,,
5726,%8456 = OpLoad %int %8415,,,,,,,,,,,
5727,%8457 = OpBitcast %uint %8456,,,,,,,,,,,
5728,OpStore %8417 %8457,,,,,,,,,,,
5729,%8521 = OpExtInst %void %2 DebugLine %4 %uint_186 %uint_186 %uint_5 %uint_6,,,,,,,,,,,
,"return w.x * decodeIrradiance(textures3D[faceIndices[fx]].SampleLevel(smp, uvw, 0))",9153,Selected,3606,Wait,3413,Not Selected,894,22,,,49
5730,%8458 = OpCompositeExtract %float %8433 0,,,,,,,,,,,
5731,%8459 = OpAccessChain %_ptr_Function_uint %8403 %8441,679,Selected,407,Wait,218,Not Selected,27,30,2,,49
5732,%8460 = OpLoad %uint %8459,5274,Selected,1987,Wait,1951,Not Selected,676,17,11,,49
5733,%8461 = OpAccessChain %_ptr_UniformConstant_1776 %textures3D %8460,,,,,,,,,,,
5734,%8463 = OpLoad %932 %8428,225,Selected,201,Dispatch Stall,24,,,30,1,,39
5735,%8464 = OpLoad %1776 %8461,461,Selected,225,Wait,213,Not Selected,19,30,1,,42
5736,%8465 = OpSampledImage %2173 %8464 %8463,2030,Wait,844,Selected,603,MIO Throttle,371,30,3,1476,41
5737,%8466 = OpImageSampleExplicitLod %v4float %8465 %8584 Lod %float_0,484,Wait,187,Selected,183,Texture Throttle,93,30,1,129752,30
5738,%9612 = OpExtInst %void %2 DebugNoLine,,,,,,,,,,,
5739,%9613 = OpExtInst %void %2 DebugScope %2439 %8606,,,,,,,,,,,
5740,%8610 = OpExtInst %void %2 DebugDeclare %s_0 %8605 %101,,,,,,,,,,,
5741,OpStore %8605 %8466,,,,,,,,,,,
5742,%8617 = OpExtInst %void %2 DebugLine %4 %uint_169 %uint_169 %uint_5 %uint_6,,,,,,,,,,,
,"return voxelToneMapInv(s.rgb / max(s.a, 0.25));",3049,Wait,1781,Selected,991,MIO Throttle,163,30,,,34
5743,%8611 = OpVectorShuffle %v3float %8466 %8466 0 1 2,,,,,,,,,,,
5744,%8612 = OpCompositeExtract %float %8466 3,,,,,,,,,,,
5745,%8613 = OpExtInst %float %554 FMax %8612 %float_0_25,422,Wait,224,Selected,172,Not Selected,14,30,1,,30
5746,%8614 = OpCompositeConstruct %v3float %8613 %8613 %8613,,,,,,,,,,,
5747,%8615 = OpFDiv %v3float %8611 %8614,2627,Wait,1557,Selected,819,MIO Throttle,163,30,4,38,34
5748,%9614 = OpExtInst %void %2 DebugNoLine,,,,,,,,,,,
5749,%9615 = OpExtInst %void %2 DebugScope %2094 %8627,,,,,,,,,,,
5750,%8631 = OpExtInst %void %2 DebugDeclare %v_0 %8626 %101,,,,,,,,,,,
5751,OpStore %8626 %8615,,,,,,,,,,,
5752,%8638 = OpExtInst %void %2 DebugLine %4 %uint_20 %uint_20 %uint_43 %uint_44,,,,,,,,,,,
,"public float3 voxelToneMapInv(float3 v) { return v / max(1.0 - v, 1e-4); }",8887,Wait,4066,Selected,2346,Miscellaneous,865,30,,,37
5753,%8633 = OpFSub %v3float %2550 %8615,1567,Selected,590,Wait,586,Miscellaneous,271,30,3,,34
5754,%8634 = OpExtInst %v3float %554 FMax %8633 %2107,1445,Miscellaneous,594,Selected,562,Wait,223,30,3,,34
5755,%8635 = OpFDiv %v3float %8615 %8634,5875,Wait,3257,Selected,1194,Not Selected,696,30,6,2070,37
5756,%9616 = OpExtInst %void %2 DebugScope %2306 %8404,,,,,,,,,,,
5757,%8532 = OpExtInst %void %2 DebugLine %4 %uint_186 %uint_186 %uint_5 %uint_6,,,,,,,,,,,
,"return w.x * decodeIrradiance(textures3D[faceIndices[fx]].SampleLevel(smp, uvw, 0))",29134,Long Scoreboard,18350,Wait,3873,Selected,3770,22,,,49
5758,%8469 = OpVectorTimesScalar %v3float %8635 %8458,,,,,,,,,,,
5759,%8470 = OpCompositeExtract %float %8433 1,,,,,,,,,,,
5760,%8471 = OpAccessChain %_ptr_Function_uint %8403 %8449,2205,Wait,1015,Selected,573,Not Selected,316,30,3,,47
5761,%8472 = OpLoad %uint %8471,24065,Long Scoreboard,18350,Selected,2295,Wait,1832,17,12,,49
5762,%8473 = OpAccessChain %_ptr_UniformConstant_1776 %textures3D %8472,,,,,,,,,,,
5763,%8475 = OpLoad %932 %8428,,,,,,,,,,,
5764,%8476 = OpLoad %1776 %8473,411,Selected,202,Wait,185,Not Selected,19,30,1,,43
5765,%8477 = OpSampledImage %2173 %8476 %8475,1123,Short Scoreboard,738,Selected,348,MIO Throttle,34,30,2,738,43
5766,%8478 = OpImageSampleExplicitLod %v4float %8477 %8584 Lod %float_0,1330,Wait,841,Selected,352,Not Selected,90,30,2,129752,30
5767,%9617 = OpExtInst %void %2 DebugNoLine,,,,,,,,,,,
5768,%9618 = OpExtInst %void %2 DebugScope %2439 %8644,,,,,,,,,,,
5769,%8648 = OpExtInst %void %2 DebugDeclare %s_0 %8643 %101,,,,,,,,,,,
5770,OpStore %8643 %8478,,,,,,,,,,,
5771,%8655 = OpExtInst %void %2 DebugLine %4 %uint_169 %uint_169 %uint_5 %uint_6,,,,,,,,,,,
,"return voxelToneMapInv(s.rgb / max(s.a, 0.25));",131991,Long Scoreboard,129752,Selected,970,Wait,970,30,,,32
5772,%8649 = OpVectorShuffle %v3float %8478 %8478 0 1 2,,,,,,,,,,,
5773,%8650 = OpCompositeExtract %float %8478 3,,,,,,,,,,,
5774,%8651 = OpExtInst %float %554 FMax %8650 %float_0_25,130307,Long Scoreboard,129752,Wait,227,Selected,192,30,1,,30
5775,%8652 = OpCompositeConstruct %v3float %8651 %8651 %8651,,,,,,,,,,,
5776,%8653 = OpFDiv %v3float %8649 %8652,1684,Selected,778,Wait,743,Not Selected,74,30,4,19,32
5777,%9619 = OpExtInst %void %2 DebugNoLine,,,,,,,,,,,
5778,%9620 = OpExtInst %void %2 DebugScope %2094 %8665,,,,,,,,,,,
5779,%8669 = OpExtInst %void %2 DebugDeclare %v_0 %8664 %101,,,,,,,,,,,
5780,OpStore %8664 %8653,,,,,,,,,,,
5781,%8676 = OpExtInst %void %2 DebugLine %4 %uint_20 %uint_20 %uint_43 %uint_44,,,,,,,,,,,
,"public float3 voxelToneMapInv(float3 v) { return v / max(1.0 - v, 1e-4); }",5138,Selected,2503,Wait,890,Miscellaneous,632,30,,,37
5782,%8671 = OpFSub %v3float %2550 %8653,1626,Selected,658,Wait,379,Math Pipe Throttle,279,30,3,,33
5783,%8672 = OpExtInst %v3float %554 FMax %8671 %2107,614,Selected,604,Dispatch Stall,10,,,30,3,,33
5784,%8673 = OpFDiv %v3float %8653 %8672,2898,Selected,1241,Miscellaneous,632,Wait,511,30,6,5693,37
5785,%9621 = OpExtInst %void %2 DebugScope %2306 %8404,,,,,,,,,,,
5786,%8544 = OpExtInst %void %2 DebugLine %4 %uint_186 %uint_186 %uint_5 %uint_6,,,,,,,,,,,
,"return w.x * decodeIrradiance(textures3D[faceIndices[fx]].SampleLevel(smp, uvw, 0))",12192,Selected,4923,Wait,4516,Not Selected,854,24,,,49
5787,%8481 = OpVectorTimesScalar %v3float %8673 %8470,1180,Selected,672,Wait,420,Math Pipe Throttle,43,30,3,,34
5788,%8482 = OpFAdd %v3float %8469 %8481,1448,Selected,688,Wait,599,Not Selected,94,30,3,,29
5789,%8483 = OpCompositeExtract %float %8433 2,,,,,,,,,,,
5790,%8484 = OpAccessChain %_ptr_Function_uint %8403 %8457,767,Selected,488,Wait,227,Not Selected,26,30,3,,47
5791,%8485 = OpLoad %uint %8484,4242,Selected,2131,Wait,1480,Not Selected,293,17,12,,49
5792,%8486 = OpAccessChain %_ptr_UniformConstant_1776 %textures3D %8485,,,,,,,,,,,
5793,%8488 = OpLoad %932 %8428,,,,,,,,,,,
5794,%8489 = OpLoad %1776 %8486,1122,Wait,511,Math Pipe Throttle,212,Not Selected,200,30,1,,41
5795,%8490 = OpSampledImage %2173 %8489 %8488,1293,Wait,419,Selected,335,Miscellaneous,191,30,2,738,40
5796,%8491 = OpImageSampleExplicitLod %v4float %8490 %8584 Lod %float_0,2140,Wait,860,Miscellaneous,518,Selected,413,30,2,129752,32
5797,%9622 = OpExtInst %void %2 DebugNoLine,,,,,,,,,,,
5798,%9623 = OpExtInst %void %2 DebugScope %2439 %8682,,,,,,,,,,,
5799,%8686 = OpExtInst %void %2 DebugDeclare %s_0 %8681 %101,,,,,,,,,,,
5800,OpStore %8681 %8491,,,,,,,,,,,
5801,%8693 = OpExtInst %void %2 DebugLine %4 %uint_169 %uint_169 %uint_5 %uint_6,,,,,,,,,,,
,"return voxelToneMapInv(s.rgb / max(s.a, 0.25));",3598,Wait,1721,Selected,1063,Not Selected,349,30,,,35
5802,%8687 = OpVectorShuffle %v3float %8491 %8491 0 1 2,,,,,,,,,,,
5803,%8688 = OpCompositeExtract %float %8491 3,,,,,,,,,,,
5804,%8689 = OpExtInst %float %554 FMax %8688 %float_0_25,254,Selected,254,,,,,30,1,,30
5805,%8690 = OpCompositeConstruct %v3float %8689 %8689 %8689,,,,,,,,,,,
5806,%8691 = OpFDiv %v3float %8687 %8690,3344,Wait,1721,Selected,809,Not Selected,349,30,4,37,35
5807,%9624 = OpExtInst %void %2 DebugNoLine,,,,,,,,,,,
5808,%9625 = OpExtInst %void %2 DebugScope %2094 %8703,,,,,,,,,,,
5809,%8707 = OpExtInst %void %2 DebugDeclare %v_0 %8702 %101,,,,,,,,,,,
5810,OpStore %8702 %8691,,,,,,,,,,,
5811,%8714 = OpExtInst %void %2 DebugLine %4 %uint_20 %uint_20 %uint_43 %uint_44,,,,,,,,,,,
,"public float3 voxelToneMapInv(float3 v) { return v / max(1.0 - v, 1e-4); }",15412,Short Scoreboard,5217,Wait,4768,Selected,2448,30,,,37
5812,%8709 = OpFSub %v3float %2550 %8691,5101,Short Scoreboard,2749,Math Pipe Throttle,639,Selected,605,30,3,,36
5813,%8710 = OpExtInst %v3float %554 FMax %8709 %2107,4039,Short Scoreboard,2468,Wait,627,Selected,611,30,3,,37
5814,%8711 = OpFDiv %v3float %8691 %8710,6272,Wait,3622,Selected,1232,Not Selected,625,30,6,0,36
5815,%9626 = OpExtInst %void %2 DebugScope %2306 %8404,,,,,,,,,,,
5816,%8557 = OpExtInst %void %2 DebugLine %4 %uint_186 %uint_186 %uint_5 %uint_6,,,,,,,,,,,
,"return w.x * decodeIrradiance(textures3D[faceIndices[fx]].SampleLevel(smp, uvw, 0))",1358,Wait,667,Selected,600,Not Selected,41,30,,,22
5817,%8494 = OpVectorTimesScalar %v3float %8711 %8483,,,,,,,,,,,
5818,%8495 = OpFAdd %v3float %8482 %8494,1358,Wait,667,Selected,600,Not Selected,41,30,3,,22
5819,%9627 = OpExtInst %void %2 DebugScope %687,,,,,,,,,,,
5820,%4869 = OpExtInst %void %2 DebugLine %15 %uint_174 %uint_174 %uint_9 %uint_10,,,,,,,,,,,
,// C:/Users/vicro/Desktop/vulkan-renderer/repo/shader-forge/shaders/lit.slang:174,,,,,,,,
,"GI = sampleAmbientCubeGI(pc.litPassData.giIrradianceIndices, pc.litPassData.voxelSamplerIndex,",241,Selected,239,Dispatch Stall,2,,,30,,,18
5821,OpStore %654 %8495,,,,,,,,,,,
5822,OpStore %L %8495,,,,,,,,,,,
5823,OpBranch %745,241,Selected,239,Dispatch Stall,2,,,30,1,,18
5824,%745 = OpLabel,,,,,,,,,,,
5825,%9628 = OpExtInst %void %2 DebugScope %687,,,,,,,,,,,
5826,%2488 = OpExtInst %void %2 DebugLine %15 %uint_184 %uint_184 %uint_5 %uint_6,,,,,,,,,,,
,GI *= pc.litPassData.giStrength;,12060,Long Scoreboard,9054,Wait,1047,Selected,993,30,,,19
5827,%2489 = OpLoad %_ptr_PhysicalStorageBuffer_LitPass_natural %927,,,,,,,,,,,
5828,%2491 = OpAccessChain %_ptr_PhysicalStorageBuffer_float %2489 %int_18,,,,,,,,,,,
5829,%2492 = OpLoad %float %2491 Aligned 4,1213,MIO Throttle,454,Selected,240,Wait,225,30,1,9054,19
5830,%2493 = OpLoad %v3float %L,,,,,,,,,,,
5831,%GI_0 = OpVectorTimesScalar %v3float %2493 %2492,10847,Long Scoreboard,9054,Wait,822,Selected,753,30,3,,15
5832,OpStore %654 %GI_0,,,,,,,,,,,
5833,%2496 = OpExtInst %void %2 DebugLine %15 %uint_186 %uint_186 %uint_5 %uint_6,,,,,,,,,,,
5834,%2499 = OpExtInst %void %2 DebugDeclare %kS %655 %101,,,,,,,,,,,
,"float3 kS = fresnelSchlickRoughness(max(dot(N, V), 0.0), F0, roughness.r);",2903,Miscellaneous,1156,Selected,939,Wait,471,30,,,21
5835,%2500 = OpLoad %v3float %N,,,,,,,,,,,
5836,%2501 = OpDot %float %2500 %1230,1940,Selected,654,Miscellaneous,492,Wait,471,30,3,,21
5837,%2502 = OpExtInst %float %554 FMax %2501 %float_0,963,Miscellaneous,664,Selected,285,Math Pipe Throttle,7,30,1,,21
5838,%2503 = OpLoad %v4float %roughness,,,,,,,,,,,
5839,%2504 = OpCompositeExtract %float %2503 0,,,,,,,,,,,
5840,%9629 = OpExtInst %void %2 DebugNoLine,,,,,,,,,,,
5841,%9630 = OpExtInst %void %2 DebugScope %2516 %8720,,,,,,,,,,,
5842,%8726 = OpExtInst %void %2 DebugDeclare %roughness_1 %8719 %101,,,,,,,,,,,
5843,OpStore %8719 %2504,,,,,,,,,,,
5844,%8727 = OpExtInst %void %2 DebugDeclare %F0_0 %8721 %101,,,,,,,,,,,
5845,OpStore %8721 %1245,,,,,,,,,,,
5846,%8728 = OpExtInst %void %2 DebugDeclare %cosTheta %8722 %101,,,,,,,,,,,
5847,OpStore %8722 %2502,,,,,,,,,,,
5848,%8738 = OpExtInst %void %2 DebugLine %12 %uint_11 %uint_11 %uint_5 %uint_6,,,,,,,,,,,
,// C:/Users/vicro/Desktop/vulkan-renderer/repo/shader-forge/shaders/modules/pbr.slang:11,,,,,,,,
,"return F0 + (max(float3(1.0 - roughness), F0) - F0) * pow(clamp(1.0 - cosTheta, 0.0, 1.0), 5.0);",9853,Selected,3806,Wait,2990,Not Selected,1281,30,,,24
5849,%8729 = OpFSub %float %float_1 %2504,661,Selected,286,Wait,279,Math Pipe Throttle,53,30,1,,21
5850,%8730 = OpCompositeConstruct %v3float %8729 %8729 %8729,,,,,,,,,,,
5851,%8731 = OpExtInst %v3float %554 FMax %8730 %1245,2577,Wait,890,Selected,844,Miscellaneous,598,30,3,,24
5852,%8732 = OpFSub %v3float %8731 %1245,1927,Selected,849,Wait,794,Not Selected,141,30,3,,23
5853,%8733 = OpFSub %float %float_1 %2502,572,Selected,276,Wait,256,Not Selected,24,30,1,,21
5854,%8734 = OpExtInst %float %554 FClamp %8733 %float_0 %float_1,,,,,,,,,,,
5855,%8735 = OpExtInst %float %554 Pow %8734 %float_5,1689,Selected,775,Not Selected,379,Math Pipe Throttle,310,30,3,,24
5856,%8736 = OpVectorTimesScalar %v3float %8732 %8735,,,,,,,,,,,
5857,%8737 = OpFAdd %v3float %1245 %8736,2427,Selected,776,Not Selected,567,Wait,549,30,3,,23
5858,%9631 = OpExtInst %void %2 DebugScope %687,,,,,,,,,,,
5859,%4885 = OpExtInst %void %2 DebugLine %15 %uint_186 %uint_186 %uint_5 %uint_6,,,,,,,,,,,
,// C:/Users/vicro/Desktop/vulkan-renderer/repo/shader-forge/shaders/lit.slang:186,,,,,,,,
,"float3 kS = fresnelSchlickRoughness(max(dot(N, V), 0.0), F0, roughness.r);",,,,,,,,,,,
5860,OpStore %655 %8737,,,,,,,,,,,
5861,%2544 = OpExtInst %void %2 DebugLine %15 %uint_187 %uint_187 %uint_5 %uint_6,,,,,,,,,,,
5862,%2548 = OpExtInst %void %2 DebugDeclare %kD %656 %101,,,,,,,,,,,
,float3 kD = float3(1.0) - kS;,2174,Wait,723,Selected,698,Not Selected,406,30,,,20
5863,%kD_0 = OpFSub %v3float %2550 %8737,2174,Wait,723,Selected,698,Not Selected,406,30,3,,20
5864,OpStore %656 %kD_0,,,,,,,,,,,
5865,%2552 = OpExtInst %void %2 DebugLine %15 %uint_188 %uint_188 %uint_5 %uint_6,,,,,,,,,,,
,kD *= 1.0 - metallic.r;,2873,Wait,1064,Selected,976,Miscellaneous,608,30,,,20
5866,%2554 = OpFSub %float %float_1 %1243,545,Selected,252,Wait,216,Math Pipe Throttle,45,30,1,,20
5867,%kD_1 = OpVectorTimesScalar %v3float %kD_0 %2554,2328,Wait,848,Selected,724,Miscellaneous,608,30,3,,20
5868,OpStore %656 %kD_1,,,,,,,,,,,
5869,%2557 = OpExtInst %void %2 DebugLine %15 %uint_190 %uint_190 %uint_5 %uint_6,,,,,,,,,,,
5870,%2561 = OpExtInst %void %2 DebugDeclare %ao %657 %101,,,,,,,,,,,
,float ao = 1.0;,,,,,,,,,,,
5871,OpStore %657 %float_1,,,,,,,,,,,
5872,%2563 = OpExtInst %void %2 DebugLine %15 %uint_191 %uint_191 %uint_5 %uint_6,,,,,,,,,,,
5873,%2567 = OpExtInst %void %2 DebugDeclare %ambient %658 %101,,,,,,,,,,,
,float3 ambient = 0.0; //(kD * diffuseIBL) * ao;,,,,,,,,,,,
5874,OpStore %658 %1252,,,,,,,,,,,
5875,%2569 = OpExtInst %void %2 DebugLine %15 %uint_192 %uint_192 %uint_5 %uint_6,,,,,,,,,,,
5876,%2571 = OpExtInst %void %2 DebugDeclare %color %659 %101,,,,,,,,,,,
,float3 color = ambient + Lo + GI * kD * albedo.rgb;,4954,Selected,1676,Miscellaneous,1448,Wait,886,30,,,15
5877,%2572 = OpFMul %v3float %GI_0 %kD_1,1781,Selected,832,Miscellaneous,630,Wait,276,30,3,,15
5878,%2573 = OpFMul %v3float %2572 %1163,,,,,,,,,,,
5879,%2574 = OpLoad %v3float %Lo,,,,,,,,,,,
5880,%color_0 = OpFAdd %v3float %2574 %2573,3173,Selected,844,Miscellaneous,818,Wait,610,30,3,,9
5881,OpStore %659 %color_0,,,,,,,,,,,
5882,%4903 = OpExtInst %void %2 DebugLine %15 %uint_194 %uint_194 %uint_5 %uint_6,,,,,,,,,,,
,"output.color = float4(color, 1.0);",,,,,,,,,,,
5883,%2580 = OpCompositeConstruct %v4float %color_0 %float_1,,,,,,,,,,,
5884,OpStore %9184 %2580,,,,,,,,,,,
5885,OpStore %9165 %2580,,,,,,,,,,,
5886,%4908 = OpExtInst %void %2 DebugLine %15 %uint_195 %uint_195 %uint_5 %uint_6,,,,,,,,,,,
,"output.roughness_metal = float4(roughness.r, metallic.r, 0.0, 1.0);",,,,,,,,,,,
5887,%2587 = OpCompositeConstruct %v4float %2504 %1243 %float_0 %float_1,,,,,,,,,,,
5888,OpStore %9185 %2587,,,,,,,,,,,
5889,OpStore %9166 %2587,,,,,,,,,,,
5890,%4914 = OpExtInst %void %2 DebugLine %15 %uint_196 %uint_196 %uint_5 %uint_6,,,,,,,,,,,
,"output.worldNormal = float4(N * 0.5 + 0.5, 1.0);",2240,Selected,1087,Wait,559,Math Pipe Throttle,316,30,,,20
5891,%2595 = OpVectorTimesScalar %v3float %2500 %float_0_5,,,,,,,,,,,
5892,%2597 = OpFAdd %v3float %2595 %9290,2240,Selected,1087,Wait,559,Math Pipe Throttle,316,30,4,,20
5893,%2598 = OpCompositeConstruct %v4float %2597 %float_1,,,,,,,,,,,
5894,OpStore %9186 %2598,,,,,,,,,,,
5895,OpStore %9167 %2598,,,,,,,,,,,
5896,%4923 = OpExtInst %void %2 DebugLine %15 %uint_197 %uint_197 %uint_5 %uint_6,,,,,,,,,,,
,return output;,7151,Branch Resolving,2580,Selected,2048,Wait,1139,30,,,22
5897,OpStore %entryPointParam_fragMain_color %2580,725,Wait,331,Selected,316,Not Selected,40,30,1,,2
5898,OpStore %entryPointParam_fragMain_roughness_metal %2587,970,Selected,969,Dispatch Stall,1,,,30,4,,20
5899,OpStore %entryPointParam_fragMain_worldNormal %2598,950,Miscellaneous,709,Selected,233,Math Pipe Throttle,6,30,1,,22
5900,%9632 = OpExtInst %void %2 DebugNoLine,,,,,,,,,,,
5901,%9633 = OpExtInst %void %2 DebugNoScope,,,,,,,,,,,
5902,OpStore %6027 %true,,,,,,,,,,,
5903,%9634 = OpExtInst %void %2 DebugScope %687,,,,,,,,,,,
5904,%4928 = OpExtInst %void %2 DebugLine %15 %uint_197 %uint_197 %uint_5 %uint_6,,,,,,,,,,,
5905,OpBranch %6025,4506,Branch Resolving,2580,Wait,808,Drain,588,30,6,,1
5906,%6025 = OpLabel,,,,,,,,,,,
5907,OpReturn,,,,,,,,,,,
5908,OpFunctionEnd,,,,,,,,,,,
5909,,,,,,,,,,,,
