#,Source,Total Samples,Samples,Top Stall #1 (Type),Top Stall #1 (Samples),Top Stall #2 (Type),Top Stall #2 (Samples),Top Stall #3 (Type),Top Stall #3 (Samples),Active Threads Per Warp,Instruction Mix,Dependency-Attributed Samples,Live Registers
,common.slang,,,,,,,,,
1,"// Per-instance data stored in a GPU buffer, indexed by SV_InstanceID + firstInstance",,,,,,,,,,,,
2,struct LitInstanceData {,,,,,,,,,,,,
3,uint modelMatrixIndex;,,,,,,,,,,,,
4,uint albedoTextureIndex;,,,,,,,,,,,,
5,uint roughnessTextureIndex;,,,,,,,,,,,,
6,uint metallicTextureIndex;,,,,,,,,,,,,
7,uint normalTextureIndex;,,,,,,,,,,,,
8,uint environmentMapIndex;,,,,,,,,,,,,
9,float maxEnvMips;,,,,,,,,,,,,
10,uint materialFlags;,,,,,,,,,,,,
11,float metallic;,,,,,,,,,,,,
12,float roughness;,,,,,,,,,,,,
13,float alphaCutoff;,,,,,,,,,,,,
14,uint padding;,,,,,,,,,,,,
15,};,,,,,,,,,,,,
16,,,,,,,,,,,,,
17,struct LitMeshDrawData {,,,,,,,,,,,,
18,uint vertexAllocationOffset;,,,,,,,,,,,,
19,uint vertexOffset;,,,,,,,,,,,,
20,uint vertexStride;,,,,,,,,,,,,
21,uint firstInstance; // base offset into LitInstanceData[] for this draw's instances,,,,,,,,,,,,
22,};,,,,,,,,,,,,
23,,,,,,,,,,,,,
24,// Frame-level push constants (same for all draws in a drawIndexedIndirect call),,,,,,,,,,,,
25,// Pointer fields map to 64-bit PhysicalStorageBuffer addresses (binary-compatible with uint64_t on CPU),,,,,,,,,,,,
26,struct LitPushConstants {,,,,,,,,,,,,
27,float*              vertexBuffer;,,,,,,,,,,,,
28,float4x4*           modelMatrices;,,,,,,,,,,,,
29,Light*              lights;,,,,,,,,,,,,
30,LitInstanceData*    litInstanceData;,,,,,,,,,,,,
31,LitMeshDrawData*    litMeshDrawData;,,,,,,,,,,,,
32,LitPass*            litPassData;,,,,,,,,,,,,
33,"// Added to SV_DrawIndex for per-draw lookups. SV_DrawIndex restarts at 0 for each indirect call,",,,,,,,,,,,,
34,// so the lit pass sets this to the pipeline range's first command index (0 for the prepass).,,,,,,,,,,,,
35,uint                drawIDOffset;,,,,,,,,,,,,
36,float               time;,,,,,,,,,,,,
37,};,,,,,,,,,,,,
38,,,,,,,,,,,,,
39,struct LitPass {,,,,,,,,,,,,
40,uint samplerIndex;,,,,,,,,,,,,
41,uint lightCount;,,,,,,,,,,,,
42,uint shadowSamplerIndex;,,,,,,,,,,,,
43,uint shadowAtlasIndex;,,,,,,,,,,,,
44,float3 cameraPos;,,,,,,,,,,,,
45,uint voxelTextureIndex;,,,,,,,,,,,,
46,float3 cameraForward;,,,,,,,,,,,,
47,uint voxelSamplerIndex;,,,,,,,,,,,,
48,float4x4 viewProjection;,,,,,,,,,,,,
49,float4x4 prevViewProjection;,,,,,,,,,,,,
50,float4x4 voxelViewProjection; // world -> voxel grid clip,,,,,,,,,,,,
51,uint voxelResolution;,,,,,,,,,,,,
52,float voxelWorldExtent;,,,,,,,,,,,,
53,// VXGI cone-trace tuning (GUI sliders),,,,,,,,,,,,
54,uint giHemisphereRays; // side cones at 60° (0..5); the normal cone always runs,,,,,,,,,,,,
55,uint giMaxSteps;       // taps per cone,,,,,,,,,,,,
56,uint giFetchBatch;     // taps issued per batch,,,,,,,,,,,,
57,"uint giMode;           // 0 = per-pixel cone trace, 1 = ambient-cube lookup",,,,,,,,,,,,
58,"uint giIrradianceIndices[6]; // per-face irradiance volumes, VOXEL_FACE_DIRS order",,,,,,,,,,,,
59,float giStrength;,,,,,,,,,,,,
60,float giSkyIntensity;  // cone-miss sky radiance scale (skyboxIntensity * vxgi.skyStrength),,,,,,,,,,,,
61,};,,,,,,,,,,,,
62,,,,,,,,,,,,,
63,struct Cascade {,,,,,,,,,,,,
64,float4x4 lightSpaceMatrix;,,,,,,,,,,,,
65,float4 shadowAtlasRange;,,,,,,,,,,,,
66,float splitDistance;,,,,,,,,,,,,
67,float texelSize;,,,,,,,,,,,,
68,float worldTexelSize;,,,,,,,,,,,,
69,float _padding; // pads stride to 96 to match C++ sizeof(GPUCascade) under scalarBlockLayout,,,,,,,,,,,,
70,};,,,,,,,,,,,,
71,,,,,,,,,,,,,
72,struct ShadowMap {,,,,,,,,,,,,
73,float4x4 lightSpaceMatrix;,,,,,,,,,,,,
74,float4 shadowAtlasRange;,,,,,,,,,,,,
75,};,,,,,,,,,,,,
76,,,,,,,,,,,,,
77,enum LightType {,,,,,,,,,,,,
78,"Point,",,,,,,,,,,,,
79,"Directional,",,,,,,,,,,,,
80,"Spot,",,,,,,,,,,,,
81,"Area,",,,,,,,,,,,,
82,};,,,,,,,,,,,,
83,,,,,,,,,,,,,
84,struct Light {,,,,,,,,,,,,
85,LightType type;,,,,,,,,,,,,
86,float3 position;,,,,,,,,,,,,
87,float3 direction;,,,,,,,,,,,,
88,float range;,,,,,,,,,,,,
89,float intensity;,,,,,,,,,,,,
90,uint padding[3];,,,,,,,,,,,,
91,float4 color;,,,,,,,,,,,,
92,int castsShadows;,,,,,,,,,,,,
93,int showCascades;,,,,,,,,,,,,
94,uint numCascades;,,,,,,,,,,,,
95,uint shadowResolution;,,,,,,,,,,,,
96,Cascade cascades[3];,,,,,,,,,,,,
97,ShadowMap shadowMaps[6];,,,,,,,,,,,,
98,};,,,,,,,,,,,,
99,,,,,,,,,,,,,
100,struct Vertex,,,,,,,,,,,,
101,{,,,,,,,,,,,,
102,float3 position;,,,,,,,,,,,,
103,float3 normal;,,,,,,,,,,,,
104,float2 texCoord;,,,,,,,,,,,,
105,float3 tangent;,,,,,,,,,,,,
106,};,,,,,,,,,,,,
107,,,,,,,,,,,,,
108,struct Particle {,,,,,,,,,,,,
109,float3 position;,,,,,,,,,,,,
110,float age;,,,,,,,,,,,,
111,float3 velocity;,,,,,,,,,,,,
112,float lifespan;,,,,,,,,,,,,
113,float rotation;,,,,,,,,,,,,
114,float angularVelocity;,,,,,,,,,,,,
115,float size;,,,,,,,,,,,,
116,uint seed; // also drives animation index,,,,,,,,,,,,
117,uint emitterIdx;,,,,,,,,,,,,
118,};,,,,,,,,,,,,
119,struct VertexOutput,,,,,,,,,,,,
120,{,,,,,,,,,,,,
121,float4 position : SV_Position;,,,,,,,,,,,,
122,float3 worldPos : WORLD_POS;,,,,,,,,,,,,
123,float3 normal : NORMAL;,,,,,,,,,,,,
124,float2 texCoord : TEXCOORD0;,,,,,,,,,,,,
125,float3 tangent : TANGENT;,,,,,,,,,,,,
126,float3 bitangent : BITANGENT;,,,,,,,,,,,,
127,nointerpolation uint drawID : DRAW_ID;,,,,,,,,,,,,
128,nointerpolation uint instanceID : INSTANCE_ID;,,,,,,,,,,,,
129,};,,,,,,,,,,,,
130,,,,,,,,,,,,,
131,// Shared descriptor bindings,,,,,,,,,,,,
132,[[vk::push_constant]],,,,,,,,,,,,
133,ConstantBuffer<LitPushConstants> pc;,,,,,,,,,,,,
134,,,,,,,,,,,,,
135,"[[vk::binding(0,0)]]",,,,,,,,,,,,
136,Texture2D textures[];,,,,,,,,,,,,
137,,,,,,,,,,,,,
138,"[[vk::binding(1,0)]]",,,,,,,,,,,,
139,TextureCube cubemaps[];,,,,,,,,,,,,
140,,,,,,,,,,,,,
141,"[[vk::binding(2,0)]]",,,,,,,,,,,,
142,SamplerState samplers[];,,,,,,,,,,,,
143,,,,,,,,,,,,,
144,"[[vk::binding(3,0)]]",,,,,,,,,,,,
145,SamplerComparisonState shadowCmpSampler;,,,,,,,,,,,,
146,,,,,,,,,,,,,
147,,,,,,,,,,,,,
148,,,,,,,,,,,,,
149,"float calculateDirectionalShadow(float3 fragWorldPos, float3 cameraPos, float3 cameraForward, float3 geometricNormal, float3 L, Light* light, uint shadowAtlasIdx)",,,,,,,,,,,,
150,{,,,,,,,,,,,,
151,"float viewDepth = dot(fragWorldPos - cameraPos, cameraForward);",,,,,,,,,,,,
152,,,,,,,,,,,,,
153,int cascadeIndex = int(light.numCascades) - 1;,,,,,,,,,,,,
154,for (int i = 0; i < int(light.numCascades); i++) {,,,,,,,,,,,,
155,if (viewDepth < light.cascades[i].splitDistance) {,,,,,,,,,,,,
156,cascadeIndex = i;,,,,,,,,,,,,
157,break;,,,,,,,,,,,,
158,},,,,,,,,,,,,
159,},,,,,,,,,,,,
160,if( light.showCascades>0){,,,,,,,,,,,,
161,return cascadeIndex;,,,,,,,,,,,,
162,},,,,,,,,,,,,
163,,,,,,,,,,,,,
164,// Walk outward from the split-selected cascade; if the sample lands outside,,,,,,,,,,,,
165,"// a tile's bounds, try the next-larger cascade rather than returning lit.",,,,,,,,,,,,
166,// This prevents block-shaped unshadowed regions on jittered volume samples,,,,,,,,,,,,
167,// near cascade XY edges.,,,,,,,,,,,,
168,for (int c = cascadeIndex; c < int(light.numCascades); c++) {,,,,,,,,,,,,
169,Cascade cascade = light.cascades[c];,,,,,,,,,,,,
170,,,,,,,,,,,,,
171,"float NdotL = abs(dot(geometricNormal, normalize(L + float3(1e-8))));",,,,,,,,,,,,
172,float normalOffset = cascade.worldTexelSize * (1.0 - NdotL) * 2.0;,,,,,,,,,,,,
173,float3 biasedPos = fragWorldPos + geometricNormal * normalOffset;,,,,,,,,,,,,
174,,,,,,,,,,,,,
175,"float4 fragPosLightSpace = mul(cascade.lightSpaceMatrix, float4(biasedPos, 1.0));",,,,,,,,,,,,
176,float3 projCoords = fragPosLightSpace.xyz / fragPosLightSpace.w;,,,,,,,,,,,,
177,projCoords.x = projCoords.x * 0.5 + 0.5;,,,,,,,,,,,,
178,projCoords.y = projCoords.y * 0.5 + 0.5;,,,,,,,,,,,,
179,,,,,,,,,,,,,
180,float texelSize = cascade.texelSize;,,,,,,,,,,,,
181,if (projCoords.x < texelSize || projCoords.x > 1.0 - texelSize ||,,,,,,,,,,,,
182,projCoords.y < texelSize || projCoords.y > 1.0 - texelSize ||,,,,,,,,,,,,
183,projCoords.z < 0.0 || projCoords.z > 1.0) {,,,,,,,,,,,,
184,continue;,,,,,,,,,,,,
185,},,,,,,,,,,,,
186,,,,,,,,,,,,,
187,float currentDepth = projCoords.z - 0.0001f;,,,,,,,,,,,,
188,,,,,,,,,,,,,
189,float2 rangeMin  = cascade.shadowAtlasRange.xy;,,,,,,,,,,,,
190,float2 rangeSpan = cascade.shadowAtlasRange.zw - cascade.shadowAtlasRange.xy;,,,,,,,,,,,,
191,,,,,,,,,,,,,
192,float2 atlasUV = rangeMin + projCoords.xy * rangeSpan;,,,,,,,,,,,,
193,float lit = textures[shadowAtlasIdx].SampleCmpLevelZero(,,,,,,,,,,,,
194,"shadowCmpSampler,",,,,,,,,,,,,
195,"atlasUV,",,,,,,,,,,,,
196,currentDepth,,,,,,,,,,,,
197,);,,,,,,,,,,,,
198,return 1.0 - lit;,,,,,,,,,,,,
199,},,,,,,,,,,,,
200,return 0.0;,,,,,,,,,,,,
201,},,,,,,,,,,,,
202,,,,,,,,,,,,,
203,"float calculatePointShadow(float3 fragWorldPos, float3 geometricNormal, float3 L, Light* light, uint shadowAtlasIdx)",,,,,,,,,,,,
204,{,,,,,,,,,,,,
205,float3 fragToLight = fragWorldPos - light.position;,,,,,,,,,,,,
206,float3 absDir = abs(fragToLight);,,,,,,,,,,,,
207,,,,,,,,,,,,,
208,int faceIndex;,,,,,,,,,,,,
209,if (absDir.x >= absDir.y && absDir.x >= absDir.z) {,,,,,,,,,,,,
210,faceIndex = fragToLight.x > 0.0 ? 0 : 1;,,,,,,,,,,,,
211,} else if (absDir.y >= absDir.x && absDir.y >= absDir.z) {,,,,,,,,,,,,
212,faceIndex = fragToLight.y > 0.0 ? 2 : 3;,,,,,,,,,,,,
213,} else {,,,,,,,,,,,,
214,faceIndex = fragToLight.z > 0.0 ? 4 : 5;,,,,,,,,,,,,
215,},,,,,,,,,,,,
216,,,,,,,,,,,,,
217,ShadowMap face = light.shadowMaps[faceIndex];,,,,,,,,,,,,
218,,,,,,,,,,,,,
219,"float NdotL = saturate(abs(dot(geometricNormal, L)));",,,,,,,,,,,,
220,float normalOffset = (1.0 - NdotL) * light.range / float(light.shadowResolution);,,,,,,,,,,,,
221,float3 biasedPos = fragWorldPos + geometricNormal * normalOffset;,,,,,,,,,,,,
222,,,,,,,,,,,,,
223,"float4 fragPosLightSpace = mul(face.lightSpaceMatrix, float4(biasedPos, 1.0));",,,,,,,,,,,,
224,float3 projCoords = fragPosLightSpace.xyz / fragPosLightSpace.w;,,,,,,,,,,,,
225,projCoords.x = projCoords.x * 0.5 + 0.5;,,,,,,,,,,,,
226,projCoords.y = projCoords.y * 0.5 + 0.5;,,,,,,,,,,,,
227,,,,,,,,,,,,,
228,float texelSize = 1.0 / float(light.shadowResolution);,,,,,,,,,,,,
229,if (projCoords.z < 0.0 || projCoords.z > 1.0) {,,,,,,,,,,,,
230,return 0.0;,,,,,,,,,,,,
231,},,,,,,,,,,,,
232,"projCoords.xy = clamp(projCoords.xy, 0.5 * texelSize, 1.0 - 0.5 * texelSize);",,,,,,,,,,,,
233,,,,,,,,,,,,,
234,float currentDepth = projCoords.z - 0.0001f;,,,,,,,,,,,,
235,,,,,,,,,,,,,
236,float2 rangeMin  = face.shadowAtlasRange.xy;,,,,,,,,,,,,
237,float2 rangeSpan = face.shadowAtlasRange.zw - face.shadowAtlasRange.xy;,,,,,,,,,,,,
238,,,,,,,,,,,,,
239,float2 atlasUV = rangeMin + projCoords.xy * rangeSpan;,,,,,,,,,,,,
240,float lit = textures[shadowAtlasIdx].SampleCmpLevelZero(,,,,,,,,,,,,
241,"shadowCmpSampler,",,,,,,,,,,,,
242,"atlasUV,",,,,,,,,,,,,
243,currentDepth,,,,,,,,,,,,
244,);,,,,,,,,,,,,
245,return 1.0 - lit;,,,,,,,,,,,,
246,},,,,,,,,,,,,
247,,,,,,,,,,,,,
248,"float calculateShadow(float3 fragWorldPos, float3 cameraPos, float3 cameraForward, float3 geometricNormal, float3 L, Light* light, uint shadowAtlasIdx)",,,,,,,,,,,,
249,{,,,,,,,,,,,,
250,if (light.type == LightType::Directional) {,,,,,,,,,,,,
251,"return calculateDirectionalShadow(fragWorldPos, cameraPos, cameraForward, geometricNormal, L, light, shadowAtlasIdx);",,,,,,,,,,,,
252,} else if (light.type == LightType::Point) {,,,,,,,,,,,,
253,"return calculatePointShadow(fragWorldPos, geometricNormal, L, light, shadowAtlasIdx);",,,,,,,,,,,,
254,},,,,,,,,,,,,
255,return 0.0;,,,,,,,,,,,,
256,},,,,,,,,,,,,
257,,,,,,,,,,,,,
258,// Shadow lookup for voxel radiance injection. Directional lights sample the dedicated VXGI,,,,,,,,,,,,
259,"// tile (shadowMaps[0], fit around the voxel volume) instead of the camera-driven cascades,",,,,,,,,,,,,
260,// so injected radiance doesn't shift with the view. Point lights use the regular cube faces.,,,,,,,,,,,,
261,"float calculateVXGIShadow(float3 fragWorldPos, float3 geometricNormal, float3 L, Light* light, uint shadowAtlasIdx)",,,,,,,,,,,,
262,{,,,,,,,,,,,,
263,if (light.type == LightType::Point) {,,,,,,,,,,,,
264,"return calculatePointShadow(fragWorldPos, geometricNormal, L, light, shadowAtlasIdx);",,,,,,,,,,,,
265,},,,,,,,,,,,,
266,,,,,,,,,,,,,
267,ShadowMap map = light.shadowMaps[0];,,,,,,,,,,,,
268,,,,,,,,,,,,,
269,// ~one voxel of normal offset against acne; the tile has no per-cascade texel metadata.,,,,,,,,,,,,
270,"float NdotL = saturate(abs(dot(geometricNormal, L)));",,,,,,,,,,,,
271,float3 biasedPos = fragWorldPos + geometricNormal * (1.0 - NdotL) * 0.2;,,,,,,,,,,,,
272,,,,,,,,,,,,,
273,"float4 fragPosLightSpace = mul(map.lightSpaceMatrix, float4(biasedPos, 1.0));",,,,,,,,,,,,
274,float3 projCoords = fragPosLightSpace.xyz / fragPosLightSpace.w;,,,,,,,,,,,,
275,projCoords.x = projCoords.x * 0.5 + 0.5;,,,,,,,,,,,,
276,projCoords.y = projCoords.y * 0.5 + 0.5;,,,,,,,,,,,,
277,,,,,,,,,,,,,
278,if (projCoords.z < 0.0 || projCoords.z > 1.0) {,,,,,,,,,,,,
279,return 0.0;,,,,,,,,,,,,
280,},,,,,,,,,,,,
281,// Half-texel clamp keeps the lookup inside the tile (VXGI_DIRECTIONAL_SHADOW_RESOLUTION).,,,,,,,,,,,,
282,float texelSize = 1.0 / 256.0;,,,,,,,,,,,,
283,"projCoords.xy = clamp(projCoords.xy, 0.5 * texelSize, 1.0 - 0.5 * texelSize);",,,,,,,,,,,,
284,,,,,,,,,,,,,
285,float currentDepth = projCoords.z - 0.0001f;,,,,,,,,,,,,
286,,,,,,,,,,,,,
287,float2 rangeMin  = map.shadowAtlasRange.xy;,,,,,,,,,,,,
288,float2 rangeSpan = map.shadowAtlasRange.zw - map.shadowAtlasRange.xy;,,,,,,,,,,,,
289,,,,,,,,,,,,,
290,float2 atlasUV = rangeMin + projCoords.xy * rangeSpan;,,,,,,,,,,,,
291,float lit = textures[shadowAtlasIdx].SampleCmpLevelZero(,,,,,,,,,,,,
292,"shadowCmpSampler,",,,,,,,,,,,,
293,"atlasUV,",,,,,,,,,,,,
294,currentDepth,,,,,,,,,,,,
295,);,,,,,,,,,,,,
296,return 1.0 - lit;,,,,,,,,,,,,
297,},,,,,,,,,,,,
298,,,,,,,,,,,,,
299,"float3 reconstructPixelRayDir(float2 uv, float4x4 view, float proj00, float proj11) {",,,,,,,,,,,,
300,float2 ndc = uv * 2.0 - 1.0;,,,,,,,,,,,,
301,"float3 viewRay = float3(ndc.x / proj00, ndc.y / proj11, -1.0);",,,,,,,,,,,,
302,"return normalize(mul(viewRay, (float3x3)view));",,,,,,,,,,,,
303,},,,,,,,,,,,,
304,,,,,,,,,,,,,
305,"float3 reconstructViewPos(float2 uv, float depth, float4x4 invProjection) {",,,,,,,,,,,,
306,"float4 clip = float4(uv * 2.0 - 1.0, depth, 1.0);",495,495,Wait,162,Not Selected,110,Selected,102,30,3,,30
307,"float4 view = mul(invProjection, clip);",3912,3912,Long Scoreboard,2221,Wait,637,Selected,494,30,16,,30
308,return view.xyz / view.w;,680,680,Wait,192,MIO Throttle,175,Not Selected,134,30,4,0,28
309,},,,,,,,,,,,,
310,,,,,,,,,,,,,
311,"float3 calculateViewSpaceNormal(uint depthIndex,uint depthSamplerIndex, float4x4 invProjection, float2 texelSize, float2 uv, float3 fragPos) {",,,,,,,,,,,,
312,"float3 posRight = reconstructViewPos(uv + float2(texelSize.x, 0.0),",,,,,,,,,,,,
313,"textures[depthIndex].Sample(samplers[depthSamplerIndex], uv + float2(texelSize.x, 0.0)).r, invProjection);",,,,,,,,,,,,
314,"float3 posLeft = reconstructViewPos(uv - float2(texelSize.x, 0.0),",,,,,,,,,,,,
315,"textures[depthIndex].Sample(samplers[depthSamplerIndex], uv - float2(texelSize.x, 0.0)).r, invProjection);",,,,,,,,,,,,
316,"float3 posUp = reconstructViewPos(uv + float2(0.0, texelSize.y),",,,,,,,,,,,,
317,"textures[depthIndex].Sample(samplers[depthSamplerIndex], uv + float2(0.0, texelSize.y)).r, invProjection);",,,,,,,,,,,,
318,"float3 posDown = reconstructViewPos(uv - float2(0.0, texelSize.y),",,,,,,,,,,,,
319,"textures[depthIndex].Sample(samplers[depthSamplerIndex], uv - float2(0.0, texelSize.y)).r, invProjection);",,,,,,,,,,,,
320,,,,,,,,,,,,,
321,// Use the smaller delta to avoid artifacts at edges,,,,,,,,,,,,
322,float3 dx = (abs(posRight.z - fragPos.z) < abs(fragPos.z - posLeft.z)) ? (posRight - fragPos) : (fragPos - posLeft);,,,,,,,,,,,,
323,float3 dy = (abs(posUp.z - fragPos.z) < abs(fragPos.z - posDown.z)) ? (posUp - fragPos) : (fragPos - posDown);,,,,,,,,,,,,
324,"return normalize(cross(dx, dy));",,,,,,,,,,,,
325,},,,,,,,,,,,,
326,,,,,,,,,,,,,
327,"Vertex loadVertex(float* buffer, uint vertexIndex, uint stride, uint offset)",,,,,,,,,,,,
328,{,,,,,,,,,,,,
329,Vertex vert;,,,,,,,,,,,,
330,,,,,,,,,,,,,
331,// stride is in bytes; float* arithmetic is in units of 4 bytes,,,,,,,,,,,,
332,uint floatOffset = (offset + vertexIndex * stride) / 4;,,,,,,,,,,,,
333,float* v = buffer + floatOffset;,,,,,,,,,,,,
334,,,,,,,,,,,,,
335,"vert.position = float3(v[0], v[1], v[2]);",,,,,,,,,,,,
336,"vert.normal   = float3(v[3], v[4], v[5]);",,,,,,,,,,,,
337,"vert.tangent  = float3(v[6], v[7], v[8]);",,,,,,,,,,,,
338,// v[9] = materialIndex — skip,,,,,,,,,,,,
339,"vert.texCoord = float2(v[10], v[11]);",,,,,,,,,,,,
340,,,,,,,,,,,,,
341,return vert;,,,,,,,,,,,,
342,},,,,,,,,,,,,
343,,,,,,,,,,,,,
344,float3 getPosFromMM(int index){,,,,,,,,,,,,
345,float4x4 mat = pc.modelMatrices[index];,,,,,,,,,,,,
346,"return float3(mat[0].w, mat[1].w, mat[2].w);",,,,,,,,,,,,
347,},,,,,,,,,,,,
348,,,,,,,,,,,,,
349,"VertexOutput litVertMain(uint vertexID, uint instanceID, uint drawID)",,,,,,,,,,,,
350,{,,,,,,,,,,,,
351,LitMeshDrawData mesh = pc.litMeshDrawData[drawID + pc.drawIDOffset];,,,,,,,,,,,,
352,uint absInstance = mesh.firstInstance + instanceID;,,,,,,,,,,,,
353,LitInstanceData draw = pc.litInstanceData[absInstance];,,,,,,,,,,,,
354,,,,,,,,,,,,,
355,"Vertex vertex = loadVertex(pc.vertexBuffer, vertexID, mesh.vertexStride, mesh.vertexOffset);",,,,,,,,,,,,
356,,,,,,,,,,,,,
357,float4x4 modelMatrix = pc.modelMatrices[draw.modelMatrixIndex];,,,,,,,,,,,,
358,VertexOutput output;,,,,,,,,,,,,
359,"float4 worldPos = mul(modelMatrix, float4(vertex.position, 1.0));",,,,,,,,,,,,
360,output.worldPos = worldPos.xyz;,,,,,,,,,,,,
361,"output.position = mul(pc.litPassData.viewProjection, worldPos);",,,,,,,,,,,,
362,"output.normal = mul((float3x3)modelMatrix, vertex.normal);",,,,,,,,,,,,
363,output.texCoord = vertex.texCoord;,,,,,,,,,,,,
364,"output.tangent = normalize(mul((float3x3)modelMatrix, vertex.tangent));",,,,,,,,,,,,
365,"output.bitangent = normalize(cross(output.normal, output.tangent));",,,,,,,,,,,,
366,output.drawID = drawID;,,,,,,,,,,,,
367,output.instanceID = absInstance;,,,,,,,,,,,,
368,return output;,,,,,,,,,,,,
369,},,,,,,,,,,,,
370,,,,,,,,,,,,,
371,uint pcgHash(uint x) {,,,,,,,,,,,,
372,uint state = x * 747796405u + 2891336453u;,,,,,,,,,,,,
373,uint word = ((state >> ((state >> 28u) + 4u)) ^ state) * 277803737u;,,,,,,,,,,,,
374,return (word >> 22u) ^ word;,,,,,,,,,,,,
375,},,,,,,,,,,,,
376,,,,,,,,,,,,,
377,float rand(inout uint seed) {,,,,,,,,,,,,
378,seed = pcgHash(seed);,,,,,,,,,,,,
379,return float(seed) * (1.0 / 4294967296.0);,,,,,,,,,,,,
380,},,,,,,,,,,,,
381,,,,,,,,,,,,,
382,// 0: cubic,,,,,,,,,,,,
383,// 1: quintic,,,,,,,,,,,,
384,#define INTERPOLANT 0,,,,,,,,,,,,
385,"float hash(int2 p)  // this hash is not production ready, please",,,,,,,,,,,,
386,{                         // replace this by something better,,,,,,,,,,,,
387,// 2D -> 1D,,,,,,,,,,,,
388,int n = p.x*3 + p.y*113;,,,,,,,,,,,,
389,,,,,,,,,,,,,
390,// 1D hash by Hugo Elias,,,,,,,,,,,,
391,n = (n << 13) ^ n;,,,,,,,,,,,,
392,n = n * (n * n * 15731 + 789221) + 1376312589;,,,,,,,,,,,,
393,return -1.0+2.0*float( n & 0x0fffffff)/float(0x0fffffff);,,,,,,,,,,,,
394,},,,,,,,,,,,,
395,,,,,,,,,,,,,
396,"float mix(float x, float y, float a) {",,,,,,,,,,,,
397,return (x*(1.0f - a) + y * a);,,,,,,,,,,,,
398,},,,,,,,,,,,,
399,,,,,,,,,,,,,
400,float valueNoise(float2 p),,,,,,,,,,,,
401,{,,,,,,,,,,,,
402,int2 i = int2(floor( p ));,,,,,,,,,,,,
403,float2 f = fract( p );,,,,,,,,,,,,
404,,,,,,,,,,,,,
405,#if INTERPOLANT==1,,,,,,,,,,,,
406,// quintic interpolant,,,,,,,,,,,,
407,float2 u = f*f*f*(f*(f*6.0-15.0)+10.0);,,,,,,,,,,,,
408,#else,,,,,,,,,,,,
409,// cubic interpolant,,,,,,,,,,,,
410,float2 u = f*f*(3.0-2.0*f);,,,,,,,,,,,,
411,#endif,,,,,,,,,,,,
412,,,,,,,,,,,,,
413,"return mix( mix( hash( i + int2(0,0) ),",,,,,,,,,,,,
414,"hash( i + int2(1,0) ), u.x),",,,,,,,,,,,,
415,"mix( hash( i + int2(0,1) ),",,,,,,,,,,,,
416,"hash( i + int2(1,1) ), u.x), u.y);",,,,,,,,,,,,
417,},,,,,,,,,,,,
418,,,,,,,,,,,,,
419,// -----------------------------------------------,,,,,,,,,,,,
,pbr.slang,,,,,,,,,
1,static const float PI = 3.14159265;,,,,,,,,,,,,
2,static const float invPI = 0.31830988618;,,,,,,,,,,,,
3,,,,,,,,,,,,,
4,"float3 fresnelSchlick(float cosTheta, float3 F0)",,,,,,,,,,,,
5,{,,,,,,,,,,,,
6,"return F0 + (1.0 - F0) * pow(clamp(1.0 - cosTheta, 0.0, 1.0), 5.0);",,,,,,,,,,,,
7,},,,,,,,,,,,,
8,,,,,,,,,,,,,
9,"float3 fresnelSchlickRoughness(float cosTheta, float3 F0, float roughness)",,,,,,,,,,,,
10,{,,,,,,,,,,,,
11,"return F0 + (max(float3(1.0 - roughness), F0) - F0) * pow(clamp(1.0 - cosTheta, 0.0, 1.0), 5.0);",,,,,,,,,,,,
12,},,,,,,,,,,,,
13,,,,,,,,,,,,,
14,"float DistributionGGX(float3 N, float3 H, float roughness)",,,,,,,,,,,,
15,{,,,,,,,,,,,,
16,float a      = roughness*roughness;,,,,,,,,,,,,
17,float a2     = a*a;,,,,,,,,,,,,
18,"float NdotH  = max(dot(N, H), 0.0);",,,,,,,,,,,,
19,float NdotH2 = NdotH*NdotH;,,,,,,,,,,,,
20,,,,,,,,,,,,,
21,float num   = a2;,,,,,,,,,,,,
22,float denom = (NdotH2 * (a2 - 1.0) + 1.0);,,,,,,,,,,,,
23,denom = PI * denom * denom;,,,,,,,,,,,,
24,,,,,,,,,,,,,
25,return num / denom;,,,,,,,,,,,,
26,},,,,,,,,,,,,
27,,,,,,,,,,,,,
28,"float GeometrySchlickGGX(float NdotV, float roughness)",,,,,,,,,,,,
29,{,,,,,,,,,,,,
30,float r = (roughness + 1.0);,,,,,,,,,,,,
31,float k = (r*r) / 8.0;,,,,,,,,,,,,
32,,,,,,,,,,,,,
33,float num   = NdotV;,,,,,,,,,,,,
34,float denom = NdotV * (1.0 - k) + k;,,,,,,,,,,,,
35,,,,,,,,,,,,,
36,return num / denom;,,,,,,,,,,,,
37,},,,,,,,,,,,,
38,,,,,,,,,,,,,
39,"float GeometrySmith(float3 N, float3 V, float3 L, float roughness)",,,,,,,,,,,,
40,{,,,,,,,,,,,,
41,"float NdotV = max(dot(N, V), 0.0);",,,,,,,,,,,,
42,"float NdotL = max(dot(N, L), 0.0);",,,,,,,,,,,,
43,"float ggx2  = GeometrySchlickGGX(NdotV, roughness);",,,,,,,,,,,,
44,"float ggx1  = GeometrySchlickGGX(NdotL, roughness);",,,,,,,,,,,,
45,,,,,,,,,,,,,
46,return ggx1 * ggx2;,,,,,,,,,,,,
47,},,,,,,,,,,,,
48,,,,,,,,,,,,,
49,"float3 calculateSpecularIBL(float3 N, float3 V, float roughness, float3 F0, TextureCube envMap, SamplerState envSampler)",,,,,,,,,,,,
50,{,,,,,,,,,,,,
51,"float3 R = reflect(-V, N);",,,,,,,,,,,,
52,,,,,,,,,,,,,
53,"uint width, height, mipLevels;",,,,,,,,,,,,
54,"envMap.GetDimensions(0, width, height, mipLevels);",,,,,,,,,,,,
55,float maxMipLevel = float(mipLevels - 1);,,,,,,,,,,,,
56,,,,,,,,,,,,,
57,float mipLevel = roughness * maxMipLevel;,,,,,,,,,,,,
58,,,,,,,,,,,,,
59,"float3 prefilteredColor = envMap.SampleLevel(envSampler, R, mipLevel).rgb;",,,,,,,,,,,,
60,,,,,,,,,,,,,
61,"float NdotV = max(dot(N, V), 0.0);",,,,,,,,,,,,
62,"float3 F = fresnelSchlickRoughness(NdotV, F0, roughness);",,,,,,,,,,,,
63,,,,,,,,,,,,,
64,return prefilteredColor * F;,,,,,,,,,,,,
65,},,,,,,,,,,,,
66,,,,,,,,,,,,,
67,"float3 calculateDiffuseIBL(float3 N, float3 albedo, TextureCube envMap, float maxMip, SamplerState envSampler)",,,,,,,,,,,,
68,{,,,,,,,,,,,,
69,"float3 irradiance = envMap.SampleLevel(envSampler, N, maxMip).rgb;",,,,,,,,,,,,
70,return irradiance * albedo * invPI;,,,,,,,,,,,,
71,},,,,,,,,,,,,
72,,,,,,,,,,,,,
73,// Importance sampling: draw a half-vector from the GGX distribution,,,,,,,,,,,,
74,"// xi is a uniform random 2D sample in [0,1)^2",,,,,,,,,,,,
75,"float3 sampleGGX(float2 xi, float roughness)",,,,,,,,,,,,
76,{,,,,,,,,,,,,
77,float a = roughness * roughness;,,,,,,,,,,,,
78,float a2 = a * a;,,,,,,,,,,,,
79,float phi = 2.0 * PI * xi.x;,,,,,,,,,,,,
80,float cosTheta = sqrt((1.0 - xi.y) / (1.0 + (a2 - 1.0) * xi.y));,,,,,,,,,,,,
81,float sinTheta = sqrt(1.0 - cosTheta * cosTheta);,,,,,,,,,,,,
82,"return float3(cos(phi) * sinTheta, sin(phi) * sinTheta, cosTheta);",,,,,,,,,,,,
83,},,,,,,,,,,,,
84,,,,,,,,,,,,,
85,// Build an orthonormal basis (TBN) from a normal vector,,,,,,,,,,,,
86,float3x3 buildTBN(float3 N),,,,,,,,,,,,
87,{,,,,,,,,,,,,
88,"float3 up = abs(N.z) < 0.999 ? float3(0, 0, 1) : float3(1, 0, 0);",,,,,,,,,,,,
89,"float3 T = normalize(cross(up, N));",,,,,,,,,,,,
90,"float3 B = cross(N, T);",,,,,,,,,,,,
91,"return float3x3(T, B, N);",,,,,,,,,,,,
92,},,,,,,,,,,,,
93,,,,,,,,,,,,,
,ssr.slang,,,,,,,,,
1,import modules.common;,,,,,,,,,,,,
2,import modules.pbr;,,,,,,,,,,,,
3,,,,,,,,,,,,,
4,struct SSRPushConstants {,,,,,,,,,,,,
5,SSRPassData* passData;,,,,,,,,,,,,
6,};,,,,,,,,,,,,
7,,,,,,,,,,,,,
8,struct SSRPassData {,,,,,,,,,,,,
9,float4x4 invViewProj;,,,,,,,,,,,,
10,float4x4 viewProj;,,,,,,,,,,,,
11,float3 cameraPos;,,,,,,,,,,,,
12,uint depthIndex;,,,,,,,,,,,,
13,uint depthSamplerIndex;,,,,,,,,,,,,
14,uint colorIndex;,,,,,,,,,,,,
15,uint colorSamplerIndex;,,,,,,,,,,,,
16,uint roughnessMetalIndex;,,,,,,,,,,,,
17,uint roughnessMetalSamplerIndex;,,,,,,,,,,,,
18,uint normalIndex;,,,,,,,,,,,,
19,uint normalSamplerIndex;,,,,,,,,,,,,
20,uint _pad_resolution;,,,,,,,,,,,,
21,uint2 resolution;,,,,,,,,,,,,
22,uint hiZIndex;,,,,,,,,,,,,
23,uint hiZMipLevels;,,,,,,,,,,,,
24,float thickness;,,,,,,,,,,,,
25,float roughnessThreshold;,,,,,,,,,,,,
26,int maxSteps;,,,,,,,,,,,,
27,uint frameIndex;,,,,,,,,,,,,
28,uint hiZStopLevel;,,,,,,,,,,,,
29,};,,,,,,,,,,,,
30,,,,,,,,,,,,,
31,[[vk::push_constant]],,,,,,,,,,,,
32,ConstantBuffer<SSRPushConstants> SSRpc;,,,,,,,,,,,,
33,,,,,,,,,,,,,
34,struct VSOutput {,,,,,,,,,,,,
35,float4 position : SV_Position;,,,,,,,,,,,,
36,float2 texCoord : TEXCOORD0;,,,,,,,,,,,,
37,};,,,,,,,,,,,,
38,,,,,,,,,,,,,
39,"[shader(""vertex"")]",,,,,,,,,,,,
40,VSOutput vertMain(uint vertexID : SV_VertexID) {,,,,,,,,,,,,
41,VSOutput output;,,,,,,,,,,,,
42,"float2 uv = float2((vertexID << 1) & 2, vertexID & 2);",,,,,,,,,,,,
43,output.texCoord = uv;,,,,,,,,,,,,
44,"output.position = float4(uv * 2.0 - 1.0, 0.0, 1.0);",,,,,,,,,,,,
45,return output;,,,,,,,,,,,,
46,},,,,,,,,,,,,
47,,,,,,,,,,,,,
48,// Project world position to screen-space UV (.xy) + projected reverse-Z depth (.z).,,,,,,,,,,,,
49,float3 worldToScreen(float3 worldPos) {,,,,,,,,,,,,
50,"float4 clip = mul(SSRpc.passData.viewProj, float4(worldPos, 1.0));",6434,6434,Long Scoreboard,2471,Wait,1836,Selected,756,27,32,9457,29
51,clip.xyz /= clip.w;,405,405,MIO Throttle,195,Wait,97,Not Selected,71,27,3,36,23
52,float2 uv = clip.xy * 0.5 + 0.5;,276,276,Not Selected,102,Selected,77,Math Pipe Throttle,66,26,3,,29
53,"return float3(uv, clip.z);",,,,,,,,,,,,
54,},,,,,,,,,,,,
55,,,,,,,,,,,,,
56,struct RayTraceOutput {,,,,,,,,,,,,
57,bool Hit;,,,,,,,,,,,,
58,float2 UV;,,,,,,,,,,,,
59,};,,,,,,,,,,,,
60,,,,,,,,,,,,,
61,"// Advance the ray by a depth delta: d.z == 1, so the step lands exactly on the target plane.",,,,,,,,,,,,
62,"// Relative (from current position, not a depth-0 origin) to keep intermediates small when",,,,,,,,,,,,
63,// d.xy blows up on grazing rays.,,,,,,,,,,,,
64,"float3 intersectDepthPlane(float3 o, float3 d, float t) {",,,,,,,,,,,,
65,return o + d * t;,6210,6210,Wait,3491,Selected,1206,Not Selected,770,23,2,,30
66,},,,,,,,,,,,,
67,,,,,,,,,,,,,
68,// Get the cell (tile) index for a given position at a given mip level size,,,,,,,,,,,,
69,"float2 getCell(float2 ray, float2 cellCount) {",,,,,,,,,,,,
70,return floor(ray * cellCount);,35654,35654,Wait,17660,MIO Throttle,8496,Selected,5516,24,12,26820,32
71,},,,,,,,,,,,,
72,,,,,,,,,,,,,
73,// Find the intersection of the ray with the next cell boundary.,,,,,,,,,,,,
74,// crossOffset is a fraction of a cell (signed by travel direction) so the nudge past,,,,,,,,,,,,
75,"// the boundary scales with the level — escapes coarse cells, stays sub-pixel at fine ones.",,,,,,,,,,,,
76,"float3 intersectCellBoundary(float3 o, float3 d, float2 cellIndex, float2 cellCount, float2 crossStep, float2 crossOffset) {",,,,,,,,,,,,
77,float2 cellSize = 1.0 / cellCount;,8452,8452,MIO Throttle,2259,Wait,2039,Branch Resolving,1604,13,4,1712,28
78,float2 nextBoundary = (cellIndex + crossStep + crossOffset) * cellSize;,5597,5597,Selected,2546,Wait,1929,Miscellaneous,480,13,8,,31
79,float2 t = (nextBoundary - o.xy) / d.xy;,9612,9612,Wait,2627,Selected,2465,Short Scoreboard,1594,14,10,2,30
80,// Axis-aligned rays: ignore the parallel axis (division gave ±inf),,,,,,,,,,,,
81,t.x = d.x != 0.0 ? t.x : -1e30;,2660,2660,Wait,1233,Selected,656,Not Selected,454,14,3,,27
82,t.y = d.y != 0.0 ? t.y : -1e30;,3921,3921,Wait,2515,Selected,630,Not Selected,440,14,4,,27
83,"// Reverse-Z: the ray marches with DECREASING depth (t), so the first boundary crossed is the",,,,,,,,,,,,
84,"// largest t below the current position -> max, not min.",,,,,,,,,,,,
85,"float tMin = max(t.x, t.y);",3254,3254,Wait,1845,Selected,637,Not Selected,467,13,2,,27
86,return o + d * tMin;,5700,5700,Wait,3002,Selected,1274,Not Selected,722,14,5,,27
87,},,,,,,,,,,,,
88,,,,,,,,,,,,,
89,"// Get the cell count at a given mip level, from a hoisted base resolution.",,,,,,,,,,,,
90,"// Mip dimensions floor at each level (w >> level), so floor here to match",,,,,,,,,,,,
91,// the actual Hi-Z texel grid instead of assuming exact power-of-two division.,,,,,,,,,,,,
92,"float2 getCellCount(float level, float2 baseRes) {",,,,,,,,,,,,
93,"// clamp at 1 like mip dims do, so cellSize never divides by zero",,,,,,,,,,,,
94,"return max(floor(baseRes / exp2(level)), 1.0);",46183,46183,Short Scoreboard,17303,Wait,11118,MIO Throttle,7935,24,12,17556,28
95,},,,,,,,,,,,,
96,,,,,,,,,,,,,
97,// Fetch the nearest depth plane for a Hi-Z cell at a given mip level.,,,,,,,,,,,,
98,"// Reverse-Z: Hi-Z stores raw reverse depth max-reduced, so nearest occluder = maximum.",,,,,,,,,,,,
99,"// Load (texel fetch): no sampler, and the cell tested is exactly the cell computed —",,,,,,,,,,,,
100,// UV sampling can round into a neighboring texel at cell boundaries.,,,,,,,,,,,,
101,"float getNearestDepthPlane(Texture2D hiZ, float2 cellIdx, float level) {",,,,,,,,,,,,
102,"return hiZ.Load(int3(int2(cellIdx), int(level))).r;",39781,39781,Wait,14800,Short Scoreboard,10605,MIO Throttle,7362,23,7,253081,30
103,},,,,,,,,,,,,
104,,,,,,,,,,,,,
105,// Check if the ray crossed a cell boundary,,,,,,,,,,,,
106,"bool crossedCellBoundary(float2 oldCellIdx, float2 newCellIdx) {",,,,,,,,,,,,
107,return any(oldCellIdx != newCellIdx);,14213,14213,Short Scoreboard,8920,Selected,2085,Wait,1388,23,3,,32
108,},,,,,,,,,,,,
109,,,,,,,,,,,,,
110,/*,,,,,,,,,,,,
111,*   p is screen space point,,,,,,,,,,,,
112,*   v is screen space ray direction,,,,,,,,,,,,
113,*/,,,,,,,,,,,,
114,"// Start level: where the walk begins — lower = cheaper nearby hits, more ascent for far ones.",,,,,,,,,,,,
115,// Max level: ceiling the walk can climb back to; bounds the largest skip (2^level px).,,,,,,,,,,,,
116,// Coarser than ~6 the max-reduced plane covers so much screen the ray rarely gets to advance.,,,,,,,,,,,,
117,#define HIZ_START_LEVEL 2,,,,,,,,,,,,
118,#define HIZ_MAX_LEVEL 6,,,,,,,,,,,,
119,// Stop level is derived from the SSR resolution scale (CPU side) so one Hi-Z cell at the,,,,,,,,,,,,
120,// stop level maps to ~one output pixel — refining finer than that is wasted work.,,,,,,,,,,,,
121,,,,,,,,,,,,,
122,"float3 RayTrace(float3 p, float3 v, float jitter) {",,,,,,,,,,,,
123,// Hoist loop-invariant buffer-pointer reads into locals,,,,,,,,,,,,
124,const int maxSteps = SSRpc.passData.maxSteps;,102,102,Wait,62,LG Throttle,18,Not Selected,15,26,1,793,24
125,const float stopLevel = float(SSRpc.passData.hiZStopLevel);,435,435,MIO Throttle,168,Wait,148,Not Selected,64,26,2,1046,24
126,Texture2D hiZ = textures[SSRpc.passData.hiZIndex];,146,146,Wait,64,Selected,50,LG Throttle,14,26,2,793,26
127,const float2 baseRes = float2(SSRpc.passData.resolution);,1112,1112,Wait,439,MIO Throttle,291,Not Selected,122,26,4,105,29
128,,,,,,,,,,,,,
129,"// Depth-parameterized direction: d.z == 1, so stepping d by a depth delta lands on that",,,,,,,,,,,,
130,// plane. Reverse-Z: depth DECREASES along the ray; clamp v.z so d stays finite on,,,,,,,,,,,,
131,// depth-parallel (grazing) rays.,,,,,,,,,,,,
132,"float3 d = v / min(v.z, -1e-7);",523,523,MIO Throttle,250,Wait,101,Selected,91,26,5,,29
133,,,,,,,,,,,,,
134,"// Cell crossing direction follows v, not d: v.z < 0 flips d.xy backwards",,,,,,,,,,,,
135,"float2 crossStep = float2(v.x >= 0.0 ? 1.0 : 0.0, v.y >= 0.0 ? 1.0 : 0.0);",91,91,Selected,43,Wait,42,Not Selected,3,26,2,,25
136,float2 crossOffset = (crossStep * 2.0 - 1.0) / 128.0;,253,253,Short Scoreboard,60,Wait,59,Selected,53,26,3,,30
137,,,,,,,,,,,,,
138,// Cross out of the origin's mip 0 texel (half-texel offset) to avoid immediate,,,,,,,,,,,,
139,"// self-intersection, instead of the old fixed 1% jump that skipped nearby geometry",,,,,,,,,,,,
140,"float2 mip0CellCount = getCellCount(0.0, baseRes);",891,,,,,,,,,,,
141,"float3 ray = intersectCellBoundary(p, d, getCell(p.xy, mip0CellCount), mip0CellCount, crossStep, crossOffset * 64.0);",2191,,,,,,,,,,,
142,,,,,,,,,,,,,
143,"// Per-pixel/frame phase jitter along the ray, up to one start-level cell. Movement is",,,,,,,,,,,,
144,// along the ray line so converged hits are unaffected; only where step-starved rays,,,,,,,,,,,,
145,"// stall decorrelates, letting temporal accumulation average the blocks out.",,,,,,,,,,,,
146,"float baseT = 1.0 / max(abs(v.x) * baseRes.x, abs(v.y) * baseRes.y);",146,146,Miscellaneous,75,Selected,51,Wait,19,26,3,,30
147,ray += v * (baseT * exp2(HIZ_START_LEVEL) * jitter);,443,443,Selected,116,Wait,83,Not Selected,79,26,5,8,28
148,,,,,,,,,,,,,
149,float level = HIZ_START_LEVEL;,,,,,,,,,,,,
150,for(int i = 0; i < maxSteps && level >= stopLevel; i++) {,16574,16574,Wait,10230,Selected,4780,Not Selected,884,23,13,,27
151,"// Ray left the screen: no hit possible, stop fetching (border fade rejects the UV)",,,,,,,,,,,,
152,if(any(ray.xy < 0.0) || any(ray.xy >= 1.0)),21665,21665,Wait,11516,Selected,3331,Miscellaneous,1985,19,6,,23
153,break;,,,,,,,,,,,,
154,,,,,,,,,,,,,
155,"float2 cellCount = getCellCount(level, baseRes);",45292,,,,,,,,,,,
156,"float2 oldCellIdx = getCell(ray.xy, cellCount);",18051,,,,,,,,,,,
157,,,,,,,,,,,,,
158,"float planeZ = getNearestDepthPlane(hiZ, oldCellIdx, level);",39781,,,,,,,,,,,
159,,,,,,,,,,,,,
160,// In front of the cell's nearest plane (reverse-Z: larger = nearer): drop onto it.,,,,,,,,,,,,
161,// At or behind it: stay put and refine a level down.,,,,,,,,,,,,
162,"float3 tmpRay = intersectDepthPlane(ray, d, min(0.0, planeZ - ray.z));",237229,231019,Long Scoreboard,224422,Wait,2698,Not Selected,1384,23,2,,29
163,,,,,,,,,,,,,
164,"float2 newCellIdx = getCell(tmpRay.xy, cellCount);",16997,,,,,,,,,,,
165,"if(crossedCellBoundary(oldCellIdx, newCellIdx)) {",23176,8963,Wait,6209,Selected,2079,Not Selected,567,22,3,,30
166,// Plane lies beyond the cell: clamp to the cell boundary and go coarser,,,,,,,,,,,,
167,"tmpRay = intersectCellBoundary(ray, d, oldCellIdx, cellCount, crossStep, crossOffset);",31081,,,,,,,,,,,
168,"level = min(level + 2.0, HIZ_MAX_LEVEL + 1.0);",11205,11205,Wait,3595,Selected,2339,Branch Resolving,1872,15,4,,27
169,},,,,,,,,,,,,
170,,,,,,,,,,,,,
171,level -= 1.0;,14924,14924,Branch Resolving,9439,Wait,3787,Selected,1226,23,1,,24
172,ray = tmpRay;,,,,,,,,,,,,
173,},,,,,,,,,,,,
174,return ray;,,,,,,,,,,,,
175,},,,,,,,,,,,,
176,,,,,,,,,,,,,
177,,,,,,,,,,,,,
178,#define M1 1597334677U     //1719413*929,,,,,,,,,,,,
179,#define M2 3812015801U     //140473*2467*11,,,,,,,,,,,,
180,"// Convert roughness [0,1] to Blinn-Phong specular power",,,,,,,,,,,,
181,float roughnessToSpecularPower(float roughness) {,,,,,,,,,,,,
182,"float a = max(roughness, 0.001);",189,189,Wait,150,Selected,28,Math Pipe Throttle,5,26,1,,11
183,return 2.0 / (a * a) - 2.0;,361,361,Short Scoreboard,127,Selected,109,Wait,68,26,4,127,16
184,},,,,,,,,,,,,
185,,,,,,,,,,,,,
186,// Convert specular power to cone half-angle (radians),,,,,,,,,,,,
187,float specularPowerToConeAngle(float specularPower) {,,,,,,,,,,,,
188,// Based on the relationship between specular lobe and cone angle,,,,,,,,,,,,
189,"// At low specular power (rough) -> wide cone, high specular power (smooth) -> narrow cone",,,,,,,,,,,,
190,if (specularPower >= exp2(1024.0)),471,471,Wait,320,Selected,109,Not Selected,18,15,5,,16
191,return 0.0;,,,,,,,,,,,,
192,const float xi = 0.244;,,,,,,,,,,,,
193,"return acos(pow(xi, 1.0 / (specularPower + 1.0)));",3220,3220,Wait,1221,Short Scoreboard,1071,Selected,482,24,18,1071,16
194,},,,,,,,,,,,,
195,,,,,,,,,,,,,
196,// Opposite side length of an isoceles triangle given the adjacent (leg) length and half-angle,,,,,,,,,,,,
197,"float isoscelesTriangleOpposite(float adjacentLength, float coneTheta)",,,,,,,,,,,,
198,{,,,,,,,,,,,,
199,return 2.0f * tan(coneTheta) * adjacentLength;,1674,1674,Wait,794,Selected,481,Short Scoreboard,194,23,19,209,23
200,},,,,,,,,,,,,
201,,,,,,,,,,,,,
202,// Incircle radius of an isoceles triangle given adjacent (leg) and opposite side lengths,,,,,,,,,,,,
203,"float isoscelesTriangleInRadius(float a, float h)",,,,,,,,,,,,
204,{,,,,,,,,,,,,
205,float a2 = a * a;,,,,,,,,,,,,
206,float fh2 = 4.0f * h * h;,1329,1329,Selected,732,Wait,467,Not Selected,62,21,27,,22
207,return (a * (sqrt(a2 + fh2) - a)) / (4.0f * h);,15663,15663,Wait,6126,Short Scoreboard,5470,Selected,1946,22,73,10611,24
208,},,,,,,,,,,,,
209,,,,,,,,,,,,,
210,// Next adjacent length after stepping inward by the incircle diameter,,,,,,,,,,,,
211,"float isoscelesTriangleNextAdjacent(float adjacentLength, float inCircleSize) {",,,,,,,,,,,,
212,return adjacentLength - (inCircleSize * 2.0);,2384,2384,Wait,1663,Selected,374,Not Selected,104,21,14,,24
213,},,,,,,,,,,,,
214,,,,,,,,,,,,,
215,// Sample the color mip chain weighted for cone tracing accumulation,,,,,,,,,,,,
216,"float4 coneSampleWeightedColor(float2 samplePos, float mipChannel, float gloss) {",,,,,,,,,,,,
217,"float mip = clamp(mipChannel, 0.0, float(SSRpc.passData.hiZMipLevels - 1));",2908,2908,Wait,1700,Selected,820,Not Selected,224,21,28,,26
218,float3 color = textures[SSRpc.passData.colorIndex].SampleLevel(,3669,3669,Wait,2158,Selected,878,Long Scoreboard,293,22,34,113480,27
219,"samplers[SSRpc.passData.colorSamplerIndex], samplePos, mip).rgb;",,,,,,,,,,,,
220,"// Weight by gloss — smooth surfaces get sharper (higher weight per sample),",,,,,,,,,,,,
221,// rough surfaces spread weight across more samples,,,,,,,,,,,,
222,float weight = gloss;,,,,,,,,,,,,
223,"return float4(color * weight, weight);",115824,115824,Long Scoreboard,112873,Selected,1188,Wait,1154,21,42,,26
224,},,,,,,,,,,,,
225,,,,,,,,,,,,,
226,"float2 hash2D( uint2 q, uint seed )",,,,,,,,,,,,
227,{,,,,,,,,,,,,
228,"q *= uint2(M1, M2);",225,225,Short Scoreboard,136,Selected,52,Not Selected,21,26,2,,29
229,,,,,,,,,,,,,
230,uint n = ((q.x ^ q.y) ^ seed) * M1;,61,61,Selected,61,,,,,26,2,,29
231,,,,,,,,,,,,,
232,"return float2(float(n) * (1.0/float(0xffffffffU)),float(n+1) * (1.0/float(0xffffffffU)));",142,142,MIO Throttle,49,Wait,41,Selected,26,26,2,0,29
233,},,,,,,,,,,,,
234,,,,,,,,,,,,,
235,,,,,,,,,,,,,
236,"[shader(""fragment"")]",,,,,,,,,,,,
237,float4 fragMain(VSOutput input) : SV_Target {,,,,,,,,,,,,
238,float2 uv = input.texCoord;,3871,3871,Short Scoreboard,2838,MIO Throttle,465,Selected,388,31,8,3804,27
239,,,,,,,,,,,,,
240,"float roughness = textures[SSRpc.passData.roughnessMetalIndex].SampleLevel(samplers[SSRpc.passData.roughnessMetalSamplerIndex], uv,0).r;",6577,6577,Long Scoreboard,1793,Short Scoreboard,1455,Miscellaneous,1263,32,9,38308,6
241,,,,,,,,,,,,,
242,if (roughness > SSRpc.passData.roughnessThreshold),34143,34143,Long Scoreboard,33605,MIO Throttle,182,Selected,122,32,2,33605,5
243,"return float4(0, 0, 0, 0);",1243,1243,Wait,903,Selected,244,Math Pipe Throttle,66,15,3,,7
244,,,,,,,,,,,,,
245,"float initDepth = textures[SSRpc.passData.depthIndex].SampleLevel(samplers[SSRpc.passData.depthSamplerIndex], uv, 0).r;",4659,4659,Wait,1297,Short Scoreboard,1068,Long Scoreboard,927,30,11,18596,6
246,,,,,,,,,,,,,
247,if (initDepth <= 0.0) // reverse-Z: skybox/far = 0,16738,16738,Long Scoreboard,16601,Selected,44,Short Scoreboard,38,30,1,,6
248,"return float4(0, 0, 0, 0);",560,560,Wait,392,Selected,115,Not Selected,28,,3,,8
249,,,,,,,,,,,,,
250,// Reconstruct world position,,,,,,,,,,,,
251,"float3 worldPos = reconstructViewPos(uv, initDepth, SSRpc.passData.invViewProj);",9188,4101,LG Throttle,1623,Wait,1473,Selected,546,30,16,35536,23
252,,,,,,,,,,,,,
253,// View direction and world-space normal,,,,,,,,,,,,
254,float3 viewDir = normalize(worldPos - SSRpc.passData.cameraPos);,2549,2549,Wait,858,Short Scoreboard,418,Selected,390,30,13,7081,26
255,"float3 N = textures[SSRpc.passData.normalIndex].SampleLevel(samplers[SSRpc.passData.normalSamplerIndex], uv, 0).rgb;",2900,2900,Wait,833,Short Scoreboard,720,LG Throttle,611,30,8,11118,27
256,N = normalize(N * 2.0 - 1.0);,11193,11193,Long Scoreboard,9529,Wait,453,Short Scoreboard,416,30,10,416,16
257,,,,,,,,,,,,,
258,// World-space reflection direction,,,,,,,,,,,,
259,"float3 reflectDir = reflect(viewDir, N);",1068,1068,Wait,492,Selected,248,Not Selected,166,30,7,,16
260,,,,,,,,,,,,,
261,"if (dot(reflectDir, viewDir) < 0.0)",660,660,Wait,299,Selected,150,Not Selected,112,30,4,,16
262,"return float4(0, 0, 0, 0);",489,489,Wait,299,Selected,108,Not Selected,50,8,3,,15
263,,,,,,,,,,,,,
264,// P: screen-space origin (native reverse-Z depth),,,,,,,,,,,,
265,"float3 p = float3(uv, initDepth);",,,,,,,,,,,,
266,,,,,,,,,,,,,
267,// P': project reflected point into screen space,,,,,,,,,,,,
268,float3 pPrime = worldToScreen(worldPos + reflectDir * 10.0f);,7385,270,Selected,75,Not Selected,68,Math Pipe Throttle,61,27,3,,20
269,,,,,,,,,,,,,
270,// Screen-space ray direction for tracing,,,,,,,,,,,,
271,float3 v = pPrime - p;,352,352,Wait,134,Selected,92,Math Pipe Throttle,47,27,3,,24
272,,,,,,,,,,,,,
273,// Reject rays going toward the camera in screen-space depth (reverse-Z: nearer = larger z),,,,,,,,,,,,
274,if (v.z > 0.0),148,148,Wait,89,Math Pipe Throttle,21,Not Selected,18,27,1,,12
275,"return float4(0, 0, 0, 0);",516,516,Wait,338,Selected,90,Math Pipe Throttle,50,1,3,,14
276,,,,,,,,,,,,,
277,"float jitter = hash2D(uint2(input.position.xy), SSRpc.passData.frameIndex).x;",1631,1203,Wait,410,MIO Throttle,334,Short Scoreboard,244,26,3,929,30
278,"float3 ray = RayTrace(p, v, jitter);",448352,,,,,,,,,,,
279,"//return float4(ray,1.0);",,,,,,,,,,,,
280,float reflDepth = ray.z;,,,,,,,,,,,,
281,,,,,,,,,,,,,
282,"float4 realDepth = textures[SSRpc.passData.hiZIndex].SampleLevel(samplers[SSRpc.passData.depthSamplerIndex],ray.xy,0);",292,292,Wait,154,Selected,88,Branch Resolving,36,26,5,10486,18
283,,,,,,,,,,,,,
284,// Screen-edge fade: smoothly fade out reflections near screen borders,,,,,,,,,,,,
285,"float2 edgeFactor = smoothstep(0.0, 0.1, ray.xy) * (1.0 - smoothstep(0.9, 1.0, ray.xy));",2540,2540,Branch Resolving,1072,Selected,682,Wait,604,26,23,,19
286,"float fadeOnBorder = min(edgeFactor.x, edgeFactor.y);",147,147,Wait,123,Selected,12,Not Selected,11,26,1,,14
287,,,,,,,,,,,,,
288,if(fadeOnBorder <= 0.0),125,125,Wait,94,Selected,15,Not Selected,9,26,1,,12
289,"return float4(0,0,0,0);",436,436,Wait,308,Selected,67,Math Pipe Throttle,58,0,3,,14
290,,,,,,,,,,,,,
291,if(abs(reflDepth - realDepth.r) > SSRpc.passData.thickness),10748,10748,Long Scoreboard,10486,Selected,88,Wait,76,26,3,0,14
292,"return float4(0,0,0,0);",425,425,Wait,306,Selected,65,Math Pipe Throttle,39,0,3,,13
293,,,,,,,,,,,,,
294,float gloss = 1.0 - roughness / SSRpc.passData.roughnessThreshold;,615,615,Short Scoreboard,490,Selected,50,MIO Throttle,36,26,2,490,19
295,float specularPower = roughnessToSpecularPower(roughness);,550,,,,,,,,,,,
296,float coneTheta = specularPowerToConeAngle(specularPower);,3387,,,,,,,,,,,
297,,,,,,,,,,,,,
298,// Cone trace setup,,,,,,,,,,,,
299,float2 screenPos = uv;,,,,,,,,,,,,
300,float adjacentLength = length(ray.xy - uv);,399,399,Wait,218,Selected,126,MIO Throttle,35,26,6,73,15
301,,,,,,,,,,,,,
302,// Guard against degenerate rays (near-zero screen-space travel),,,,,,,,,,,,
303,if(adjacentLength < 1e-5),448,448,Branch Resolving,233,Wait,79,Short Scoreboard,73,26,2,,16
304,return float4(textures[SSRpc.passData.colorIndex].SampleLevel(,89,89,Wait,65,Selected,24,,,,10,0,6
305,"samplers[SSRpc.passData.colorSamplerIndex], ray.xy, 0).rgb, fadeOnBorder);",,,,,,,,,,,,
306,,,,,,,,,,,,,
307,float2 adjacentUnit = (ray.xy - uv) / adjacentLength;,391,391,Wait,166,Selected,70,Short Scoreboard,68,26,3,68,21
308,"float4 totalColor = float4(0, 0, 0, 0);",,,,,,,,,,,,
309,float glossMult = gloss;,,,,,,,,,,,,
310,float maxMipLevel = float(SSRpc.passData.hiZMipLevels - 1);,549,549,Miscellaneous,178,Long Scoreboard,124,Wait,99,26,3,227,19
311,,,,,,,,,,,,,
312,float remainingAlpha = 1.0f;,,,,,,,,,,,,
313,for(int i = 0; i < 14; i++) {,404,404,Wait,148,Branch Resolving,109,Miscellaneous,65,20,2,,8
314,,,,,,,,,,,,,
315,"float oppositeLength = isoscelesTriangleOpposite(adjacentLength, coneTheta);",1674,,,,,,,,,,,
316,,,,,,,,,,,,,
317,"float inCircleSize = isoscelesTriangleInRadius(oppositeLength, adjacentLength);",16992,,,,,,,,,,,
318,,,,,,,,,,,,,
319,float2 samplePos = screenPos.xy + adjacentUnit * (adjacentLength - inCircleSize);,1897,1897,Selected,1228,Wait,421,Short Scoreboard,88,21,42,,25
320,,,,,,,,,,,,,
321,"float mipChannel = clamp(log2(inCircleSize * max(float(SSRpc.passData.resolution.x), float(SSRpc.passData.resolution.y))), 0.0, maxMipLevel);",11777,11777,Short Scoreboard,5424,Wait,3701,Selected,1434,21,57,5409,25
322,,,,,,,,,,,,,
323,"float4 newColor = coneSampleWeightedColor(samplePos, mipChannel, glossMult);",122401,,,,,,,,,,,
324,remainingAlpha -= newColor.a;,587,587,Selected,381,Wait,158,Dispatch Stall,23,21,14,,25
325,if(remainingAlpha < 0.0) {,536,536,Selected,345,Wait,153,Dispatch Stall,22,21,14,,25
326,newColor.rgb *= (1.0 - abs(remainingAlpha));,7966,7966,Wait,5401,Selected,1542,Not Selected,569,0,56,,25
327,},,,,,,,,,,,,
328,totalColor += newColor;,5600,5600,Selected,2794,Wait,2231,Not Selected,256,21,105,,25
329,if(totalColor.a >= 1.0f) {,2007,2007,Selected,848,Wait,721,Not Selected,171,9,32,,24
330,break;,,,,,,,,,,,,
331,},,,,,,,,,,,,
332,,,,,,,,,,,,,
333,"adjacentLength = isoscelesTriangleNextAdjacent(adjacentLength, inCircleSize);",2384,,,,,,,,,,,
334,if(adjacentLength <= 0.0),8945,8945,Wait,7191,Selected,1154,Not Selected,364,14,45,,23
335,break;,,,,,,,,,,,,
336,glossMult *= gloss;,1080,1080,Miscellaneous,337,Selected,336,Math Pipe Throttle,210,21,13,,24
337,},,,,,,,,,,,,
338,,,,,,,,,,,,,
339,"float3 reflColor = totalColor.rgb / max(totalColor.a, 0.001);",1857,1857,Branch Resolving,563,Wait,377,Short Scoreboard,331,21,6,331,8
340,,,,,,,,,,,,,
341,// Fade on perpendicular rays (grazing angle reflections are stronger),,,,,,,,,,,,
342,"float fadeOnPerpendicular = saturate(dot(reflectDir, viewDir) * 4.0);",29,29,Selected,29,,,,,26,1,,7
343,,,,,,,,,,,,,
344,// Fade on roughness (quadratic falloff for more aggressive attenuation on rough surfaces),,,,,,,,,,,,
345,float minFade = 0.8;,,,,,,,,,,,,
346,float maxFade = 0.0;,,,,,,,,,,,,
347,gloss = gloss * (minFade-maxFade) + maxFade;,116,116,Selected,35,Wait,35,Not Selected,28,26,1,,8
348,float fadeOnRoughness = gloss * gloss;,34,34,Selected,34,,,,,26,1,,6
349,,,,,,,,,,,,,
350,float totalFade = fadeOnBorder * fadeOnPerpendicular * fadeOnRoughness;,253,253,Wait,149,Selected,79,Math Pipe Throttle,15,26,2,,7
351,,,,,,,,,,,,,
352,"return float4(reflColor, totalFade);",451,451,Branch Resolving,266,Wait,89,Selected,51,26,5,,1
353,},,,,,,,,,,,,
354,,,,,,,,,,,,,
#,Source,Samples,Top Stall #1 (Type),Top Stall #1 (Samples),Top Stall #2 (Type),Top Stall #2 (Samples),Top Stall #3 (Type),Top Stall #3 (Samples),Active Threads Per Warp,Instruction Mix,Dependency-Attributed Samples,Live Registers
,frag.10000.spv (50e46e1564d962dd),,,,,,,,
1,; SPIR-V,,,,,,,,,,,
2,; Version: 1.4,,,,,,,,,,,
3,; Generator: NVIDIA Slang Compiler; 0,,,,,,,,,,,
4,; Bound: 4077,,,,,,,,,,,
5,; Schema: 0,,,,,,,,,,,
6,OpCapability DrawParameters,,,,,,,,,,,
7,OpCapability PhysicalStorageBufferAddresses,,,,,,,,,,,
8,OpCapability RuntimeDescriptorArray,,,,,,,,,,,
9,OpCapability Shader,,,,,,,,,,,
10,"OpExtension ""SPV_KHR_non_semantic_info""",,,,,,,,,,,
11,"OpExtension ""SPV_KHR_physical_storage_buffer""",,,,,,,,,,,
12,"OpExtension ""SPV_EXT_descriptor_indexing""",,,,,,,,,,,
13,"%2 = OpExtInstImport ""NonSemantic.Shader.DebugInfo.100""",,,,,,,,,,,
14,"%447 = OpExtInstImport ""GLSL.std.450""",,,,,,,,,,,
15,OpMemoryModel PhysicalStorageBuffer64 GLSL450,,,,,,,,,,,
16,"OpEntryPoint Vertex %vertMain ""vertMain"" %gl_Position %entryPointParam_vertMain_texCoord %gl_VertexIndex %43",,,,,,,,,,,
17,"OpEntryPoint Fragment %fragMain ""fragMain"" %SSRpc %textures %samplers %entryPointParam_fragMain %gl_FragCoord %input_texCoord",,,,,,,,,,,
18,OpExecutionMode %fragMain OriginUpperLeft,,,,,,,,,,,
19,"%1 = OpString ""static const float PI = 3.14159265;",,,,,,,,,,,
20,static const float invPI = 0.31830988618;,,,,,,,,,,,
21,,,,,,,,,,,,
22,"float3 fresnelSchlick(float cosTheta, float3 F0)",,,,,,,,,,,
23,{,,,,,,,,,,,
24,"return F0 + (1.0 - F0) * pow(clamp(1.0 - cosTheta, 0.0, 1.0), 5.0);",,,,,,,,,,,
25,},,,,,,,,,,,
26,,,,,,,,,,,,
27,"float3 fresnelSchlickRoughness(float cosTheta, float3 F0, float roughness)",,,,,,,,,,,
28,{,,,,,,,,,,,
29,"return F0 + (max(float3(1.0 - roughness), F0) - F0) * pow(clamp(1.0 - cosTheta, 0.0, 1.0), 5.0);",,,,,,,,,,,
30,},,,,,,,,,,,
31,,,,,,,,,,,,
32,"float DistributionGGX(float3 N, float3 H, float roughness)",,,,,,,,,,,
33,{,,,,,,,,,,,
34,float a      = roughness*roughness;,,,,,,,,,,,
35,float a2     = a*a;,,,,,,,,,,,
36,"float NdotH  = max(dot(N, H), 0.0);",,,,,,,,,,,
37,float NdotH2 = NdotH*NdotH;,,,,,,,,,,,
38,,,,,,,,,,,,
39,float num   = a2;,,,,,,,,,,,
40,float denom = (NdotH2 * (a2 - 1.0) + 1.0);,,,,,,,,,,,
41,denom = PI * denom * denom;,,,,,,,,,,,
42,,,,,,,,,,,,
43,return num / denom;,,,,,,,,,,,
44,},,,,,,,,,,,
45,,,,,,,,,,,,
46,"float GeometrySchlickGGX(float NdotV, float roughness)",,,,,,,,,,,
47,{,,,,,,,,,,,
48,float r = (roughness + 1.0);,,,,,,,,,,,
49,float k = (r*r) / 8.0;,,,,,,,,,,,
50,,,,,,,,,,,,
51,float num   = NdotV;,,,,,,,,,,,
52,float denom = NdotV * (1.0 - k) + k;,,,,,,,,,,,
53,,,,,,,,,,,,
54,return num / denom;,,,,,,,,,,,
55,},,,,,,,,,,,
56,,,,,,,,,,,,
57,"float GeometrySmith(float3 N, float3 V, float3 L, float roughness)",,,,,,,,,,,
58,{,,,,,,,,,,,
59,"float NdotV = max(dot(N, V), 0.0);",,,,,,,,,,,
60,"float NdotL = max(dot(N, L), 0.0);",,,,,,,,,,,
61,"float ggx2  = GeometrySchlickGGX(NdotV, roughness);",,,,,,,,,,,
62,"float ggx1  = GeometrySchlickGGX(NdotL, roughness);",,,,,,,,,,,
63,,,,,,,,,,,,
64,return ggx1 * ggx2;,,,,,,,,,,,
65,},,,,,,,,,,,
66,,,,,,,,,,,,
67,"float3 calculateSpecularIBL(float3 N, float3 V, float roughness, float3 F0, TextureCube envMap, SamplerState envSampler)",,,,,,,,,,,
68,{,,,,,,,,,,,
69,"float3 R = reflect(-V, N);",,,,,,,,,,,
70,,,,,,,,,,,,
71,"uint width, height, mipLevels;",,,,,,,,,,,
72,"envMap.GetDimensions(0, width, height, mipLevels);",,,,,,,,,,,
73,float maxMipLevel = float(mipLevels - 1);,,,,,,,,,,,
74,,,,,,,,,,,,
75,float mipLevel = roughness * maxMipLevel;,,,,,,,,,,,
76,,,,,,,,,,,,
77,"float3 prefilteredColor = envMap.SampleLevel(envSampler, R, mipLevel).rgb;",,,,,,,,,,,
78,,,,,,,,,,,,
79,"float NdotV = max(dot(N, V), 0.0);",,,,,,,,,,,
80,"float3 F = fresnelSchlickRoughness(NdotV, F0, roughness);",,,,,,,,,,,
81,,,,,,,,,,,,
82,return prefilteredColor * F;,,,,,,,,,,,
83,},,,,,,,,,,,
84,,,,,,,,,,,,
85,"float3 calculateDiffuseIBL(float3 N, float3 albedo, TextureCube envMap, float maxMip, SamplerState envSampler)",,,,,,,,,,,
86,{,,,,,,,,,,,
87,"float3 irradiance = envMap.SampleLevel(envSampler, N, maxMip).rgb;",,,,,,,,,,,
88,return irradiance * albedo * invPI;,,,,,,,,,,,
89,},,,,,,,,,,,
90,,,,,,,,,,,,
91,// Importance sampling: draw a half-vector from the GGX distribution,,,,,,,,,,,
92,"// xi is a uniform random 2D sample in [0,1)^2",,,,,,,,,,,
93,"float3 sampleGGX(float2 xi, float roughness)",,,,,,,,,,,
94,{,,,,,,,,,,,
95,float a = roughness * roughness;,,,,,,,,,,,
96,float a2 = a * a;,,,,,,,,,,,
97,float phi = 2.0 * PI * xi.x;,,,,,,,,,,,
98,float cosTheta = sqrt((1.0 - xi.y) / (1.0 + (a2 - 1.0) * xi.y));,,,,,,,,,,,
99,float sinTheta = sqrt(1.0 - cosTheta * cosTheta);,,,,,,,,,,,
100,"return float3(cos(phi) * sinTheta, sin(phi) * sinTheta, cosTheta);",,,,,,,,,,,
101,},,,,,,,,,,,
102,,,,,,,,,,,,
103,// Build an orthonormal basis (TBN) from a normal vector,,,,,,,,,,,
104,float3x3 buildTBN(float3 N),,,,,,,,,,,
105,{,,,,,,,,,,,
106,"float3 up = abs(N.z) < 0.999 ? float3(0, 0, 1) : float3(1, 0, 0);",,,,,,,,,,,
107,"float3 T = normalize(cross(up, N));",,,,,,,,,,,
108,"float3 B = cross(N, T);",,,,,,,,,,,
109,"return float3x3(T, B, N);",,,,,,,,,,,
110,},,,,,,,,,,,
111,"""",,,,,,,,,,,
112,"%5 = OpString ""C:\\Users\\vicro\\Desktop\\vulkan-renderer\\repo\\shader-forge\\shaders\\modules\\pbr.slang""",,,,,,,,,,,
113,"%11 = OpString ""// Per-instance data stored in a GPU buffer, indexed by SV_InstanceID + firstInstance",,,,,,,,,,,
114,struct LitInstanceData {,,,,,,,,,,,
115,uint modelMatrixIndex;,,,,,,,,,,,
116,uint albedoTextureIndex;,,,,,,,,,,,
117,uint roughnessTextureIndex;,,,,,,,,,,,
118,uint metallicTextureIndex;,,,,,,,,,,,
119,uint normalTextureIndex;,,,,,,,,,,,
120,uint environmentMapIndex;,,,,,,,,,,,
121,float maxEnvMips;,,,,,,,,,,,
122,uint materialFlags;,,,,,,,,,,,
123,float metallic;,,,,,,,,,,,
124,float roughness;,,,,,,,,,,,
125,float alphaCutoff;,,,,,,,,,,,
126,uint padding;,,,,,,,,,,,
127,};,,,,,,,,,,,
128,,,,,,,,,,,,
129,struct LitMeshDrawData {,,,,,,,,,,,
130,uint vertexAllocationOffset;,,,,,,,,,,,
131,uint vertexOffset;,,,,,,,,,,,
132,uint vertexStride;,,,,,,,,,,,
133,uint firstInstance; // base offset into LitInstanceData[] for this draw's instances,,,,,,,,,,,
134,};,,,,,,,,,,,
135,,,,,,,,,,,,
136,// Frame-level push constants (same for all draws in a drawIndexedIndirect call),,,,,,,,,,,
137,// Pointer fields map to 64-bit PhysicalStorageBuffer addresses (binary-compatible with uint64_t on CPU),,,,,,,,,,,
138,struct LitPushConstants {,,,,,,,,,,,
139,float*              vertexBuffer;,,,,,,,,,,,
140,float4x4*           modelMatrices;,,,,,,,,,,,
141,Light*              lights;,,,,,,,,,,,
142,LitInstanceData*    litInstanceData;,,,,,,,,,,,
143,LitMeshDrawData*    litMeshDrawData;,,,,,,,,,,,
144,LitPass*            litPassData;,,,,,,,,,,,
145,"// Added to SV_DrawIndex for per-draw lookups. SV_DrawIndex restarts at 0 for each indirect call,",,,,,,,,,,,
146,// so the lit pass sets this to the pipeline range's first command index (0 for the prepass).,,,,,,,,,,,
147,uint                drawIDOffset;,,,,,,,,,,,
148,float               time;,,,,,,,,,,,
149,};,,,,,,,,,,,
150,,,,,,,,,,,,
151,struct LitPass {,,,,,,,,,,,
152,uint samplerIndex;,,,,,,,,,,,
153,uint lightCount;,,,,,,,,,,,
154,uint shadowSamplerIndex;,,,,,,,,,,,
155,uint shadowAtlasIndex;,,,,,,,,,,,
156,float3 cameraPos;,,,,,,,,,,,
157,uint voxelTextureIndex;,,,,,,,,,,,
158,float3 cameraForward;,,,,,,,,,,,
159,uint voxelSamplerIndex;,,,,,,,,,,,
160,float4x4 viewProjection;,,,,,,,,,,,
161,float4x4 prevViewProjection;,,,,,,,,,,,
162,float4x4 voxelViewProjection; // world -> voxel grid clip,,,,,,,,,,,
163,uint voxelResolution;,,,,,,,,,,,
164,float voxelWorldExtent;,,,,,,,,,,,
165,// VXGI cone-trace tuning (GUI sliders),,,,,,,,,,,
166,uint giHemisphereRays; // side cones at 60° (0..5); the normal cone always runs,,,,,,,,,,,
167,uint giMaxSteps;       // taps per cone,,,,,,,,,,,
168,uint giFetchBatch;     // taps issued per batch,,,,,,,,,,,
169,"uint giMode;           // 0 = per-pixel cone trace, 1 = ambient-cube lookup",,,,,,,,,,,
170,"uint giIrradianceIndices[6]; // per-face irradiance volumes, VOXEL_FACE_DIRS order",,,,,,,,,,,
171,float giStrength;,,,,,,,,,,,
172,float giSkyIntensity;  // cone-miss sky radiance scale (skyboxIntensity * vxgi.skyStrength),,,,,,,,,,,
173,};,,,,,,,,,,,
174,,,,,,,,,,,,
175,struct Cascade {,,,,,,,,,,,
176,float4x4 lightSpaceMatrix;,,,,,,,,,,,
177,float4 shadowAtlasRange;,,,,,,,,,,,
178,float splitDistance;,,,,,,,,,,,
179,float texelSize;,,,,,,,,,,,
180,float worldTexelSize;,,,,,,,,,,,
181,float _padding; // pads stride to 96 to match C++ sizeof(GPUCascade) under scalarBlockLayout,,,,,,,,,,,
182,};,,,,,,,,,,,
183,,,,,,,,,,,,
184,struct ShadowMap {,,,,,,,,,,,
185,float4x4 lightSpaceMatrix;,,,,,,,,,,,
186,float4 shadowAtlasRange;,,,,,,,,,,,
187,};,,,,,,,,,,,
188,,,,,,,,,,,,
189,enum LightType {,,,,,,,,,,,
190,"Point,",,,,,,,,,,,
191,"Directional,",,,,,,,,,,,
192,"Spot,",,,,,,,,,,,
193,"Area,",,,,,,,,,,,
194,};,,,,,,,,,,,
195,,,,,,,,,,,,
196,struct Light {,,,,,,,,,,,
197,LightType type;,,,,,,,,,,,
198,float3 position;,,,,,,,,,,,
199,float3 direction;,,,,,,,,,,,
200,float range;,,,,,,,,,,,
201,float intensity;,,,,,,,,,,,
202,uint padding[3];,,,,,,,,,,,
203,float4 color;,,,,,,,,,,,
204,int castsShadows;,,,,,,,,,,,
205,int showCascades;,,,,,,,,,,,
206,uint numCascades;,,,,,,,,,,,
207,uint shadowResolution;,,,,,,,,,,,
208,Cascade cascades[3];,,,,,,,,,,,
209,ShadowMap shadowMaps[6];,,,,,,,,,,,
210,};,,,,,,,,,,,
211,,,,,,,,,,,,
212,struct Vertex,,,,,,,,,,,
213,{,,,,,,,,,,,
214,float3 position;,,,,,,,,,,,
215,float3 normal;,,,,,,,,,,,
216,float2 texCoord;,,,,,,,,,,,
217,float3 tangent;,,,,,,,,,,,
218,};,,,,,,,,,,,
219,,,,,,,,,,,,
220,struct Particle {,,,,,,,,,,,
221,float3 position;,,,,,,,,,,,
222,float age;,,,,,,,,,,,
223,float3 velocity;,,,,,,,,,,,
224,float lifespan;,,,,,,,,,,,
225,float rotation;,,,,,,,,,,,
226,float angularVelocity;,,,,,,,,,,,
227,float size;,,,,,,,,,,,
228,uint seed; // also drives animation index,,,,,,,,,,,
229,uint emitterIdx;,,,,,,,,,,,
230,};,,,,,,,,,,,
231,struct VertexOutput,,,,,,,,,,,
232,{,,,,,,,,,,,
233,float4 position : SV_Position;,,,,,,,,,,,
234,float3 worldPos : WORLD_POS;,,,,,,,,,,,
235,float3 normal : NORMAL;,,,,,,,,,,,
236,float2 texCoord : TEXCOORD0;,,,,,,,,,,,
237,float3 tangent : TANGENT;,,,,,,,,,,,
238,float3 bitangent : BITANGENT;,,,,,,,,,,,
239,nointerpolation uint drawID : DRAW_ID;,,,,,,,,,,,
240,nointerpolation uint instanceID : INSTANCE_ID;,,,,,,,,,,,
241,};,,,,,,,,,,,
242,,,,,,,,,,,,
243,// Shared descriptor bindings,,,,,,,,,,,
244,[[vk::push_constant]],,,,,,,,,,,
245,ConstantBuffer<LitPushConstants> pc;,,,,,,,,,,,
246,,,,,,,,,,,,
247,"[[vk::binding(0,0)]]",,,,,,,,,,,
248,Texture2D textures[];,,,,,,,,,,,
249,,,,,,,,,,,,
250,"[[vk::binding(1,0)]]",,,,,,,,,,,
251,TextureCube cubemaps[];,,,,,,,,,,,
252,,,,,,,,,,,,
253,"[[vk::binding(2,0)]]",,,,,,,,,,,
254,SamplerState samplers[];,,,,,,,,,,,
255,,,,,,,,,,,,
256,"[[vk::binding(3,0)]]",,,,,,,,,,,
257,SamplerComparisonState shadowCmpSampler;,,,,,,,,,,,
258,,,,,,,,,,,,
259,,,,,,,,,,,,
260,,,,,,,,,,,,
261,"float calculateDirectionalShadow(float3 fragWorldPos, float3 cameraPos, float3 cameraForward, float3 geometricNormal, float3 L, Light* light, uint shadowAtlasIdx)",,,,,,,,,,,
262,{,,,,,,,,,,,
263,"float viewDepth = dot(fragWorldPos - cameraPos, cameraForward);",,,,,,,,,,,
264,,,,,,,,,,,,
265,int cascadeIndex = int(light.numCascades) - 1;,,,,,,,,,,,
266,for (int i = 0; i < int(light.numCascades); i++) {,,,,,,,,,,,
267,if (viewDepth < light.cascades[i].splitDistance) {,,,,,,,,,,,
268,cascadeIndex = i;,,,,,,,,,,,
269,break;,,,,,,,,,,,
270,},,,,,,,,,,,
271,},,,,,,,,,,,
272,if( light.showCascades>0){,,,,,,,,,,,
273,return cascadeIndex;,,,,,,,,,,,
274,},,,,,,,,,,,
275,,,,,,,,,,,,
276,// Walk outward from the split-selected cascade; if the sample lands outside,,,,,,,,,,,
277,"// a tile's bounds, try the next-larger cascade rather than returning lit.",,,,,,,,,,,
278,// This prevents block-shaped unshadowed regions on jittered volume samples,,,,,,,,,,,
279,// near cascade XY edges.,,,,,,,,,,,
280,for (int c = cascadeIndex; c < int(light.numCascades); c++) {,,,,,,,,,,,
281,Cascade cascade = light.cascades[c];,,,,,,,,,,,
282,,,,,,,,,,,,
283,"float NdotL = abs(dot(geometricNormal, normalize(L + float3(1e-8))));",,,,,,,,,,,
284,float normalOffset = cascade.worldTexelSize * (1.0 - NdotL) * 2.0;,,,,,,,,,,,
285,float3 biasedPos = fragWorldPos + geometricNormal * normalOffset;,,,,,,,,,,,
286,,,,,,,,,,,,
287,"float4 fragPosLightSpace = mul(cascade.lightSpaceMatrix, float4(biasedPos, 1.0));",,,,,,,,,,,
288,float3 projCoords = fragPosLightSpace.xyz / fragPosLightSpace.w;,,,,,,,,,,,
289,projCoords.x = projCoords.x * 0.5 + 0.5;,,,,,,,,,,,
290,projCoords.y = projCoords.y * 0.5 + 0.5;,,,,,,,,,,,
291,,,,,,,,,,,,
292,float texelSize = cascade.texelSize;,,,,,,,,,,,
293,if (projCoords.x < texelSize || projCoords.x > 1.0 - texelSize ||,,,,,,,,,,,
294,projCoords.y < texelSize || projCoords.y > 1.0 - texelSize ||,,,,,,,,,,,
295,projCoords.z < 0.0 || projCoords.z > 1.0) {,,,,,,,,,,,
296,continue;,,,,,,,,,,,
297,},,,,,,,,,,,
298,,,,,,,,,,,,
299,float currentDepth = projCoords.z - 0.0001f;,,,,,,,,,,,
300,,,,,,,,,,,,
301,float2 rangeMin  = cascade.shadowAtlasRange.xy;,,,,,,,,,,,
302,float2 rangeSpan = cascade.shadowAtlasRange.zw - cascade.shadowAtlasRange.xy;,,,,,,,,,,,
303,,,,,,,,,,,,
304,float2 atlasUV = rangeMin + projCoords.xy * rangeSpan;,,,,,,,,,,,
305,float lit = textures[shadowAtlasIdx].SampleCmpLevelZero(,,,,,,,,,,,
306,"shadowCmpSampler,",,,,,,,,,,,
307,"atlasUV,",,,,,,,,,,,
308,currentDepth,,,,,,,,,,,
309,);,,,,,,,,,,,
310,return 1.0 - lit;,,,,,,,,,,,
311,},,,,,,,,,,,
312,return 0.0;,,,,,,,,,,,
313,},,,,,,,,,,,
314,,,,,,,,,,,,
315,"float calculatePointShadow(float3 fragWorldPos, float3 geometricNormal, float3 L, Light* light, uint shadowAtlasIdx)",,,,,,,,,,,
316,{,,,,,,,,,,,
317,float3 fragToLight = fragWorldPos - light.position;,,,,,,,,,,,
318,float3 absDir = abs(fragToLight);,,,,,,,,,,,
319,,,,,,,,,,,,
320,int faceIndex;,,,,,,,,,,,
321,if (absDir.x >= absDir.y && absDir.x >= absDir.z) {,,,,,,,,,,,
322,faceIndex = fragToLight.x > 0.0 ? 0 : 1;,,,,,,,,,,,
323,} else if (absDir.y >= absDir.x && absDir.y >= absDir.z) {,,,,,,,,,,,
324,faceIndex = fragToLight.y > 0.0 ? 2 : 3;,,,,,,,,,,,
325,} else {,,,,,,,,,,,
326,faceIndex = fragToLight.z > 0.0 ? 4 : 5;,,,,,,,,,,,
327,},,,,,,,,,,,
328,,,,,,,,,,,,
329,ShadowMap face = light.shadowMaps[faceIndex];,,,,,,,,,,,
330,,,,,,,,,,,,
331,"float NdotL = saturate(abs(dot(geometricNormal, L)));",,,,,,,,,,,
332,float normalOffset = (1.0 - NdotL) * light.range / float(light.shadowResolution);,,,,,,,,,,,
333,float3 biasedPos = fragWorldPos + geometricNormal * normalOffset;,,,,,,,,,,,
334,,,,,,,,,,,,
335,"float4 fragPosLightSpace = mul(face.lightSpaceMatrix, float4(biasedPos, 1.0));",,,,,,,,,,,
336,float3 projCoords = fragPosLightSpace.xyz / fragPosLightSpace.w;,,,,,,,,,,,
337,projCoords.x = projCoords.x * 0.5 + 0.5;,,,,,,,,,,,
338,projCoords.y = projCoords.y * 0.5 + 0.5;,,,,,,,,,,,
339,,,,,,,,,,,,
340,float texelSize = 1.0 / float(light.shadowResolution);,,,,,,,,,,,
341,if (projCoords.z < 0.0 || projCoords.z > 1.0) {,,,,,,,,,,,
342,return 0.0;,,,,,,,,,,,
343,},,,,,,,,,,,
344,"projCoords.xy = clamp(projCoords.xy, 0.5 * texelSize, 1.0 - 0.5 * texelSize);",,,,,,,,,,,
345,,,,,,,,,,,,
346,float currentDepth = projCoords.z - 0.0001f;,,,,,,,,,,,
347,,,,,,,,,,,,
348,float2 rangeMin  = face.shadowAtlasRange.xy;,,,,,,,,,,,
349,float2 rangeSpan = face.shadowAtlasRange.zw - face.shadowAtlasRange.xy;,,,,,,,,,,,
350,,,,,,,,,,,,
351,float2 atlasUV = rangeMin + projCoords.xy * rangeSpan;,,,,,,,,,,,
352,float lit = textures[shadowAtlasIdx].SampleCmpLevelZero(,,,,,,,,,,,
353,"shadowCmpSampler,",,,,,,,,,,,
354,"atlasUV,",,,,,,,,,,,
355,currentDepth,,,,,,,,,,,
356,);,,,,,,,,,,,
357,return 1.0 - lit;,,,,,,,,,,,
358,},,,,,,,,,,,
359,,,,,,,,,,,,
360,"float calculateShadow(float3 fragWorldPos, float3 cameraPos, float3 cameraForward, float3 geometricNormal, float3 L, Light* light, uint shadowAtlasIdx)",,,,,,,,,,,
361,{,,,,,,,,,,,
362,if (light.type == LightType::Directional) {,,,,,,,,,,,
363,"return calculateDirectionalShadow(fragWorldPos, cameraPos, cameraForward, geometricNormal, L, light, shadowAtlasIdx);",,,,,,,,,,,
364,} else if (light.type == LightType::Point) {,,,,,,,,,,,
365,"return calculatePointShadow(fragWorldPos, geometricNormal, L, light, shadowAtlasIdx);",,,,,,,,,,,
366,},,,,,,,,,,,
367,return 0.0;,,,,,,,,,,,
368,},,,,,,,,,,,
369,,,,,,,,,,,,
370,// Shadow lookup for voxel radiance injection. Directional lights sample the dedicated VXGI,,,,,,,,,,,
371,"// tile (shadowMaps[0], fit around the voxel volume) instead of the camera-driven cascades,",,,,,,,,,,,
372,// so injected radiance doesn't shift with the view. Point lights use the regular cube faces.,,,,,,,,,,,
373,"float calculateVXGIShadow(float3 fragWorldPos, float3 geometricNormal, float3 L, Light* light, uint shadowAtlasIdx)",,,,,,,,,,,
374,{,,,,,,,,,,,
375,if (light.type == LightType::Point) {,,,,,,,,,,,
376,"return calculatePointShadow(fragWorldPos, geometricNormal, L, light, shadowAtlasIdx);",,,,,,,,,,,
377,},,,,,,,,,,,
378,,,,,,,,,,,,
379,ShadowMap map = light.shadowMaps[0];,,,,,,,,,,,
380,,,,,,,,,,,,
381,// ~one voxel of normal offset against acne; the tile has no per-cascade texel metadata.,,,,,,,,,,,
382,"float NdotL = saturate(abs(dot(geometricNormal, L)));",,,,,,,,,,,
383,float3 biasedPos = fragWorldPos + geometricNormal * (1.0 - NdotL) * 0.2;,,,,,,,,,,,
384,,,,,,,,,,,,
385,"float4 fragPosLightSpace = mul(map.lightSpaceMatrix, float4(biasedPos, 1.0));",,,,,,,,,,,
386,float3 projCoords = fragPosLightSpace.xyz / fragPosLightSpace.w;,,,,,,,,,,,
387,projCoords.x = projCoords.x * 0.5 + 0.5;,,,,,,,,,,,
388,projCoords.y = projCoords.y * 0.5 + 0.5;,,,,,,,,,,,
389,,,,,,,,,,,,
390,if (projCoords.z < 0.0 || projCoords.z > 1.0) {,,,,,,,,,,,
391,return 0.0;,,,,,,,,,,,
392,},,,,,,,,,,,
393,// Half-texel clamp keeps the lookup inside the tile (VXGI_DIRECTIONAL_SHADOW_RESOLUTION).,,,,,,,,,,,
394,float texelSize = 1.0 / 256.0;,,,,,,,,,,,
395,"projCoords.xy = clamp(projCoords.xy, 0.5 * texelSize, 1.0 - 0.5 * texelSize);",,,,,,,,,,,
396,,,,,,,,,,,,
397,float currentDepth = projCoords.z - 0.0001f;,,,,,,,,,,,
398,,,,,,,,,,,,
399,float2 rangeMin  = map.shadowAtlasRange.xy;,,,,,,,,,,,
400,float2 rangeSpan = map.shadowAtlasRange.zw - map.shadowAtlasRange.xy;,,,,,,,,,,,
401,,,,,,,,,,,,
402,float2 atlasUV = rangeMin + projCoords.xy * rangeSpan;,,,,,,,,,,,
403,float lit = textures[shadowAtlasIdx].SampleCmpLevelZero(,,,,,,,,,,,
404,"shadowCmpSampler,",,,,,,,,,,,
405,"atlasUV,",,,,,,,,,,,
406,currentDepth,,,,,,,,,,,
407,);,,,,,,,,,,,
408,return 1.0 - lit;,,,,,,,,,,,
409,},,,,,,,,,,,
410,,,,,,,,,,,,
411,"float3 reconstructPixelRayDir(float2 uv, float4x4 view, float proj00, float proj11) {",,,,,,,,,,,
412,float2 ndc = uv * 2.0 - 1.0;,,,,,,,,,,,
413,"float3 viewRay = float3(ndc.x / proj00, ndc.y / proj11, -1.0);",,,,,,,,,,,
414,"return normalize(mul(viewRay, (float3x3)view));",,,,,,,,,,,
415,},,,,,,,,,,,
416,,,,,,,,,,,,
417,"float3 reconstructViewPos(float2 uv, float depth, float4x4 invProjection) {",,,,,,,,,,,
418,"float4 clip = float4(uv * 2.0 - 1.0, depth, 1.0);",,,,,,,,,,,
419,"float4 view = mul(invProjection, clip);",,,,,,,,,,,
420,return view.xyz / view.w;,,,,,,,,,,,
421,},,,,,,,,,,,
422,,,,,,,,,,,,
423,"float3 calculateViewSpaceNormal(uint depthIndex,uint depthSamplerIndex, float4x4 invProjection, float2 texelSize, float2 uv, float3 fragPos) {",,,,,,,,,,,
424,"float3 posRight = reconstructViewPos(uv + float2(texelSize.x, 0.0),",,,,,,,,,,,
425,"textures[depthIndex].Sample(samplers[depthSamplerIndex], uv + float2(texelSize.x, 0.0)).r, invProjection);",,,,,,,,,,,
426,"float3 posLeft = reconstructViewPos(uv - float2(texelSize.x, 0.0),",,,,,,,,,,,
427,"textures[depthIndex].Sample(samplers[depthSamplerIndex], uv - float2(texelSize.x, 0.0)).r, invProjection);",,,,,,,,,,,
428,"float3 posUp = reconstructViewPos(uv + float2(0.0, texelSize.y),",,,,,,,,,,,
429,"textures[depthIndex].Sample(samplers[depthSamplerIndex], uv + float2(0.0, texelSize.y)).r, invProjection);",,,,,,,,,,,
430,"float3 posDown = reconstructViewPos(uv - float2(0.0, texelSize.y),",,,,,,,,,,,
431,"textures[depthIndex].Sample(samplers[depthSamplerIndex], uv - float2(0.0, texelSize.y)).r, invProjection);",,,,,,,,,,,
432,,,,,,,,,,,,
433,// Use the smaller delta to avoid artifacts at edges,,,,,,,,,,,
434,float3 dx = (abs(posRight.z - fragPos.z) < abs(fragPos.z - posLeft.z)) ? (posRight - fragPos) : (fragPos - posLeft);,,,,,,,,,,,
435,float3 dy = (abs(posUp.z - fragPos.z) < abs(fragPos.z - posDown.z)) ? (posUp - fragPos) : (fragPos - posDown);,,,,,,,,,,,
436,"return normalize(cross(dx, dy));",,,,,,,,,,,
437,},,,,,,,,,,,
438,,,,,,,,,,,,
439,"Vertex loadVertex(float* buffer, uint vertexIndex, uint stride, uint offset)",,,,,,,,,,,
440,{,,,,,,,,,,,
441,Vertex vert;,,,,,,,,,,,
442,,,,,,,,,,,,
443,// stride is in bytes; float* arithmetic is in units of 4 bytes,,,,,,,,,,,
444,uint floatOffset = (offset + vertexIndex * stride) / 4;,,,,,,,,,,,
445,float* v = buffer + floatOffset;,,,,,,,,,,,
446,,,,,,,,,,,,
447,"vert.position = float3(v[0], v[1], v[2]);",,,,,,,,,,,
448,"vert.normal   = float3(v[3], v[4], v[5]);",,,,,,,,,,,
449,"vert.tangent  = float3(v[6], v[7], v[8]);",,,,,,,,,,,
450,// v[9] = materialIndex — skip,,,,,,,,,,,
451,"vert.texCoord = float2(v[10], v[11]);",,,,,,,,,,,
452,,,,,,,,,,,,
453,return vert;,,,,,,,,,,,
454,},,,,,,,,,,,
455,,,,,,,,,,,,
456,float3 getPosFromMM(int index){,,,,,,,,,,,
457,float4x4 mat = pc.modelMatrices[index];,,,,,,,,,,,
458,"return float3(mat[0].w, mat[1].w, mat[2].w);",,,,,,,,,,,
459,},,,,,,,,,,,
460,,,,,,,,,,,,
461,"VertexOutput litVertMain(uint vertexID, uint instanceID, uint drawID)",,,,,,,,,,,
462,{,,,,,,,,,,,
463,LitMeshDrawData mesh = pc.litMeshDrawData[drawID + pc.drawIDOffset];,,,,,,,,,,,
464,uint absInstance = mesh.firstInstance + instanceID;,,,,,,,,,,,
465,LitInstanceData draw = pc.litInstanceData[absInstance];,,,,,,,,,,,
466,,,,,,,,,,,,
467,"Vertex vertex = loadVertex(pc.vertexBuffer, vertexID, mesh.vertexStride, mesh.vertexOffset);",,,,,,,,,,,
468,,,,,,,,,,,,
469,float4x4 modelMatrix = pc.modelMatrices[draw.modelMatrixIndex];,,,,,,,,,,,
470,VertexOutput output;,,,,,,,,,,,
471,"float4 worldPos = mul(modelMatrix, float4(vertex.position, 1.0));",,,,,,,,,,,
472,output.worldPos = worldPos.xyz;,,,,,,,,,,,
473,"output.position = mul(pc.litPassData.viewProjection, worldPos);",,,,,,,,,,,
474,"output.normal = mul((float3x3)modelMatrix, vertex.normal);",,,,,,,,,,,
475,output.texCoord = vertex.texCoord;,,,,,,,,,,,
476,"output.tangent = normalize(mul((float3x3)modelMatrix, vertex.tangent));",,,,,,,,,,,
477,"output.bitangent = normalize(cross(output.normal, output.tangent));",,,,,,,,,,,
478,output.drawID = drawID;,,,,,,,,,,,
479,output.instanceID = absInstance;,,,,,,,,,,,
480,return output;,,,,,,,,,,,
481,},,,,,,,,,,,
482,,,,,,,,,,,,
483,uint pcgHash(uint x) {,,,,,,,,,,,
484,uint state = x * 747796405u + 2891336453u;,,,,,,,,,,,
485,uint word = ((state >> ((state >> 28u) + 4u)) ^ state) * 277803737u;,,,,,,,,,,,
486,return (word >> 22u) ^ word;,,,,,,,,,,,
487,},,,,,,,,,,,
488,,,,,,,,,,,,
489,float rand(inout uint seed) {,,,,,,,,,,,
490,seed = pcgHash(seed);,,,,,,,,,,,
491,return float(seed) * (1.0 / 4294967296.0);,,,,,,,,,,,
492,},,,,,,,,,,,
493,,,,,,,,,,,,
494,// 0: cubic,,,,,,,,,,,
495,// 1: quintic,,,,,,,,,,,
496,#define INTERPOLANT 0,,,,,,,,,,,
497,"float hash(int2 p)  // this hash is not production ready, please",,,,,,,,,,,
498,{                         // replace this by something better,,,,,,,,,,,
499,// 2D -> 1D,,,,,,,,,,,
500,int n = p.x*3 + p.y*113;,,,,,,,,,,,
501,,,,,,,,,,,,
502,// 1D hash by Hugo Elias,,,,,,,,,,,
503,n = (n << 13) ^ n;,,,,,,,,,,,
504,n = n * (n * n * 15731 + 789221) + 1376312589;,,,,,,,,,,,
505,return -1.0+2.0*float( n & 0x0fffffff)/float(0x0fffffff);,,,,,,,,,,,
506,},,,,,,,,,,,
507,,,,,,,,,,,,
508,"float mix(float x, float y, float a) {",,,,,,,,,,,
509,return (x*(1.0f - a) + y * a);,,,,,,,,,,,
510,},,,,,,,,,,,
511,,,,,,,,,,,,
512,float valueNoise(float2 p),,,,,,,,,,,
513,{,,,,,,,,,,,
514,int2 i = int2(floor( p ));,,,,,,,,,,,
515,float2 f = fract( p );,,,,,,,,,,,
516,,,,,,,,,,,,
517,#if INTERPOLANT==1,,,,,,,,,,,
518,// quintic interpolant,,,,,,,,,,,
519,float2 u = f*f*f*(f*(f*6.0-15.0)+10.0);,,,,,,,,,,,
520,#else,,,,,,,,,,,
521,// cubic interpolant,,,,,,,,,,,
522,float2 u = f*f*(3.0-2.0*f);,,,,,,,,,,,
523,#endif,,,,,,,,,,,
524,,,,,,,,,,,,
525,"return mix( mix( hash( i + int2(0,0) ),",,,,,,,,,,,
526,"hash( i + int2(1,0) ), u.x),",,,,,,,,,,,
527,"mix( hash( i + int2(0,1) ),",,,,,,,,,,,
528,"hash( i + int2(1,1) ), u.x), u.y);",,,,,,,,,,,
529,},,,,,,,,,,,
530,,,,,,,,,,,,
531,"// -----------------------------------------------""",,,,,,,,,,,
532,"%13 = OpString ""C:\\Users\\vicro\\Desktop\\vulkan-renderer\\repo\\shader-forge\\shaders\\modules\\common.slang""",,,,,,,,,,,
533,"%14 = OpString ""import modules.common;",,,,,,,,,,,
534,import modules.pbr;,,,,,,,,,,,
535,,,,,,,,,,,,
536,struct SSRPushConstants {,,,,,,,,,,,
537,SSRPassData* passData;,,,,,,,,,,,
538,};,,,,,,,,,,,
539,,,,,,,,,,,,
540,struct SSRPassData {,,,,,,,,,,,
541,float4x4 invViewProj;,,,,,,,,,,,
542,float4x4 viewProj;,,,,,,,,,,,
543,float3 cameraPos;,,,,,,,,,,,
544,uint depthIndex;,,,,,,,,,,,
545,uint depthSamplerIndex;,,,,,,,,,,,
546,uint colorIndex;,,,,,,,,,,,
547,uint colorSamplerIndex;,,,,,,,,,,,
548,uint roughnessMetalIndex;,,,,,,,,,,,
549,uint roughnessMetalSamplerIndex;,,,,,,,,,,,
550,uint normalIndex;,,,,,,,,,,,
551,uint normalSamplerIndex;,,,,,,,,,,,
552,uint _pad_resolution;,,,,,,,,,,,
553,uint2 resolution;,,,,,,,,,,,
554,uint hiZIndex;,,,,,,,,,,,
555,uint hiZMipLevels;,,,,,,,,,,,
556,float thickness;,,,,,,,,,,,
557,float roughnessThreshold;,,,,,,,,,,,
558,int maxSteps;,,,,,,,,,,,
559,uint frameIndex;,,,,,,,,,,,
560,uint hiZStopLevel;,,,,,,,,,,,
561,};,,,,,,,,,,,
562,,,,,,,,,,,,
563,[[vk::push_constant]],,,,,,,,,,,
564,ConstantBuffer<SSRPushConstants> SSRpc;,,,,,,,,,,,
565,,,,,,,,,,,,
566,struct VSOutput {,,,,,,,,,,,
567,float4 position : SV_Position;,,,,,,,,,,,
568,float2 texCoord : TEXCOORD0;,,,,,,,,,,,
569,};,,,,,,,,,,,
570,,,,,,,,,,,,
571,"[shader(\""vertex\"")]",,,,,,,,,,,
572,VSOutput vertMain(uint vertexID : SV_VertexID) {,,,,,,,,,,,
573,VSOutput output;,,,,,,,,,,,
574,"float2 uv = float2((vertexID << 1) & 2, vertexID & 2);",,,,,,,,,,,
575,output.texCoord = uv;,,,,,,,,,,,
576,"output.position = float4(uv * 2.0 - 1.0, 0.0, 1.0);",,,,,,,,,,,
577,return output;,,,,,,,,,,,
578,},,,,,,,,,,,
579,,,,,,,,,,,,
580,// Project world position to screen-space UV (.xy) + projected reverse-Z depth (.z).,,,,,,,,,,,
581,float3 worldToScreen(float3 worldPos) {,,,,,,,,,,,
582,"float4 clip = mul(SSRpc.passData.viewProj, float4(worldPos, 1.0));",,,,,,,,,,,
583,clip.xyz /= clip.w;,,,,,,,,,,,
584,float2 uv = clip.xy * 0.5 + 0.5;,,,,,,,,,,,
585,"return float3(uv, clip.z);",,,,,,,,,,,
586,},,,,,,,,,,,
587,,,,,,,,,,,,
588,struct RayTraceOutput {,,,,,,,,,,,
589,bool Hit;,,,,,,,,,,,
590,float2 UV;,,,,,,,,,,,
591,};,,,,,,,,,,,
592,,,,,,,,,,,,
593,"// Advance the ray by a depth delta: d.z == 1, so the step lands exactly on the target plane.",,,,,,,,,,,
594,"// Relative (from current position, not a depth-0 origin) to keep intermediates small when",,,,,,,,,,,
595,// d.xy blows up on grazing rays.,,,,,,,,,,,
596,"float3 intersectDepthPlane(float3 o, float3 d, float t) {",,,,,,,,,,,
597,return o + d * t;,,,,,,,,,,,
598,},,,,,,,,,,,
599,,,,,,,,,,,,
600,// Get the cell (tile) index for a given position at a given mip level size,,,,,,,,,,,
601,"float2 getCell(float2 ray, float2 cellCount) {",,,,,,,,,,,
602,return floor(ray * cellCount);,,,,,,,,,,,
603,},,,,,,,,,,,
604,,,,,,,,,,,,
605,// Find the intersection of the ray with the next cell boundary.,,,,,,,,,,,
606,// crossOffset is a fraction of a cell (signed by travel direction) so the nudge past,,,,,,,,,,,
607,"// the boundary scales with the level — escapes coarse cells, stays sub-pixel at fine ones.",,,,,,,,,,,
608,"float3 intersectCellBoundary(float3 o, float3 d, float2 cellIndex, float2 cellCount, float2 crossStep, float2 crossOffset) {",,,,,,,,,,,
609,float2 cellSize = 1.0 / cellCount;,,,,,,,,,,,
610,float2 nextBoundary = (cellIndex + crossStep + crossOffset) * cellSize;,,,,,,,,,,,
611,float2 t = (nextBoundary - o.xy) / d.xy;,,,,,,,,,,,
612,// Axis-aligned rays: ignore the parallel axis (division gave ±inf),,,,,,,,,,,
613,t.x = d.x != 0.0 ? t.x : -1e30;,,,,,,,,,,,
614,t.y = d.y != 0.0 ? t.y : -1e30;,,,,,,,,,,,
615,"// Reverse-Z: the ray marches with DECREASING depth (t), so the first boundary crossed is the",,,,,,,,,,,
616,"// largest t below the current position -> max, not min.",,,,,,,,,,,
617,"float tMin = max(t.x, t.y);",,,,,,,,,,,
618,return o + d * tMin;,,,,,,,,,,,
619,},,,,,,,,,,,
620,,,,,,,,,,,,
621,"// Get the cell count at a given mip level, from a hoisted base resolution.",,,,,,,,,,,
622,"// Mip dimensions floor at each level (w >> level), so floor here to match",,,,,,,,,,,
623,// the actual Hi-Z texel grid instead of assuming exact power-of-two division.,,,,,,,,,,,
624,"float2 getCellCount(float level, float2 baseRes) {",,,,,,,,,,,
625,"// clamp at 1 like mip dims do, so cellSize never divides by zero",,,,,,,,,,,
626,"return max(floor(baseRes / exp2(level)), 1.0);",,,,,,,,,,,
627,},,,,,,,,,,,
628,,,,,,,,,,,,
629,// Fetch the nearest depth plane for a Hi-Z cell at a given mip level.,,,,,,,,,,,
630,"// Reverse-Z: Hi-Z stores raw reverse depth max-reduced, so nearest occluder = maximum.",,,,,,,,,,,
631,"// Load (texel fetch): no sampler, and the cell tested is exactly the cell computed —",,,,,,,,,,,
632,// UV sampling can round into a neighboring texel at cell boundaries.,,,,,,,,,,,
633,"float getNearestDepthPlane(Texture2D hiZ, float2 cellIdx, float level) {",,,,,,,,,,,
634,"return hiZ.Load(int3(int2(cellIdx), int(level))).r;",,,,,,,,,,,
635,},,,,,,,,,,,
636,,,,,,,,,,,,
637,// Check if the ray crossed a cell boundary,,,,,,,,,,,
638,"bool crossedCellBoundary(float2 oldCellIdx, float2 newCellIdx) {",,,,,,,,,,,
639,return any(oldCellIdx != newCellIdx);,,,,,,,,,,,
640,},,,,,,,,,,,
641,,,,,,,,,,,,
642,/*,,,,,,,,,,,
643,*   p is screen space point,,,,,,,,,,,
644,*   v is screen space ray direction,,,,,,,,,,,
645,*/,,,,,,,,,,,
646,"// Start level: where the walk begins — lower = cheaper nearby hits, more ascent for far ones.",,,,,,,,,,,
647,// Max level: ceiling the walk can climb back to; bounds the largest skip (2^level px).,,,,,,,,,,,
648,// Coarser than ~6 the max-reduced plane covers so much screen the ray rarely gets to advance.,,,,,,,,,,,
649,#define HIZ_START_LEVEL 2,,,,,,,,,,,
650,#define HIZ_MAX_LEVEL 6,,,,,,,,,,,
651,// Stop level is derived from the SSR resolution scale (CPU side) so one Hi-Z cell at the,,,,,,,,,,,
652,// stop level maps to ~one output pixel — refining finer than that is wasted work.,,,,,,,,,,,
653,,,,,,,,,,,,
654,"float3 RayTrace(float3 p, float3 v, float jitter) {",,,,,,,,,,,
655,// Hoist loop-invariant buffer-pointer reads into locals,,,,,,,,,,,
656,const int maxSteps = SSRpc.passData.maxSteps;,,,,,,,,,,,
657,const float stopLevel = float(SSRpc.passData.hiZStopLevel);,,,,,,,,,,,
658,Texture2D hiZ = textures[SSRpc.passData.hiZIndex];,,,,,,,,,,,
659,const float2 baseRes = float2(SSRpc.passData.resolution);,,,,,,,,,,,
660,,,,,,,,,,,,
661,"// Depth-parameterized direction: d.z == 1, so stepping d by a depth delta lands on that",,,,,,,,,,,
662,// plane. Reverse-Z: depth DECREASES along the ray; clamp v.z so d stays finite on,,,,,,,,,,,
663,// depth-parallel (grazing) rays.,,,,,,,,,,,
664,"float3 d = v / min(v.z, -1e-7);",,,,,,,,,,,
665,,,,,,,,,,,,
666,"// Cell crossing direction follows v, not d: v.z < 0 flips d.xy backwards",,,,,,,,,,,
667,"float2 crossStep = float2(v.x >= 0.0 ? 1.0 : 0.0, v.y >= 0.0 ? 1.0 : 0.0);",,,,,,,,,,,
668,float2 crossOffset = (crossStep * 2.0 - 1.0) / 128.0;,,,,,,,,,,,
669,,,,,,,,,,,,
670,// Cross out of the origin's mip 0 texel (half-texel offset) to avoid immediate,,,,,,,,,,,
671,"// self-intersection, instead of the old fixed 1% jump that skipped nearby geometry",,,,,,,,,,,
672,"float2 mip0CellCount = getCellCount(0.0, baseRes);",,,,,,,,,,,
673,"float3 ray = intersectCellBoundary(p, d, getCell(p.xy, mip0CellCount), mip0CellCount, crossStep, crossOffset * 64.0);",,,,,,,,,,,
674,,,,,,,,,,,,
675,"// Per-pixel/frame phase jitter along the ray, up to one start-level cell. Movement is",,,,,,,,,,,
676,// along the ray line so converged hits are unaffected; only where step-starved rays,,,,,,,,,,,
677,"// stall decorrelates, letting temporal accumulation average the blocks out.",,,,,,,,,,,
678,"float baseT = 1.0 / max(abs(v.x) * baseRes.x, abs(v.y) * baseRes.y);",,,,,,,,,,,
679,ray += v * (baseT * exp2(HIZ_START_LEVEL) * jitter);,,,,,,,,,,,
680,,,,,,,,,,,,
681,float level = HIZ_START_LEVEL;,,,,,,,,,,,
682,for(int i = 0; i < maxSteps && level >= stopLevel; i++) {,,,,,,,,,,,
683,"// Ray left the screen: no hit possible, stop fetching (border fade rejects the UV)",,,,,,,,,,,
684,if(any(ray.xy < 0.0) || any(ray.xy >= 1.0)),,,,,,,,,,,
685,break;,,,,,,,,,,,
686,,,,,,,,,,,,
687,"float2 cellCount = getCellCount(level, baseRes);",,,,,,,,,,,
688,"float2 oldCellIdx = getCell(ray.xy, cellCount);",,,,,,,,,,,
689,,,,,,,,,,,,
690,"float planeZ = getNearestDepthPlane(hiZ, oldCellIdx, level);",,,,,,,,,,,
691,,,,,,,,,,,,
692,// In front of the cell's nearest plane (reverse-Z: larger = nearer): drop onto it.,,,,,,,,,,,
693,// At or behind it: stay put and refine a level down.,,,,,,,,,,,
694,"float3 tmpRay = intersectDepthPlane(ray, d, min(0.0, planeZ - ray.z));",,,,,,,,,,,
695,,,,,,,,,,,,
696,"float2 newCellIdx = getCell(tmpRay.xy, cellCount);",,,,,,,,,,,
697,"if(crossedCellBoundary(oldCellIdx, newCellIdx)) {",,,,,,,,,,,
698,// Plane lies beyond the cell: clamp to the cell boundary and go coarser,,,,,,,,,,,
699,"tmpRay = intersectCellBoundary(ray, d, oldCellIdx, cellCount, crossStep, crossOffset);",,,,,,,,,,,
700,"level = min(level + 2.0, HIZ_MAX_LEVEL + 1.0);",,,,,,,,,,,
701,},,,,,,,,,,,
702,,,,,,,,,,,,
703,level -= 1.0;,,,,,,,,,,,
704,ray = tmpRay;,,,,,,,,,,,
705,},,,,,,,,,,,
706,return ray;,,,,,,,,,,,
707,},,,,,,,,,,,
708,,,,,,,,,,,,
709,,,,,,,,,,,,
710,#define M1 1597334677U     //1719413*929,,,,,,,,,,,
711,#define M2 3812015801U     //140473*2467*11,,,,,,,,,,,
712,"// Convert roughness [0,1] to Blinn-Phong specular power",,,,,,,,,,,
713,float roughnessToSpecularPower(float roughness) {,,,,,,,,,,,
714,"float a = max(roughness, 0.001);",,,,,,,,,,,
715,return 2.0 / (a * a) - 2.0;,,,,,,,,,,,
716,},,,,,,,,,,,
717,,,,,,,,,,,,
718,// Convert specular power to cone half-angle (radians),,,,,,,,,,,
719,float specularPowerToConeAngle(float specularPower) {,,,,,,,,,,,
720,// Based on the relationship between specular lobe and cone angle,,,,,,,,,,,
721,"// At low specular power (rough) -> wide cone, high specular power (smooth) -> narrow cone",,,,,,,,,,,
722,if (specularPower >= exp2(1024.0)),,,,,,,,,,,
723,return 0.0;,,,,,,,,,,,
724,const float xi = 0.244;,,,,,,,,,,,
725,"return acos(pow(xi, 1.0 / (specularPower + 1.0)));",,,,,,,,,,,
726,},,,,,,,,,,,
727,,,,,,,,,,,,
728,// Opposite side length of an isoceles triangle given the adjacent (leg) length and half-angle,,,,,,,,,,,
729,"float isoscelesTriangleOpposite(float adjacentLength, float coneTheta)",,,,,,,,,,,
730,{,,,,,,,,,,,
731,return 2.0f * tan(coneTheta) * adjacentLength;,,,,,,,,,,,
732,},,,,,,,,,,,
733,,,,,,,,,,,,
734,// Incircle radius of an isoceles triangle given adjacent (leg) and opposite side lengths,,,,,,,,,,,
735,"float isoscelesTriangleInRadius(float a, float h)",,,,,,,,,,,
736,{,,,,,,,,,,,
737,float a2 = a * a;,,,,,,,,,,,
738,float fh2 = 4.0f * h * h;,,,,,,,,,,,
739,return (a * (sqrt(a2 + fh2) - a)) / (4.0f * h);,,,,,,,,,,,
740,},,,,,,,,,,,
741,,,,,,,,,,,,
742,// Next adjacent length after stepping inward by the incircle diameter,,,,,,,,,,,
743,"float isoscelesTriangleNextAdjacent(float adjacentLength, float inCircleSize) {",,,,,,,,,,,
744,return adjacentLength - (inCircleSize * 2.0);,,,,,,,,,,,
745,},,,,,,,,,,,
746,,,,,,,,,,,,
747,// Sample the color mip chain weighted for cone tracing accumulation,,,,,,,,,,,
748,"float4 coneSampleWeightedColor(float2 samplePos, float mipChannel, float gloss) {",,,,,,,,,,,
749,"float mip = clamp(mipChannel, 0.0, float(SSRpc.passData.hiZMipLevels - 1));",,,,,,,,,,,
750,float3 color = textures[SSRpc.passData.colorIndex].SampleLevel(,,,,,,,,,,,
751,"samplers[SSRpc.passData.colorSamplerIndex], samplePos, mip).rgb;",,,,,,,,,,,
752,"// Weight by gloss — smooth surfaces get sharper (higher weight per sample),",,,,,,,,,,,
753,// rough surfaces spread weight across more samples,,,,,,,,,,,
754,float weight = gloss;,,,,,,,,,,,
755,"return float4(color * weight, weight);",,,,,,,,,,,
756,},,,,,,,,,,,
757,,,,,,,,,,,,
758,"float2 hash2D( uint2 q, uint seed )",,,,,,,,,,,
759,{,,,,,,,,,,,
760,"q *= uint2(M1, M2);",,,,,,,,,,,
761,,,,,,,,,,,,
762,uint n = ((q.x ^ q.y) ^ seed) * M1;,,,,,,,,,,,
763,,,,,,,,,,,,
764,"return float2(float(n) * (1.0/float(0xffffffffU)),float(n+1) * (1.0/float(0xffffffffU)));",,,,,,,,,,,
765,},,,,,,,,,,,
766,,,,,,,,,,,,
767,,,,,,,,,,,,
768,"[shader(\""fragment\"")]",,,,,,,,,,,
769,float4 fragMain(VSOutput input) : SV_Target {,,,,,,,,,,,
770,float2 uv = input.texCoord;,,,,,,,,,,,
771,,,,,,,,,,,,
772,"float roughness = textures[SSRpc.passData.roughnessMetalIndex].SampleLevel(samplers[SSRpc.passData.roughnessMetalSamplerIndex], uv,0).r;",,,,,,,,,,,
773,,,,,,,,,,,,
774,if (roughness > SSRpc.passData.roughnessThreshold),,,,,,,,,,,
775,"return float4(0, 0, 0, 0);",,,,,,,,,,,
776,,,,,,,,,,,,
777,"float initDepth = textures[SSRpc.passData.depthIndex].SampleLevel(samplers[SSRpc.passData.depthSamplerIndex], uv, 0).r;",,,,,,,,,,,
778,,,,,,,,,,,,
779,if (initDepth <= 0.0) // reverse-Z: skybox/far = 0,,,,,,,,,,,
780,"return float4(0, 0, 0, 0);",,,,,,,,,,,
781,,,,,,,,,,,,
782,// Reconstruct world position,,,,,,,,,,,
783,"float3 worldPos = reconstructViewPos(uv, initDepth, SSRpc.passData.invViewProj);",,,,,,,,,,,
784,,,,,,,,,,,,
785,// View direction and world-space normal,,,,,,,,,,,
786,float3 viewDir = normalize(worldPos - SSRpc.passData.cameraPos);,,,,,,,,,,,
787,"float3 N = textures[SSRpc.passData.normalIndex].SampleLevel(samplers[SSRpc.passData.normalSamplerIndex], uv, 0).rgb;",,,,,,,,,,,
788,N = normalize(N * 2.0 - 1.0);,,,,,,,,,,,
789,,,,,,,,,,,,
790,// World-space reflection direction,,,,,,,,,,,
791,"float3 reflectDir = reflect(viewDir, N);",,,,,,,,,,,
792,,,,,,,,,,,,
793,"if (dot(reflectDir, viewDir) < 0.0)",,,,,,,,,,,
794,"return float4(0, 0, 0, 0);",,,,,,,,,,,
795,,,,,,,,,,,,
796,// P: screen-space origin (native reverse-Z depth),,,,,,,,,,,
797,"float3 p = float3(uv, initDepth);",,,,,,,,,,,
798,,,,,,,,,,,,
799,// P': project reflected point into screen space,,,,,,,,,,,
800,float3 pPrime = worldToScreen(worldPos + reflectDir * 10.0f);,,,,,,,,,,,
801,,,,,,,,,,,,
802,// Screen-space ray direction for tracing,,,,,,,,,,,
803,float3 v = pPrime - p;,,,,,,,,,,,
804,,,,,,,,,,,,
805,// Reject rays going toward the camera in screen-space depth (reverse-Z: nearer = larger z),,,,,,,,,,,
806,if (v.z > 0.0),,,,,,,,,,,
807,"return float4(0, 0, 0, 0);",,,,,,,,,,,
808,,,,,,,,,,,,
809,"float jitter = hash2D(uint2(input.position.xy), SSRpc.passData.frameIndex).x;",,,,,,,,,,,
810,"float3 ray = RayTrace(p, v, jitter);",,,,,,,,,,,
811,"//return float4(ray,1.0);",,,,,,,,,,,
812,float reflDepth = ray.z;,,,,,,,,,,,
813,,,,,,,,,,,,
814,"float4 realDepth = textures[SSRpc.passData.hiZIndex].SampleLevel(samplers[SSRpc.passData.depthSamplerIndex],ray.xy,0);",,,,,,,,,,,
815,,,,,,,,,,,,
816,// Screen-edge fade: smoothly fade out reflections near screen borders,,,,,,,,,,,
817,"float2 edgeFactor = smoothstep(0.0, 0.1, ray.xy) * (1.0 - smoothstep(0.9, 1.0, ray.xy));",,,,,,,,,,,
818,"float fadeOnBorder = min(edgeFactor.x, edgeFactor.y);",,,,,,,,,,,
819,,,,,,,,,,,,
820,if(fadeOnBorder <= 0.0),,,,,,,,,,,
821,"return float4(0,0,0,0);",,,,,,,,,,,
822,,,,,,,,,,,,
823,if(abs(reflDepth - realDepth.r) > SSRpc.passData.thickness),,,,,,,,,,,
824,"return float4(0,0,0,0);",,,,,,,,,,,
825,,,,,,,,,,,,
826,float gloss = 1.0 - roughness / SSRpc.passData.roughnessThreshold;,,,,,,,,,,,
827,float specularPower = roughnessToSpecularPower(roughness);,,,,,,,,,,,
828,float coneTheta = specularPowerToConeAngle(specularPower);,,,,,,,,,,,
829,,,,,,,,,,,,
830,// Cone trace setup,,,,,,,,,,,
831,float2 screenPos = uv;,,,,,,,,,,,
832,float adjacentLength = length(ray.xy - uv);,,,,,,,,,,,
833,,,,,,,,,,,,
834,// Guard against degenerate rays (near-zero screen-space travel),,,,,,,,,,,
835,if(adjacentLength < 1e-5),,,,,,,,,,,
836,return float4(textures[SSRpc.passData.colorIndex].SampleLevel(,,,,,,,,,,,
837,"samplers[SSRpc.passData.colorSamplerIndex], ray.xy, 0).rgb, fadeOnBorder);",,,,,,,,,,,
838,,,,,,,,,,,,
839,float2 adjacentUnit = (ray.xy - uv) / adjacentLength;,,,,,,,,,,,
840,"float4 totalColor = float4(0, 0, 0, 0);",,,,,,,,,,,
841,float glossMult = gloss;,,,,,,,,,,,
842,float maxMipLevel = float(SSRpc.passData.hiZMipLevels - 1);,,,,,,,,,,,
843,,,,,,,,,,,,
844,float remainingAlpha = 1.0f;,,,,,,,,,,,
845,for(int i = 0; i < 14; i++) {,,,,,,,,,,,
846,,,,,,,,,,,,
847,"float oppositeLength = isoscelesTriangleOpposite(adjacentLength, coneTheta);",,,,,,,,,,,
848,,,,,,,,,,,,
849,"float inCircleSize = isoscelesTriangleInRadius(oppositeLength, adjacentLength);",,,,,,,,,,,
850,,,,,,,,,,,,
851,float2 samplePos = screenPos.xy + adjacentUnit * (adjacentLength - inCircleSize);,,,,,,,,,,,
852,,,,,,,,,,,,
853,"float mipChannel = clamp(log2(inCircleSize * max(float(SSRpc.passData.resolution.x), float(SSRpc.passData.resolution.y))), 0.0, maxMipLevel);",,,,,,,,,,,
854,,,,,,,,,,,,
855,"float4 newColor = coneSampleWeightedColor(samplePos, mipChannel, glossMult);",,,,,,,,,,,
856,remainingAlpha -= newColor.a;,,,,,,,,,,,
857,if(remainingAlpha < 0.0) {,,,,,,,,,,,
858,newColor.rgb *= (1.0 - abs(remainingAlpha));,,,,,,,,,,,
859,},,,,,,,,,,,
860,totalColor += newColor;,,,,,,,,,,,
861,if(totalColor.a >= 1.0f) {,,,,,,,,,,,
862,break;,,,,,,,,,,,
863,},,,,,,,,,,,
864,,,,,,,,,,,,
865,"adjacentLength = isoscelesTriangleNextAdjacent(adjacentLength, inCircleSize);",,,,,,,,,,,
866,if(adjacentLength <= 0.0),,,,,,,,,,,
867,break;,,,,,,,,,,,
868,glossMult *= gloss;,,,,,,,,,,,
869,},,,,,,,,,,,
870,,,,,,,,,,,,
871,"float3 reflColor = totalColor.rgb / max(totalColor.a, 0.001);",,,,,,,,,,,
872,,,,,,,,,,,,
873,// Fade on perpendicular rays (grazing angle reflections are stronger),,,,,,,,,,,
874,"float fadeOnPerpendicular = saturate(dot(reflectDir, viewDir) * 4.0);",,,,,,,,,,,
875,,,,,,,,,,,,
876,// Fade on roughness (quadratic falloff for more aggressive attenuation on rough surfaces),,,,,,,,,,,
877,float minFade = 0.8;,,,,,,,,,,,
878,float maxFade = 0.0;,,,,,,,,,,,
879,gloss = gloss * (minFade-maxFade) + maxFade;,,,,,,,,,,,
880,float fadeOnRoughness = gloss * gloss;,,,,,,,,,,,
881,,,,,,,,,,,,
882,float totalFade = fadeOnBorder * fadeOnPerpendicular * fadeOnRoughness;,,,,,,,,,,,
883,,,,,,,,,,,,
884,"return float4(reflColor, totalFade);",,,,,,,,,,,
885,},,,,,,,,,,,
886,"""",,,,,,,,,,,
887,"%16 = OpString ""C:\\Users\\vicro\\Desktop\\vulkan-renderer\\repo\\shader-forge\\shaders\\ssr.slang""",,,,,,,,,,,
888,OpSource Slang 1,,,,,,,,,,,
889,"%32 = OpString ""vertMain""",,,,,,,,,,,
890,"%38 = OpString ""slangc""",,,,,,,,,,,
891,"%39 = OpString ""-target spirv  -I \""C:\\VulkanSDK\\1.4.321.0\\Bin\"" -matrix-layout-column-major -fvk-use-entrypoint-name -stage vertex -entry vertMain -g2""",,,,,,,,,,,
892,"%54 = OpString ""float""",,,,,,,,,,,
893,"%61 = OpString ""position""",,,,,,,,,,,
894,"%68 = OpString ""texCoord""",,,,,,,,,,,
895,"%71 = OpString ""VSOutput""",,,,,,,,,,,
896,"%75 = OpString ""output""",,,,,,,,,,,
897,"%82 = OpString ""uv""",,,,,,,,,,,
898,"%177 = OpString ""fragMain""",,,,,,,,,,,
899,"%240 = OpString ""-target spirv  -I \""C:\\VulkanSDK\\1.4.321.0\\Bin\"" -matrix-layout-column-major -fvk-use-entrypoint-name -stage pixel -entry fragMain -g2""",,,,,,,,,,,
900,"%257 = OpString ""roughness""",,,,,,,,,,,
901,"%312 = OpString ""initDepth""",,,,,,,,,,,
902,"%341 = OpString ""worldPos""",,,,,,,,,,,
903,"%391 = OpString ""reconstructViewPos""",,,,,,,,,,,
904,"%398 = OpString ""invProjection""",,,,,,,,,,,
905,"%402 = OpString ""depth""",,,,,,,,,,,
906,"%413 = OpString ""clip""",,,,,,,,,,,
907,"%423 = OpString ""view""",,,,,,,,,,,
908,"%438 = OpString ""viewDir""",,,,,,,,,,,
909,"%452 = OpString ""N""",,,,,,,,,,,
910,"%482 = OpString ""reflectDir""",,,,,,,,,,,
911,"%496 = OpString ""p""",,,,,,,,,,,
912,"%503 = OpString ""pPrime""",,,,,,,,,,,
913,"%519 = OpString ""worldToScreen""",,,,,,,,,,,
914,"%604 = OpString ""v""",,,,,,,,,,,
915,"%618 = OpString ""jitter""",,,,,,,,,,,
916,"%640 = OpString ""hash2D""",,,,,,,,,,,
917,"%645 = OpString ""uint""",,,,,,,,,,,
918,"%647 = OpString ""seed""",,,,,,,,,,,
919,"%652 = OpString ""q""",,,,,,,,,,,
920,"%666 = OpString ""n""",,,,,,,,,,,
921,"%689 = OpString ""ray""",,,,,,,,,,,
922,"%726 = OpString ""RayTrace""",,,,,,,,,,,
923,"%796 = OpString ""int""",,,,,,,,,,,
924,"%798 = OpString ""maxSteps""",,,,,,,,,,,
925,"%811 = OpString ""stopLevel""",,,,,,,,,,,
926,"%829 = OpString ""baseRes""",,,,,,,,,,,
927,"%842 = OpString ""d""",,,,,,,,,,,
928,"%853 = OpString ""crossStep""",,,,,,,,,,,
929,"%876 = OpString ""crossOffset""",,,,,,,,,,,
930,"%888 = OpString ""mip0CellCount""",,,,,,,,,,,
931,"%900 = OpString ""getCellCount""",,,,,,,,,,,
932,"%908 = OpString ""level""",,,,,,,,,,,
933,"%937 = OpString ""getCell""",,,,,,,,,,,
934,"%942 = OpString ""cellCount""",,,,,,,,,,,
935,"%980 = OpString ""intersectCellBoundary""",,,,,,,,,,,
936,"%1006 = OpString ""cellIndex""",,,,,,,,,,,
937,"%1013 = OpString ""o""",,,,,,,,,,,
938,"%1021 = OpString ""cellSize""",,,,,,,,,,,
939,"%1029 = OpString ""nextBoundary""",,,,,,,,,,,
940,"%1038 = OpString ""t""",,,,,,,,,,,
941,"%1084 = OpString ""tMin""",,,,,,,,,,,
942,"%1101 = OpString ""baseT""",,,,,,,,,,,
943,"%1130 = OpString ""i""",,,,,,,,,,,
944,"%1189 = OpString ""oldCellIdx""",,,,,,,,,,,
945,"%1196 = OpString ""planeZ""",,,,,,,,,,,
946,"%1210 = OpString ""getNearestDepthPlane""",,,,,,,,,,,
947,"%1220 = OpString ""cellIdx""",,,,,,,,,,,
948,"%1241 = OpString ""tmpRay""",,,,,,,,,,,
949,"%1258 = OpString ""intersectDepthPlane""",,,,,,,,,,,
950,"%1280 = OpString ""newCellIdx""",,,,,,,,,,,
951,"%1297 = OpString ""crossedCellBoundary""",,,,,,,,,,,
952,"%1367 = OpString ""reflDepth""",,,,,,,,,,,
953,"%1374 = OpString ""realDepth""",,,,,,,,,,,
954,"%1395 = OpString ""edgeFactor""",,,,,,,,,,,
955,"%1412 = OpString ""fadeOnBorder""",,,,,,,,,,,
956,"%1441 = OpString ""gloss""",,,,,,,,,,,
957,"%1452 = OpString ""specularPower""",,,,,,,,,,,
958,"%1463 = OpString ""roughnessToSpecularPower""",,,,,,,,,,,
959,"%1475 = OpString ""a""",,,,,,,,,,,
960,"%1490 = OpString ""coneTheta""",,,,,,,,,,,
961,"%1499 = OpString ""specularPowerToConeAngle""",,,,,,,,,,,
962,"%1522 = OpString ""xi""",,,,,,,,,,,
963,"%1540 = OpString ""screenPos""",,,,,,,,,,,
964,"%1546 = OpString ""adjacentLength""",,,,,,,,,,,
965,"%1559 = OpString ""adjacentUnit""",,,,,,,,,,,
966,"%1566 = OpString ""totalColor""",,,,,,,,,,,
967,"%1573 = OpString ""glossMult""",,,,,,,,,,,
968,"%1579 = OpString ""maxMipLevel""",,,,,,,,,,,
969,"%1591 = OpString ""remainingAlpha""",,,,,,,,,,,
970,"%1615 = OpString ""oppositeLength""",,,,,,,,,,,
971,"%1628 = OpString ""isoscelesTriangleOpposite""",,,,,,,,,,,
972,"%1649 = OpString ""inCircleSize""",,,,,,,,,,,
973,"%1662 = OpString ""isoscelesTriangleInRadius""",,,,,,,,,,,
974,"%1667 = OpString ""h""",,,,,,,,,,,
975,"%1678 = OpString ""a2""",,,,,,,,,,,
976,"%1685 = OpString ""fh2""",,,,,,,,,,,
977,"%1703 = OpString ""samplePos""",,,,,,,,,,,
978,"%1714 = OpString ""mipChannel""",,,,,,,,,,,
979,"%1734 = OpString ""newColor""",,,,,,,,,,,
980,"%1752 = OpString ""coneSampleWeightedColor""",,,,,,,,,,,
981,"%1770 = OpString ""mip""",,,,,,,,,,,
982,"%1783 = OpString ""color""",,,,,,,,,,,
983,"%1806 = OpString ""weight""",,,,,,,,,,,
984,"%1873 = OpString ""isoscelesTriangleNextAdjacent""",,,,,,,,,,,
985,"%1925 = OpString ""reflColor""",,,,,,,,,,,
986,"%1938 = OpString ""fadeOnPerpendicular""",,,,,,,,,,,
987,"%1946 = OpString ""minFade""",,,,,,,,,,,
988,"%1953 = OpString ""maxFade""",,,,,,,,,,,
989,"%1963 = OpString ""fadeOnRoughness""",,,,,,,,,,,
990,"%1970 = OpString ""totalFade""",,,,,,,,,,,
991,"OpName %output ""output""",,,,,,,,,,,
992,"OpName %uv ""uv""",,,,,,,,,,,
993,"OpName %uv_0 ""uv""",,,,,,,,,,,
994,"OpName %entryPointParam_vertMain_texCoord ""entryPointParam_vertMain.texCoord""",,,,,,,,,,,
995,"OpName %vertMain ""vertMain""",,,,,,,,,,,
996,"OpName %adjacentLength ""adjacentLength""",,,,,,,,,,,
997,"OpName %adjacentLength ""adjacentLength""",,,,,,,,,,,
998,"OpName %glossMult ""glossMult""",,,,,,,,,,,
999,"OpName %glossMult ""glossMult""",,,,,,,,,,,
1000,"OpName %remainingAlpha ""remainingAlpha""",,,,,,,,,,,
1001,"OpName %remainingAlpha ""remainingAlpha""",,,,,,,,,,,
1002,"OpName %i ""i""",,,,,,,,,,,
1003,"OpName %i ""i""",,,,,,,,,,,
1004,"OpName %totalColor ""totalColor""",,,,,,,,,,,
1005,"OpName %totalColor ""totalColor""",,,,,,,,,,,
1006,"OpName %totalColor ""totalColor""",,,,,,,,,,,
1007,"OpName %newColor ""newColor""",,,,,,,,,,,
1008,"OpName %newColor ""newColor""",,,,,,,,,,,
1009,"OpName %input_texCoord ""input.texCoord""",,,,,,,,,,,
1010,"OpName %uv_1 ""uv""",,,,,,,,,,,
1011,"OpName %roughness ""roughness""",,,,,,,,,,,
1012,"OpName %SSRPushConstants_std430 ""SSRPushConstants_std430""",,,,,,,,,,,
1013,"OpMemberName %SSRPushConstants_std430 0 ""passData""",,,,,,,,,,,
1014,"OpName %SSRpc ""SSRpc""",,,,,,,,,,,
1015,"OpName %textures ""textures""",,,,,,,,,,,
1016,"OpName %samplers ""samplers""",,,,,,,,,,,
1017,"OpName %sampledImage ""sampledImage""",,,,,,,,,,,
1018,"OpName %sampled ""sampled""",,,,,,,,,,,
1019,"OpName %roughness_0 ""roughness""",,,,,,,,,,,
1020,"OpName %initDepth ""initDepth""",,,,,,,,,,,
1021,"OpName %sampledImage_0 ""sampledImage""",,,,,,,,,,,
1022,"OpName %sampled_0 ""sampled""",,,,,,,,,,,
1023,"OpName %initDepth_0 ""initDepth""",,,,,,,,,,,
1024,"OpName %worldPos ""worldPos""",,,,,,,,,,,
1025,"OpName %_MatrixStorage_float4x4_ColMajornatural ""_MatrixStorage_float4x4_ColMajornatural""",,,,,,,,,,,
1026,"OpMemberName %_MatrixStorage_float4x4_ColMajornatural 0 ""data""",,,,,,,,,,,
1027,"OpName %invProjection ""invProjection""",,,,,,,,,,,
1028,"OpName %depth ""depth""",,,,,,,,,,,
1029,"OpName %uv_2 ""uv""",,,,,,,,,,,
1030,"OpName %clip ""clip""",,,,,,,,,,,
1031,"OpName %view ""view""",,,,,,,,,,,
1032,"OpName %viewDir ""viewDir""",,,,,,,,,,,
1033,"OpName %N ""N""",,,,,,,,,,,
1034,"OpName %sampledImage_1 ""sampledImage""",,,,,,,,,,,
1035,"OpName %sampled_1 ""sampled""",,,,,,,,,,,
1036,"OpName %N_0 ""N""",,,,,,,,,,,
1037,"OpName %reflectDir ""reflectDir""",,,,,,,,,,,
1038,"OpName %p ""p""",,,,,,,,,,,
1039,"OpName %p_0 ""p""",,,,,,,,,,,
1040,"OpName %pPrime ""pPrime""",,,,,,,,,,,
1041,"OpName %worldPos_0 ""worldPos""",,,,,,,,,,,
1042,"OpName %clip_0 ""clip""",,,,,,,,,,,
1043,"OpName %uv_3 ""uv""",,,,,,,,,,,
1044,"OpName %v ""v""",,,,,,,,,,,
1045,"OpName %v_0 ""v""",,,,,,,,,,,
1046,"OpName %jitter ""jitter""",,,,,,,,,,,
1047,"OpName %seed ""seed""",,,,,,,,,,,
1048,"OpName %q ""q""",,,,,,,,,,,
1049,"OpName %n ""n""",,,,,,,,,,,
1050,"OpName %jitter_0 ""jitter""",,,,,,,,,,,
1051,"OpName %ray ""ray""",,,,,,,,,,,
1052,"OpName %jitter_1 ""jitter""",,,,,,,,,,,
1053,"OpName %v_1 ""v""",,,,,,,,,,,
1054,"OpName %p_1 ""p""",,,,,,,,,,,
1055,"OpName %maxSteps ""maxSteps""",,,,,,,,,,,
1056,"OpName %stopLevel ""stopLevel""",,,,,,,,,,,
1057,"OpName %baseRes ""baseRes""",,,,,,,,,,,
1058,"OpName %d ""d""",,,,,,,,,,,
1059,"OpName %crossStep ""crossStep""",,,,,,,,,,,
1060,"OpName %crossOffset ""crossOffset""",,,,,,,,,,,
1061,"OpName %mip0CellCount ""mip0CellCount""",,,,,,,,,,,
1062,"OpName %baseRes_0 ""baseRes""",,,,,,,,,,,
1063,"OpName %level ""level""",,,,,,,,,,,
1064,"OpName %ray_0 ""ray""",,,,,,,,,,,
1065,"OpName %cellCount ""cellCount""",,,,,,,,,,,
1066,"OpName %ray_1 ""ray""",,,,,,,,,,,
1067,"OpName %crossOffset_0 ""crossOffset""",,,,,,,,,,,
1068,"OpName %crossStep_0 ""crossStep""",,,,,,,,,,,
1069,"OpName %cellCount_0 ""cellCount""",,,,,,,,,,,
1070,"OpName %cellIndex ""cellIndex""",,,,,,,,,,,
1071,"OpName %d_0 ""d""",,,,,,,,,,,
1072,"OpName %o ""o""",,,,,,,,,,,
1073,"OpName %cellSize ""cellSize""",,,,,,,,,,,
1074,"OpName %nextBoundary ""nextBoundary""",,,,,,,,,,,
1075,"OpName %t ""t""",,,,,,,,,,,
1076,"OpName %tMin ""tMin""",,,,,,,,,,,
1077,"OpName %baseT ""baseT""",,,,,,,,,,,
1078,"OpName %level_0 ""level""",,,,,,,,,,,
1079,"OpName %i_0 ""i""",,,,,,,,,,,
1080,"OpName %cellCount_1 ""cellCount""",,,,,,,,,,,
1081,"OpName %oldCellIdx ""oldCellIdx""",,,,,,,,,,,
1082,"OpName %planeZ ""planeZ""",,,,,,,,,,,
1083,"OpName %level_1 ""level""",,,,,,,,,,,
1084,"OpName %cellIdx ""cellIdx""",,,,,,,,,,,
1085,"OpName %tmpRay ""tmpRay""",,,,,,,,,,,
1086,"OpName %t_0 ""t""",,,,,,,,,,,
1087,"OpName %d_1 ""d""",,,,,,,,,,,
1088,"OpName %o_0 ""o""",,,,,,,,,,,
1089,"OpName %newCellIdx ""newCellIdx""",,,,,,,,,,,
1090,"OpName %newCellIdx_0 ""newCellIdx""",,,,,,,,,,,
1091,"OpName %oldCellIdx_0 ""oldCellIdx""",,,,,,,,,,,
1092,"OpName %reflDepth ""reflDepth""",,,,,,,,,,,
1093,"OpName %reflDepth_0 ""reflDepth""",,,,,,,,,,,
1094,"OpName %realDepth ""realDepth""",,,,,,,,,,,
1095,"OpName %sampledImage_2 ""sampledImage""",,,,,,,,,,,
1096,"OpName %sampled_2 ""sampled""",,,,,,,,,,,
1097,"OpName %edgeFactor ""edgeFactor""",,,,,,,,,,,
1098,"OpName %edgeFactor_0 ""edgeFactor""",,,,,,,,,,,
1099,"OpName %fadeOnBorder ""fadeOnBorder""",,,,,,,,,,,
1100,"OpName %gloss ""gloss""",,,,,,,,,,,
1101,"OpName %gloss_0 ""gloss""",,,,,,,,,,,
1102,"OpName %specularPower ""specularPower""",,,,,,,,,,,
1103,"OpName %roughness_1 ""roughness""",,,,,,,,,,,
1104,"OpName %a ""a""",,,,,,,,,,,
1105,"OpName %coneTheta ""coneTheta""",,,,,,,,,,,
1106,"OpName %specularPower_0 ""specularPower""",,,,,,,,,,,
1107,"OpName %xi ""xi""",,,,,,,,,,,
1108,"OpName %screenPos ""screenPos""",,,,,,,,,,,
1109,"OpName %adjacentLength_0 ""adjacentLength""",,,,,,,,,,,
1110,"OpName %adjacentUnit ""adjacentUnit""",,,,,,,,,,,
1111,"OpName %totalColor_0 ""totalColor""",,,,,,,,,,,
1112,"OpName %glossMult_0 ""glossMult""",,,,,,,,,,,
1113,"OpName %maxMipLevel ""maxMipLevel""",,,,,,,,,,,
1114,"OpName %remainingAlpha_0 ""remainingAlpha""",,,,,,,,,,,
1115,"OpName %i_1 ""i""",,,,,,,,,,,
1116,"OpName %oppositeLength ""oppositeLength""",,,,,,,,,,,
1117,"OpName %coneTheta_0 ""coneTheta""",,,,,,,,,,,
1118,"OpName %adjacentLength_1 ""adjacentLength""",,,,,,,,,,,
1119,"OpName %inCircleSize ""inCircleSize""",,,,,,,,,,,
1120,"OpName %h ""h""",,,,,,,,,,,
1121,"OpName %a_0 ""a""",,,,,,,,,,,
1122,"OpName %a2 ""a2""",,,,,,,,,,,
1123,"OpName %fh2 ""fh2""",,,,,,,,,,,
1124,"OpName %samplePos ""samplePos""",,,,,,,,,,,
1125,"OpName %samplePos_0 ""samplePos""",,,,,,,,,,,
1126,"OpName %mipChannel ""mipChannel""",,,,,,,,,,,
1127,"OpName %newColor_0 ""newColor""",,,,,,,,,,,
1128,"OpName %gloss_1 ""gloss""",,,,,,,,,,,
1129,"OpName %mipChannel_0 ""mipChannel""",,,,,,,,,,,
1130,"OpName %samplePos_1 ""samplePos""",,,,,,,,,,,
1131,"OpName %mip ""mip""",,,,,,,,,,,
1132,"OpName %color ""color""",,,,,,,,,,,
1133,"OpName %weight ""weight""",,,,,,,,,,,
1134,"OpName %remainingAlpha_1 ""remainingAlpha""",,,,,,,,,,,
1135,"OpName %totalColor_1 ""totalColor""",,,,,,,,,,,
1136,"OpName %inCircleSize_0 ""inCircleSize""",,,,,,,,,,,
1137,"OpName %adjacentLength_2 ""adjacentLength""",,,,,,,,,,,
1138,"OpName %glossMult_1 ""glossMult""",,,,,,,,,,,
1139,"OpName %i_2 ""i""",,,,,,,,,,,
1140,"OpName %reflColor ""reflColor""",,,,,,,,,,,
1141,"OpName %reflColor_0 ""reflColor""",,,,,,,,,,,
1142,"OpName %fadeOnPerpendicular ""fadeOnPerpendicular""",,,,,,,,,,,
1143,"OpName %minFade ""minFade""",,,,,,,,,,,
1144,"OpName %maxFade ""maxFade""",,,,,,,,,,,
1145,"OpName %fadeOnRoughness ""fadeOnRoughness""",,,,,,,,,,,
1146,"OpName %fadeOnRoughness_0 ""fadeOnRoughness""",,,,,,,,,,,
1147,"OpName %totalFade ""totalFade""",,,,,,,,,,,
1148,"OpName %totalFade_0 ""totalFade""",,,,,,,,,,,
1149,"OpName %entryPointParam_fragMain ""entryPointParam_fragMain""",,,,,,,,,,,
1150,"OpName %sampledImage_3 ""sampledImage""",,,,,,,,,,,
1151,"OpName %sampled_3 ""sampled""",,,,,,,,,,,
1152,"OpName %fragMain ""fragMain""",,,,,,,,,,,
1153,"OpName %SSRPassData_natural ""SSRPassData_natural""",,,,,,,,,,,
1154,"OpMemberName %SSRPassData_natural 0 ""invViewProj""",,,,,,,,,,,
1155,"OpMemberName %SSRPassData_natural 1 ""viewProj""",,,,,,,,,,,
1156,"OpMemberName %SSRPassData_natural 2 ""cameraPos""",,,,,,,,,,,
1157,"OpMemberName %SSRPassData_natural 3 ""depthIndex""",,,,,,,,,,,
1158,"OpMemberName %SSRPassData_natural 4 ""depthSamplerIndex""",,,,,,,,,,,
1159,"OpMemberName %SSRPassData_natural 5 ""colorIndex""",,,,,,,,,,,
1160,"OpMemberName %SSRPassData_natural 6 ""colorSamplerIndex""",,,,,,,,,,,
1161,"OpMemberName %SSRPassData_natural 7 ""roughnessMetalIndex""",,,,,,,,,,,
1162,"OpMemberName %SSRPassData_natural 8 ""roughnessMetalSamplerIndex""",,,,,,,,,,,
1163,"OpMemberName %SSRPassData_natural 9 ""normalIndex""",,,,,,,,,,,
1164,"OpMemberName %SSRPassData_natural 10 ""normalSamplerIndex""",,,,,,,,,,,
1165,"OpMemberName %SSRPassData_natural 11 ""_pad_resolution""",,,,,,,,,,,
1166,"OpMemberName %SSRPassData_natural 12 ""resolution""",,,,,,,,,,,
1167,"OpMemberName %SSRPassData_natural 13 ""hiZIndex""",,,,,,,,,,,
1168,"OpMemberName %SSRPassData_natural 14 ""hiZMipLevels""",,,,,,,,,,,
1169,"OpMemberName %SSRPassData_natural 15 ""thickness""",,,,,,,,,,,
1170,"OpMemberName %SSRPassData_natural 16 ""roughnessThreshold""",,,,,,,,,,,
1171,"OpMemberName %SSRPassData_natural 17 ""maxSteps""",,,,,,,,,,,
1172,"OpMemberName %SSRPassData_natural 18 ""frameIndex""",,,,,,,,,,,
1173,"OpMemberName %SSRPassData_natural 19 ""hiZStopLevel""",,,,,,,,,,,
1174,OpDecorate %43 BuiltIn BaseVertex,,,,,,,,,,,
1175,OpDecorate %gl_VertexIndex BuiltIn VertexIndex,,,,,,,,,,,
1176,OpDecorate %gl_Position BuiltIn Position,,,,,,,,,,,
1177,OpDecorate %entryPointParam_vertMain_texCoord Location 0,,,,,,,,,,,
1178,OpDecorate %gl_FragCoord BuiltIn FragCoord,,,,,,,,,,,
1179,OpDecorate %input_texCoord Location 0,,,,,,,,,,,
1180,OpDecorate %_ptr_PhysicalStorageBuffer_SSRPassData_natural ArrayStride 212,,,,,,,,,,,
1181,OpDecorate %SSRPushConstants_std430 Block,,,,,,,,,,,
1182,OpMemberDecorate %SSRPushConstants_std430 0 Offset 0,,,,,,,,,,,
1183,OpDecorate %_ptr_PhysicalStorageBuffer_uint ArrayStride 4,,,,,,,,,,,
1184,OpDecorate %_runtimearr_272 ArrayStride 8,,,,,,,,,,,
1185,OpDecorate %textures Binding 0,,,,,,,,,,,
1186,OpDecorate %textures DescriptorSet 0,,,,,,,,,,,
1187,OpDecorate %_runtimearr_283 ArrayStride 8,,,,,,,,,,,
1188,OpDecorate %samplers Binding 2,,,,,,,,,,,
1189,OpDecorate %samplers DescriptorSet 0,,,,,,,,,,,
1190,OpDecorate %_ptr_PhysicalStorageBuffer_float ArrayStride 4,,,,,,,,,,,
1191,OpDecorate %_ptr_PhysicalStorageBuffer__MatrixStorage_float4x4_ColMajornatural ArrayStride 64,,,,,,,,,,,
1192,OpDecorate %_arr_v4float_int_4 ArrayStride 16,,,,,,,,,,,
1193,OpMemberDecorate %_MatrixStorage_float4x4_ColMajornatural 0 Offset 0,,,,,,,,,,,
1194,OpDecorate %_ptr_PhysicalStorageBuffer_v3float ArrayStride 12,,,,,,,,,,,
1195,OpDecorate %_ptr_PhysicalStorageBuffer_int ArrayStride 4,,,,,,,,,,,
1196,OpDecorate %_ptr_PhysicalStorageBuffer_v2uint ArrayStride 8,,,,,,,,,,,
1197,OpDecorate %entryPointParam_fragMain Location 0,,,,,,,,,,,
1198,OpMemberDecorate %SSRPassData_natural 0 Offset 0,,,,,,,,,,,
1199,OpMemberDecorate %SSRPassData_natural 1 Offset 64,,,,,,,,,,,
1200,OpMemberDecorate %SSRPassData_natural 2 Offset 128,,,,,,,,,,,
1201,OpMemberDecorate %SSRPassData_natural 3 Offset 140,,,,,,,,,,,
1202,OpMemberDecorate %SSRPassData_natural 4 Offset 144,,,,,,,,,,,
1203,OpMemberDecorate %SSRPassData_natural 5 Offset 148,,,,,,,,,,,
1204,OpMemberDecorate %SSRPassData_natural 6 Offset 152,,,,,,,,,,,
1205,OpMemberDecorate %SSRPassData_natural 7 Offset 156,,,,,,,,,,,
1206,OpMemberDecorate %SSRPassData_natural 8 Offset 160,,,,,,,,,,,
1207,OpMemberDecorate %SSRPassData_natural 9 Offset 164,,,,,,,,,,,
1208,OpMemberDecorate %SSRPassData_natural 10 Offset 168,,,,,,,,,,,
1209,OpMemberDecorate %SSRPassData_natural 11 Offset 172,,,,,,,,,,,
1210,OpMemberDecorate %SSRPassData_natural 12 Offset 176,,,,,,,,,,,
1211,OpMemberDecorate %SSRPassData_natural 13 Offset 184,,,,,,,,,,,
1212,OpMemberDecorate %SSRPassData_natural 14 Offset 188,,,,,,,,,,,
1213,OpMemberDecorate %SSRPassData_natural 15 Offset 192,,,,,,,,,,,
1214,OpMemberDecorate %SSRPassData_natural 16 Offset 196,,,,,,,,,,,
1215,OpMemberDecorate %SSRPassData_natural 17 Offset 200,,,,,,,,,,,
1216,OpMemberDecorate %SSRPassData_natural 18 Offset 204,,,,,,,,,,,
1217,OpMemberDecorate %SSRPassData_natural 19 Offset 208,,,,,,,,,,,
1218,%void = OpTypeVoid,,,,,,,,,,,
1219,%uint = OpTypeInt 32 0,,,,,,,,,,,
1220,%uint_11 = OpConstant %uint 11,,,,,,,,,,,
1221,%uint_5 = OpConstant %uint 5,,,,,,,,,,,
1222,%uint_100 = OpConstant %uint 100,,,,,,,,,,,
1223,%18 = OpTypeFunction %void,,,,,,,,,,,
1224,%float = OpTypeFloat 32,,,,,,,,,,,
1225,%v4float = OpTypeVector %float 4,,,,,,,,,,,
1226,%v2float = OpTypeVector %float 2,,,,,,,,,,,
1227,%_ptr_Function_v2float = OpTypePointer Function %v2float,,,,,,,,,,,
1228,%uint_0 = OpConstant %uint 0,,,,,,,,,,,
1229,%uint_40 = OpConstant %uint 40,,,,,,,,,,,
1230,%uint_10 = OpConstant %uint 10,,,,,,,,,,,
1231,%int = OpTypeInt 32 1,,,,,,,,,,,
1232,%_ptr_Input_int = OpTypePointer Input %int,,,,,,,,,,,
1233,%uint_41 = OpConstant %uint 41,,,,,,,,,,,
1234,%uint_6 = OpConstant %uint 6,,,,,,,,,,,
1235,%uint_32 = OpConstant %uint 32,,,,,,,,,,,
1236,%uint_3 = OpConstant %uint 3,,,,,,,,,,,
1237,%uint_131072 = OpConstant %uint 131072,,,,,,,,,,,
1238,%uint_4 = OpConstant %uint 4,,,,,,,,,,,
1239,%uint_34 = OpConstant %uint 34,,,,,,,,,,,
1240,%uint_8 = OpConstant %uint 8,,,,,,,,,,,
1241,%uint_128 = OpConstant %uint 128,,,,,,,,,,,
1242,%uint_2 = OpConstant %uint 2,,,,,,,,,,,
1243,%uint_64 = OpConstant %uint 64,,,,,,,,,,,
1244,%uint_1 = OpConstant %uint 1,,,,,,,,,,,
1245,%uint_192 = OpConstant %uint 192,,,,,,,,,,,
1246,%uint_14 = OpConstant %uint 14,,,,,,,,,,,
1247,%uint_42 = OpConstant %uint 42,,,,,,,,,,,
1248,%uint_12 = OpConstant %uint 12,,,,,,,,,,,
1249,%int_1 = OpConstant %int 1,,,,,,,,,,,
1250,%uint_43 = OpConstant %uint 43,,,,,,,,,,,
1251,%uint_44 = OpConstant %uint 44,,,,,,,,,,,
1252,%int_0 = OpConstant %int 0,,,,,,,,,,,
1253,%_ptr_Function_v4float = OpTypePointer Function %v4float,,,,,,,,,,,
1254,%float_2 = OpConstant %float 2,,,,,,,,,,,
1255,%float_1 = OpConstant %float 1,,,,,,,,,,,
1256,%float_0 = OpConstant %float 0,,,,,,,,,,,
1257,%uint_45 = OpConstant %uint 45,,,,,,,,,,,
1258,%_ptr_Output_v4float = OpTypePointer Output %v4float,,,,,,,,,,,
1259,%_ptr_Output_v2float = OpTypePointer Output %v2float,,,,,,,,,,,
1260,%_ptr_Function_float = OpTypePointer Function %float,,,,,,,,,,,
1261,%v3float = OpTypeVector %float 3,,,,,,,,,,,
1262,%_ptr_Function_v3float = OpTypePointer Function %v3float,,,,,,,,,,,
1263,%_ptr_Function_int = OpTypePointer Function %int,,,,,,,,,,,
1264,%uint_237 = OpConstant %uint 237,,,,,,,,,,,
1265,%_ptr_Input_v4float = OpTypePointer Input %v4float,,,,,,,,,,,
1266,%_ptr_Input_v2float = OpTypePointer Input %v2float,,,,,,,,,,,
1267,%uint_238 = OpConstant %uint 238,,,,,,,,,,,
1268,%uint_240 = OpConstant %uint 240,,,,,,,,,,,
1269,OpTypeForwardPointer %_ptr_PhysicalStorageBuffer_SSRPassData_natural PhysicalStorageBuffer,,,,,,,,,,,
1270,%SSRPushConstants_std430 = OpTypeStruct %_ptr_PhysicalStorageBuffer_SSRPassData_natural,,,,,,,,,,,
1271,%_ptr_PushConstant_SSRPushConstants_std430 = OpTypePointer PushConstant %SSRPushConstants_std430,,,,,,,,,,,
1272,%_ptr_PushConstant_261 = OpTypePointer PushConstant %_ptr_PhysicalStorageBuffer_SSRPassData_natural,,,,,,,,,,,
1273,%int_7 = OpConstant %int 7,,,,,,,,,,,
1274,%_ptr_PhysicalStorageBuffer_uint = OpTypePointer PhysicalStorageBuffer %uint,,,,,,,,,,,
1275,%272 = OpTypeImage %float 2D 2 0 0 1 Unknown,,,,,,,,,,,
1276,%_runtimearr_272 = OpTypeRuntimeArray %272,,,,,,,,,,,
1277,%_ptr_UniformConstant__runtimearr_272 = OpTypePointer UniformConstant %_runtimearr_272,,,,,,,,,,,
1278,%_ptr_UniformConstant_272 = OpTypePointer UniformConstant %272,,,,,,,,,,,
1279,%int_8 = OpConstant %int 8,,,,,,,,,,,
1280,%283 = OpTypeSampler,,,,,,,,,,,
1281,%_runtimearr_283 = OpTypeRuntimeArray %283,,,,,,,,,,,
1282,%_ptr_UniformConstant__runtimearr_283 = OpTypePointer UniformConstant %_runtimearr_283,,,,,,,,,,,
1283,%_ptr_UniformConstant_283 = OpTypePointer UniformConstant %283,,,,,,,,,,,
1284,%290 = OpTypeSampledImage %272,,,,,,,,,,,
1285,%uint_242 = OpConstant %uint 242,,,,,,,,,,,
1286,%int_16 = OpConstant %int 16,,,,,,,,,,,
1287,%_ptr_PhysicalStorageBuffer_float = OpTypePointer PhysicalStorageBuffer %float,,,,,,,,,,,
1288,%bool = OpTypeBool,,,,,,,,,,,
1289,%uint_19 = OpConstant %uint 19,,,,,,,,,,,
1290,%uint_20 = OpConstant %uint 20,,,,,,,,,,,
1291,%uint_245 = OpConstant %uint 245,,,,,,,,,,,
1292,%int_3 = OpConstant %int 3,,,,,,,,,,,
1293,%int_4 = OpConstant %int 4,,,,,,,,,,,
1294,%uint_247 = OpConstant %uint 247,,,,,,,,,,,
1295,%uint_251 = OpConstant %uint 251,,,,,,,,,,,
1296,OpTypeForwardPointer %_ptr_PhysicalStorageBuffer__MatrixStorage_float4x4_ColMajornatural PhysicalStorageBuffer,,,,,,,,,,,
1297,%_arr_v4float_int_4 = OpTypeArray %v4float %int_4,,,,,,,,,,,
1298,%_MatrixStorage_float4x4_ColMajornatural = OpTypeStruct %_arr_v4float_int_4,,,,,,,,,,,
1299,%mat4v4float = OpTypeMatrix %v4float 4,,,,,,,,,,,
1300,%_ptr_Function_mat4v4float = OpTypePointer Function %mat4v4float,,,,,,,,,,,
1301,%uint_305 = OpConstant %uint 305,,,,,,,,,,,
1302,%true = OpConstantTrue %bool,,,,,,,,,,,
1303,%uint_306 = OpConstant %uint 306,,,,,,,,,,,
1304,%uint_307 = OpConstant %uint 307,,,,,,,,,,,
1305,%uint_308 = OpConstant %uint 308,,,,,,,,,,,
1306,%uint_254 = OpConstant %uint 254,,,,,,,,,,,
1307,%int_2 = OpConstant %int 2,,,,,,,,,,,
1308,%_ptr_PhysicalStorageBuffer_v3float = OpTypePointer PhysicalStorageBuffer %v3float,,,,,,,,,,,
1309,%uint_255 = OpConstant %uint 255,,,,,,,,,,,
1310,%int_9 = OpConstant %int 9,,,,,,,,,,,
1311,%int_10 = OpConstant %int 10,,,,,,,,,,,
1312,%uint_256 = OpConstant %uint 256,,,,,,,,,,,
1313,%uint_259 = OpConstant %uint 259,,,,,,,,,,,
1314,%uint_261 = OpConstant %uint 261,,,,,,,,,,,
1315,%uint_35 = OpConstant %uint 35,,,,,,,,,,,
1316,%uint_265 = OpConstant %uint 265,,,,,,,,,,,
1317,%uint_268 = OpConstant %uint 268,,,,,,,,,,,
1318,%float_10 = OpConstant %float 10,,,,,,,,,,,
1319,%uint_49 = OpConstant %uint 49,,,,,,,,,,,
1320,%uint_50 = OpConstant %uint 50,,,,,,,,,,,
1321,%uint_51 = OpConstant %uint 51,,,,,,,,,,,
1322,%uint_52 = OpConstant %uint 52,,,,,,,,,,,
1323,%float_0_5 = OpConstant %float 0.5,,,,,,,,,,,
1324,%uint_53 = OpConstant %uint 53,,,,,,,,,,,
1325,%uint_271 = OpConstant %uint 271,,,,,,,,,,,
1326,%uint_274 = OpConstant %uint 274,,,,,,,,,,,
1327,%uint_13 = OpConstant %uint 13,,,,,,,,,,,
1328,%uint_277 = OpConstant %uint 277,,,,,,,,,,,
1329,%v2uint = OpTypeVector %uint 2,,,,,,,,,,,
1330,%int_18 = OpConstant %int 18,,,,,,,,,,,
1331,%_ptr_Function_uint = OpTypePointer Function %uint,,,,,,,,,,,
1332,%_ptr_Function_v2uint = OpTypePointer Function %v2uint,,,,,,,,,,,
1333,%uint_226 = OpConstant %uint 226,,,,,,,,,,,
1334,%uint_228 = OpConstant %uint 228,,,,,,,,,,,
1335,%uint_1597334677 = OpConstant %uint 1597334677,,,,,,,,,,,
1336,%uint_3812015801 = OpConstant %uint 3812015801,,,,,,,,,,,
1337,%660 = OpConstantComposite %v2uint %uint_1597334677 %uint_3812015801,,,,,,,,,,,
1338,%uint_230 = OpConstant %uint 230,,,,,,,,,,,
1339,%uint_232 = OpConstant %uint 232,,,,,,,,,,,
1340,%float_2_32830644en10 = OpConstant %float 2.32830644e-10,,,,,,,,,,,
1341,%uint_278 = OpConstant %uint 278,,,,,,,,,,,
1342,%_ptr_Function_bool = OpTypePointer Function %bool,,,,,,,,,,,
1343,%uint_122 = OpConstant %uint 122,,,,,,,,,,,
1344,%uint_124 = OpConstant %uint 124,,,,,,,,,,,
1345,%uint_15 = OpConstant %uint 15,,,,,,,,,,,
1346,%int_17 = OpConstant %int 17,,,,,,,,,,,
1347,%_ptr_PhysicalStorageBuffer_int = OpTypePointer PhysicalStorageBuffer %int,,,,,,,,,,,
1348,%uint_125 = OpConstant %uint 125,,,,,,,,,,,
1349,%uint_17 = OpConstant %uint 17,,,,,,,,,,,
1350,%int_19 = OpConstant %int 19,,,,,,,,,,,
1351,%uint_126 = OpConstant %uint 126,,,,,,,,,,,
1352,%int_13 = OpConstant %int 13,,,,,,,,,,,
1353,%uint_127 = OpConstant %uint 127,,,,,,,,,,,
1354,%uint_18 = OpConstant %uint 18,,,,,,,,,,,
1355,%int_12 = OpConstant %int 12,,,,,,,,,,,
1356,%_ptr_PhysicalStorageBuffer_v2uint = OpTypePointer PhysicalStorageBuffer %v2uint,,,,,,,,,,,
1357,%uint_132 = OpConstant %uint 132,,,,,,,,,,,
1358,%float_n1_00000001en07 = OpConstant %float -1.00000001e-07,,,,,,,,,,,
1359,%uint_135 = OpConstant %uint 135,,,,,,,,,,,
1360,%uint_136 = OpConstant %uint 136,,,,,,,,,,,
1361,%uint_140 = OpConstant %uint 140,,,,,,,,,,,
1362,%uint_92 = OpConstant %uint 92,,,,,,,,,,,
1363,%uint_94 = OpConstant %uint 94,,,,,,,,,,,
1364,%919 = OpConstantComposite %v2float %float_1 %float_1,,,,,,,,,,,
1365,%uint_141 = OpConstant %uint 141,,,,,,,,,,,
1366,%uint_69 = OpConstant %uint 69,,,,,,,,,,,
1367,%uint_70 = OpConstant %uint 70,,,,,,,,,,,
1368,%float_64 = OpConstant %float 64,,,,,,,,,,,
1369,%uint_76 = OpConstant %uint 76,,,,,,,,,,,
1370,%uint_77 = OpConstant %uint 77,,,,,,,,,,,
1371,%uint_78 = OpConstant %uint 78,,,,,,,,,,,
1372,%uint_79 = OpConstant %uint 79,,,,,,,,,,,
1373,%uint_81 = OpConstant %uint 81,,,,,,,,,,,
1374,%float_n1_00000002e_30 = OpConstant %float -1.00000002e+30,,,,,,,,,,,
1375,%uint_82 = OpConstant %uint 82,,,,,,,,,,,
1376,%uint_85 = OpConstant %uint 85,,,,,,,,,,,
1377,%uint_86 = OpConstant %uint 86,,,,,,,,,,,
1378,%uint_146 = OpConstant %uint 146,,,,,,,,,,,
1379,%uint_147 = OpConstant %uint 147,,,,,,,,,,,
1380,%uint_149 = OpConstant %uint 149,,,,,,,,,,,
1381,%uint_150 = OpConstant %uint 150,,,,,,,,,,,
1382,%uint_9 = OpConstant %uint 9,,,,,,,,,,,
1383,%uint_33 = OpConstant %uint 33,,,,,,,,,,,
1384,%uint_22 = OpConstant %uint 22,,,,,,,,,,,
1385,%uint_23 = OpConstant %uint 23,,,,,,,,,,,
1386,%false = OpConstantFalse %bool,,,,,,,,,,,
1387,%uint_152 = OpConstant %uint 152,,,,,,,,,,,
1388,%v2bool = OpTypeVector %bool 2,,,,,,,,,,,
1389,%uint_16 = OpConstant %uint 16,,,,,,,,,,,
1390,%uint_30 = OpConstant %uint 30,,,,,,,,,,,
1391,%uint_31 = OpConstant %uint 31,,,,,,,,,,,
1392,%uint_155 = OpConstant %uint 155,,,,,,,,,,,
1393,%uint_156 = OpConstant %uint 156,,,,,,,,,,,
1394,%uint_158 = OpConstant %uint 158,,,,,,,,,,,
1395,%uint_101 = OpConstant %uint 101,,,,,,,,,,,
1396,%uint_7 = OpConstant %uint 7,,,,,,,,,,,
1397,%uint_102 = OpConstant %uint 102,,,,,,,,,,,
1398,%v2int = OpTypeVector %int 2,,,,,,,,,,,
1399,%v3int = OpTypeVector %int 3,,,,,,,,,,,
1400,%uint_162 = OpConstant %uint 162,,,,,,,,,,,
1401,%uint_65 = OpConstant %uint 65,,,,,,,,,,,
1402,%uint_164 = OpConstant %uint 164,,,,,,,,,,,
1403,%uint_165 = OpConstant %uint 165,,,,,,,,,,,
1404,%uint_106 = OpConstant %uint 106,,,,,,,,,,,
1405,%uint_107 = OpConstant %uint 107,,,,,,,,,,,
1406,%uint_167 = OpConstant %uint 167,,,,,,,,,,,
1407,%uint_168 = OpConstant %uint 168,,,,,,,,,,,
1408,%float_7 = OpConstant %float 7,,,,,,,,,,,
1409,%uint_171 = OpConstant %uint 171,,,,,,,,,,,
1410,%uint_172 = OpConstant %uint 172,,,,,,,,,,,
1411,%uint_57 = OpConstant %uint 57,,,,,,,,,,,
1412,%uint_58 = OpConstant %uint 58,,,,,,,,,,,
1413,%uint_153 = OpConstant %uint 153,,,,,,,,,,,
1414,%uint_174 = OpConstant %uint 174,,,,,,,,,,,
1415,%uint_280 = OpConstant %uint 280,,,,,,,,,,,
1416,%uint_282 = OpConstant %uint 282,,,,,,,,,,,
1417,%uint_285 = OpConstant %uint 285,,,,,,,,,,,
1418,%1398 = OpConstantComposite %v2float %float_0 %float_0,,,,,,,,,,,
1419,%float_0_100000001 = OpConstant %float 0.100000001,,,,,,,,,,,
1420,%1399 = OpConstantComposite %v2float %float_0_100000001 %float_0_100000001,,,,,,,,,,,
1421,%float_0_899999976 = OpConstant %float 0.899999976,,,,,,,,,,,
1422,%1402 = OpConstantComposite %v2float %float_0_899999976 %float_0_899999976,,,,,,,,,,,
1423,%1404 = OpConstantComposite %v2float %float_1 %float_1,,,,,,,,,,,
1424,%uint_286 = OpConstant %uint 286,,,,,,,,,,,
1425,%uint_288 = OpConstant %uint 288,,,,,,,,,,,
1426,%uint_21 = OpConstant %uint 21,,,,,,,,,,,
1427,%uint_291 = OpConstant %uint 291,,,,,,,,,,,
1428,%int_15 = OpConstant %int 15,,,,,,,,,,,
1429,%uint_37 = OpConstant %uint 37,,,,,,,,,,,
1430,%uint_38 = OpConstant %uint 38,,,,,,,,,,,
1431,%uint_294 = OpConstant %uint 294,,,,,,,,,,,
1432,%uint_295 = OpConstant %uint 295,,,,,,,,,,,
1433,%uint_181 = OpConstant %uint 181,,,,,,,,,,,
1434,%uint_182 = OpConstant %uint 182,,,,,,,,,,,
1435,%float_0_00100000005 = OpConstant %float 0.00100000005,,,,,,,,,,,
1436,%uint_183 = OpConstant %uint 183,,,,,,,,,,,
1437,%uint_296 = OpConstant %uint 296,,,,,,,,,,,
1438,%uint_187 = OpConstant %uint 187,,,,,,,,,,,
1439,%uint_190 = OpConstant %uint 190,,,,,,,,,,,
1440,%uint_24 = OpConstant %uint 24,,,,,,,,,,,
1441,%float_0_244000003 = OpConstant %float 0.244000003,,,,,,,,,,,
1442,%uint_193 = OpConstant %uint 193,,,,,,,,,,,
1443,%uint_191 = OpConstant %uint 191,,,,,,,,,,,
1444,%uint_299 = OpConstant %uint 299,,,,,,,,,,,
1445,%uint_300 = OpConstant %uint 300,,,,,,,,,,,
1446,%uint_303 = OpConstant %uint 303,,,,,,,,,,,
1447,%float_9_99999975en06 = OpConstant %float 9.99999975e-06,,,,,,,,,,,
1448,%1568 = OpConstantComposite %v4float %float_0 %float_0 %float_0 %float_0,,,,,,,,,,,
1449,%uint_309 = OpConstant %uint 309,,,,,,,,,,,
1450,%uint_310 = OpConstant %uint 310,,,,,,,,,,,
1451,%int_14 = OpConstant %int 14,,,,,,,,,,,
1452,%uint_312 = OpConstant %uint 312,,,,,,,,,,,
1453,%uint_313 = OpConstant %uint 313,,,,,,,,,,,
1454,%uint_315 = OpConstant %uint 315,,,,,,,,,,,
1455,%uint_197 = OpConstant %uint 197,,,,,,,,,,,
1456,%uint_199 = OpConstant %uint 199,,,,,,,,,,,
1457,%uint_317 = OpConstant %uint 317,,,,,,,,,,,
1458,%uint_203 = OpConstant %uint 203,,,,,,,,,,,
1459,%uint_205 = OpConstant %uint 205,,,,,,,,,,,
1460,%uint_206 = OpConstant %uint 206,,,,,,,,,,,
1461,%float_4 = OpConstant %float 4,,,,,,,,,,,
1462,%uint_207 = OpConstant %uint 207,,,,,,,,,,,
1463,%uint_319 = OpConstant %uint 319,,,,,,,,,,,
1464,%uint_321 = OpConstant %uint 321,,,,,,,,,,,
1465,%uint_323 = OpConstant %uint 323,,,,,,,,,,,
1466,%uint_216 = OpConstant %uint 216,,,,,,,,,,,
1467,%uint_217 = OpConstant %uint 217,,,,,,,,,,,
1468,%uint_218 = OpConstant %uint 218,,,,,,,,,,,
1469,%int_5 = OpConstant %int 5,,,,,,,,,,,
1470,%int_6 = OpConstant %int 6,,,,,,,,,,,
1471,%uint_222 = OpConstant %uint 222,,,,,,,,,,,
1472,%uint_223 = OpConstant %uint 223,,,,,,,,,,,
1473,%uint_324 = OpConstant %uint 324,,,,,,,,,,,
1474,%uint_325 = OpConstant %uint 325,,,,,,,,,,,
1475,%uint_27 = OpConstant %uint 27,,,,,,,,,,,
1476,%uint_28 = OpConstant %uint 28,,,,,,,,,,,
1477,%uint_326 = OpConstant %uint 326,,,,,,,,,,,
1478,%uint_328 = OpConstant %uint 328,,,,,,,,,,,
1479,%uint_329 = OpConstant %uint 329,,,,,,,,,,,
1480,%uint_25 = OpConstant %uint 25,,,,,,,,,,,
1481,%uint_26 = OpConstant %uint 26,,,,,,,,,,,
1482,%uint_333 = OpConstant %uint 333,,,,,,,,,,,
1483,%uint_211 = OpConstant %uint 211,,,,,,,,,,,
1484,%uint_212 = OpConstant %uint 212,,,,,,,,,,,
1485,%uint_334 = OpConstant %uint 334,,,,,,,,,,,
1486,%uint_336 = OpConstant %uint 336,,,,,,,,,,,
1487,%uint_29 = OpConstant %uint 29,,,,,,,,,,,
1488,%uint_335 = OpConstant %uint 335,,,,,,,,,,,
1489,%uint_330 = OpConstant %uint 330,,,,,,,,,,,
1490,%uint_339 = OpConstant %uint 339,,,,,,,,,,,
1491,%uint_342 = OpConstant %uint 342,,,,,,,,,,,
1492,%uint_345 = OpConstant %uint 345,,,,,,,,,,,
1493,%float_0_800000012 = OpConstant %float 0.800000012,,,,,,,,,,,
1494,%uint_346 = OpConstant %uint 346,,,,,,,,,,,
1495,%uint_347 = OpConstant %uint 347,,,,,,,,,,,
1496,%uint_348 = OpConstant %uint 348,,,,,,,,,,,
1497,%uint_350 = OpConstant %uint 350,,,,,,,,,,,
1498,%uint_352 = OpConstant %uint 352,,,,,,,,,,,
1499,%uint_304 = OpConstant %uint 304,,,,,,,,,,,
1500,%uint_292 = OpConstant %uint 292,,,,,,,,,,,
1501,%2003 = OpConstantComposite %v4float %float_0 %float_0 %float_0 %float_0,,,,,,,,,,,
1502,%uint_289 = OpConstant %uint 289,,,,,,,,,,,
1503,%2008 = OpConstantComposite %v4float %float_0 %float_0 %float_0 %float_0,,,,,,,,,,,
1504,%uint_275 = OpConstant %uint 275,,,,,,,,,,,
1505,%2013 = OpConstantComposite %v4float %float_0 %float_0 %float_0 %float_0,,,,,,,,,,,
1506,%uint_262 = OpConstant %uint 262,,,,,,,,,,,
1507,%2018 = OpConstantComposite %v4float %float_0 %float_0 %float_0 %float_0,,,,,,,,,,,
1508,%uint_248 = OpConstant %uint 248,,,,,,,,,,,
1509,%2023 = OpConstantComposite %v4float %float_0 %float_0 %float_0 %float_0,,,,,,,,,,,
1510,%uint_243 = OpConstant %uint 243,,,,,,,,,,,
1511,%2028 = OpConstantComposite %v4float %float_0 %float_0 %float_0 %float_0,,,,,,,,,,,
1512,%SSRPassData_natural = OpTypeStruct %_MatrixStorage_float4x4_ColMajornatural %_MatrixStorage_float4x4_ColMajornatural %v3float %uint %uint %uint %uint %uint %uint %uint %uint %uint %v2uint %uint %uint %float %float %int %uint %uint,,,,,,,,,,,
1513,%_ptr_PhysicalStorageBuffer_SSRPassData_natural = OpTypePointer PhysicalStorageBuffer %SSRPassData_natural,,,,,,,,,,,
1514,%_ptr_PhysicalStorageBuffer__MatrixStorage_float4x4_ColMajornatural = OpTypePointer PhysicalStorageBuffer %_MatrixStorage_float4x4_ColMajornatural,,,,,,,,,,,
1515,%43 = OpVariable %_ptr_Input_int Input,,,,,,,,,,,
1516,%gl_VertexIndex = OpVariable %_ptr_Input_int Input,,,,,,,,,,,
1517,%gl_Position = OpVariable %_ptr_Output_v4float Output,,,,,,,,,,,
1518,%entryPointParam_vertMain_texCoord = OpVariable %_ptr_Output_v2float Output,,,,,,,,,,,
1519,%gl_FragCoord = OpVariable %_ptr_Input_v4float Input,,,,,,,,,,,
1520,%input_texCoord = OpVariable %_ptr_Input_v2float Input,,,,,,,,,,,
1521,%SSRpc = OpVariable %_ptr_PushConstant_SSRPushConstants_std430 PushConstant,,,,,,,,,,,
1522,%textures = OpVariable %_ptr_UniformConstant__runtimearr_272 UniformConstant,,,,,,,,,,,
1523,%samplers = OpVariable %_ptr_UniformConstant__runtimearr_283 UniformConstant,,,,,,,,,,,
1524,%entryPointParam_fragMain = OpVariable %_ptr_Output_v4float Output,,,,,,,,,,,
1525,%3906 = OpConstantComposite %v3float %float_1 %float_1 %float_1,,,,,,,,,,,
1526,%3907 = OpConstantComposite %v2float %float_0_5 %float_0_5,,,,,,,,,,,
1527,%float_0x1p_128 = OpConstant %float 0x1p+128,,,,,,,,,,,
1528,%float_0_0078125 = OpConstant %float 0.0078125,,,,,,,,,,,
1529,%3911 = OpConstantComposite %v2float %float_0_0078125 %float_0_0078125,,,,,,,,,,,
1530,%3912 = OpUndef %float,,,,,,,,,,,
1531,%77 = OpExtInst %void %2 DebugExpression,,,,,,,,,,,
1532,%3887 = OpExtInst %void %2 DebugOperation %uint_0,,,,,,,,,,,
1533,%4 = OpExtInst %void %2 DebugSource %5 %1,,,,,,,,,,,
1534,%10 = OpExtInst %void %2 DebugCompilationUnit %uint_100 %uint_5 %4 %uint_11,,,,,,,,,,,
1535,%12 = OpExtInst %void %2 DebugSource %13 %11,,,,,,,,,,,
1536,%15 = OpExtInst %void %2 DebugSource %16 %14,,,,,,,,,,,
1537,%29 = OpExtInst %void %2 DebugTypeFunction %uint_0 %void,,,,,,,,,,,
1538,%31 = OpExtInst %void %2 DebugFunction %32 %29 %15 %uint_40 %uint_10 %10 %32 %uint_0 %uint_40,,,,,,,,,,,
1539,%37 = OpExtInst %void %2 DebugEntryPoint %31 %10 %38 %39,,,,,,,,,,,
1540,%53 = OpExtInst %void %2 DebugTypeBasic %54 %uint_32 %uint_3 %uint_131072,,,,,,,,,,,
1541,%58 = OpExtInst %void %2 DebugTypeVector %53 %uint_4,,,,,,,,,,,
1542,%60 = OpExtInst %void %2 DebugTypeMember %61 %58 %15 %uint_34 %uint_8 %uint_0 %uint_128 %uint_0,,,,,,,,,,,
1543,%65 = OpExtInst %void %2 DebugTypeVector %53 %uint_2,,,,,,,,,,,
1544,%67 = OpExtInst %void %2 DebugTypeMember %68 %65 %15 %uint_34 %uint_8 %uint_128 %uint_64 %uint_0,,,,,,,,,,,
1545,%70 = OpExtInst %void %2 DebugTypeComposite %71 %uint_1 %15 %uint_34 %uint_8 %10 %71 %uint_192 %uint_131072 %60 %67,,,,,,,,,,,
1546,%output = OpExtInst %void %2 DebugLocalVariable %75 %70 %15 %uint_41 %uint_14 %31 %uint_0,,,,,,,,,,,
1547,%uv = OpExtInst %void %2 DebugLocalVariable %82 %65 %15 %uint_42 %uint_12 %31 %uint_0,,,,,,,,,,,
1548,%176 = OpExtInst %void %2 DebugFunction %177 %29 %15 %uint_237 %uint_8 %10 %177 %uint_0 %uint_237,,,,,,,,,,,
1549,%239 = OpExtInst %void %2 DebugEntryPoint %176 %10 %38 %240,,,,,,,,,,,
1550,%uv_1 = OpExtInst %void %2 DebugLocalVariable %82 %65 %15 %uint_238 %uint_12 %176 %uint_0,,,,,,,,,,,
1551,%roughness = OpExtInst %void %2 DebugLocalVariable %257 %53 %15 %uint_240 %uint_11 %176 %uint_0,,,,,,,,,,,
1552,%initDepth = OpExtInst %void %2 DebugLocalVariable %312 %53 %15 %uint_245 %uint_11 %176 %uint_0,,,,,,,,,,,
1553,%339 = OpExtInst %void %2 DebugTypeVector %53 %uint_3,,,,,,,,,,,
1554,%worldPos = OpExtInst %void %2 DebugLocalVariable %341 %339 %15 %uint_251 %uint_12 %176 %uint_0,,,,,,,,,,,
1555,%389 = OpExtInst %void %2 DebugTypeFunction %uint_0 %void,,,,,,,,,,,
1556,%390 = OpExtInst %void %2 DebugFunction %391 %389 %12 %uint_305 %uint_8 %10 %391 %uint_0 %uint_305,,,,,,,,,,,
1557,%395 = OpExtInst %void %2 DebugTypeMatrix %58 %uint_4 %true,,,,,,,,,,,
1558,%invProjection = OpExtInst %void %2 DebugLocalVariable %398 %395 %12 %uint_305 %uint_8 %390 %uint_0 %uint_3,,,,,,,,,,,
1559,%depth = OpExtInst %void %2 DebugLocalVariable %402 %53 %12 %uint_305 %uint_8 %390 %uint_0 %uint_2,,,,,,,,,,,
1560,%uv_2 = OpExtInst %void %2 DebugLocalVariable %82 %65 %12 %uint_305 %uint_8 %390 %uint_0 %uint_1,,,,,,,,,,,
1561,%clip = OpExtInst %void %2 DebugLocalVariable %413 %58 %12 %uint_306 %uint_12 %390 %uint_0,,,,,,,,,,,
1562,%view = OpExtInst %void %2 DebugLocalVariable %423 %58 %12 %uint_307 %uint_12 %390 %uint_0,,,,,,,,,,,
1563,%viewDir = OpExtInst %void %2 DebugLocalVariable %438 %339 %15 %uint_254 %uint_12 %176 %uint_0,,,,,,,,,,,
1564,%N = OpExtInst %void %2 DebugLocalVariable %452 %339 %15 %uint_255 %uint_12 %176 %uint_0,,,,,,,,,,,
1565,%reflectDir = OpExtInst %void %2 DebugLocalVariable %482 %339 %15 %uint_259 %uint_12 %176 %uint_0,,,,,,,,,,,
1566,%p = OpExtInst %void %2 DebugLocalVariable %496 %339 %15 %uint_265 %uint_12 %176 %uint_0,,,,,,,,,,,
1567,%pPrime = OpExtInst %void %2 DebugLocalVariable %503 %339 %15 %uint_268 %uint_12 %176 %uint_0,,,,,,,,,,,
1568,%517 = OpExtInst %void %2 DebugTypeFunction %uint_0 %void,,,,,,,,,,,
1569,%518 = OpExtInst %void %2 DebugFunction %519 %517 %15 %uint_49 %uint_8 %10 %519 %uint_0 %uint_49,,,,,,,,,,,
1570,%worldPos_0 = OpExtInst %void %2 DebugLocalVariable %341 %339 %15 %uint_49 %uint_8 %518 %uint_0 %uint_1,,,,,,,,,,,
1571,%clip_0 = OpExtInst %void %2 DebugLocalVariable %413 %58 %15 %uint_50 %uint_12 %518 %uint_0,,,,,,,,,,,
1572,%uv_3 = OpExtInst %void %2 DebugLocalVariable %82 %65 %15 %uint_52 %uint_12 %518 %uint_0,,,,,,,,,,,
1573,%v = OpExtInst %void %2 DebugLocalVariable %604 %339 %15 %uint_271 %uint_12 %176 %uint_0,,,,,,,,,,,
1574,%jitter = OpExtInst %void %2 DebugLocalVariable %618 %53 %15 %uint_277 %uint_11 %176 %uint_0,,,,,,,,,,,
1575,%638 = OpExtInst %void %2 DebugTypeFunction %uint_0 %void,,,,,,,,,,,
1576,%639 = OpExtInst %void %2 DebugFunction %640 %638 %15 %uint_226 %uint_8 %10 %640 %uint_0 %uint_226,,,,,,,,,,,
1577,%644 = OpExtInst %void %2 DebugTypeBasic %645 %uint_32 %uint_6 %uint_131072,,,,,,,,,,,
1578,%seed = OpExtInst %void %2 DebugLocalVariable %647 %644 %15 %uint_226 %uint_8 %639 %uint_0 %uint_2,,,,,,,,,,,
1579,%650 = OpExtInst %void %2 DebugTypeVector %644 %uint_2,,,,,,,,,,,
1580,%q = OpExtInst %void %2 DebugLocalVariable %652 %650 %15 %uint_226 %uint_8 %639 %uint_0 %uint_1,,,,,,,,,,,
1581,%n = OpExtInst %void %2 DebugLocalVariable %666 %644 %15 %uint_230 %uint_10 %639 %uint_0,,,,,,,,,,,
1582,%ray = OpExtInst %void %2 DebugLocalVariable %689 %339 %15 %uint_278 %uint_12 %176 %uint_0,,,,,,,,,,,
1583,%724 = OpExtInst %void %2 DebugTypeFunction %uint_0 %void,,,,,,,,,,,
1584,%725 = OpExtInst %void %2 DebugFunction %726 %724 %15 %uint_122 %uint_8 %10 %726 %uint_0 %uint_122,,,,,,,,,,,
1585,%jitter_1 = OpExtInst %void %2 DebugLocalVariable %618 %53 %15 %uint_122 %uint_8 %725 %uint_0 %uint_3,,,,,,,,,,,
1586,%v_1 = OpExtInst %void %2 DebugLocalVariable %604 %339 %15 %uint_122 %uint_8 %725 %uint_0 %uint_2,,,,,,,,,,,
1587,%p_1 = OpExtInst %void %2 DebugLocalVariable %496 %339 %15 %uint_122 %uint_8 %725 %uint_0 %uint_1,,,,,,,,,,,
1588,%795 = OpExtInst %void %2 DebugTypeBasic %796 %uint_32 %uint_4 %uint_131072,,,,,,,,,,,
1589,%maxSteps = OpExtInst %void %2 DebugLocalVariable %798 %795 %15 %uint_124 %uint_15 %725 %uint_0,,,,,,,,,,,
1590,%stopLevel = OpExtInst %void %2 DebugLocalVariable %811 %53 %15 %uint_125 %uint_17 %725 %uint_0,,,,,,,,,,,
1591,%baseRes = OpExtInst %void %2 DebugLocalVariable %829 %65 %15 %uint_127 %uint_18 %725 %uint_0,,,,,,,,,,,
1592,%d = OpExtInst %void %2 DebugLocalVariable %842 %339 %15 %uint_132 %uint_12 %725 %uint_0,,,,,,,,,,,
1593,%crossStep = OpExtInst %void %2 DebugLocalVariable %853 %65 %15 %uint_135 %uint_12 %725 %uint_0,,,,,,,,,,,
1594,%crossOffset = OpExtInst %void %2 DebugLocalVariable %876 %65 %15 %uint_136 %uint_12 %725 %uint_0,,,,,,,,,,,
1595,%mip0CellCount = OpExtInst %void %2 DebugLocalVariable %888 %65 %15 %uint_140 %uint_12 %725 %uint_0,,,,,,,,,,,
1596,%898 = OpExtInst %void %2 DebugTypeFunction %uint_0 %void,,,,,,,,,,,
1597,%899 = OpExtInst %void %2 DebugFunction %900 %898 %15 %uint_92 %uint_8 %10 %900 %uint_0 %uint_92,,,,,,,,,,,
1598,%baseRes_0 = OpExtInst %void %2 DebugLocalVariable %829 %65 %15 %uint_92 %uint_8 %899 %uint_0 %uint_2,,,,,,,,,,,
1599,%level = OpExtInst %void %2 DebugLocalVariable %908 %53 %15 %uint_92 %uint_8 %899 %uint_0 %uint_1,,,,,,,,,,,
1600,%ray_0 = OpExtInst %void %2 DebugLocalVariable %689 %339 %15 %uint_141 %uint_12 %725 %uint_0,,,,,,,,,,,
1601,%935 = OpExtInst %void %2 DebugTypeFunction %uint_0 %void,,,,,,,,,,,
1602,%936 = OpExtInst %void %2 DebugFunction %937 %935 %15 %uint_69 %uint_8 %10 %937 %uint_0 %uint_69,,,,,,,,,,,
1603,%cellCount = OpExtInst %void %2 DebugLocalVariable %942 %65 %15 %uint_69 %uint_8 %936 %uint_0 %uint_2,,,,,,,,,,,
1604,%ray_1 = OpExtInst %void %2 DebugLocalVariable %689 %65 %15 %uint_69 %uint_8 %936 %uint_0 %uint_1,,,,,,,,,,,
1605,%978 = OpExtInst %void %2 DebugTypeFunction %uint_0 %void,,,,,,,,,,,
1606,%979 = OpExtInst %void %2 DebugFunction %980 %978 %15 %uint_76 %uint_8 %10 %980 %uint_0 %uint_76,,,,,,,,,,,
1607,%crossOffset_0 = OpExtInst %void %2 DebugLocalVariable %876 %65 %15 %uint_76 %uint_8 %979 %uint_0 %uint_6,,,,,,,,,,,
1608,%crossStep_0 = OpExtInst %void %2 DebugLocalVariable %853 %65 %15 %uint_76 %uint_8 %979 %uint_0 %uint_5,,,,,,,,,,,
1609,%cellCount_0 = OpExtInst %void %2 DebugLocalVariable %942 %65 %15 %uint_76 %uint_8 %979 %uint_0 %uint_4,,,,,,,,,,,
1610,%cellIndex = OpExtInst %void %2 DebugLocalVariable %1006 %65 %15 %uint_76 %uint_8 %979 %uint_0 %uint_3,,,,,,,,,,,
1611,%d_0 = OpExtInst %void %2 DebugLocalVariable %842 %339 %15 %uint_76 %uint_8 %979 %uint_0 %uint_2,,,,,,,,,,,
1612,%o = OpExtInst %void %2 DebugLocalVariable %1013 %339 %15 %uint_76 %uint_8 %979 %uint_0 %uint_1,,,,,,,,,,,
1613,%cellSize = OpExtInst %void %2 DebugLocalVariable %1021 %65 %15 %uint_77 %uint_12 %979 %uint_0,,,,,,,,,,,
1614,%nextBoundary = OpExtInst %void %2 DebugLocalVariable %1029 %65 %15 %uint_78 %uint_12 %979 %uint_0,,,,,,,,,,,
1615,%t = OpExtInst %void %2 DebugLocalVariable %1038 %65 %15 %uint_79 %uint_12 %979 %uint_0,,,,,,,,,,,
1616,%tMin = OpExtInst %void %2 DebugLocalVariable %1084 %53 %15 %uint_85 %uint_11 %979 %uint_0,,,,,,,,,,,
1617,%baseT = OpExtInst %void %2 DebugLocalVariable %1101 %53 %15 %uint_146 %uint_11 %725 %uint_0,,,,,,,,,,,
1618,%level_0 = OpExtInst %void %2 DebugLocalVariable %908 %53 %15 %uint_149 %uint_11 %725 %uint_0,,,,,,,,,,,
1619,%i_0 = OpExtInst %void %2 DebugLocalVariable %1130 %795 %15 %uint_150 %uint_13 %725 %uint_0,,,,,,,,,,,
1620,%cellCount_1 = OpExtInst %void %2 DebugLocalVariable %942 %65 %15 %uint_155 %uint_16 %725 %uint_0,,,,,,,,,,,
1621,%oldCellIdx = OpExtInst %void %2 DebugLocalVariable %1189 %65 %15 %uint_156 %uint_16 %725 %uint_0,,,,,,,,,,,
1622,%planeZ = OpExtInst %void %2 DebugLocalVariable %1196 %53 %15 %uint_158 %uint_15 %725 %uint_0,,,,,,,,,,,
1623,%1208 = OpExtInst %void %2 DebugTypeFunction %uint_0 %void,,,,,,,,,,,
1624,%1209 = OpExtInst %void %2 DebugFunction %1210 %1208 %15 %uint_101 %uint_7 %10 %1210 %uint_0 %uint_101,,,,,,,,,,,
1625,%level_1 = OpExtInst %void %2 DebugLocalVariable %908 %53 %15 %uint_101 %uint_7 %1209 %uint_0 %uint_2,,,,,,,,,,,
1626,%cellIdx = OpExtInst %void %2 DebugLocalVariable %1220 %65 %15 %uint_101 %uint_7 %1209 %uint_0 %uint_1,,,,,,,,,,,
1627,%tmpRay = OpExtInst %void %2 DebugLocalVariable %1241 %339 %15 %uint_162 %uint_16 %725 %uint_0,,,,,,,,,,,
1628,%1257 = OpExtInst %void %2 DebugFunction %1258 %724 %15 %uint_64 %uint_8 %10 %1258 %uint_0 %uint_64,,,,,,,,,,,
1629,%t_0 = OpExtInst %void %2 DebugLocalVariable %1038 %53 %15 %uint_64 %uint_8 %1257 %uint_0 %uint_3,,,,,,,,,,,
1630,%d_1 = OpExtInst %void %2 DebugLocalVariable %842 %339 %15 %uint_64 %uint_8 %1257 %uint_0 %uint_2,,,,,,,,,,,
1631,%o_0 = OpExtInst %void %2 DebugLocalVariable %1013 %339 %15 %uint_64 %uint_8 %1257 %uint_0 %uint_1,,,,,,,,,,,
1632,%newCellIdx = OpExtInst %void %2 DebugLocalVariable %1280 %65 %15 %uint_164 %uint_16 %725 %uint_0,,,,,,,,,,,
1633,%1295 = OpExtInst %void %2 DebugTypeFunction %uint_0 %void,,,,,,,,,,,
1634,%1296 = OpExtInst %void %2 DebugFunction %1297 %1295 %15 %uint_106 %uint_6 %10 %1297 %uint_0 %uint_106,,,,,,,,,,,
1635,%newCellIdx_0 = OpExtInst %void %2 DebugLocalVariable %1280 %65 %15 %uint_106 %uint_6 %1296 %uint_0 %uint_2,,,,,,,,,,,
1636,%oldCellIdx_0 = OpExtInst %void %2 DebugLocalVariable %1189 %65 %15 %uint_106 %uint_6 %1296 %uint_0 %uint_1,,,,,,,,,,,
1637,%reflDepth = OpExtInst %void %2 DebugLocalVariable %1367 %53 %15 %uint_280 %uint_11 %176 %uint_0,,,,,,,,,,,
1638,%realDepth = OpExtInst %void %2 DebugLocalVariable %1374 %58 %15 %uint_282 %uint_12 %176 %uint_0,,,,,,,,,,,
1639,%edgeFactor = OpExtInst %void %2 DebugLocalVariable %1395 %65 %15 %uint_285 %uint_12 %176 %uint_0,,,,,,,,,,,
1640,%fadeOnBorder = OpExtInst %void %2 DebugLocalVariable %1412 %53 %15 %uint_286 %uint_11 %176 %uint_0,,,,,,,,,,,
1641,%gloss = OpExtInst %void %2 DebugLocalVariable %1441 %53 %15 %uint_294 %uint_11 %176 %uint_0,,,,,,,,,,,
1642,%specularPower = OpExtInst %void %2 DebugLocalVariable %1452 %53 %15 %uint_295 %uint_11 %176 %uint_0,,,,,,,,,,,
1643,%1461 = OpExtInst %void %2 DebugTypeFunction %uint_0 %void,,,,,,,,,,,
1644,%1462 = OpExtInst %void %2 DebugFunction %1463 %1461 %15 %uint_181 %uint_7 %10 %1463 %uint_0 %uint_181,,,,,,,,,,,
1645,%roughness_1 = OpExtInst %void %2 DebugLocalVariable %257 %53 %15 %uint_181 %uint_7 %1462 %uint_0 %uint_1,,,,,,,,,,,
1646,%a = OpExtInst %void %2 DebugLocalVariable %1475 %53 %15 %uint_182 %uint_11 %1462 %uint_0,,,,,,,,,,,
1647,%coneTheta = OpExtInst %void %2 DebugLocalVariable %1490 %53 %15 %uint_296 %uint_11 %176 %uint_0,,,,,,,,,,,
1648,%1498 = OpExtInst %void %2 DebugFunction %1499 %1461 %15 %uint_187 %uint_7 %10 %1499 %uint_0 %uint_187,,,,,,,,,,,
1649,%specularPower_0 = OpExtInst %void %2 DebugLocalVariable %1452 %53 %15 %uint_187 %uint_7 %1498 %uint_0 %uint_1,,,,,,,,,,,
1650,%xi = OpExtInst %void %2 DebugLocalVariable %1522 %53 %15 %uint_192 %uint_17 %1498 %uint_0,,,,,,,,,,,
1651,%screenPos = OpExtInst %void %2 DebugLocalVariable %1540 %65 %15 %uint_299 %uint_12 %176 %uint_0,,,,,,,,,,,
1652,%adjacentLength_0 = OpExtInst %void %2 DebugLocalVariable %1546 %53 %15 %uint_300 %uint_11 %176 %uint_0,,,,,,,,,,,
1653,%adjacentUnit = OpExtInst %void %2 DebugLocalVariable %1559 %65 %15 %uint_307 %uint_12 %176 %uint_0,,,,,,,,,,,
1654,%totalColor_0 = OpExtInst %void %2 DebugLocalVariable %1566 %58 %15 %uint_308 %uint_12 %176 %uint_0,,,,,,,,,,,
1655,%glossMult_0 = OpExtInst %void %2 DebugLocalVariable %1573 %53 %15 %uint_309 %uint_11 %176 %uint_0,,,,,,,,,,,
1656,%maxMipLevel = OpExtInst %void %2 DebugLocalVariable %1579 %53 %15 %uint_310 %uint_11 %176 %uint_0,,,,,,,,,,,
1657,%remainingAlpha_0 = OpExtInst %void %2 DebugLocalVariable %1591 %53 %15 %uint_312 %uint_11 %176 %uint_0,,,,,,,,,,,
1658,%i_1 = OpExtInst %void %2 DebugLocalVariable %1130 %795 %15 %uint_313 %uint_13 %176 %uint_0,,,,,,,,,,,
1659,%oppositeLength = OpExtInst %void %2 DebugLocalVariable %1615 %53 %15 %uint_315 %uint_15 %176 %uint_0,,,,,,,,,,,
1660,%1626 = OpExtInst %void %2 DebugTypeFunction %uint_0 %void,,,,,,,,,,,
1661,%1627 = OpExtInst %void %2 DebugFunction %1628 %1626 %15 %uint_197 %uint_7 %10 %1628 %uint_0 %uint_197,,,,,,,,,,,
1662,%coneTheta_0 = OpExtInst %void %2 DebugLocalVariable %1490 %53 %15 %uint_197 %uint_7 %1627 %uint_0 %uint_2,,,,,,,,,,,
1663,%adjacentLength_1 = OpExtInst %void %2 DebugLocalVariable %1546 %53 %15 %uint_197 %uint_7 %1627 %uint_0 %uint_1,,,,,,,,,,,
1664,%inCircleSize = OpExtInst %void %2 DebugLocalVariable %1649 %53 %15 %uint_317 %uint_15 %176 %uint_0,,,,,,,,,,,
1665,%1661 = OpExtInst %void %2 DebugFunction %1662 %1626 %15 %uint_203 %uint_7 %10 %1662 %uint_0 %uint_203,,,,,,,,,,,
1666,%h = OpExtInst %void %2 DebugLocalVariable %1667 %53 %15 %uint_203 %uint_7 %1661 %uint_0 %uint_2,,,,,,,,,,,
1667,%a_0 = OpExtInst %void %2 DebugLocalVariable %1475 %53 %15 %uint_203 %uint_7 %1661 %uint_0 %uint_1,,,,,,,,,,,
1668,%a2 = OpExtInst %void %2 DebugLocalVariable %1678 %53 %15 %uint_205 %uint_8 %1661 %uint_0,,,,,,,,,,,
1669,%fh2 = OpExtInst %void %2 DebugLocalVariable %1685 %53 %15 %uint_206 %uint_8 %1661 %uint_0,,,,,,,,,,,
1670,%samplePos = OpExtInst %void %2 DebugLocalVariable %1703 %65 %15 %uint_319 %uint_16 %176 %uint_0,,,,,,,,,,,
1671,%mipChannel = OpExtInst %void %2 DebugLocalVariable %1714 %53 %15 %uint_321 %uint_15 %176 %uint_0,,,,,,,,,,,
1672,%newColor_0 = OpExtInst %void %2 DebugLocalVariable %1734 %58 %15 %uint_323 %uint_16 %176 %uint_0,,,,,,,,,,,
1673,%1750 = OpExtInst %void %2 DebugTypeFunction %uint_0 %void,,,,,,,,,,,
1674,%1751 = OpExtInst %void %2 DebugFunction %1752 %1750 %15 %uint_216 %uint_8 %10 %1752 %uint_0 %uint_216,,,,,,,,,,,
1675,%gloss_1 = OpExtInst %void %2 DebugLocalVariable %1441 %53 %15 %uint_216 %uint_8 %1751 %uint_0 %uint_3,,,,,,,,,,,
1676,%mipChannel_0 = OpExtInst %void %2 DebugLocalVariable %1714 %53 %15 %uint_216 %uint_8 %1751 %uint_0 %uint_2,,,,,,,,,,,
1677,%samplePos_1 = OpExtInst %void %2 DebugLocalVariable %1703 %65 %15 %uint_216 %uint_8 %1751 %uint_0 %uint_1,,,,,,,,,,,
1678,%mip = OpExtInst %void %2 DebugLocalVariable %1770 %53 %15 %uint_217 %uint_11 %1751 %uint_0,,,,,,,,,,,
1679,%color = OpExtInst %void %2 DebugLocalVariable %1783 %339 %15 %uint_218 %uint_12 %1751 %uint_0,,,,,,,,,,,
1680,%weight = OpExtInst %void %2 DebugLocalVariable %1806 %53 %15 %uint_222 %uint_11 %1751 %uint_0,,,,,,,,,,,
1681,%1872 = OpExtInst %void %2 DebugFunction %1873 %1626 %15 %uint_211 %uint_7 %10 %1873 %uint_0 %uint_211,,,,,,,,,,,
1682,%inCircleSize_0 = OpExtInst %void %2 DebugLocalVariable %1649 %53 %15 %uint_211 %uint_7 %1872 %uint_0 %uint_2,,,,,,,,,,,
1683,%adjacentLength_2 = OpExtInst %void %2 DebugLocalVariable %1546 %53 %15 %uint_211 %uint_7 %1872 %uint_0 %uint_1,,,,,,,,,,,
1684,%reflColor = OpExtInst %void %2 DebugLocalVariable %1925 %339 %15 %uint_339 %uint_12 %176 %uint_0,,,,,,,,,,,
1685,%fadeOnPerpendicular = OpExtInst %void %2 DebugLocalVariable %1938 %53 %15 %uint_342 %uint_11 %176 %uint_0,,,,,,,,,,,
1686,%minFade = OpExtInst %void %2 DebugLocalVariable %1946 %53 %15 %uint_345 %uint_11 %176 %uint_0,,,,,,,,,,,
1687,%maxFade = OpExtInst %void %2 DebugLocalVariable %1953 %53 %15 %uint_346 %uint_11 %176 %uint_0,,,,,,,,,,,
1688,%fadeOnRoughness = OpExtInst %void %2 DebugLocalVariable %1963 %53 %15 %uint_348 %uint_11 %176 %uint_0,,,,,,,,,,,
1689,%totalFade = OpExtInst %void %2 DebugLocalVariable %1970 %53 %15 %uint_350 %uint_11 %176 %uint_0,,,,,,,,,,,
1690,%2813 = OpExtInst %void %2 DebugInlinedAt %uint_251 %176,,,,,,,,,,,
1691,%2853 = OpExtInst %void %2 DebugInlinedAt %uint_268 %176,,,,,,,,,,,
1692,%2983 = OpExtInst %void %2 DebugInlinedAt %uint_277 %176,,,,,,,,,,,
1693,%3023 = OpExtInst %void %2 DebugInlinedAt %uint_278 %176,,,,,,,,,,,
1694,%3332 = OpExtInst %void %2 DebugInlinedAt %uint_140 %725 %3023,,,,,,,,,,,
1695,%3353 = OpExtInst %void %2 DebugInlinedAt %uint_141 %725 %3023,,,,,,,,,,,
1696,%3368 = OpExtInst %void %2 DebugInlinedAt %uint_141 %725 %3023,,,,,,,,,,,
1697,%3471 = OpExtInst %void %2 DebugInlinedAt %uint_155 %725 %3023,,,,,,,,,,,
1698,%3492 = OpExtInst %void %2 DebugInlinedAt %uint_156 %725 %3023,,,,,,,,,,,
1699,%3507 = OpExtInst %void %2 DebugInlinedAt %uint_158 %725 %3023,,,,,,,,,,,
1700,%3535 = OpExtInst %void %2 DebugInlinedAt %uint_162 %725 %3023,,,,,,,,,,,
1701,%3552 = OpExtInst %void %2 DebugInlinedAt %uint_164 %725 %3023,,,,,,,,,,,
1702,%3567 = OpExtInst %void %2 DebugInlinedAt %uint_165 %725 %3023,,,,,,,,,,,
1703,%3582 = OpExtInst %void %2 DebugInlinedAt %uint_167 %725 %3023,,,,,,,,,,,
1704,%3685 = OpExtInst %void %2 DebugInlinedAt %uint_295 %176,,,,,,,,,,,
1705,%3707 = OpExtInst %void %2 DebugInlinedAt %uint_296 %176,,,,,,,,,,,
1706,%3743 = OpExtInst %void %2 DebugInlinedAt %uint_315 %176,,,,,,,,,,,
1707,%3760 = OpExtInst %void %2 DebugInlinedAt %uint_317 %176,,,,,,,,,,,
1708,%3796 = OpExtInst %void %2 DebugInlinedAt %uint_323 %176,,,,,,,,,,,
1709,%3870 = OpExtInst %void %2 DebugInlinedAt %uint_333 %176,,,,,,,,,,,
1710,%3886 = OpExtInst %void %2 DebugExpression %3887,,,,,,,,,,,
1711,%vertMain = OpFunction %void None %18,,,,,,,,,,,
1712,%19 = OpLabel,,,,,,,,,,,
1713,%3885 = OpVariable %_ptr_Function_v2float Function,,,,,,,,,,,
1714,%3884 = OpVariable %_ptr_Function_v4float Function,,,,,,,,,,,
1715,%28 = OpVariable %_ptr_Function_v2float Function,,,,,,,,,,,
1716,%3913 = OpExtInst %void %2 DebugScope %31,,,,,,,,,,,
1717,%3897 = OpExtInst %void %2 DebugLine %15 %uint_41 %uint_41 %uint_5 %uint_6,,,,,,,,,,,
1718,%3896 = OpExtInst %void %2 DebugValue %output %3885 %3886 %int_1,,,,,,,,,,,
1719,%3891 = OpExtInst %void %2 DebugValue %output %3884 %3886 %int_0,,,,,,,,,,,
1720,%3914 = OpExtInst %void %2 DebugNoLine,,,,,,,,,,,
1721,%3915 = OpExtInst %void %2 DebugNoScope,,,,,,,,,,,
1722,%35 = OpExtInst %void %2 DebugFunctionDefinition %31 %vertMain,,,,,,,,,,,
1723,%3916 = OpExtInst %void %2 DebugScope %31,,,,,,,,,,,
1724,%41 = OpLoad %int %43,,,,,,,,,,,
1725,%44 = OpLoad %int %gl_VertexIndex,,,,,,,,,,,
1726,%46 = OpISub %int %44 %41,,,,,,,,,,,
1727,%47 = OpBitcast %uint %46,,,,,,,,,,,
1728,%79 = OpExtInst %void %2 DebugLine %15 %uint_42 %uint_42 %uint_5 %uint_6,,,,,,,,,,,
1729,%84 = OpExtInst %void %2 DebugDeclare %uv %28 %77,,,,,,,,,,,
,// C:/Users/vicro/Desktop/vulkan-renderer/repo/shader-forge/shaders/ssr.slang:42,,,,,,,,
,"float2 uv = float2((vertexID << 1) & 2, vertexID & 2);",,,,,,,,,,,
1730,%85 = OpShiftLeftLogical %uint %47 %int_1,,,,,,,,,,,
1731,%87 = OpBitwiseAnd %uint %85 %uint_2,,,,,,,,,,,
1732,%88 = OpConvertUToF %float %87,,,,,,,,,,,
1733,%89 = OpBitwiseAnd %uint %47 %uint_2,,,,,,,,,,,
1734,%90 = OpConvertUToF %float %89,,,,,,,,,,,
1735,%uv_0 = OpCompositeConstruct %v2float %88 %90,,,,,,,,,,,
1736,OpStore %28 %uv_0,,,,,,,,,,,
1737,%2042 = OpExtInst %void %2 DebugLine %15 %uint_43 %uint_43 %uint_5 %uint_6,,,,,,,,,,,
,output.texCoord = uv;,,,,,,,,,,,
1738,OpStore %3885 %uv_0,,,,,,,,,,,
1739,%2044 = OpExtInst %void %2 DebugLine %15 %uint_44 %uint_44 %uint_5 %uint_6,,,,,,,,,,,
,"output.position = float4(uv * 2.0 - 1.0, 0.0, 1.0);",,,,,,,,,,,
1740,%104 = OpVectorTimesScalar %v2float %uv_0 %float_2,,,,,,,,,,,
1741,%108 = OpFSub %v2float %104 %919,,,,,,,,,,,
1742,%109 = OpCompositeConstruct %v4float %108 %float_0 %float_1,,,,,,,,,,,
1743,OpStore %3884 %109,,,,,,,,,,,
1744,%2053 = OpExtInst %void %2 DebugLine %15 %uint_45 %uint_45 %uint_5 %uint_6,,,,,,,,,,,
,return output;,,,,,,,,,,,
1745,OpStore %gl_Position %109,,,,,,,,,,,
1746,OpStore %entryPointParam_vertMain_texCoord %uv_0,,,,,,,,,,,
1747,OpReturn,,,,,,,,,,,
1748,%3917 = OpExtInst %void %2 DebugNoScope,,,,,,,,,,,
1749,OpFunctionEnd,,,,,,,,,,,
1750,%fragMain = OpFunction %void None %18,,,,,,,,,,,
1751,%127 = OpLabel,,,,,,,,,,,
1752,%3869 = OpVariable %_ptr_Function_float Function,,,,,,,,,,,
1753,%3871 = OpVariable %_ptr_Function_float Function,,,,,,,,,,,
1754,%3795 = OpVariable %_ptr_Function_float Function,,,,,,,,,,,
1755,%3797 = OpVariable %_ptr_Function_float Function,,,,,,,,,,,
1756,%3798 = OpVariable %_ptr_Function_v2float Function,,,,,,,,,,,
1757,%3799 = OpVariable %_ptr_Function_float Function,,,,,,,,,,,
1758,%3800 = OpVariable %_ptr_Function_v3float Function,,,,,,,,,,,
1759,%3801 = OpVariable %_ptr_Function_float Function,,,,,,,,,,,
1760,%3759 = OpVariable %_ptr_Function_float Function,,,,,,,,,,,
1761,%3761 = OpVariable %_ptr_Function_float Function,,,,,,,,,,,
1762,%3762 = OpVariable %_ptr_Function_float Function,,,,,,,,,,,
1763,%3763 = OpVariable %_ptr_Function_float Function,,,,,,,,,,,
1764,%3742 = OpVariable %_ptr_Function_float Function,,,,,,,,,,,
1765,%3744 = OpVariable %_ptr_Function_float Function,,,,,,,,,,,
1766,%3708 = OpVariable %_ptr_Function_float Function,,,,,,,,,,,
1767,%3709 = OpVariable %_ptr_Function_float Function,,,,,,,,,,,
1768,%3710 = OpVariable %_ptr_Function_float Function,,,,,,,,,,,
1769,%3684 = OpVariable %_ptr_Function_float Function,,,,,,,,,,,
1770,%3686 = OpVariable %_ptr_Function_float Function,,,,,,,,,,,
1771,%3581 = OpVariable %_ptr_Function_v2float Function,,,,,,,,,,,
1772,%3583 = OpVariable %_ptr_Function_v2float Function,,,,,,,,,,,
1773,%3584 = OpVariable %_ptr_Function_v2float Function,,,,,,,,,,,
1774,%3585 = OpVariable %_ptr_Function_v2float Function,,,,,,,,,,,
1775,%3586 = OpVariable %_ptr_Function_v3float Function,,,,,,,,,,,
1776,%3587 = OpVariable %_ptr_Function_v3float Function,,,,,,,,,,,
1777,%3588 = OpVariable %_ptr_Function_v2float Function,,,,,,,,,,,
1778,%3589 = OpVariable %_ptr_Function_v2float Function,,,,,,,,,,,
1779,%3590 = OpVariable %_ptr_Function_v2float Function,,,,,,,,,,,
1780,%3591 = OpVariable %_ptr_Function_v2float Function,,,,,,,,,,,
1781,%3592 = OpVariable %_ptr_Function_float Function,,,,,,,,,,,
1782,%3593 = OpVariable %_ptr_Function_float Function,,,,,,,,,,,
1783,%3566 = OpVariable %_ptr_Function_v2float Function,,,,,,,,,,,
1784,%3568 = OpVariable %_ptr_Function_v2float Function,,,,,,,,,,,
1785,%3551 = OpVariable %_ptr_Function_v2float Function,,,,,,,,,,,
1786,%3553 = OpVariable %_ptr_Function_v2float Function,,,,,,,,,,,
1787,%3534 = OpVariable %_ptr_Function_float Function,,,,,,,,,,,
1788,%3536 = OpVariable %_ptr_Function_v3float Function,,,,,,,,,,,
1789,%3537 = OpVariable %_ptr_Function_v3float Function,,,,,,,,,,,
1790,%3506 = OpVariable %_ptr_Function_float Function,,,,,,,,,,,
1791,%3508 = OpVariable %_ptr_Function_v2float Function,,,,,,,,,,,
1792,%3491 = OpVariable %_ptr_Function_v2float Function,,,,,,,,,,,
1793,%3493 = OpVariable %_ptr_Function_v2float Function,,,,,,,,,,,
1794,%3470 = OpVariable %_ptr_Function_v2float Function,,,,,,,,,,,
1795,%3472 = OpVariable %_ptr_Function_float Function,,,,,,,,,,,
1796,%3367 = OpVariable %_ptr_Function_v2float Function,,,,,,,,,,,
1797,%3369 = OpVariable %_ptr_Function_v2float Function,,,,,,,,,,,
1798,%3370 = OpVariable %_ptr_Function_v2float Function,,,,,,,,,,,
1799,%3371 = OpVariable %_ptr_Function_v2float Function,,,,,,,,,,,
1800,%3372 = OpVariable %_ptr_Function_v3float Function,,,,,,,,,,,
1801,%3373 = OpVariable %_ptr_Function_v3float Function,,,,,,,,,,,
1802,%3374 = OpVariable %_ptr_Function_v2float Function,,,,,,,,,,,
1803,%3375 = OpVariable %_ptr_Function_v2float Function,,,,,,,,,,,
1804,%3376 = OpVariable %_ptr_Function_v2float Function,,,,,,,,,,,
1805,%3377 = OpVariable %_ptr_Function_v2float Function,,,,,,,,,,,
1806,%3378 = OpVariable %_ptr_Function_float Function,,,,,,,,,,,
1807,%3379 = OpVariable %_ptr_Function_float Function,,,,,,,,,,,
1808,%3352 = OpVariable %_ptr_Function_v2float Function,,,,,,,,,,,
1809,%3354 = OpVariable %_ptr_Function_v2float Function,,,,,,,,,,,
1810,%3331 = OpVariable %_ptr_Function_v2float Function,,,,,,,,,,,
1811,%3333 = OpVariable %_ptr_Function_float Function,,,,,,,,,,,
1812,%3022 = OpVariable %_ptr_Function_float Function,,,,,,,,,,,
1813,%3024 = OpVariable %_ptr_Function_v3float Function,,,,,,,,,,,
1814,%3025 = OpVariable %_ptr_Function_v3float Function,,,,,,,,,,,
1815,%3026 = OpVariable %_ptr_Function_int Function,,,,,,,,,,,
1816,%3027 = OpVariable %_ptr_Function_float Function,,,,,,,,,,,
1817,%3028 = OpVariable %_ptr_Function_v2float Function,,,,,,,,,,,
1818,%3029 = OpVariable %_ptr_Function_v3float Function,,,,,,,,,,,
1819,%3030 = OpVariable %_ptr_Function_v2float Function,,,,,,,,,,,
1820,%3031 = OpVariable %_ptr_Function_float Function,,,,,,,,,,,
1821,%3032 = OpVariable %_ptr_Function_float Function,,,,,,,,,,,
1822,%3033 = OpVariable %_ptr_Function_v2float Function,,,,,,,,,,,
1823,%3034 = OpVariable %_ptr_Function_v2float Function,,,,,,,,,,,
1824,%3035 = OpVariable %_ptr_Function_v3float Function,,,,,,,,,,,
1825,%3036 = OpVariable %_ptr_Function_float Function,,,,,,,,,,,
1826,%3037 = OpVariable %_ptr_Function_float Function,,,,,,,,,,,
1827,%3038 = OpVariable %_ptr_Function_int Function,,,,,,,,,,,
1828,%3039 = OpVariable %_ptr_Function_int Function,,,,,,,,,,,
1829,%3040 = OpVariable %_ptr_Function_v3float Function,,,,,,,,,,,
1830,%3041 = OpVariable %_ptr_Function_bool Function,,,,,,,,,,,
1831,%3042 = OpVariable %_ptr_Function_bool Function,,,,,,,,,,,
1832,%3043 = OpVariable %_ptr_Function_v2float Function,,,,,,,,,,,
1833,%3044 = OpVariable %_ptr_Function_v2float Function,,,,,,,,,,,
1834,%3045 = OpVariable %_ptr_Function_float Function,,,,,,,,,,,
1835,%3046 = OpVariable %_ptr_Function_v3float Function,,,,,,,,,,,
1836,%3047 = OpVariable %_ptr_Function_v2float Function,,,,,,,,,,,
1837,%2982 = OpVariable %_ptr_Function_uint Function,,,,,,,,,,,
1838,%2984 = OpVariable %_ptr_Function_v2uint Function,,,,,,,,,,,
1839,%2985 = OpVariable %_ptr_Function_uint Function,,,,,,,,,,,
1840,%2852 = OpVariable %_ptr_Function_v3float Function,,,,,,,,,,,
1841,%2854 = OpVariable %_ptr_Function_v4float Function,,,,,,,,,,,
1842,%2855 = OpVariable %_ptr_Function_v4float Function,,,,,,,,,,,
1843,%2856 = OpVariable %_ptr_Function_v2float Function,,,,,,,,,,,
1844,%2812 = OpVariable %_ptr_Function_mat4v4float Function,,,,,,,,,,,
1845,%2814 = OpVariable %_ptr_Function_float Function,,,,,,,,,,,
1846,%2815 = OpVariable %_ptr_Function_v2float Function,,,,,,,,,,,
1847,%2816 = OpVariable %_ptr_Function_v4float Function,,,,,,,,,,,
1848,%2817 = OpVariable %_ptr_Function_v4float Function,,,,,,,,,,,
1849,%128 = OpVariable %_ptr_Function_v2float Function,,,,,,,,,,,
1850,%130 = OpVariable %_ptr_Function_float Function,,,,,,,,,,,
1851,%131 = OpVariable %_ptr_Function_float Function,,,,,,,,,,,
1852,%134 = OpVariable %_ptr_Function_v3float Function,,,,,,,,,,,
1853,%135 = OpVariable %_ptr_Function_v3float Function,,,,,,,,,,,
1854,%136 = OpVariable %_ptr_Function_v3float Function,,,,,,,,,,,
1855,%137 = OpVariable %_ptr_Function_v3float Function,,,,,,,,,,,
1856,%138 = OpVariable %_ptr_Function_v3float Function,,,,,,,,,,,
1857,%139 = OpVariable %_ptr_Function_v3float Function,,,,,,,,,,,
1858,%140 = OpVariable %_ptr_Function_v3float Function,,,,,,,,,,,
1859,%141 = OpVariable %_ptr_Function_float Function,,,,,,,,,,,
1860,%142 = OpVariable %_ptr_Function_v3float Function,,,,,,,,,,,
1861,%143 = OpVariable %_ptr_Function_float Function,,,,,,,,,,,
1862,%144 = OpVariable %_ptr_Function_v4float Function,,,,,,,,,,,
1863,%145 = OpVariable %_ptr_Function_v2float Function,,,,,,,,,,,
1864,%146 = OpVariable %_ptr_Function_float Function,,,,,,,,,,,
1865,%147 = OpVariable %_ptr_Function_float Function,,,,,,,,,,,
1866,%148 = OpVariable %_ptr_Function_float Function,,,,,,,,,,,
1867,%149 = OpVariable %_ptr_Function_float Function,,,,,,,,,,,
1868,%150 = OpVariable %_ptr_Function_v2float Function,,,,,,,,,,,
1869,%151 = OpVariable %_ptr_Function_float Function,,,,,,,,,,,
1870,%152 = OpVariable %_ptr_Function_v2float Function,,,,,,,,,,,
1871,%153 = OpVariable %_ptr_Function_v4float Function,,,,,,,,,,,
1872,%154 = OpVariable %_ptr_Function_float Function,,,,,,,,,,,
1873,%155 = OpVariable %_ptr_Function_float Function,,,,,,,,,,,
1874,%156 = OpVariable %_ptr_Function_float Function,,,,,,,,,,,
1875,%158 = OpVariable %_ptr_Function_int Function,,,,,,,,,,,
1876,%adjacentLength = OpVariable %_ptr_Function_float Function,,,,,,,,,,,
1877,%glossMult = OpVariable %_ptr_Function_float Function,,,,,,,,,,,
1878,%remainingAlpha = OpVariable %_ptr_Function_float Function,,,,,,,,,,,
1879,%i = OpVariable %_ptr_Function_int Function,,,,,,,,,,,
1880,%totalColor = OpVariable %_ptr_Function_v4float Function,,,,,,,,,,,
1881,%164 = OpVariable %_ptr_Function_float Function,,,,,,,,,,,
1882,%165 = OpVariable %_ptr_Function_float Function,,,,,,,,,,,
1883,%166 = OpVariable %_ptr_Function_v2float Function,,,,,,,,,,,
1884,%167 = OpVariable %_ptr_Function_float Function,,,,,,,,,,,
1885,%168 = OpVariable %_ptr_Function_v4float Function,,,,,,,,,,,
1886,%newColor = OpVariable %_ptr_Function_v4float Function,,,,,,,,,,,
1887,%170 = OpVariable %_ptr_Function_v3float Function,,,,,,,,,,,
1888,%171 = OpVariable %_ptr_Function_float Function,,,,,,,,,,,
1889,%172 = OpVariable %_ptr_Function_float Function,,,,,,,,,,,
1890,%173 = OpVariable %_ptr_Function_float Function,,,,,,,,,,,
1891,%174 = OpVariable %_ptr_Function_float Function,,,,,,,,,,,
1892,%175 = OpVariable %_ptr_Function_float Function,,,,,,,,,,,
1893,%179 = OpExtInst %void %2 DebugFunctionDefinition %176 %fragMain,,,,,,,,,,,
1894,OpSelectionMerge %2804 None,,,,,,,,,,,
1895,OpSwitch %uint_0 %2805,,,,,,,,,,,
1896,%2805 = OpLabel,,,,,,,,,,,
1897,%3918 = OpExtInst %void %2 DebugScope %176,,,,,,,,,,,
1898,%241 = OpLoad %v4float %gl_FragCoord,,,,,,,,,,,27
1899,%244 = OpLoad %v2float %input_texCoord,,,,,,,,,,,7
1900,%247 = OpExtInst %void %2 DebugLine %15 %uint_238 %uint_238 %uint_5 %uint_6,,,,,,,,,,,
1901,%252 = OpExtInst %void %2 DebugDeclare %uv_1 %128 %77,,,,,,,,,,,
,float2 uv = input.texCoord;,3871,Short Scoreboard,2838,MIO Throttle,465,Selected,388,31,,,27
1902,OpStore %128 %244,3871,Short Scoreboard,2838,MIO Throttle,465,Selected,388,31,8,3804,27
1903,%254 = OpExtInst %void %2 DebugLine %15 %uint_240 %uint_240 %uint_5 %uint_6,,,,,,,,,,,
1904,%258 = OpExtInst %void %2 DebugDeclare %roughness %130 %77,,,,,,,,,,,
,"float roughness = textures[SSRpc.passData.roughnessMetalIndex].SampleLevel(samplers[SSRpc.passData.roughnessMetalSamplerIndex], uv,0).r;",6577,Long Scoreboard,1793,Short Scoreboard,1455,Miscellaneous,1263,32,,,6
1905,%265 = OpAccessChain %_ptr_PushConstant_261 %SSRpc %int_0,,,,,,,,,,,
1906,%266 = OpLoad %_ptr_PhysicalStorageBuffer_SSRPassData_natural %265,,,,,,,,,,,
1907,%269 = OpAccessChain %_ptr_PhysicalStorageBuffer_uint %266 %int_7,,,,,,,,,,,
1908,%270 = OpLoad %uint %269 Aligned 4,1508,Miscellaneous,1263,Selected,64,MIO Throttle,61,32,2,1787,2
1909,%276 = OpAccessChain %_ptr_UniformConstant_272 %textures %270,,,,,,,,,,,
1910,%278 = OpLoad %_ptr_PhysicalStorageBuffer_SSRPassData_natural %265,,,,,,,,,,,
1911,%280 = OpAccessChain %_ptr_PhysicalStorageBuffer_uint %278 %int_8,,,,,,,,,,,
1912,%281 = OpLoad %uint %280 Aligned 4,309,Wait,200,Selected,89,MIO Throttle,13,32,1,6,3
1913,%287 = OpAccessChain %_ptr_UniformConstant_283 %samplers %281,,,,,,,,,,,
1914,%288 = OpLoad %272 %276,1840,Long Scoreboard,1787,Selected,53,,,32,1,,5
1915,%289 = OpLoad %283 %287,139,Selected,69,Wait,56,Not Selected,6,32,1,,5
1916,%sampledImage = OpSampledImage %290 %288 %289,2403,Short Scoreboard,1455,Wait,633,Selected,140,32,3,2910,6
1917,%sampled = OpImageSampleExplicitLod %v4float %sampledImage %244 Lod %float_0,378,Wait,287,Selected,78,Not Selected,13,32,1,33605,5
1918,%roughness_0 = OpCompositeExtract %float %sampled 0,,,,,,,,,,,
1919,OpStore %130 %roughness_0,,,,,,,,,,,
1920,%296 = OpExtInst %void %2 DebugLine %15 %uint_242 %uint_242 %uint_5 %uint_6,,,,,,,,,,,
,if (roughness > SSRpc.passData.roughnessThreshold),34143,Long Scoreboard,33605,MIO Throttle,182,Selected,122,32,,,5
1921,%298 = OpLoad %_ptr_PhysicalStorageBuffer_SSRPassData_natural %265,,,,,,,,,,,
1922,%301 = OpAccessChain %_ptr_PhysicalStorageBuffer_float %298 %int_16,,,,,,,,,,,
1923,%302 = OpLoad %float %301 Aligned 4,370,MIO Throttle,182,Selected,53,LG Throttle,53,32,1,33605,5
1924,%304 = OpFOrdGreaterThan %bool %roughness_0 %302,33773,Long Scoreboard,33605,Selected,69,Wait,55,32,1,,5
1925,%305 = OpExtInst %void %2 DebugLine %15 %uint_242 %uint_242 %uint_19 %uint_20,,,,,,,,,,,
1926,%3919 = OpExtInst %void %2 DebugNoScope,,,,,,,,,,,
1927,OpSelectionMerge %181 None,,,,,,,,,,,
1928,OpBranchConditional %304 %237 %181,,,,,,,,,,,
1929,%237 = OpLabel,,,,,,,,,,,
1930,%3920 = OpExtInst %void %2 DebugScope %176,,,,,,,,,,,
1931,%2026 = OpExtInst %void %2 DebugLine %15 %uint_243 %uint_243 %uint_9 %uint_10,,,,,,,,,,,
,"return float4(0, 0, 0, 0);",1243,Wait,903,Selected,244,Math Pipe Throttle,66,15,,,7
1932,OpStore %entryPointParam_fragMain %2028,1153,Wait,903,Selected,154,Math Pipe Throttle,66,15,2,,7
1933,OpBranch %2804,90,Selected,90,,,,,15,1,,5
1934,%181 = OpLabel,,,,,,,,,,,
1935,%3921 = OpExtInst %void %2 DebugScope %176,,,,,,,,,,,
1936,%309 = OpExtInst %void %2 DebugLine %15 %uint_245 %uint_245 %uint_5 %uint_6,,,,,,,,,,,
1937,%313 = OpExtInst %void %2 DebugDeclare %initDepth %131 %77,,,,,,,,,,,
,"float initDepth = textures[SSRpc.passData.depthIndex].SampleLevel(samplers[SSRpc.passData.depthSamplerIndex], uv, 0).r;",4659,Wait,1297,Short Scoreboard,1068,Long Scoreboard,927,30,,,6
1938,%314 = OpLoad %_ptr_PhysicalStorageBuffer_SSRPassData_natural %265,,,,,,,,,,,
1939,%316 = OpAccessChain %_ptr_PhysicalStorageBuffer_uint %314 %int_3,,,,,,,,,,,
1940,%317 = OpLoad %uint %316 Aligned 4,2210,Long Scoreboard,897,Branch Resolving,561,Wait,404,30,2,1865,6
1941,%318 = OpAccessChain %_ptr_UniformConstant_272 %textures %317,,,,,,,,,,,
1942,%320 = OpLoad %_ptr_PhysicalStorageBuffer_SSRPassData_natural %265,,,,,,,,,,,
1943,%322 = OpAccessChain %_ptr_PhysicalStorageBuffer_uint %320 %int_4,,,,,,,,,,,
1944,%323 = OpLoad %uint %322 Aligned 4,320,Wait,182,Selected,54,Long Scoreboard,30,30,2,130,6
1945,%324 = OpAccessChain %_ptr_UniformConstant_283 %samplers %323,,,,,,,,,,,
1946,%325 = OpLoad %272 %318,1011,Short Scoreboard,968,Not Selected,21,Selected,21,30,1,,5
1947,%326 = OpLoad %283 %324,201,Short Scoreboard,100,Selected,44,Wait,38,30,1,,5
1948,%sampledImage_0 = OpSampledImage %290 %325 %326,594,Wait,399,Selected,140,Not Selected,48,30,4,,5
1949,%sampled_0 = OpImageSampleExplicitLod %v4float %sampledImage_0 %244 Lod %float_0,323,Wait,274,Not Selected,25,Selected,24,30,1,16601,6
1950,%initDepth_0 = OpCompositeExtract %float %sampled_0 0,,,,,,,,,,,
1951,OpStore %131 %initDepth_0,,,,,,,,,,,
1952,%332 = OpExtInst %void %2 DebugLine %15 %uint_247 %uint_247 %uint_5 %uint_6,,,,,,,,,,,
,if (initDepth <= 0.0) // reverse-Z: skybox/far = 0,16738,Long Scoreboard,16601,Selected,44,Short Scoreboard,38,30,,,6
1953,%334 = OpFOrdLessThanEqual %bool %initDepth_0 %float_0,16738,Long Scoreboard,16601,Selected,44,Short Scoreboard,38,30,1,,6
1954,%335 = OpExtInst %void %2 DebugLine %15 %uint_247 %uint_247 %uint_19 %uint_20,,,,,,,,,,,
1955,%3922 = OpExtInst %void %2 DebugNoScope,,,,,,,,,,,
1956,OpSelectionMerge %183 None,,,,,,,,,,,
1957,OpBranchConditional %334 %235 %183,,,,,,,,,,,
1958,%235 = OpLabel,,,,,,,,,,,
1959,%3923 = OpExtInst %void %2 DebugScope %176,,,,,,,,,,,
1960,%2021 = OpExtInst %void %2 DebugLine %15 %uint_248 %uint_248 %uint_9 %uint_10,,,,,,,,,,,
,"return float4(0, 0, 0, 0);",560,Wait,392,Selected,115,Not Selected,28,,,,8
1961,OpStore %entryPointParam_fragMain %2023,532,Wait,392,Selected,87,Not Selected,28,,2,,8
1962,OpBranch %2804,28,Selected,28,,,,,,1,,6
1963,%183 = OpLabel,,,,,,,,,,,
1964,%3924 = OpExtInst %void %2 DebugScope %176,,,,,,,,,,,
1965,%337 = OpExtInst %void %2 DebugLine %15 %uint_251 %uint_251 %uint_5 %uint_6,,,,,,,,,,,
1966,%342 = OpExtInst %void %2 DebugDeclare %worldPos %134 %77,,,,,,,,,,,
,"float3 worldPos = reconstructViewPos(uv, initDepth, SSRpc.passData.invViewProj);",4101,LG Throttle,1623,Wait,1473,Selected,546,30,,,23
1967,%343 = OpLoad %_ptr_PhysicalStorageBuffer_SSRPassData_natural %265,,,,,,,,,,,
1968,%346 = OpAccessChain %_ptr_PhysicalStorageBuffer__MatrixStorage_float4x4_ColMajornatural %343 %int_0,,,,,,,,,,,
1969,%348 = OpLoad %_MatrixStorage_float4x4_ColMajornatural %346 Aligned 4,4101,LG Throttle,1623,Wait,1473,Selected,546,30,16,35536,23
1970,%349 = OpCompositeExtract %_arr_v4float_int_4 %348 0,,,,,,,,,,,
1971,%350 = OpCompositeExtract %v4float %349 0,,,,,,,,,,,
1972,%351 = OpCompositeExtract %float %350 0,,,,,,,,,,,
1973,%352 = OpCompositeExtract %float %350 1,,,,,,,,,,,
1974,%353 = OpCompositeExtract %float %350 2,,,,,,,,,,,
1975,%354 = OpCompositeExtract %float %350 3,,,,,,,,,,,
1976,%355 = OpCompositeExtract %v4float %349 1,,,,,,,,,,,
1977,%356 = OpCompositeExtract %float %355 0,,,,,,,,,,,
1978,%357 = OpCompositeExtract %float %355 1,,,,,,,,,,,
1979,%358 = OpCompositeExtract %float %355 2,,,,,,,,,,,
1980,%359 = OpCompositeExtract %float %355 3,,,,,,,,,,,
1981,%360 = OpCompositeExtract %v4float %349 2,,,,,,,,,,,
1982,%361 = OpCompositeExtract %float %360 0,,,,,,,,,,,
1983,%362 = OpCompositeExtract %float %360 1,,,,,,,,,,,
1984,%363 = OpCompositeExtract %float %360 2,,,,,,,,,,,
1985,%364 = OpCompositeExtract %float %360 3,,,,,,,,,,,
1986,%365 = OpCompositeExtract %v4float %349 3,,,,,,,,,,,
1987,%366 = OpCompositeExtract %float %365 0,,,,,,,,,,,
1988,%367 = OpCompositeExtract %float %365 1,,,,,,,,,,,
1989,%368 = OpCompositeExtract %float %365 2,,,,,,,,,,,
1990,%369 = OpCompositeExtract %float %365 3,,,,,,,,,,,
1991,%370 = OpCompositeConstruct %v4float %351 %356 %361 %366,,,,,,,,,,,
1992,%371 = OpCompositeConstruct %v4float %352 %357 %362 %367,,,,,,,,,,,
1993,%372 = OpCompositeConstruct %v4float %353 %358 %363 %368,,,,,,,,,,,
1994,%373 = OpCompositeConstruct %v4float %354 %359 %364 %369,,,,,,,,,,,
1995,%375 = OpCompositeConstruct %mat4v4float %370 %371 %372 %373,,,,,,,,,,,
1996,%3925 = OpExtInst %void %2 DebugNoLine,,,,,,,,,,,
1997,%3926 = OpExtInst %void %2 DebugScope %390 %2813,,,,,,,,,,,
1998,%2821 = OpExtInst %void %2 DebugDeclare %invProjection %2812 %77,,,,,,,,,,,
1999,OpStore %2812 %375,,,,,,,,,,,
2000,%2822 = OpExtInst %void %2 DebugDeclare %depth %2814 %77,,,,,,,,,,,
2001,OpStore %2814 %initDepth_0,,,,,,,,,,,
2002,%2823 = OpExtInst %void %2 DebugDeclare %uv_2 %2815 %77,,,,,,,,,,,
2003,OpStore %2815 %244,,,,,,,,,,,
2004,%2835 = OpExtInst %void %2 DebugLine %12 %uint_306 %uint_306 %uint_5 %uint_6,,,,,,,,,,,
2005,%2824 = OpExtInst %void %2 DebugDeclare %clip %2816 %77,,,,,,,,,,,
,// C:/Users/vicro/Desktop/vulkan-renderer/repo/shader-forge/shaders/modules/common.slang:306,,,,,,,,
,"float4 clip = float4(uv * 2.0 - 1.0, depth, 1.0);",495,Wait,162,Not Selected,110,Selected,102,30,,,30
2006,%2825 = OpVectorTimesScalar %v2float %244 %float_2,,,,,,,,,,,
2007,%2827 = OpFSub %v2float %2825 %919,495,Wait,162,Not Selected,110,Selected,102,30,3,,30
2008,%2828 = OpCompositeConstruct %v4float %2827 %initDepth_0 %float_1,,,,,,,,,,,
2009,OpStore %2816 %2828,,,,,,,,,,,
2010,%2843 = OpExtInst %void %2 DebugLine %12 %uint_307 %uint_307 %uint_5 %uint_6,,,,,,,,,,,
2011,%2829 = OpExtInst %void %2 DebugDeclare %view %2817 %77,,,,,,,,,,,
,"float4 view = mul(invProjection, clip);",3912,Long Scoreboard,2221,Wait,637,Selected,494,30,,,30
2012,%2830 = OpVectorTimesMatrix %v4float %2828 %375,3912,Long Scoreboard,2221,Wait,637,Selected,494,30,16,,30
2013,OpStore %2817 %2830,,,,,,,,,,,
2014,%2846 = OpExtInst %void %2 DebugLine %12 %uint_308 %uint_308 %uint_5 %uint_6,,,,,,,,,,,
,return view.xyz / view.w;,680,Wait,192,MIO Throttle,175,Not Selected,134,30,,,28
2015,%2831 = OpVectorShuffle %v3float %2830 %2830 0 1 2,,,,,,,,,,,
2016,%2832 = OpCompositeExtract %float %2830 3,,,,,,,,,,,
2017,%2833 = OpCompositeConstruct %v3float %2832 %2832 %2832,,,,,,,,,,,
2018,%2834 = OpFDiv %v3float %2831 %2833,680,Wait,192,MIO Throttle,175,Not Selected,134,30,4,0,28
2019,%3927 = OpExtInst %void %2 DebugScope %176,,,,,,,,,,,
2020,%2134 = OpExtInst %void %2 DebugLine %15 %uint_251 %uint_251 %uint_5 %uint_6,,,,,,,,,,,
,// C:/Users/vicro/Desktop/vulkan-renderer/repo/shader-forge/shaders/ssr.slang:251,,,,,,,,
,"float3 worldPos = reconstructViewPos(uv, initDepth, SSRpc.passData.invViewProj);",,,,,,,,,,,
2021,OpStore %134 %2834,,,,,,,,,,,
2022,%435 = OpExtInst %void %2 DebugLine %15 %uint_254 %uint_254 %uint_5 %uint_6,,,,,,,,,,,
2023,%439 = OpExtInst %void %2 DebugDeclare %viewDir %135 %77,,,,,,,,,,,
,float3 viewDir = normalize(worldPos - SSRpc.passData.cameraPos);,2549,Wait,858,Short Scoreboard,418,Selected,390,30,,,26
2024,%440 = OpLoad %_ptr_PhysicalStorageBuffer_SSRPassData_natural %265,,,,,,,,,,,
2025,%443 = OpAccessChain %_ptr_PhysicalStorageBuffer_v3float %440 %int_2,,,,,,,,,,,
2026,%444 = OpLoad %v3float %443 Aligned 4,745,Wait,300,LG Throttle,289,Selected,86,30,3,6663,26
2027,%445 = OpFSub %v3float %2834 %444,208,Selected,95,Wait,95,Miscellaneous,7,30,3,,16
2028,%446 = OpExtInst %v3float %447 Normalize %445,1596,Wait,463,Short Scoreboard,418,Selected,209,30,7,418,17
2029,OpStore %135 %446,,,,,,,,,,,
2030,%449 = OpExtInst %void %2 DebugLine %15 %uint_255 %uint_255 %uint_5 %uint_6,,,,,,,,,,,
2031,%453 = OpExtInst %void %2 DebugDeclare %N %136 %77,,,,,,,,,,,
,"float3 N = textures[SSRpc.passData.normalIndex].SampleLevel(samplers[SSRpc.passData.normalSamplerIndex], uv, 0).rgb;",2900,Wait,833,Short Scoreboard,720,LG Throttle,611,30,,,27
2032,%454 = OpLoad %_ptr_PhysicalStorageBuffer_SSRPassData_natural %265,,,,,,,,,,,
2033,%456 = OpAccessChain %_ptr_PhysicalStorageBuffer_uint %454 %int_9,,,,,,,,,,,
2034,%457 = OpLoad %uint %456 Aligned 4,656,LG Throttle,354,Wait,200,Not Selected,66,30,1,141,6
2035,%458 = OpAccessChain %_ptr_UniformConstant_272 %textures %457,,,,,,,,,,,
2036,%460 = OpLoad %_ptr_PhysicalStorageBuffer_SSRPassData_natural %265,,,,,,,,,,,
2037,%462 = OpAccessChain %_ptr_PhysicalStorageBuffer_uint %460 %int_10,,,,,,,,,,,
2038,%463 = OpLoad %uint %462 Aligned 4,460,LG Throttle,257,Wait,94,Not Selected,61,30,1,8,7
2039,%464 = OpAccessChain %_ptr_UniformConstant_283 %samplers %463,,,,,,,,,,,
2040,%465 = OpLoad %272 %458,192,Long Scoreboard,141,Miscellaneous,35,Selected,15,30,1,,27
2041,%466 = OpLoad %283 %464,135,Not Selected,49,Selected,31,Wait,26,30,1,,27
2042,%sampledImage_1 = OpSampledImage %290 %465 %466,1258,Short Scoreboard,720,Wait,368,Selected,98,30,3,1440,27
2043,%sampled_1 = OpImageSampleExplicitLod %v4float %sampledImage_1 %244 Lod %float_0,199,Wait,145,Selected,30,Not Selected,17,30,1,9529,27
2044,%N_0 = OpVectorShuffle %v3float %sampled_1 %sampled_1 0 1 2,,,,,,,,,,,
2045,OpStore %136 %N_0,,,,,,,,,,,
2046,%472 = OpExtInst %void %2 DebugLine %15 %uint_256 %uint_256 %uint_5 %uint_6,,,,,,,,,,,
,N = normalize(N * 2.0 - 1.0);,11193,Long Scoreboard,9529,Wait,453,Short Scoreboard,416,30,,,16
2047,%474 = OpVectorTimesScalar %v3float %N_0 %float_2,,,,,,,,,,,
2048,%476 = OpFSub %v3float %474 %3906,9721,Long Scoreboard,9529,Wait,75,Selected,70,30,3,,16
2049,%477 = OpExtInst %v3float %447 Normalize %476,1472,Short Scoreboard,416,Wait,378,Selected,212,30,7,416,16
2050,OpStore %136 %477,,,,,,,,,,,
2051,%479 = OpExtInst %void %2 DebugLine %15 %uint_259 %uint_259 %uint_5 %uint_6,,,,,,,,,,,
2052,%483 = OpExtInst %void %2 DebugDeclare %reflectDir %137 %77,,,,,,,,,,,
,"float3 reflectDir = reflect(viewDir, N);",1068,Wait,492,Selected,248,Not Selected,166,30,,,16
2053,%484 = OpExtInst %v3float %447 Reflect %446 %477,1068,Wait,492,Selected,248,Not Selected,166,30,7,,16
2054,OpStore %137 %484,,,,,,,,,,,
2055,%486 = OpExtInst %void %2 DebugLine %15 %uint_261 %uint_261 %uint_5 %uint_6,,,,,,,,,,,
,"if (dot(reflectDir, viewDir) < 0.0)",660,Wait,299,Selected,150,Not Selected,112,30,,,16
2056,%488 = OpDot %float %484 %446,457,Wait,181,Selected,123,Math Pipe Throttle,77,30,3,,16
2057,%489 = OpFOrdLessThan %bool %488 %float_0,203,Wait,118,Not Selected,37,Selected,27,30,1,,13
2058,%490 = OpExtInst %void %2 DebugLine %15 %uint_261 %uint_261 %uint_34 %uint_35,,,,,,,,,,,
2059,%3928 = OpExtInst %void %2 DebugNoScope,,,,,,,,,,,
2060,OpSelectionMerge %185 None,,,,,,,,,,,
2061,OpBranchConditional %489 %233 %185,,,,,,,,,,,
2062,%233 = OpLabel,,,,,,,,,,,
2063,%3929 = OpExtInst %void %2 DebugScope %176,,,,,,,,,,,
2064,%2016 = OpExtInst %void %2 DebugLine %15 %uint_262 %uint_262 %uint_9 %uint_10,,,,,,,,,,,
,"return float4(0, 0, 0, 0);",489,Wait,299,Selected,108,Not Selected,50,8,,,15
2065,OpStore %entryPointParam_fragMain %2018,450,Wait,299,Selected,69,Not Selected,50,8,2,,15
2066,OpBranch %2804,39,Selected,39,,,,,8,1,,13
2067,%185 = OpLabel,,,,,,,,,,,
2068,%3930 = OpExtInst %void %2 DebugScope %176,,,,,,,,,,,
2069,%493 = OpExtInst %void %2 DebugLine %15 %uint_265 %uint_265 %uint_5 %uint_6,,,,,,,,,,,
2070,%497 = OpExtInst %void %2 DebugDeclare %p %138 %77,,,,,,,,,,,
,"float3 p = float3(uv, initDepth);",,,,,,,,,,,
2071,%p_0 = OpCompositeConstruct %v3float %244 %initDepth_0,,,,,,,,,,,
2072,OpStore %138 %p_0,,,,,,,,,,,
2073,%500 = OpExtInst %void %2 DebugLine %15 %uint_268 %uint_268 %uint_5 %uint_6,,,,,,,,,,,
2074,%504 = OpExtInst %void %2 DebugDeclare %pPrime %139 %77,,,,,,,,,,,
,float3 pPrime = worldToScreen(worldPos + reflectDir * 10.0f);,270,Selected,75,Not Selected,68,Math Pipe Throttle,61,27,,,20
2075,%505 = OpVectorTimesScalar %v3float %484 %float_10,,,,,,,,,,,
2076,%507 = OpFAdd %v3float %2834 %505,270,Selected,75,Not Selected,68,Math Pipe Throttle,61,27,3,,20
2077,%3931 = OpExtInst %void %2 DebugNoLine,,,,,,,,,,,
2078,%3932 = OpExtInst %void %2 DebugScope %518 %2853,,,,,,,,,,,
2079,%2860 = OpExtInst %void %2 DebugDeclare %worldPos_0 %2852 %77,,,,,,,,,,,
2080,OpStore %2852 %507,,,,,,,,,,,
2081,%2916 = OpExtInst %void %2 DebugLine %15 %uint_50 %uint_50 %uint_5 %uint_6,,,,,,,,,,,
2082,%2861 = OpExtInst %void %2 DebugDeclare %clip_0 %2854 %77,,,,,,,,,,,
,"float4 clip = mul(SSRpc.passData.viewProj, float4(worldPos, 1.0));",6434,Long Scoreboard,2471,Wait,1836,Selected,756,27,,,29
2083,%2862 = OpAccessChain %_ptr_PushConstant_261 %SSRpc %int_0,,,,,,,,,,,
2084,%2863 = OpLoad %_ptr_PhysicalStorageBuffer_SSRPassData_natural %2862,,,,,,,,,,,
2085,%2864 = OpAccessChain %_ptr_PhysicalStorageBuffer__MatrixStorage_float4x4_ColMajornatural %2863 %int_1,,,,,,,,,,,
2086,%2865 = OpLoad %_MatrixStorage_float4x4_ColMajornatural %2864 Aligned 4,2129,Wait,1141,Selected,380,LG Throttle,226,27,16,9457,22
2087,%2866 = OpCompositeExtract %_arr_v4float_int_4 %2865 0,,,,,,,,,,,
2088,%2867 = OpCompositeExtract %v4float %2866 0,,,,,,,,,,,
2089,%2868 = OpCompositeExtract %float %2867 0,,,,,,,,,,,
2090,%2869 = OpCompositeExtract %float %2867 1,,,,,,,,,,,
2091,%2870 = OpCompositeExtract %float %2867 2,,,,,,,,,,,
2092,%2871 = OpCompositeExtract %float %2867 3,,,,,,,,,,,
2093,%2872 = OpCompositeExtract %v4float %2866 1,,,,,,,,,,,
2094,%2873 = OpCompositeExtract %float %2872 0,,,,,,,,,,,
2095,%2874 = OpCompositeExtract %float %2872 1,,,,,,,,,,,
2096,%2875 = OpCompositeExtract %float %2872 2,,,,,,,,,,,
2097,%2876 = OpCompositeExtract %float %2872 3,,,,,,,,,,,
2098,%2877 = OpCompositeExtract %v4float %2866 2,,,,,,,,,,,
2099,%2878 = OpCompositeExtract %float %2877 0,,,,,,,,,,,
2100,%2879 = OpCompositeExtract %float %2877 1,,,,,,,,,,,
2101,%2880 = OpCompositeExtract %float %2877 2,,,,,,,,,,,
2102,%2881 = OpCompositeExtract %float %2877 3,,,,,,,,,,,
2103,%2882 = OpCompositeExtract %v4float %2866 3,,,,,,,,,,,
2104,%2883 = OpCompositeExtract %float %2882 0,,,,,,,,,,,
2105,%2884 = OpCompositeExtract %float %2882 1,,,,,,,,,,,
2106,%2885 = OpCompositeExtract %float %2882 2,,,,,,,,,,,
2107,%2886 = OpCompositeExtract %float %2882 3,,,,,,,,,,,
2108,%2887 = OpCompositeConstruct %v4float %2868 %2873 %2878 %2883,,,,,,,,,,,
2109,%2888 = OpCompositeConstruct %v4float %2869 %2874 %2879 %2884,,,,,,,,,,,
2110,%2889 = OpCompositeConstruct %v4float %2870 %2875 %2880 %2885,,,,,,,,,,,
2111,%2890 = OpCompositeConstruct %v4float %2871 %2876 %2881 %2886,,,,,,,,,,,
2112,%2891 = OpCompositeConstruct %mat4v4float %2887 %2888 %2889 %2890,,,,,,,,,,,
2113,%2892 = OpCompositeConstruct %v4float %507 %float_1,,,,,,,,,,,
2114,%2893 = OpVectorTimesMatrix %v4float %2892 %2891,4305,Long Scoreboard,2471,Wait,695,Not Selected,413,27,16,,29
2115,OpStore %2855 %2893,,,,,,,,,,,
2116,OpStore %2854 %2893,,,,,,,,,,,
2117,%2954 = OpExtInst %void %2 DebugLine %15 %uint_51 %uint_51 %uint_5 %uint_6,,,,,,,,,,,
,clip.xyz /= clip.w;,405,MIO Throttle,195,Wait,97,Not Selected,71,27,,,23
2118,%2895 = OpVectorShuffle %v3float %2893 %2893 0 1 2,,,,,,,,,,,
2119,%2897 = OpCompositeExtract %float %2893 3,,,,,,,,,,,
2120,%2898 = OpCompositeConstruct %v3float %2897 %2897 %2897,,,,,,,,,,,
2121,%2899 = OpFDiv %v3float %2895 %2898,405,MIO Throttle,195,Wait,97,Not Selected,71,27,3,36,23
2122,%2900 = OpAccessChain %_ptr_Function_float %2855 %int_0,,,,,,,,,,,
2123,%2901 = OpCompositeExtract %float %2899 0,,,,,,,,,,,
2124,OpStore %2900 %2901,,,,,,,,,,,
2125,%2902 = OpAccessChain %_ptr_Function_float %2855 %int_1,,,,,,,,,,,
2126,%2903 = OpCompositeExtract %float %2899 1,,,,,,,,,,,
2127,OpStore %2902 %2903,,,,,,,,,,,
2128,%2904 = OpAccessChain %_ptr_Function_float %2855 %int_2,,,,,,,,,,,
2129,%2905 = OpCompositeExtract %float %2899 2,,,,,,,,,,,
2130,OpStore %2904 %2905,,,,,,,,,,,
2131,%2906 = OpLoad %v4float %2855,,,,,,,,,,,
2132,OpStore %2854 %2906,,,,,,,,,,,
2133,%2970 = OpExtInst %void %2 DebugLine %15 %uint_52 %uint_52 %uint_5 %uint_6,,,,,,,,,,,
2134,%2907 = OpExtInst %void %2 DebugDeclare %uv_3 %2856 %77,,,,,,,,,,,
,float2 uv = clip.xy * 0.5 + 0.5;,276,Not Selected,102,Selected,77,Math Pipe Throttle,66,26,,,29
2135,%2909 = OpVectorShuffle %v2float %2906 %2906 0 1,,,,,,,,,,,
2136,%2910 = OpVectorTimesScalar %v2float %2909 %float_0_5,,,,,,,,,,,
2137,%2912 = OpFAdd %v2float %2910 %3907,276,Not Selected,102,Selected,77,Math Pipe Throttle,66,26,3,,29
2138,OpStore %2856 %2912,,,,,,,,,,,
2139,%2978 = OpExtInst %void %2 DebugLine %15 %uint_53 %uint_53 %uint_5 %uint_6,,,,,,,,,,,
,"return float3(uv, clip.z);",,,,,,,,,,,
2140,%2914 = OpCompositeExtract %float %2906 2,,,,,,,,,,,
2141,%2915 = OpCompositeConstruct %v3float %2912 %2914,,,,,,,,,,,
2142,%3933 = OpExtInst %void %2 DebugScope %176,,,,,,,,,,,
2143,%2178 = OpExtInst %void %2 DebugLine %15 %uint_268 %uint_268 %uint_5 %uint_6,,,,,,,,,,,
,float3 pPrime = worldToScreen(worldPos + reflectDir * 10.0f);,,,,,,,,,,,
2144,OpStore %139 %2915,,,,,,,,,,,
2145,%601 = OpExtInst %void %2 DebugLine %15 %uint_271 %uint_271 %uint_5 %uint_6,,,,,,,,,,,
2146,%605 = OpExtInst %void %2 DebugDeclare %v %140 %77,,,,,,,,,,,
,float3 v = pPrime - p;,352,Wait,134,Selected,92,Math Pipe Throttle,47,27,,,24
2147,%v_0 = OpFSub %v3float %2915 %p_0,352,Wait,134,Selected,92,Math Pipe Throttle,47,27,3,,24
2148,OpStore %140 %v_0,,,,,,,,,,,
2149,%608 = OpExtInst %void %2 DebugLine %15 %uint_274 %uint_274 %uint_5 %uint_6,,,,,,,,,,,
,if (v.z > 0.0),148,Wait,89,Math Pipe Throttle,21,Not Selected,18,27,,,12
2150,%610 = OpCompositeExtract %float %v_0 2,,,,,,,,,,,
2151,%611 = OpFOrdGreaterThan %bool %610 %float_0,148,Wait,89,Math Pipe Throttle,21,Not Selected,18,27,1,,12
2152,%612 = OpExtInst %void %2 DebugLine %15 %uint_274 %uint_274 %uint_13 %uint_14,,,,,,,,,,,
2153,%3934 = OpExtInst %void %2 DebugNoScope,,,,,,,,,,,
2154,OpSelectionMerge %187 None,,,,,,,,,,,
2155,OpBranchConditional %611 %231 %187,,,,,,,,,,,
2156,%231 = OpLabel,,,,,,,,,,,
2157,%3935 = OpExtInst %void %2 DebugScope %176,,,,,,,,,,,
2158,%2011 = OpExtInst %void %2 DebugLine %15 %uint_275 %uint_275 %uint_9 %uint_10,,,,,,,,,,,
,"return float4(0, 0, 0, 0);",516,Wait,338,Selected,90,Math Pipe Throttle,50,1,,,14
2159,OpStore %entryPointParam_fragMain %2013,487,Wait,338,Selected,61,Math Pipe Throttle,50,1,2,,14
2160,OpBranch %2804,29,Selected,29,,,,,1,1,,12
2161,%187 = OpLabel,,,,,,,,,,,
2162,%3936 = OpExtInst %void %2 DebugScope %176,,,,,,,,,,,
2163,%615 = OpExtInst %void %2 DebugLine %15 %uint_277 %uint_277 %uint_5 %uint_6,,,,,,,,,,,
2164,%619 = OpExtInst %void %2 DebugDeclare %jitter %141 %77,,,,,,,,,,,
,"float jitter = hash2D(uint2(input.position.xy), SSRpc.passData.frameIndex).x;",1203,Wait,410,MIO Throttle,334,Short Scoreboard,244,26,,,30
2165,%620 = OpVectorShuffle %v2float %241 %241 0 1,,,,,,,,,,,
2166,%622 = OpConvertFToU %v2uint %620,1092,Wait,350,MIO Throttle,330,Short Scoreboard,244,26,2,136,30
2167,%623 = OpLoad %_ptr_PhysicalStorageBuffer_SSRPassData_natural %265,,,,,,,,,,,
2168,%625 = OpAccessChain %_ptr_PhysicalStorageBuffer_uint %623 %int_18,,,,,,,,,,,
2169,%626 = OpLoad %uint %625 Aligned 4,111,Wait,60,Selected,21,LG Throttle,18,26,1,793,23
2170,%3937 = OpExtInst %void %2 DebugNoLine,,,,,,,,,,,
2171,%3938 = OpExtInst %void %2 DebugScope %639 %2983,,,,,,,,,,,
2172,%2989 = OpExtInst %void %2 DebugDeclare %seed %2982 %77,,,,,,,,,,,
2173,OpStore %2982 %626,,,,,,,,,,,
2174,%2990 = OpExtInst %void %2 DebugDeclare %q %2984 %77,,,,,,,,,,,
2175,OpStore %2984 %622,,,,,,,,,,,
2176,%3004 = OpExtInst %void %2 DebugLine %15 %uint_228 %uint_228 %uint_5 %uint_6,,,,,,,,,,,
,"q *= uint2(M1, M2);",225,Short Scoreboard,136,Selected,52,Not Selected,21,26,,,29
2177,%2991 = OpIMul %v2uint %622 %660,225,Short Scoreboard,136,Selected,52,Not Selected,21,26,2,,29
2178,%3007 = OpExtInst %void %2 DebugLine %15 %uint_230 %uint_230 %uint_5 %uint_6,,,,,,,,,,,
2179,%2992 = OpExtInst %void %2 DebugDeclare %n %2985 %77,,,,,,,,,,,
,uint n = ((q.x ^ q.y) ^ seed) * M1;,61,Selected,61,,,,,26,,,29
2180,%2993 = OpCompositeExtract %uint %2991 0,,,,,,,,,,,
2181,%2994 = OpCompositeExtract %uint %2991 1,,,,,,,,,,,
2182,%2995 = OpBitwiseXor %uint %2993 %2994,,,,,,,,,,,
2183,%2996 = OpBitwiseXor %uint %2995 %626,40,Selected,40,,,,,26,1,,26
2184,%2997 = OpIMul %uint %2996 %uint_1597334677,21,Selected,21,,,,,26,1,,29
2185,OpStore %2985 %2997,,,,,,,,,,,
2186,%3014 = OpExtInst %void %2 DebugLine %15 %uint_232 %uint_232 %uint_5 %uint_6,,,,,,,,,,,
,"return float2(float(n) * (1.0/float(0xffffffffU)),float(n+1) * (1.0/float(0xffffffffU)));",142,MIO Throttle,49,Wait,41,Selected,26,26,,,29
2187,%2998 = OpConvertUToF %float %2997,78,MIO Throttle,49,Selected,13,Not Selected,11,26,1,0,29
2188,%2999 = OpFMul %float %2998 %float_2_32830644en10,64,Wait,36,Selected,13,Not Selected,11,26,1,,26
2189,%3000 = OpIAdd %uint %2997 %uint_1,,,,,,,,,,,
2190,%3001 = OpConvertUToF %float %3000,,,,,,,,,,,
2191,%3003 = OpCompositeConstruct %v2float %2999 %3912,,,,,,,,,,,
2192,%3939 = OpExtInst %void %2 DebugScope %176,,,,,,,,,,,
2193,%2193 = OpExtInst %void %2 DebugLine %15 %uint_277 %uint_277 %uint_5 %uint_6,,,,,,,,,,,
,"float jitter = hash2D(uint2(input.position.xy), SSRpc.passData.frameIndex).x;",,,,,,,,,,,
2194,%jitter_0 = OpCompositeExtract %float %3003 0,,,,,,,,,,,
2195,OpStore %141 %jitter_0,,,,,,,,,,,
2196,%686 = OpExtInst %void %2 DebugLine %15 %uint_278 %uint_278 %uint_5 %uint_6,,,,,,,,,,,
2197,%690 = OpExtInst %void %2 DebugDeclare %ray %142 %77,,,,,,,,,,,
2198,%3940 = OpExtInst %void %2 DebugNoLine,,,,,,,,,,,
2199,%3941 = OpExtInst %void %2 DebugScope %725 %3023,,,,,,,,,,,
2200,%3051 = OpExtInst %void %2 DebugDeclare %jitter_1 %3022 %77,,,,,,,,,,,
2201,OpStore %3022 %jitter_0,,,,,,,,,,,
2202,%3052 = OpExtInst %void %2 DebugDeclare %v_1 %3024 %77,,,,,,,,,,,
2203,OpStore %3024 %v_0,,,,,,,,,,,
2204,%3053 = OpExtInst %void %2 DebugDeclare %p_1 %3025 %77,,,,,,,,,,,
2205,OpStore %3025 %p_0,,,,,,,,,,,
2206,%3186 = OpExtInst %void %2 DebugLine %15 %uint_124 %uint_124 %uint_5 %uint_6,,,,,,,,,,,
2207,%3188 = OpExtInst %void %2 DebugLine %15 %uint_124 %uint_124 %uint_11 %uint_12,,,,,,,,,,,
2208,%3054 = OpExtInst %void %2 DebugDeclare %maxSteps %3026 %77,,,,,,,,,,,
,const int maxSteps = SSRpc.passData.maxSteps;,102,Wait,62,LG Throttle,18,Not Selected,15,26,,,24
2209,%3055 = OpAccessChain %_ptr_PushConstant_261 %SSRpc %int_0,,,,,,,,,,,
2210,%3056 = OpLoad %_ptr_PhysicalStorageBuffer_SSRPassData_natural %3055,,,,,,,,,,,
2211,%3057 = OpAccessChain %_ptr_PhysicalStorageBuffer_int %3056 %int_17,,,,,,,,,,,
2212,%3058 = OpLoad %int %3057 Aligned 4,102,Wait,62,LG Throttle,18,Not Selected,15,26,1,793,24
2213,OpStore %3026 %3058,,,,,,,,,,,
2214,%3194 = OpExtInst %void %2 DebugLine %15 %uint_125 %uint_125 %uint_11 %uint_12,,,,,,,,,,,
2215,%3059 = OpExtInst %void %2 DebugDeclare %stopLevel %3027 %77,,,,,,,,,,,
,const float stopLevel = float(SSRpc.passData.hiZStopLevel);,435,MIO Throttle,168,Wait,148,Not Selected,64,26,,,24
2216,%3060 = OpLoad %_ptr_PhysicalStorageBuffer_SSRPassData_natural %3055,,,,,,,,,,,
2217,%3061 = OpAccessChain %_ptr_PhysicalStorageBuffer_uint %3060 %int_19,,,,,,,,,,,
2218,%3062 = OpLoad %uint %3061 Aligned 4,141,Wait,98,Selected,23,LG Throttle,10,26,1,793,21
2219,%3063 = OpConvertUToF %float %3062,294,MIO Throttle,166,Not Selected,56,Wait,50,26,1,253,24
2220,OpStore %3027 %3063,,,,,,,,,,,
2221,%3200 = OpExtInst %void %2 DebugLine %15 %uint_126 %uint_126 %uint_5 %uint_6,,,,,,,,,,,
,Texture2D hiZ = textures[SSRpc.passData.hiZIndex];,146,Wait,64,Selected,50,LG Throttle,14,26,,,26
2222,%3064 = OpLoad %_ptr_PhysicalStorageBuffer_SSRPassData_natural %3055,,,,,,,,,,,
2223,%3065 = OpAccessChain %_ptr_PhysicalStorageBuffer_uint %3064 %int_13,,,,,,,,,,,
2224,%3066 = OpLoad %uint %3065 Aligned 4,146,Wait,64,Selected,50,LG Throttle,14,26,2,793,26
2225,%3203 = OpExtInst %void %2 DebugLine %15 %uint_127 %uint_127 %uint_11 %uint_12,,,,,,,,,,,
2226,%3067 = OpExtInst %void %2 DebugDeclare %baseRes %3028 %77,,,,,,,,,,,
,const float2 baseRes = float2(SSRpc.passData.resolution);,1112,Wait,439,MIO Throttle,291,Not Selected,122,26,,,29
2227,%3068 = OpLoad %_ptr_PhysicalStorageBuffer_SSRPassData_natural %3055,,,,,,,,,,,
2228,%3069 = OpAccessChain %_ptr_PhysicalStorageBuffer_v2uint %3068 %int_12,,,,,,,,,,,
2229,%3070 = OpLoad %v2uint %3069 Aligned 4,362,Wait,203,Branch Resolving,57,Selected,49,26,2,105,13
2230,%3071 = OpConvertUToF %v2float %3070,750,MIO Throttle,281,Wait,236,Long Scoreboard,105,26,2,0,29
2231,OpStore %3028 %3071,,,,,,,,,,,
2232,%3209 = OpExtInst %void %2 DebugLine %15 %uint_132 %uint_132 %uint_5 %uint_6,,,,,,,,,,,
2233,%3072 = OpExtInst %void %2 DebugDeclare %d %3029 %77,,,,,,,,,,,
,"float3 d = v / min(v.z, -1e-7);",523,MIO Throttle,250,Wait,101,Selected,91,26,,,29
2234,%3073 = OpCompositeExtract %float %v_0 2,,,,,,,,,,,
2235,%3074 = OpExtInst %float %447 FMin %3073 %float_n1_00000001en07,14,Selected,9,Miscellaneous,5,,,26,1,,28
2236,%3075 = OpCompositeConstruct %v3float %3074 %3074 %3074,,,,,,,,,,,
2237,%3076 = OpFDiv %v3float %v_0 %3075,509,MIO Throttle,250,Wait,101,Selected,82,26,4,,29
2238,OpStore %3029 %3076,,,,,,,,,,,
2239,%3215 = OpExtInst %void %2 DebugLine %15 %uint_135 %uint_135 %uint_5 %uint_6,,,,,,,,,,,
2240,%3077 = OpExtInst %void %2 DebugDeclare %crossStep %3030 %77,,,,,,,,,,,
,"float2 crossStep = float2(v.x >= 0.0 ? 1.0 : 0.0, v.y >= 0.0 ? 1.0 : 0.0);",91,Selected,43,Wait,42,Not Selected,3,26,,,25
2241,%3078 = OpCompositeExtract %float %v_0 0,,,,,,,,,,,
2242,%3079 = OpFOrdGreaterThanEqual %bool %3078 %float_0,,,,,,,,,,,
2243,%3942 = OpExtInst %void %2 DebugNoScope,,,,,,,,,,,
2244,OpSelectionMerge %3082 None,,,,,,,,,,,
2245,OpBranchConditional %3079 %3081 %3080,,,,,,,,,,,
2246,%3080 = OpLabel,,,,,,,,,,,
2247,%3943 = OpExtInst %void %2 DebugScope %725 %3023,,,,,,,,,,,
2248,OpStore %3031 %float_0,,,,,,,,,,,
2249,OpBranch %3082,,,,,,,,,,,
2250,%3081 = OpLabel,,,,,,,,,,,
2251,%3944 = OpExtInst %void %2 DebugScope %725 %3023,,,,,,,,,,,
2252,OpStore %3031 %float_1,,,,,,,,,,,
2253,OpBranch %3082,67,Wait,42,Selected,19,Not Selected,3,26,1,,25
2254,%3082 = OpLabel,,,,,,,,,,,
2255,%3945 = OpExtInst %void %2 DebugScope %725 %3023,,,,,,,,,,,
2256,%3083 = OpCompositeExtract %float %v_0 1,,,,,,,,,,,
2257,%3084 = OpFOrdGreaterThanEqual %bool %3083 %float_0,,,,,,,,,,,
2258,%3946 = OpExtInst %void %2 DebugNoScope,,,,,,,,,,,
2259,OpSelectionMerge %3087 None,,,,,,,,,,,
2260,OpBranchConditional %3084 %3086 %3085,24,Selected,24,,,,,26,1,,25
2261,%3085 = OpLabel,,,,,,,,,,,
2262,%3947 = OpExtInst %void %2 DebugScope %725 %3023,,,,,,,,,,,
2263,OpStore %3032 %float_0,,,,,,,,,,,
2264,OpBranch %3087,,,,,,,,,,,
2265,%3086 = OpLabel,,,,,,,,,,,
2266,%3948 = OpExtInst %void %2 DebugScope %725 %3023,,,,,,,,,,,
2267,OpStore %3032 %float_1,,,,,,,,,,,
2268,OpBranch %3087,,,,,,,,,,,
2269,%3087 = OpLabel,,,,,,,,,,,
2270,%3949 = OpExtInst %void %2 DebugScope %725 %3023,,,,,,,,,,,
2271,%3088 = OpLoad %float %3031,,,,,,,,,,,
2272,%3089 = OpLoad %float %3032,,,,,,,,,,,
2273,%3090 = OpCompositeConstruct %v2float %3088 %3089,,,,,,,,,,,
2274,OpStore %3030 %3090,,,,,,,,,,,
2275,%3220 = OpExtInst %void %2 DebugLine %15 %uint_136 %uint_136 %uint_5 %uint_6,,,,,,,,,,,
2276,%3091 = OpExtInst %void %2 DebugDeclare %crossOffset %3033 %77,,,,,,,,,,,
,float2 crossOffset = (crossStep * 2.0 - 1.0) / 128.0;,253,Short Scoreboard,60,Wait,59,Selected,53,26,,,30
2277,%3092 = OpVectorTimesScalar %v2float %3090 %float_2,,,,,,,,,,,
2278,%3094 = OpFSub %v2float %3092 %919,,,,,,,,,,,
2279,%3096 = OpFMul %v2float %3094 %3911,253,Short Scoreboard,60,Wait,59,Selected,53,26,3,,30
2280,OpStore %3033 %3096,,,,,,,,,,,
2281,%3227 = OpExtInst %void %2 DebugLine %15 %uint_140 %uint_140 %uint_5 %uint_6,,,,,,,,,,,
2282,%3097 = OpExtInst %void %2 DebugDeclare %mip0CellCount %3034 %77,,,,,,,,,,,
2283,%3950 = OpExtInst %void %2 DebugNoLine,,,,,,,,,,,
2284,%3951 = OpExtInst %void %2 DebugScope %899 %3332,,,,,,,,,,,
2285,%3337 = OpExtInst %void %2 DebugDeclare %baseRes_0 %3331 %77,,,,,,,,,,,
2286,OpStore %3331 %3071,,,,,,,,,,,
2287,%3338 = OpExtInst %void %2 DebugDeclare %level %3333 %77,,,,,,,,,,,
2288,OpStore %3333 %float_0,,,,,,,,,,,
2289,%3348 = OpExtInst %void %2 DebugLine %15 %uint_94 %uint_94 %uint_5 %uint_6,,,,,,,,,,,
,"return max(floor(baseRes / exp2(level)), 1.0);",891,MIO Throttle,258,Short Scoreboard,253,Wait,185,26,,,27
2290,%3342 = OpExtInst %v2float %447 Floor %3071,542,MIO Throttle,258,Wait,170,Not Selected,61,26,2,506,27
2291,%3343 = OpExtInst %v2float %447 FMax %3342 %919,349,Short Scoreboard,253,Selected,51,Not Selected,17,26,2,,23
2292,%3952 = OpExtInst %void %2 DebugScope %725 %3023,,,,,,,,,,,
2293,%3229 = OpExtInst %void %2 DebugLine %15 %uint_140 %uint_140 %uint_5 %uint_6,,,,,,,,,,,
,"float2 mip0CellCount = getCellCount(0.0, baseRes);",,,,,,,,,,,
2294,OpStore %3034 %3343,,,,,,,,,,,
2295,%3230 = OpExtInst %void %2 DebugLine %15 %uint_141 %uint_141 %uint_5 %uint_6,,,,,,,,,,,
2296,%3099 = OpExtInst %void %2 DebugDeclare %ray_0 %3035 %77,,,,,,,,,,,
,"float3 ray = intersectCellBoundary(p, d, getCell(p.xy, mip0CellCount), mip0CellCount, crossStep, crossOffset * 64.0);",,,,,,,,,,,
2297,%3100 = OpVectorShuffle %v2float %p_0 %p_0 0 1,,,,,,,,,,,
2298,%3953 = OpExtInst %void %2 DebugNoLine,,,,,,,,,,,
2299,%3954 = OpExtInst %void %2 DebugScope %936 %3353,,,,,,,,,,,
2300,%3358 = OpExtInst %void %2 DebugDeclare %cellCount %3352 %77,,,,,,,,,,,
2301,OpStore %3352 %3343,,,,,,,,,,,
2302,%3359 = OpExtInst %void %2 DebugDeclare %ray_1 %3354 %77,,,,,,,,,,,
2303,OpStore %3354 %3100,,,,,,,,,,,
2304,%3362 = OpExtInst %void %2 DebugLine %15 %uint_70 %uint_70 %uint_5 %uint_6,,,,,,,,,,,
,return floor(ray * cellCount);,606,MIO Throttle,280,Wait,129,Selected,90,26,,,25
2305,%3360 = OpFMul %v2float %3100 %3343,150,Wait,67,Selected,47,Math Pipe Throttle,18,26,2,,23
2306,%3361 = OpExtInst %v2float %447 Floor %3360,456,MIO Throttle,280,Not Selected,71,Wait,62,26,2,60,25
2307,%3955 = OpExtInst %void %2 DebugScope %725 %3023,,,,,,,,,,,
2308,%3233 = OpExtInst %void %2 DebugLine %15 %uint_141 %uint_141 %uint_5 %uint_6,,,,,,,,,,,
,"float3 ray = intersectCellBoundary(p, d, getCell(p.xy, mip0CellCount), mip0CellCount, crossStep, crossOffset * 64.0);",,,,,,,,,,,
2309,%3102 = OpVectorTimesScalar %v2float %3096 %float_64,,,,,,,,,,,
2310,%3956 = OpExtInst %void %2 DebugNoLine,,,,,,,,,,,
2311,%3957 = OpExtInst %void %2 DebugScope %979 %3368,,,,,,,,,,,
2312,%3383 = OpExtInst %void %2 DebugDeclare %crossOffset_0 %3367 %77,,,,,,,,,,,
2313,OpStore %3367 %3102,,,,,,,,,,,
2314,%3384 = OpExtInst %void %2 DebugDeclare %crossStep_0 %3369 %77,,,,,,,,,,,
2315,OpStore %3369 %3090,,,,,,,,,,,
2316,%3385 = OpExtInst %void %2 DebugDeclare %cellCount_0 %3370 %77,,,,,,,,,,,
2317,OpStore %3370 %3343,,,,,,,,,,,
2318,%3386 = OpExtInst %void %2 DebugDeclare %cellIndex %3371 %77,,,,,,,,,,,
2319,OpStore %3371 %3361,,,,,,,,,,,
2320,%3387 = OpExtInst %void %2 DebugDeclare %d_0 %3372 %77,,,,,,,,,,,
2321,OpStore %3372 %3076,,,,,,,,,,,
2322,%3388 = OpExtInst %void %2 DebugDeclare %o %3373 %77,,,,,,,,,,,
2323,OpStore %3373 %p_0,,,,,,,,,,,
2324,%3431 = OpExtInst %void %2 DebugLine %15 %uint_77 %uint_77 %uint_5 %uint_6,,,,,,,,,,,
2325,%3389 = OpExtInst %void %2 DebugDeclare %cellSize %3374 %77,,,,,,,,,,,
,float2 cellSize = 1.0 / cellCount;,367,MIO Throttle,206,Not Selected,60,Wait,53,26,,,26
2326,%3391 = OpFDiv %v2float %919 %3343,367,MIO Throttle,206,Not Selected,60,Wait,53,26,2,120,26
2327,OpStore %3374 %3391,,,,,,,,,,,
2328,%3437 = OpExtInst %void %2 DebugLine %15 %uint_78 %uint_78 %uint_5 %uint_6,,,,,,,,,,,
2329,%3392 = OpExtInst %void %2 DebugDeclare %nextBoundary %3375 %77,,,,,,,,,,,
,float2 nextBoundary = (cellIndex + crossStep + crossOffset) * cellSize;,238,Selected,141,Wait,68,Not Selected,17,26,,,31
2330,%3393 = OpFAdd %v2float %3361 %3090,98,Selected,69,Wait,20,Not Selected,6,26,2,,31
2331,%3394 = OpFAdd %v2float %3393 %3102,140,Selected,72,Wait,48,Not Selected,11,26,2,,30
2332,%3395 = OpFMul %v2float %3394 %3391,,,,,,,,,,,
2333,OpStore %3375 %3395,,,,,,,,,,,
2334,%3442 = OpExtInst %void %2 DebugLine %15 %uint_79 %uint_79 %uint_5 %uint_6,,,,,,,,,,,
2335,%3396 = OpExtInst %void %2 DebugDeclare %t %3376 %77,,,,,,,,,,,
,float2 t = (nextBoundary - o.xy) / d.xy;,737,MIO Throttle,266,Wait,146,Selected,139,26,,,30
2336,%3397 = OpVectorShuffle %v2float %p_0 %p_0 0 1,,,,,,,,,,,
2337,%3398 = OpFSub %v2float %3395 %3397,154,Not Selected,46,Math Pipe Throttle,43,Selected,30,26,2,,30
2338,%3399 = OpVectorShuffle %v2float %3076 %3076 0 1,,,,,,,,,,,
2339,%3400 = OpFDiv %v2float %3398 %3399,583,MIO Throttle,266,Wait,119,Selected,109,26,4,2,30
2340,OpStore %3377 %3400,,,,,,,,,,,
2341,OpStore %3376 %3400,,,,,,,,,,,
2342,%3449 = OpExtInst %void %2 DebugLine %15 %uint_81 %uint_81 %uint_5 %uint_6,,,,,,,,,,,
,t.x = d.x != 0.0 ? t.x : -1e30;,74,Selected,42,Wait,16,Not Selected,8,26,,,27
2343,%3401 = OpAccessChain %_ptr_Function_float %3377 %int_0,,,,,,,,,,,
2344,%3402 = OpCompositeExtract %float %3076 0,,,,,,,,,,,
2345,%3403 = OpFUnordNotEqual %bool %3402 %float_0,27,Selected,25,Dispatch Stall,2,,,26,1,,27
2346,%3958 = OpExtInst %void %2 DebugNoScope,,,,,,,,,,,
2347,OpSelectionMerge %3408 None,,,,,,,,,,,
2348,OpBranchConditional %3403 %3405 %3404,47,Selected,17,Wait,16,Not Selected,8,26,1,,27
2349,%3404 = OpLabel,,,,,,,,,,,
2350,%3959 = OpExtInst %void %2 DebugScope %979 %3368,,,,,,,,,,,
2351,OpStore %3378 %float_n1_00000002e_30,,,,,,,,,,,
2352,OpBranch %3408,,,,,,,,,,,
2353,%3405 = OpLabel,,,,,,,,,,,
2354,%3960 = OpExtInst %void %2 DebugScope %979 %3368,,,,,,,,,,,
2355,%3406 = OpLoad %v2float %3377,,,,,,,,,,,
2356,%3407 = OpCompositeExtract %float %3406 0,,,,,,,,,,,
2357,OpStore %3378 %3407,,,,,,,,,,,
2358,OpBranch %3408,,,,,,,,,,,
2359,%3408 = OpLabel,,,,,,,,,,,
2360,%3961 = OpExtInst %void %2 DebugScope %979 %3368,,,,,,,,,,,
2361,%3409 = OpLoad %float %3378,,,,,,,,,,,
2362,OpStore %3401 %3409,,,,,,,,,,,
2363,%3410 = OpAccessChain %_ptr_Function_float %3376 %int_0,,,,,,,,,,,
2364,OpStore %3410 %3409,,,,,,,,,,,
2365,%3454 = OpExtInst %void %2 DebugLine %15 %uint_82 %uint_82 %uint_5 %uint_6,,,,,,,,,,,
,t.y = d.y != 0.0 ? t.y : -1e30;,150,Selected,63,Wait,47,Not Selected,27,26,,,27
2366,%3412 = OpAccessChain %_ptr_Function_float %3377 %int_1,,,,,,,,,,,
2367,%3413 = OpCompositeExtract %float %3076 1,,,,,,,,,,,
2368,%3414 = OpFUnordNotEqual %bool %3413 %float_0,24,Selected,24,,,,,26,1,,27
2369,%3962 = OpExtInst %void %2 DebugNoScope,,,,,,,,,,,
2370,OpSelectionMerge %3419 None,,,,,,,,,,,
2371,OpBranchConditional %3414 %3416 %3415,126,Wait,47,Selected,39,Not Selected,27,26,2,,27
2372,%3415 = OpLabel,,,,,,,,,,,
2373,%3963 = OpExtInst %void %2 DebugScope %979 %3368,,,,,,,,,,,
2374,OpStore %3378 %float_n1_00000002e_30,,,,,,,,,,,
2375,OpBranch %3419,,,,,,,,,,,
2376,%3416 = OpLabel,,,,,,,,,,,
2377,%3964 = OpExtInst %void %2 DebugScope %979 %3368,,,,,,,,,,,
2378,%3417 = OpLoad %v2float %3377,,,,,,,,,,,
2379,%3418 = OpCompositeExtract %float %3417 1,,,,,,,,,,,
2380,OpStore %3378 %3418,,,,,,,,,,,
2381,OpBranch %3419,,,,,,,,,,,
2382,%3419 = OpLabel,,,,,,,,,,,
2383,%3965 = OpExtInst %void %2 DebugScope %979 %3368,,,,,,,,,,,
2384,%3420 = OpLoad %float %3378,,,,,,,,,,,
2385,OpStore %3412 %3420,,,,,,,,,,,
2386,%3421 = OpAccessChain %_ptr_Function_float %3376 %int_1,,,,,,,,,,,
2387,OpStore %3421 %3420,,,,,,,,,,,
2388,%3459 = OpExtInst %void %2 DebugLine %15 %uint_85 %uint_85 %uint_5 %uint_6,,,,,,,,,,,
2389,%3423 = OpExtInst %void %2 DebugDeclare %tMin %3379 %77,,,,,,,,,,,
,"float tMin = max(t.x, t.y);",67,Selected,33,Wait,27,Miscellaneous,7,26,,,27
2390,%3424 = OpLoad %v2float %3377,,,,,,,,,,,
2391,%3425 = OpCompositeExtract %float %3424 0,,,,,,,,,,,
2392,%3427 = OpCompositeExtract %float %3424 1,,,,,,,,,,,
2393,%3428 = OpExtInst %float %447 FMax %3425 %3427,67,Selected,33,Wait,27,Miscellaneous,7,26,1,,27
2394,OpStore %3379 %3428,,,,,,,,,,,
2395,%3466 = OpExtInst %void %2 DebugLine %15 %uint_86 %uint_86 %uint_5 %uint_6,,,,,,,,,,,
,return o + d * tMin;,125,Selected,61,Wait,44,Not Selected,11,26,,,27
2396,%3429 = OpVectorTimesScalar %v3float %3076 %3428,,,,,,,,,,,
2397,%3430 = OpFAdd %v3float %p_0 %3429,125,Selected,61,Wait,44,Not Selected,11,26,3,,27
2398,%3966 = OpExtInst %void %2 DebugScope %725 %3023,,,,,,,,,,,
2399,%3235 = OpExtInst %void %2 DebugLine %15 %uint_141 %uint_141 %uint_5 %uint_6,,,,,,,,,,,
,"float3 ray = intersectCellBoundary(p, d, getCell(p.xy, mip0CellCount), mip0CellCount, crossStep, crossOffset * 64.0);",,,,,,,,,,,
2400,OpStore %3035 %3430,,,,,,,,,,,
2401,%3236 = OpExtInst %void %2 DebugLine %15 %uint_146 %uint_146 %uint_5 %uint_6,,,,,,,,,,,
2402,%3104 = OpExtInst %void %2 DebugDeclare %baseT %3036 %77,,,,,,,,,,,
,"float baseT = 1.0 / max(abs(v.x) * baseRes.x, abs(v.y) * baseRes.y);",146,Miscellaneous,75,Selected,51,Wait,19,26,,,30
2403,%3105 = OpExtInst %float %447 FAbs %3078,,,,,,,,,,,
2404,%3106 = OpCompositeExtract %float %3071 0,,,,,,,,,,,
2405,%3107 = OpFMul %float %3105 %3106,82,Miscellaneous,65,Selected,17,,,26,1,,26
2406,%3108 = OpExtInst %float %447 FAbs %3083,,,,,,,,,,,
2407,%3109 = OpCompositeExtract %float %3071 1,,,,,,,,,,,
2408,%3110 = OpFMul %float %3108 %3109,37,Wait,19,Selected,17,Math Pipe Throttle,1,26,1,,27
2409,%3111 = OpExtInst %float %447 FMax %3107 %3110,27,Selected,17,Miscellaneous,10,,,26,1,,30
2410,%3112 = OpFDiv %float %float_1 %3111,,,,,,,,,,,
2411,OpStore %3036 %3112,,,,,,,,,,,
2412,%3247 = OpExtInst %void %2 DebugLine %15 %uint_147 %uint_147 %uint_5 %uint_6,,,,,,,,,,,
,ray += v * (baseT * exp2(HIZ_START_LEVEL) * jitter);,443,Selected,116,Wait,83,Not Selected,79,26,,,28
2413,%3114 = OpFDiv %float %float_4 %3111,56,MIO Throttle,27,Selected,25,Not Selected,4,26,1,8,28
2414,%3115 = OpFMul %float %3114 %jitter_0,80,Wait,28,Selected,24,Math Pipe Throttle,11,26,1,,26
2415,%3116 = OpVectorTimesScalar %v3float %v_0 %3115,,,,,,,,,,,
2416,%3117 = OpFAdd %v3float %3430 %3116,307,Miscellaneous,75,Selected,67,Not Selected,66,26,3,,26
2417,OpStore %3035 %3117,,,,,,,,,,,
2418,%3252 = OpExtInst %void %2 DebugLine %15 %uint_149 %uint_149 %uint_5 %uint_6,,,,,,,,,,,
2419,%3118 = OpExtInst %void %2 DebugDeclare %level_0 %3037 %77,,,,,,,,,,,
,float level = HIZ_START_LEVEL;,,,,,,,,,,,
2420,OpStore %3037 %float_2,,,,,,,,,,,
2421,%3254 = OpExtInst %void %2 DebugLine %15 %uint_150 %uint_150 %uint_5 %uint_6,,,,,,,,,,,
2422,%3255 = OpExtInst %void %2 DebugLine %15 %uint_150 %uint_150 %uint_9 %uint_10,,,,,,,,,,,
2423,%3119 = OpExtInst %void %2 DebugDeclare %i_0 %3038 %77,,,,,,,,,,,
,for(int i = 0; i < maxSteps && level >= stopLevel; i++) {,15916,Wait,10230,Selected,4131,Not Selected,884,23,,,27
2424,OpStore %3038 %int_0,,,,,,,,,,,
2425,OpStore %3039 %int_0,,,,,,,,,,,
2426,OpStore %3031 %float_2,,,,,,,,,,,
2427,OpStore %3040 %3117,,,,,,,,,,,
2428,OpBranch %3120,,,,,,,,,,,
2429,%3120 = OpLabel,,,,,,,,,,,
2430,%3967 = OpExtInst %void %2 DebugNoScope,,,,,,,,,,,
2431,OpLoopMerge %3184 %3183 None,,,,,,,,,,,
2432,OpBranch %3121,,,,,,,,,,,
2433,%3121 = OpLabel,,,,,,,,,,,
2434,%3968 = OpExtInst %void %2 DebugScope %725 %3023,,,,,,,,,,,
2435,OpBranch %3122,,,,,,,,,,,
2436,%3122 = OpLabel,,,,,,,,,,,
2437,%3969 = OpExtInst %void %2 DebugNoScope,,,,,,,,,,,
2438,OpBranch %3123,,,,,,,,,,,
2439,%3123 = OpLabel,,,,,,,,,,,
2440,%3970 = OpExtInst %void %2 DebugScope %725 %3023,,,,,,,,,,,
2441,%3261 = OpExtInst %void %2 DebugLine %15 %uint_150 %uint_150 %uint_33 %uint_34,,,,,,,,,,,
2442,%3124 = OpLoad %int %3039,,,,,,,,,,,
2443,%3125 = OpSLessThan %bool %3124 %3058,3012,Selected,1320,Wait,1229,Not Selected,305,23,2,,23
2444,%3263 = OpExtInst %void %2 DebugLine %15 %uint_150 %uint_150 %uint_22 %uint_23,,,,,,,,,,,
2445,%3971 = OpExtInst %void %2 DebugNoScope,,,,,,,,,,,
2446,OpSelectionMerge %3130 None,,,,,,,,,,,
2447,OpBranchConditional %3125 %3127 %3126,2241,Selected,1332,Wait,725,Not Selected,108,24,6,,24
2448,%3126 = OpLabel,,,,,,,,,,,
2449,%3972 = OpExtInst %void %2 DebugScope %725 %3023,,,,,,,,,,,
2450,OpStore %3041 %false,,,,,,,,,,,
2451,OpBranch %3130,,,,,,,,,,,
2452,%3127 = OpLabel,,,,,,,,,,,
2453,%3973 = OpExtInst %void %2 DebugScope %725 %3023,,,,,,,,,,,
2454,%3128 = OpLoad %float %3031,,,,,,,,,,,
2455,%3129 = OpFOrdGreaterThanEqual %bool %3128 %3063,19,Selected,19,,,,,26,1,,27
2456,OpStore %3041 %3129,,,,,,,,,,,
2457,OpBranch %3130,,,,,,,,,,,
2458,%3130 = OpLabel,,,,,,,,,,,
2459,%3974 = OpExtInst %void %2 DebugScope %725 %3023,,,,,,,,,,,
2460,%3131 = OpLoad %bool %3041,,,,,,,,,,,
2461,%3975 = OpExtInst %void %2 DebugNoScope,,,,,,,,,,,
2462,OpSelectionMerge %3133 None,,,,,,,,,,,
2463,OpBranchConditional %3131 %3133 %3132,10644,Wait,8276,Selected,1460,Not Selected,471,20,3,,23
2464,%3132 = OpLabel,,,,,,,,,,,
2465,%3976 = OpExtInst %void %2 DebugScope %725 %3023,,,,,,,,,,,
2466,OpBranch %3184,,,,,,,,,,,
2467,%3133 = OpLabel,,,,,,,,,,,
2468,%3977 = OpExtInst %void %2 DebugScope %725 %3023,,,,,,,,,,,
2469,%3265 = OpExtInst %void %2 DebugLine %15 %uint_152 %uint_152 %uint_9 %uint_10,,,,,,,,,,,
,if(any(ray.xy < 0.0) || any(ray.xy >= 1.0)),21665,Wait,11516,Selected,3331,Miscellaneous,1985,19,,,23
2470,%3134 = OpLoad %v3float %3040,,,,,,,,,,,
2471,%3135 = OpVectorShuffle %v2float %3134 %3134 0 1,,,,,,,,,,,
2472,%3137 = OpFOrdLessThan %v2bool %3135 %1398,4231,Miscellaneous,1985,Branch Resolving,1811,Not Selected,217,23,1,,23
2473,%3138 = OpAny %bool %3137,,,,,,,,,,,
2474,%3272 = OpExtInst %void %2 DebugLine %15 %uint_152 %uint_152 %uint_15 %uint_16,,,,,,,,,,,
2475,%3978 = OpExtInst %void %2 DebugNoScope,,,,,,,,,,,
2476,OpSelectionMerge %3144 None,,,,,,,,,,,
2477,OpBranchConditional %3138 %3143 %3139,,,,,,,,,,,
2478,%3139 = OpLabel,,,,,,,,,,,
2479,%3979 = OpExtInst %void %2 DebugScope %725 %3023,,,,,,,,,,,
2480,%3141 = OpFOrdGreaterThanEqual %v2bool %3135 %919,5350,Wait,2079,Selected,1915,Not Selected,807,23,3,,23
2481,%3142 = OpAny %bool %3141,,,,,,,,,,,
2482,OpStore %3042 %3142,,,,,,,,,,,
2483,OpBranch %3144,,,,,,,,,,,
2484,%3143 = OpLabel,,,,,,,,,,,
2485,%3980 = OpExtInst %void %2 DebugScope %725 %3023,,,,,,,,,,,
2486,OpStore %3042 %true,,,,,,,,,,,
2487,OpBranch %3144,,,,,,,,,,,
2488,%3144 = OpLabel,,,,,,,,,,,
2489,%3981 = OpExtInst %void %2 DebugScope %725 %3023,,,,,,,,,,,
2490,%3274 = OpExtInst %void %2 DebugLine %15 %uint_152 %uint_152 %uint_30 %uint_31,,,,,,,,,,,
2491,%3145 = OpLoad %bool %3042,,,,,,,,,,,
2492,%3982 = OpExtInst %void %2 DebugNoScope,,,,,,,,,,,
2493,OpSelectionMerge %3147 None,,,,,,,,,,,
2494,OpBranchConditional %3145 %3146 %3147,12084,Wait,9424,Selected,1395,Not Selected,916,12,2,,23
2495,%3146 = OpLabel,,,,,,,,,,,
2496,%3983 = OpExtInst %void %2 DebugScope %725 %3023,,,,,,,,,,,
2497,%3277 = OpExtInst %void %2 DebugLine %15 %uint_153 %uint_153 %uint_13 %uint_14,,,,,,,,,,,
,break;,,,,,,,,,,,
2498,OpBranch %3184,,,,,,,,,,,
2499,%3147 = OpLabel,,,,,,,,,,,
2500,%3984 = OpExtInst %void %2 DebugScope %725 %3023,,,,,,,,,,,
2501,%3278 = OpExtInst %void %2 DebugLine %15 %uint_155 %uint_155 %uint_9 %uint_10,,,,,,,,,,,
2502,%3148 = OpExtInst %void %2 DebugDeclare %cellCount_1 %3043 %77,,,,,,,,,,,
,"float2 cellCount = getCellCount(level, baseRes);",,,,,,,,,,,
2503,%3149 = OpLoad %float %3031,,,,,,,,,,,
2504,%3985 = OpExtInst %void %2 DebugNoLine,,,,,,,,,,,
2505,%3986 = OpExtInst %void %2 DebugScope %899 %3471,,,,,,,,,,,
2506,%3476 = OpExtInst %void %2 DebugDeclare %baseRes_0 %3470 %77,,,,,,,,,,,
2507,OpStore %3470 %3071,,,,,,,,,,,
2508,%3477 = OpExtInst %void %2 DebugDeclare %level %3472 %77,,,,,,,,,,,
2509,OpStore %3472 %3149,,,,,,,,,,,
2510,%3483 = OpExtInst %void %2 DebugLine %15 %uint_94 %uint_94 %uint_5 %uint_6,,,,,,,,,,,
,"return max(floor(baseRes / exp2(level)), 1.0);",45292,Short Scoreboard,17050,Wait,10933,MIO Throttle,7677,23,,,28
2511,%3478 = OpExtInst %float %447 Exp2 %3149,6357,Wait,2799,MIO Throttle,2204,Selected,703,23,1,345,24
2512,%3479 = OpCompositeConstruct %v2float %3478 %3478,,,,,,,,,,,
2513,%3480 = OpFDiv %v2float %3071 %3479,17211,Short Scoreboard,10913,Selected,1956,MIO Throttle,1338,23,3,10568,27
2514,%3481 = OpExtInst %v2float %447 Floor %3480,13331,Wait,6798,MIO Throttle,4135,Selected,1364,23,2,6137,26
2515,%3482 = OpExtInst %v2float %447 FMax %3481 %919,8393,Short Scoreboard,6137,Selected,1340,Not Selected,541,23,2,,28
2516,%3987 = OpExtInst %void %2 DebugScope %725 %3023,,,,,,,,,,,
2517,%3281 = OpExtInst %void %2 DebugLine %15 %uint_155 %uint_155 %uint_9 %uint_10,,,,,,,,,,,
,"float2 cellCount = getCellCount(level, baseRes);",,,,,,,,,,,
2518,OpStore %3043 %3482,,,,,,,,,,,
2519,%3282 = OpExtInst %void %2 DebugLine %15 %uint_156 %uint_156 %uint_9 %uint_10,,,,,,,,,,,
2520,%3151 = OpExtInst %void %2 DebugDeclare %oldCellIdx %3044 %77,,,,,,,,,,,
2521,%3988 = OpExtInst %void %2 DebugNoLine,,,,,,,,,,,
2522,%3989 = OpExtInst %void %2 DebugScope %936 %3492,,,,,,,,,,,
2523,%3497 = OpExtInst %void %2 DebugDeclare %cellCount %3491 %77,,,,,,,,,,,
2524,OpStore %3491 %3482,,,,,,,,,,,
2525,%3498 = OpExtInst %void %2 DebugDeclare %ray_1 %3493 %77,,,,,,,,,,,
2526,OpStore %3493 %3135,,,,,,,,,,,
2527,%3501 = OpExtInst %void %2 DebugLine %15 %uint_70 %uint_70 %uint_5 %uint_6,,,,,,,,,,,
,return floor(ray * cellCount);,18051,Wait,9373,MIO Throttle,3985,Selected,2653,23,,,29
2528,%3499 = OpFMul %v2float %3135 %3482,5011,Wait,2709,Selected,1319,Not Selected,525,23,2,,29
2529,%3500 = OpExtInst %v2float %447 Floor %3499,13040,Wait,6664,MIO Throttle,3985,Selected,1334,23,2,17840,29
2530,%3990 = OpExtInst %void %2 DebugScope %725 %3023,,,,,,,,,,,
2531,%3284 = OpExtInst %void %2 DebugLine %15 %uint_156 %uint_156 %uint_9 %uint_10,,,,,,,,,,,
,"float2 oldCellIdx = getCell(ray.xy, cellCount);",,,,,,,,,,,
2532,OpStore %3044 %3500,,,,,,,,,,,
2533,%3285 = OpExtInst %void %2 DebugLine %15 %uint_158 %uint_158 %uint_9 %uint_10,,,,,,,,,,,
2534,%3153 = OpExtInst %void %2 DebugDeclare %planeZ %3045 %77,,,,,,,,,,,
2535,%3991 = OpExtInst %void %2 DebugNoLine,,,,,,,,,,,
2536,%3992 = OpExtInst %void %2 DebugScope %1209 %3507,,,,,,,,,,,
2537,%3512 = OpAccessChain %_ptr_UniformConstant_272 %textures %3066,,,,,,,,,,,
2538,%3513 = OpExtInst %void %2 DebugDeclare %level_1 %3506 %77,,,,,,,,,,,
2539,OpStore %3506 %3149,,,,,,,,,,,
2540,%3514 = OpExtInst %void %2 DebugDeclare %cellIdx %3508 %77,,,,,,,,,,,
2541,OpStore %3508 %3500,,,,,,,,,,,
2542,%3523 = OpExtInst %void %2 DebugLine %15 %uint_102 %uint_102 %uint_5 %uint_6,,,,,,,,,,,
,"return hiZ.Load(int3(int2(cellIdx), int(level))).r;",39781,Wait,14800,Short Scoreboard,10605,MIO Throttle,7362,23,,,30
2543,%3515 = OpConvertFToS %v2int %3500,13640,Wait,7014,MIO Throttle,4121,Selected,1345,23,2,26497,30
2544,%3516 = OpConvertFToS %int %3149,8585,Wait,3870,MIO Throttle,3241,Not Selected,788,23,1,2162,25
2545,%3517 = OpCompositeConstruct %v3int %3515 %3516,,,,,,,,,,,
2546,%3518 = OpVectorShuffle %v2int %3517 %3517 0 1,,,,,,,,,,,
2547,%3519 = OpLoad %272 %3512,658,Selected,648,Dispatch Stall,10,,,23,1,,24
2548,%3520 = OpImageFetch %v4float %3519 %3518 Lod %3516,16898,Short Scoreboard,10605,Wait,3916,Selected,2001,23,3,224422,30
2549,%3522 = OpCompositeExtract %float %3520 0,,,,,,,,,,,
2550,%3993 = OpExtInst %void %2 DebugScope %725 %3023,,,,,,,,,,,
2551,%3288 = OpExtInst %void %2 DebugLine %15 %uint_158 %uint_158 %uint_9 %uint_10,,,,,,,,,,,
,"float planeZ = getNearestDepthPlane(hiZ, oldCellIdx, level);",,,,,,,,,,,
2552,OpStore %3045 %3522,,,,,,,,,,,
2553,%3289 = OpExtInst %void %2 DebugLine %15 %uint_162 %uint_162 %uint_9 %uint_10,,,,,,,,,,,
2554,%3156 = OpExtInst %void %2 DebugDeclare %tmpRay %3046 %77,,,,,,,,,,,
,"float3 tmpRay = intersectDepthPlane(ray, d, min(0.0, planeZ - ray.z));",231019,Long Scoreboard,224422,Wait,2698,Not Selected,1384,23,,,29
2555,%3157 = OpLoad %v3float %3040,,,,,,,,,,,
2556,%3158 = OpCompositeExtract %float %3157 2,,,,,,,,,,,
2557,%3159 = OpFSub %float %3522 %3158,226849,Long Scoreboard,224422,Not Selected,942,Math Pipe Throttle,905,23,1,,29
2558,%3160 = OpExtInst %float %447 FMin %float_0 %3159,4170,Wait,2698,Selected,737,Not Selected,442,23,1,,28
2559,%3994 = OpExtInst %void %2 DebugNoLine,,,,,,,,,,,
2560,%3995 = OpExtInst %void %2 DebugScope %1257 %3535,,,,,,,,,,,
2561,%3541 = OpExtInst %void %2 DebugDeclare %t_0 %3534 %77,,,,,,,,,,,
2562,OpStore %3534 %3160,,,,,,,,,,,
2563,%3542 = OpExtInst %void %2 DebugDeclare %d_1 %3536 %77,,,,,,,,,,,
2564,OpStore %3536 %3076,,,,,,,,,,,
2565,%3543 = OpExtInst %void %2 DebugDeclare %o_0 %3537 %77,,,,,,,,,,,
2566,OpStore %3537 %3157,,,,,,,,,,,
2567,%3546 = OpExtInst %void %2 DebugLine %15 %uint_65 %uint_65 %uint_5 %uint_6,,,,,,,,,,,
,return o + d * t;,6210,Wait,3491,Selected,1206,Not Selected,770,23,,,30
2568,%3544 = OpVectorTimesScalar %v3float %3076 %3160,,,,,,,,,,,
2569,%3545 = OpFAdd %v3float %3157 %3544,6210,Wait,3491,Selected,1206,Not Selected,770,23,2,,30
2570,%3996 = OpExtInst %void %2 DebugScope %725 %3023,,,,,,,,,,,
2571,%3296 = OpExtInst %void %2 DebugLine %15 %uint_162 %uint_162 %uint_9 %uint_10,,,,,,,,,,,
,"float3 tmpRay = intersectDepthPlane(ray, d, min(0.0, planeZ - ray.z));",,,,,,,,,,,
2572,OpStore %3046 %3545,,,,,,,,,,,
2573,%3297 = OpExtInst %void %2 DebugLine %15 %uint_164 %uint_164 %uint_9 %uint_10,,,,,,,,,,,
2574,%3163 = OpExtInst %void %2 DebugDeclare %newCellIdx %3047 %77,,,,,,,,,,,
,"float2 newCellIdx = getCell(tmpRay.xy, cellCount);",,,,,,,,,,,
2575,%3164 = OpVectorShuffle %v2float %3545 %3545 0 1,,,,,,,,,,,
2576,%3997 = OpExtInst %void %2 DebugNoLine,,,,,,,,,,,
2577,%3998 = OpExtInst %void %2 DebugScope %936 %3552,,,,,,,,,,,
2578,%3557 = OpExtInst %void %2 DebugDeclare %cellCount %3551 %77,,,,,,,,,,,
2579,OpStore %3551 %3482,,,,,,,,,,,
2580,%3558 = OpExtInst %void %2 DebugDeclare %ray_1 %3553 %77,,,,,,,,,,,
2581,OpStore %3553 %3164,,,,,,,,,,,
2582,%3561 = OpExtInst %void %2 DebugLine %15 %uint_70 %uint_70 %uint_5 %uint_6,,,,,,,,,,,
,return floor(ray * cellCount);,16997,Wait,8158,MIO Throttle,4231,Selected,2773,23,,,32
2583,%3559 = OpFMul %v2float %3164 %3482,3258,Wait,1431,Selected,1412,Not Selected,237,23,2,,32
2584,%3560 = OpExtInst %v2float %447 Floor %3559,13739,Wait,6727,MIO Throttle,4231,Selected,1361,23,2,8920,32
2585,%3999 = OpExtInst %void %2 DebugScope %725 %3023,,,,,,,,,,,
2586,%3300 = OpExtInst %void %2 DebugLine %15 %uint_164 %uint_164 %uint_9 %uint_10,,,,,,,,,,,
,"float2 newCellIdx = getCell(tmpRay.xy, cellCount);",,,,,,,,,,,
2587,OpStore %3047 %3560,,,,,,,,,,,
2588,%4000 = OpExtInst %void %2 DebugNoLine,,,,,,,,,,,
2589,%4001 = OpExtInst %void %2 DebugScope %1296 %3567,,,,,,,,,,,
2590,%3572 = OpExtInst %void %2 DebugDeclare %newCellIdx_0 %3566 %77,,,,,,,,,,,
2591,OpStore %3566 %3560,,,,,,,,,,,
2592,%3573 = OpExtInst %void %2 DebugDeclare %oldCellIdx_0 %3568 %77,,,,,,,,,,,
2593,OpStore %3568 %3500,,,,,,,,,,,
2594,%3576 = OpExtInst %void %2 DebugLine %15 %uint_107 %uint_107 %uint_5 %uint_6,,,,,,,,,,,
,return any(oldCellIdx != newCellIdx);,14213,Short Scoreboard,8920,Selected,2085,Wait,1388,23,,,32
2595,%3574 = OpFUnordNotEqual %v2bool %3500 %3560,14213,Short Scoreboard,8920,Selected,2085,Wait,1388,23,3,,32
2596,%3575 = OpAny %bool %3574,,,,,,,,,,,
2597,%4002 = OpExtInst %void %2 DebugScope %725 %3023,,,,,,,,,,,
2598,%3302 = OpExtInst %void %2 DebugLine %15 %uint_165 %uint_165 %uint_31 %uint_32,,,,,,,,,,,
2599,%4003 = OpExtInst %void %2 DebugNoScope,,,,,,,,,,,
,"if(crossedCellBoundary(oldCellIdx, newCellIdx)) {",8963,Wait,6209,Selected,2079,Not Selected,567,22,,,30
2600,OpSelectionMerge %3175 None,,,,,,,,,,,
2601,OpBranchConditional %3575 %3169 %3167,8963,Wait,6209,Selected,2079,Not Selected,567,22,3,,30
2602,%3167 = OpLabel,,,,,,,,,,,
2603,%4004 = OpExtInst %void %2 DebugScope %725 %3023,,,,,,,,,,,
2604,%3168 = OpLoad %float %3031,,,,,,,,,,,
2605,OpStore %3040 %3545,,,,,,,,,,,
2606,OpStore %3032 %3168,,,,,,,,,,,
2607,OpBranch %3175,,,,,,,,,,,
2608,%3169 = OpLabel,,,,,,,,,,,
2609,%4005 = OpExtInst %void %2 DebugScope %725 %3023,,,,,,,,,,,
2610,%3304 = OpExtInst %void %2 DebugLine %15 %uint_167 %uint_167 %uint_13 %uint_14,,,,,,,,,,,
,"tmpRay = intersectCellBoundary(ray, d, oldCellIdx, cellCount, crossStep, crossOffset);",,,,,,,,,,,
2611,%3170 = OpLoad %v3float %3040,,,,,,,,,,,
2612,%4006 = OpExtInst %void %2 DebugNoLine,,,,,,,,,,,
2613,%4007 = OpExtInst %void %2 DebugScope %979 %3582,,,,,,,,,,,
2614,%3597 = OpExtInst %void %2 DebugDeclare %crossOffset_0 %3581 %77,,,,,,,,,,,
2615,OpStore %3581 %3096,,,,,,,,,,,
2616,%3598 = OpExtInst %void %2 DebugDeclare %crossStep_0 %3583 %77,,,,,,,,,,,
2617,OpStore %3583 %3090,,,,,,,,,,,
2618,%3599 = OpExtInst %void %2 DebugDeclare %cellCount_0 %3584 %77,,,,,,,,,,,
2619,OpStore %3584 %3482,,,,,,,,,,,
2620,%3600 = OpExtInst %void %2 DebugDeclare %cellIndex %3585 %77,,,,,,,,,,,
2621,OpStore %3585 %3500,,,,,,,,,,,
2622,%3601 = OpExtInst %void %2 DebugDeclare %d_0 %3586 %77,,,,,,,,,,,
2623,OpStore %3586 %3076,,,,,,,,,,,
2624,%3602 = OpExtInst %void %2 DebugDeclare %o %3587 %77,,,,,,,,,,,
2625,OpStore %3587 %3170,,,,,,,,,,,
2626,%3645 = OpExtInst %void %2 DebugLine %15 %uint_77 %uint_77 %uint_5 %uint_6,,,,,,,,,,,
2627,%3603 = OpExtInst %void %2 DebugDeclare %cellSize %3588 %77,,,,,,,,,,,
,float2 cellSize = 1.0 / cellCount;,8085,MIO Throttle,2053,Wait,1986,Branch Resolving,1604,13,,,28
2628,%3605 = OpFDiv %v2float %919 %3482,8085,MIO Throttle,2053,Wait,1986,Branch Resolving,1604,13,2,1592,28
2629,OpStore %3588 %3605,,,,,,,,,,,
2630,%3651 = OpExtInst %void %2 DebugLine %15 %uint_78 %uint_78 %uint_5 %uint_6,,,,,,,,,,,
2631,%3606 = OpExtInst %void %2 DebugDeclare %nextBoundary %3589 %77,,,,,,,,,,,
,float2 nextBoundary = (cellIndex + crossStep + crossOffset) * cellSize;,5359,Selected,2405,Wait,1861,Miscellaneous,480,13,,,28
2632,%3607 = OpFAdd %v2float %3500 %3090,2617,Selected,1203,Wait,631,Miscellaneous,480,13,2,,28
2633,%3608 = OpFAdd %v2float %3607 %3096,2742,Wait,1230,Selected,1202,Not Selected,166,13,2,,28
2634,%3609 = OpFMul %v2float %3608 %3605,,,,,,,,,,,
2635,OpStore %3589 %3609,,,,,,,,,,,
2636,%3656 = OpExtInst %void %2 DebugLine %15 %uint_79 %uint_79 %uint_5 %uint_6,,,,,,,,,,,
2637,%3610 = OpExtInst %void %2 DebugDeclare %t %3590 %77,,,,,,,,,,,
,float2 t = (nextBoundary - o.xy) / d.xy;,8875,Wait,2481,Selected,2326,Short Scoreboard,1592,13,,,27
2638,%3611 = OpVectorShuffle %v2float %3170 %3170 0 1,,,,,,,,,,,
2639,%3612 = OpFSub %v2float %3609 %3611,4194,Short Scoreboard,1592,Selected,1173,Wait,593,13,2,,27
2640,%3613 = OpVectorShuffle %v2float %3076 %3076 0 1,,,,,,,,,,,
2641,%3614 = OpFDiv %v2float %3612 %3613,4681,Wait,1888,Selected,1153,Not Selected,885,13,2,,26
2642,OpStore %3591 %3614,,,,,,,,,,,
2643,OpStore %3590 %3614,,,,,,,,,,,
2644,%3663 = OpExtInst %void %2 DebugLine %15 %uint_81 %uint_81 %uint_5 %uint_6,,,,,,,,,,,
,t.x = d.x != 0.0 ? t.x : -1e30;,2586,Wait,1217,Selected,614,Not Selected,446,13,,,25
2645,%3615 = OpAccessChain %_ptr_Function_float %3591 %int_0,,,,,,,,,,,
2646,%3616 = OpCompositeExtract %float %3076 0,,,,,,,,,,,
2647,%3617 = OpFUnordNotEqual %bool %3616 %float_0,,,,,,,,,,,
2648,%4008 = OpExtInst %void %2 DebugNoScope,,,,,,,,,,,
2649,OpSelectionMerge %3622 None,,,,,,,,,,,
2650,OpBranchConditional %3617 %3619 %3618,2586,Wait,1217,Selected,614,Not Selected,446,13,1,,25
2651,%3618 = OpLabel,,,,,,,,,,,
2652,%4009 = OpExtInst %void %2 DebugScope %979 %3582,,,,,,,,,,,
2653,OpStore %3592 %float_n1_00000002e_30,,,,,,,,,,,
2654,OpBranch %3622,,,,,,,,,,,
2655,%3619 = OpLabel,,,,,,,,,,,
2656,%4010 = OpExtInst %void %2 DebugScope %979 %3582,,,,,,,,,,,
2657,%3620 = OpLoad %v2float %3591,,,,,,,,,,,
2658,%3621 = OpCompositeExtract %float %3620 0,,,,,,,,,,,
2659,OpStore %3592 %3621,,,,,,,,,,,
2660,OpBranch %3622,,,,,,,,,,,
2661,%3622 = OpLabel,,,,,,,,,,,
2662,%4011 = OpExtInst %void %2 DebugScope %979 %3582,,,,,,,,,,,
2663,%3623 = OpLoad %float %3592,,,,,,,,,,,
2664,OpStore %3615 %3623,,,,,,,,,,,
2665,%3624 = OpAccessChain %_ptr_Function_float %3590 %int_0,,,,,,,,,,,
2666,OpStore %3624 %3623,,,,,,,,,,,
2667,%3668 = OpExtInst %void %2 DebugLine %15 %uint_82 %uint_82 %uint_5 %uint_6,,,,,,,,,,,
,t.y = d.y != 0.0 ? t.y : -1e30;,3771,Wait,2468,Selected,567,Not Selected,413,13,,,25
2668,%3626 = OpAccessChain %_ptr_Function_float %3591 %int_1,,,,,,,,,,,
2669,%3627 = OpCompositeExtract %float %3076 1,,,,,,,,,,,
2670,%3628 = OpFUnordNotEqual %bool %3627 %float_0,,,,,,,,,,,
2671,%4012 = OpExtInst %void %2 DebugNoScope,,,,,,,,,,,
2672,OpSelectionMerge %3633 None,,,,,,,,,,,
2673,OpBranchConditional %3628 %3630 %3629,3771,Wait,2468,Selected,567,Not Selected,413,13,1,,25
2674,%3629 = OpLabel,,,,,,,,,,,
2675,%4013 = OpExtInst %void %2 DebugScope %979 %3582,,,,,,,,,,,
2676,OpStore %3592 %float_n1_00000002e_30,,,,,,,,,,,
2677,OpBranch %3633,,,,,,,,,,,
2678,%3630 = OpLabel,,,,,,,,,,,
2679,%4014 = OpExtInst %void %2 DebugScope %979 %3582,,,,,,,,,,,
2680,%3631 = OpLoad %v2float %3591,,,,,,,,,,,
2681,%3632 = OpCompositeExtract %float %3631 1,,,,,,,,,,,
2682,OpStore %3592 %3632,,,,,,,,,,,
2683,OpBranch %3633,,,,,,,,,,,
2684,%3633 = OpLabel,,,,,,,,,,,
2685,%4015 = OpExtInst %void %2 DebugScope %979 %3582,,,,,,,,,,,
2686,%3634 = OpLoad %float %3592,,,,,,,,,,,
2687,OpStore %3626 %3634,,,,,,,,,,,
2688,%3635 = OpAccessChain %_ptr_Function_float %3590 %int_1,,,,,,,,,,,
2689,OpStore %3635 %3634,,,,,,,,,,,
2690,%3673 = OpExtInst %void %2 DebugLine %15 %uint_85 %uint_85 %uint_5 %uint_6,,,,,,,,,,,
2691,%3637 = OpExtInst %void %2 DebugDeclare %tMin %3593 %77,,,,,,,,,,,
,"float tMin = max(t.x, t.y);",3187,Wait,1818,Selected,604,Not Selected,467,13,,,26
2692,%3638 = OpLoad %v2float %3591,,,,,,,,,,,
2693,%3639 = OpCompositeExtract %float %3638 0,,,,,,,,,,,
2694,%3641 = OpCompositeExtract %float %3638 1,,,,,,,,,,,
2695,%3642 = OpExtInst %float %447 FMax %3639 %3641,3187,Wait,1818,Selected,604,Not Selected,467,13,1,,26
2696,OpStore %3593 %3642,,,,,,,,,,,
2697,%3680 = OpExtInst %void %2 DebugLine %15 %uint_86 %uint_86 %uint_5 %uint_6,,,,,,,,,,,
,return o + d * tMin;,5575,Wait,2958,Selected,1213,Not Selected,711,13,,,25
2698,%3643 = OpVectorTimesScalar %v3float %3076 %3642,,,,,,,,,,,
2699,%3644 = OpFAdd %v3float %3170 %3643,5575,Wait,2958,Selected,1213,Not Selected,711,13,2,,25
2700,%4016 = OpExtInst %void %2 DebugScope %725 %3023,,,,,,,,,,,
2701,%3308 = OpExtInst %void %2 DebugLine %15 %uint_167 %uint_167 %uint_13 %uint_14,,,,,,,,,,,
,"tmpRay = intersectCellBoundary(ray, d, oldCellIdx, cellCount, crossStep, crossOffset);",,,,,,,,,,,
2702,OpStore %3046 %3644,,,,,,,,,,,
2703,%3309 = OpExtInst %void %2 DebugLine %15 %uint_168 %uint_168 %uint_13 %uint_14,,,,,,,,,,,
,"level = min(level + 2.0, HIZ_MAX_LEVEL + 1.0);",11205,Wait,3595,Selected,2339,Branch Resolving,1872,15,,,27
2704,%3172 = OpLoad %float %3031,,,,,,,,,,,
2705,%3173 = OpFAdd %float %3172 %float_2,593,Selected,550,Dispatch Stall,43,,,13,1,,27
2706,%3174 = OpExtInst %float %447 FMin %3173 %float_7,3714,Wait,2335,Selected,541,Not Selected,482,13,1,,27
2707,OpStore %3037 %3174,,,,,,,,,,,
2708,OpStore %3040 %3644,,,,,,,,,,,
2709,OpStore %3032 %3174,,,,,,,,,,,
2710,OpBranch %3175,,,,,,,,,,,
2711,%3175 = OpLabel,6898,Branch Resolving,1872,Miscellaneous,1794,Wait,1260,16,2,,24
2712,%4017 = OpExtInst %void %2 DebugScope %725 %3023,,,,,,,,,,,
2713,%3316 = OpExtInst %void %2 DebugLine %15 %uint_171 %uint_171 %uint_9 %uint_10,,,,,,,,,,,
,level -= 1.0;,14924,Branch Resolving,9439,Wait,3787,Selected,1226,23,,,24
2714,%3176 = OpLoad %float %3032,,,,,,,,,,,
2715,%3177 = OpFSub %float %3176 %float_1,14924,Branch Resolving,9439,Wait,3787,Selected,1226,23,1,,24
2716,OpStore %3037 %3177,,,,,,,,,,,
2717,%3319 = OpExtInst %void %2 DebugLine %15 %uint_172 %uint_172 %uint_9 %uint_10,,,,,,,,,,,
,ray = tmpRay;,,,,,,,,,,,
2718,%3178 = OpLoad %v3float %3040,,,,,,,,,,,
2719,OpStore %3035 %3178,,,,,,,,,,,
2720,OpBranch %3179,,,,,,,,,,,
2721,%3179 = OpLabel,,,,,,,,,,,
2722,%4018 = OpExtInst %void %2 DebugScope %725 %3023,,,,,,,,,,,
2723,OpBranch %3180,,,,,,,,,,,
2724,%3180 = OpLabel,,,,,,,,,,,
2725,%4019 = OpExtInst %void %2 DebugScope %725 %3023,,,,,,,,,,,
2726,%3322 = OpExtInst %void %2 DebugLine %15 %uint_150 %uint_150 %uint_57 %uint_58,,,,,,,,,,,
,for(int i = 0; i < maxSteps && level >= stopLevel; i++) {,658,Selected,649,Dispatch Stall,9,,,23,,,24
2727,%3181 = OpLoad %int %3039,,,,,,,,,,,
2728,%3182 = OpIAdd %int %3181 %int_1,658,Selected,649,Dispatch Stall,9,,,23,1,,24
2729,OpStore %3038 %3182,,,,,,,,,,,
2730,OpStore %3039 %3182,,,,,,,,,,,
2731,OpStore %3031 %3177,,,,,,,,,,,
2732,OpBranch %3183,,,,,,,,,,,
2733,%3183 = OpLabel,,,,,,,,,,,
2734,%4020 = OpExtInst %void %2 DebugScope %725 %3023,,,,,,,,,,,
2735,OpBranch %3120,,,,,,,,,,,
2736,%3184 = OpLabel,,,,,,,,,,,
2737,%4021 = OpExtInst %void %2 DebugScope %725 %3023,,,,,,,,,,,
2738,%3328 = OpExtInst %void %2 DebugLine %15 %uint_174 %uint_174 %uint_5 %uint_6,,,,,,,,,,,
,return ray;,,,,,,,,,,,
2739,%3185 = OpLoad %v3float %3040,,,,,,,,,,,
2740,%4022 = OpExtInst %void %2 DebugScope %176,,,,,,,,,,,
2741,%2197 = OpExtInst %void %2 DebugLine %15 %uint_278 %uint_278 %uint_5 %uint_6,,,,,,,,,,,
,"float3 ray = RayTrace(p, v, jitter);",,,,,,,,,,,
2742,OpStore %142 %3185,,,,,,,,,,,
2743,%1364 = OpExtInst %void %2 DebugLine %15 %uint_280 %uint_280 %uint_5 %uint_6,,,,,,,,,,,
2744,%1368 = OpExtInst %void %2 DebugDeclare %reflDepth %143 %77,,,,,,,,,,,
,float reflDepth = ray.z;,,,,,,,,,,,
2745,%reflDepth_0 = OpCompositeExtract %float %3185 2,,,,,,,,,,,
2746,OpStore %143 %reflDepth_0,,,,,,,,,,,
2747,%1371 = OpExtInst %void %2 DebugLine %15 %uint_282 %uint_282 %uint_5 %uint_6,,,,,,,,,,,
2748,%1375 = OpExtInst %void %2 DebugDeclare %realDepth %144 %77,,,,,,,,,,,
,"float4 realDepth = textures[SSRpc.passData.hiZIndex].SampleLevel(samplers[SSRpc.passData.depthSamplerIndex],ray.xy,0);",292,Wait,154,Selected,88,Branch Resolving,36,26,,,18
2749,%1376 = OpLoad %_ptr_PhysicalStorageBuffer_SSRPassData_natural %265,,,,,,,,,,,
2750,%1377 = OpAccessChain %_ptr_PhysicalStorageBuffer_uint %1376 %int_13,,,,,,,,,,,
2751,%1378 = OpLoad %uint %1377 Aligned 4,,,,,,,,,,,
2752,%1379 = OpAccessChain %_ptr_UniformConstant_272 %textures %1378,,,,,,,,,,,
2753,%1381 = OpLoad %_ptr_PhysicalStorageBuffer_SSRPassData_natural %265,,,,,,,,,,,
2754,%1382 = OpAccessChain %_ptr_PhysicalStorageBuffer_uint %1381 %int_4,,,,,,,,,,,
2755,%1383 = OpLoad %uint %1382 Aligned 4,,,,,,,,,,,
2756,%1384 = OpAccessChain %_ptr_UniformConstant_283 %samplers %1383,,,,,,,,,,,
2757,%1385 = OpVectorShuffle %v2float %3185 %3185 0 1,,,,,,,,,,,
2758,%1386 = OpLoad %272 %1379,14,Selected,14,,,,,26,1,,18
2759,%1387 = OpLoad %283 %1384,,,,,,,,,,,
2760,%sampledImage_2 = OpSampledImage %290 %1386 %1387,62,Selected,62,,,,,26,3,,18
2761,%sampled_2 = OpImageSampleExplicitLod %v4float %sampledImage_2 %1385 Lod %float_0,216,Wait,154,Branch Resolving,36,Selected,12,26,1,10486,13
2762,OpStore %144 %sampled_2,,,,,,,,,,,
2763,%1392 = OpExtInst %void %2 DebugLine %15 %uint_285 %uint_285 %uint_5 %uint_6,,,,,,,,,,,
2764,%1396 = OpExtInst %void %2 DebugDeclare %edgeFactor %145 %77,,,,,,,,,,,
,"float2 edgeFactor = smoothstep(0.0, 0.1, ray.xy) * (1.0 - smoothstep(0.9, 1.0, ray.xy));",2540,Branch Resolving,1072,Selected,682,Wait,604,26,,,19
2765,%1397 = OpExtInst %v2float %447 SmoothStep %1398 %1399 %1385,547,Selected,304,Wait,99,Not Selected,78,26,10,,19
2766,%1401 = OpExtInst %v2float %447 SmoothStep %1402 %1404 %1385,1835,Branch Resolving,1072,Wait,439,Selected,292,26,9,,19
2767,%1406 = OpFSub %v2float %919 %1401,61,Selected,39,Wait,19,Not Selected,2,26,2,,17
2768,%edgeFactor_0 = OpFMul %v2float %1397 %1406,97,Selected,47,Wait,47,Not Selected,3,26,2,,15
2769,OpStore %145 %edgeFactor_0,,,,,,,,,,,
2770,%1409 = OpExtInst %void %2 DebugLine %15 %uint_286 %uint_286 %uint_5 %uint_6,,,,,,,,,,,
2771,%1413 = OpExtInst %void %2 DebugDeclare %fadeOnBorder %146 %77,,,,,,,,,,,
,"float fadeOnBorder = min(edgeFactor.x, edgeFactor.y);",147,Wait,123,Selected,12,Not Selected,11,26,,,14
2772,%1414 = OpCompositeExtract %float %edgeFactor_0 0,,,,,,,,,,,
2773,%1415 = OpCompositeExtract %float %edgeFactor_0 1,,,,,,,,,,,
2774,%1416 = OpExtInst %float %447 FMin %1414 %1415,147,Wait,123,Selected,12,Not Selected,11,26,1,,14
2775,OpStore %146 %1416,,,,,,,,,,,
2776,%1418 = OpExtInst %void %2 DebugLine %15 %uint_288 %uint_288 %uint_5 %uint_6,,,,,,,,,,,
,if(fadeOnBorder <= 0.0),125,Wait,94,Selected,15,Not Selected,9,26,,,12
2777,%1420 = OpFOrdLessThanEqual %bool %1416 %float_0,125,Wait,94,Selected,15,Not Selected,9,26,1,,12
2778,%1421 = OpExtInst %void %2 DebugLine %15 %uint_288 %uint_288 %uint_21 %uint_22,,,,,,,,,,,
2779,%4023 = OpExtInst %void %2 DebugNoScope,,,,,,,,,,,
2780,OpSelectionMerge %189 None,,,,,,,,,,,
2781,OpBranchConditional %1420 %229 %189,,,,,,,,,,,
2782,%229 = OpLabel,,,,,,,,,,,
2783,%4024 = OpExtInst %void %2 DebugScope %176,,,,,,,,,,,
2784,%2006 = OpExtInst %void %2 DebugLine %15 %uint_289 %uint_289 %uint_9 %uint_10,,,,,,,,,,,
,"return float4(0,0,0,0);",436,Wait,308,Selected,67,Math Pipe Throttle,58,0,,,14
2785,OpStore %entryPointParam_fragMain %2008,421,Wait,308,Math Pipe Throttle,58,Selected,52,0,2,,14
2786,OpBranch %2804,15,Selected,15,,,,,0,1,,12
2787,%189 = OpLabel,,,,,,,,,,,
2788,%4025 = OpExtInst %void %2 DebugScope %176,,,,,,,,,,,
2789,%1424 = OpExtInst %void %2 DebugLine %15 %uint_291 %uint_291 %uint_5 %uint_6,,,,,,,,,,,
,if(abs(reflDepth - realDepth.r) > SSRpc.passData.thickness),10748,Long Scoreboard,10486,Selected,88,Wait,76,26,,,14
2790,%1426 = OpCompositeExtract %float %sampled_2 0,,,,,,,,,,,
2791,%1427 = OpFSub %float %reflDepth_0 %1426,10564,Long Scoreboard,10486,Selected,36,Not Selected,23,26,1,,14
2792,%1428 = OpExtInst %float %447 FAbs %1427,,,,,,,,,,,
2793,%1429 = OpLoad %_ptr_PhysicalStorageBuffer_SSRPassData_natural %265,,,,,,,,,,,
2794,%1431 = OpAccessChain %_ptr_PhysicalStorageBuffer_float %1429 %int_15,,,,,,,,,,,
2795,%1432 = OpLoad %float %1431 Aligned 4,70,Miscellaneous,40,Selected,23,Not Selected,6,26,1,0,14
2796,%1433 = OpFOrdGreaterThan %bool %1428 %1432,114,Wait,76,Selected,29,Not Selected,7,26,1,,13
2797,%1434 = OpExtInst %void %2 DebugLine %15 %uint_291 %uint_291 %uint_37 %uint_38,,,,,,,,,,,
2798,%4026 = OpExtInst %void %2 DebugNoScope,,,,,,,,,,,
2799,OpSelectionMerge %191 None,,,,,,,,,,,
2800,OpBranchConditional %1433 %227 %191,,,,,,,,,,,
2801,%227 = OpLabel,,,,,,,,,,,
2802,%4027 = OpExtInst %void %2 DebugScope %176,,,,,,,,,,,
2803,%2001 = OpExtInst %void %2 DebugLine %15 %uint_292 %uint_292 %uint_9 %uint_10,,,,,,,,,,,
,"return float4(0,0,0,0);",425,Wait,306,Selected,65,Math Pipe Throttle,39,0,,,13
2804,OpStore %entryPointParam_fragMain %2003,398,Wait,306,Selected,39,Math Pipe Throttle,39,0,2,,13
2805,OpBranch %2804,27,Selected,26,Miscellaneous,1,,,0,1,,11
2806,%191 = OpLabel,,,,,,,,,,,
2807,%4028 = OpExtInst %void %2 DebugScope %176,,,,,,,,,,,
2808,%1438 = OpExtInst %void %2 DebugLine %15 %uint_294 %uint_294 %uint_5 %uint_6,,,,,,,,,,,
2809,%1442 = OpExtInst %void %2 DebugDeclare %gloss %147 %77,,,,,,,,,,,
,float gloss = 1.0 - roughness / SSRpc.passData.roughnessThreshold;,615,Short Scoreboard,490,Selected,50,MIO Throttle,36,26,,,19
2810,%1443 = OpLoad %_ptr_PhysicalStorageBuffer_SSRPassData_natural %265,,,,,,,,,,,
2811,%1444 = OpAccessChain %_ptr_PhysicalStorageBuffer_float %1443 %int_16,,,,,,,,,,,
2812,%1445 = OpLoad %float %1444 Aligned 4,,,,,,,,,,,
2813,%1446 = OpFDiv %float %roughness_0 %1445,88,MIO Throttle,36,Selected,32,Miscellaneous,20,26,1,490,19
2814,%gloss_0 = OpFSub %float %float_1 %1446,527,Short Scoreboard,490,Selected,18,Math Pipe Throttle,16,26,1,,19
2815,OpStore %147 %gloss_0,,,,,,,,,,,
2816,%1449 = OpExtInst %void %2 DebugLine %15 %uint_295 %uint_295 %uint_5 %uint_6,,,,,,,,,,,
2817,%1453 = OpExtInst %void %2 DebugDeclare %specularPower %148 %77,,,,,,,,,,,
2818,%4029 = OpExtInst %void %2 DebugNoLine,,,,,,,,,,,
2819,%4030 = OpExtInst %void %2 DebugScope %1462 %3685,,,,,,,,,,,
2820,%3690 = OpExtInst %void %2 DebugDeclare %roughness_1 %3684 %77,,,,,,,,,,,
2821,OpStore %3684 %roughness_0,,,,,,,,,,,
2822,%3696 = OpExtInst %void %2 DebugLine %15 %uint_182 %uint_182 %uint_5 %uint_6,,,,,,,,,,,
2823,%3691 = OpExtInst %void %2 DebugDeclare %a %3686 %77,,,,,,,,,,,
,"float a = max(roughness, 0.001);",189,Wait,150,Selected,28,Math Pipe Throttle,5,26,,,11
2824,%3692 = OpExtInst %float %447 FMax %roughness_0 %float_0_00100000005,189,Wait,150,Selected,28,Math Pipe Throttle,5,26,1,,11
2825,OpStore %3686 %3692,,,,,,,,,,,
2826,%3701 = OpExtInst %void %2 DebugLine %15 %uint_183 %uint_183 %uint_5 %uint_6,,,,,,,,,,,
,return 2.0 / (a * a) - 2.0;,361,Short Scoreboard,127,Selected,109,Wait,68,26,,,16
2827,%3693 = OpFMul %float %3692 %3692,39,Selected,39,,,,,26,1,,15
2828,%3694 = OpFDiv %float %float_2 %3693,112,Wait,68,Not Selected,25,Selected,17,26,1,127,14
2829,%3695 = OpFSub %float %3694 %float_2,210,Short Scoreboard,127,Selected,53,Not Selected,17,26,2,,16
2830,%4031 = OpExtInst %void %2 DebugScope %176,,,,,,,,,,,
2831,%2251 = OpExtInst %void %2 DebugLine %15 %uint_295 %uint_295 %uint_5 %uint_6,,,,,,,,,,,
,float specularPower = roughnessToSpecularPower(roughness);,,,,,,,,,,,
2832,OpStore %148 %3695,,,,,,,,,,,
2833,%1487 = OpExtInst %void %2 DebugLine %15 %uint_296 %uint_296 %uint_5 %uint_6,,,,,,,,,,,
2834,%1491 = OpExtInst %void %2 DebugDeclare %coneTheta %149 %77,,,,,,,,,,,
2835,%4032 = OpExtInst %void %2 DebugNoLine,,,,,,,,,,,
2836,%4033 = OpExtInst %void %2 DebugNoScope,,,,,,,,,,,
2837,OpSelectionMerge %3725 None,,,,,,,,,,,
2838,OpSwitch %uint_0 %3714,,,,,,,,,,,
2839,%3714 = OpLabel,,,,,,,,,,,
2840,%4034 = OpExtInst %void %2 DebugScope %1498 %3707,,,,,,,,,,,
2841,%3715 = OpExtInst %void %2 DebugDeclare %specularPower_0 %3709 %77,,,,,,,,,,,
2842,OpStore %3709 %3695,,,,,,,,,,,
2843,%3730 = OpExtInst %void %2 DebugLine %15 %uint_190 %uint_190 %uint_5 %uint_6,,,,,,,,,,,
,if (specularPower >= exp2(1024.0)),471,Wait,320,Selected,109,Not Selected,18,15,,,16
2844,%3717 = OpFOrdGreaterThanEqual %bool %3695 %float_0x1p_128,167,Wait,135,Selected,23,Not Selected,5,26,1,,16
2845,%3731 = OpExtInst %void %2 DebugLine %15 %uint_190 %uint_190 %uint_23 %uint_24,,,,,,,,,,,
2846,%4035 = OpExtInst %void %2 DebugNoScope,,,,,,,,,,,
2847,OpSelectionMerge %3719 None,,,,,,,,,,,
2848,OpBranchConditional %3717 %3718 %3719,304,Wait,185,Selected,86,Math Pipe Throttle,14,13,4,,16
2849,%3718 = OpLabel,,,,,,,,,,,
2850,%4036 = OpExtInst %void %2 DebugNoScope,,,,,,,,,,,
2851,OpStore %3708 %float_0,,,,,,,,,,,
2852,%4037 = OpExtInst %void %2 DebugScope %1498 %3707,,,,,,,,,,,
2853,%3733 = OpExtInst %void %2 DebugLine %15 %uint_191 %uint_191 %uint_9 %uint_10,,,,,,,,,,,
,return 0.0;,,,,,,,,,,,
2854,OpBranch %3725,,,,,,,,,,,
2855,%3719 = OpLabel,,,,,,,,,,,
2856,%4038 = OpExtInst %void %2 DebugScope %1498 %3707,,,,,,,,,,,
2857,%3734 = OpExtInst %void %2 DebugLine %15 %uint_192 %uint_192 %uint_11 %uint_12,,,,,,,,,,,
2858,%3720 = OpExtInst %void %2 DebugDeclare %xi %3710 %77,,,,,,,,,,,
,const float xi = 0.244;,,,,,,,,,,,
2859,OpStore %3710 %float_0_244000003,,,,,,,,,,,
2860,%3736 = OpExtInst %void %2 DebugLine %15 %uint_193 %uint_193 %uint_5 %uint_6,,,,,,,,,,,
,"return acos(pow(xi, 1.0 / (specularPower + 1.0)));",3220,Wait,1221,Short Scoreboard,1071,Selected,482,24,,,16
2861,%3721 = OpFAdd %float %3695 %float_1,143,Wait,100,Selected,20,Math Pipe Throttle,13,26,1,,16
2862,%3722 = OpFDiv %float %float_1 %3721,171,Wait,96,Selected,31,MIO Throttle,23,26,1,376,15
2863,%3723 = OpExtInst %float %447 Pow %float_0_244000003 %3722,615,Short Scoreboard,376,Wait,120,Selected,54,26,2,320,16
2864,%3724 = OpExtInst %float %447 Acos %3723,2291,Wait,905,Short Scoreboard,695,Selected,377,24,14,375,16
2865,%4039 = OpExtInst %void %2 DebugNoLine,,,,,,,,,,,
2866,%4040 = OpExtInst %void %2 DebugNoScope,,,,,,,,,,,
2867,OpStore %3708 %3724,,,,,,,,,,,
2868,%4041 = OpExtInst %void %2 DebugScope %1498 %3707,,,,,,,,,,,
2869,%3740 = OpExtInst %void %2 DebugLine %15 %uint_193 %uint_193 %uint_5 %uint_6,,,,,,,,,,,
2870,OpBranch %3725,,,,,,,,,,,
2871,%3725 = OpLabel,,,,,,,,,,,
2872,%4042 = OpExtInst %void %2 DebugNoScope,,,,,,,,,,,
2873,%3726 = OpLoad %float %3708,,,,,,,,,,,
2874,%4043 = OpExtInst %void %2 DebugScope %176,,,,,,,,,,,
2875,%2254 = OpExtInst %void %2 DebugLine %15 %uint_296 %uint_296 %uint_5 %uint_6,,,,,,,,,,,
,float coneTheta = specularPowerToConeAngle(specularPower);,,,,,,,,,,,
2876,OpStore %149 %3726,,,,,,,,,,,
2877,%1537 = OpExtInst %void %2 DebugLine %15 %uint_299 %uint_299 %uint_5 %uint_6,,,,,,,,,,,
2878,%1541 = OpExtInst %void %2 DebugDeclare %screenPos %150 %77,,,,,,,,,,,
,float2 screenPos = uv;,,,,,,,,,,,
2879,OpStore %150 %244,,,,,,,,,,,
2880,%1543 = OpExtInst %void %2 DebugLine %15 %uint_300 %uint_300 %uint_5 %uint_6,,,,,,,,,,,
2881,%1547 = OpExtInst %void %2 DebugDeclare %adjacentLength_0 %151 %77,,,,,,,,,,,
,float adjacentLength = length(ray.xy - uv);,399,Wait,218,Selected,126,MIO Throttle,35,26,,,15
2882,%1548 = OpFSub %v2float %1385 %244,144,Selected,80,Wait,55,Not Selected,9,26,3,,14
2883,%1549 = OpExtInst %float %447 Length %1548,255,Wait,163,Selected,46,MIO Throttle,35,26,3,73,15
2884,OpStore %151 %1549,,,,,,,,,,,
2885,%1551 = OpExtInst %void %2 DebugLine %15 %uint_303 %uint_303 %uint_5 %uint_6,,,,,,,,,,,
,if(adjacentLength < 1e-5),448,Branch Resolving,233,Wait,79,Short Scoreboard,73,26,,,16
2886,%1553 = OpFOrdLessThan %bool %1549 %float_9_99999975en06,141,Short Scoreboard,73,Wait,36,Selected,26,26,1,,16
2887,%1555 = OpExtInst %void %2 DebugLine %15 %uint_303 %uint_303 %uint_23 %uint_24,,,,,,,,,,,
2888,%4044 = OpExtInst %void %2 DebugNoScope,,,,,,,,,,,
2889,OpSelectionMerge %193 None,,,,,,,,,,,
2890,OpBranchConditional %1553 %225 %193,307,Branch Resolving,233,Wait,43,Selected,27,26,1,,14
2891,%225 = OpLabel,,,,,,,,,,,
2892,%4045 = OpExtInst %void %2 DebugScope %176,,,,,,,,,,,
2893,%1981 = OpExtInst %void %2 DebugLine %15 %uint_304 %uint_304 %uint_9 %uint_10,,,,,,,,,,,
,return float4(textures[SSRpc.passData.colorIndex].SampleLevel(,89,Wait,65,Selected,24,,,,,,6
2894,%1983 = OpLoad %_ptr_PhysicalStorageBuffer_SSRPassData_natural %265,,,,,,,,,,,
2895,%1984 = OpAccessChain %_ptr_PhysicalStorageBuffer_uint %1983 %int_5,,,,,,,,,,,
2896,%1985 = OpLoad %uint %1984 Aligned 4,89,Wait,65,Selected,24,,,,1,0,4
2897,%1986 = OpAccessChain %_ptr_UniformConstant_272 %textures %1985,,,,,,,,,,,
2898,%1988 = OpLoad %_ptr_PhysicalStorageBuffer_SSRPassData_natural %265,,,,,,,,,,,
2899,%1989 = OpAccessChain %_ptr_PhysicalStorageBuffer_uint %1988 %int_6,,,,,,,,,,,
2900,%1990 = OpLoad %uint %1989 Aligned 4,,,,,,,,,1,0,5
2901,%1991 = OpAccessChain %_ptr_UniformConstant_283 %samplers %1990,,,,,,,,,,,
2902,%1992 = OpLoad %272 %1986,,,,,,,,,1,,5
2903,%1993 = OpLoad %283 %1991,,,,,,,,,1,,5
2904,%sampledImage_3 = OpSampledImage %290 %1992 %1993,,,,,,,,,3,0,6
2905,%sampled_3 = OpImageSampleExplicitLod %v4float %sampledImage_3 %1385 Lod %float_0,,,,,,,,,1,,6
2906,%1997 = OpVectorShuffle %v3float %sampled_3 %sampled_3 0 1 2,,,,,,,,,,,
2907,%1998 = OpCompositeConstruct %v4float %1997 %1416,,,,,,,,,,,
2908,OpStore %entryPointParam_fragMain %1998,,,,,,,,,1,,3
2909,OpBranch %2804,,,,,,,,,1,,1
2910,%193 = OpLabel,,,,,,,,,,,
2911,%4046 = OpExtInst %void %2 DebugScope %176,,,,,,,,,,,
2912,%1557 = OpExtInst %void %2 DebugLine %15 %uint_307 %uint_307 %uint_5 %uint_6,,,,,,,,,,,
2913,%1560 = OpExtInst %void %2 DebugDeclare %adjacentUnit %152 %77,,,,,,,,,,,
,float2 adjacentUnit = (ray.xy - uv) / adjacentLength;,391,Wait,166,Selected,70,Short Scoreboard,68,26,,,21
2914,%1561 = OpCompositeConstruct %v2float %1549 %1549,,,,,,,,,,,
2915,%1562 = OpFDiv %v2float %1548 %1561,391,Wait,166,Selected,70,Short Scoreboard,68,26,3,68,21
2916,OpStore %152 %1562,,,,,,,,,,,
2917,%1564 = OpExtInst %void %2 DebugLine %15 %uint_308 %uint_308 %uint_5 %uint_6,,,,,,,,,,,
2918,%1567 = OpExtInst %void %2 DebugDeclare %totalColor_0 %153 %77,,,,,,,,,,,
,"float4 totalColor = float4(0, 0, 0, 0);",,,,,,,,,,,
2919,OpStore %153 %1568,,,,,,,,,,,
2920,%1570 = OpExtInst %void %2 DebugLine %15 %uint_309 %uint_309 %uint_5 %uint_6,,,,,,,,,,,
2921,%1574 = OpExtInst %void %2 DebugDeclare %glossMult_0 %154 %77,,,,,,,,,,,
,float glossMult = gloss;,,,,,,,,,,,
2922,OpStore %154 %gloss_0,,,,,,,,,,,
2923,%1576 = OpExtInst %void %2 DebugLine %15 %uint_310 %uint_310 %uint_5 %uint_6,,,,,,,,,,,
2924,%1580 = OpExtInst %void %2 DebugDeclare %maxMipLevel %155 %77,,,,,,,,,,,
,float maxMipLevel = float(SSRpc.passData.hiZMipLevels - 1);,549,Miscellaneous,178,Long Scoreboard,124,Wait,99,26,,,19
2925,%1581 = OpLoad %_ptr_PhysicalStorageBuffer_SSRPassData_natural %265,,,,,,,,,,,
2926,%1583 = OpAccessChain %_ptr_PhysicalStorageBuffer_uint %1581 %int_14,,,,,,,,,,,
2927,%1584 = OpLoad %uint %1583 Aligned 4,239,Miscellaneous,178,Branch Resolving,53,Not Selected,4,26,1,124,13
2928,%1585 = OpISub %uint %1584 %uint_1,162,Long Scoreboard,124,Selected,27,Wait,7,26,1,,18
2929,%1586 = OpConvertUToF %float %1585,148,Wait,92,MIO Throttle,21,Not Selected,18,26,1,103,19
2930,OpStore %155 %1586,,,,,,,,,,,
2931,%1588 = OpExtInst %void %2 DebugLine %15 %uint_312 %uint_312 %uint_5 %uint_6,,,,,,,,,,,
2932,%1592 = OpExtInst %void %2 DebugDeclare %remainingAlpha_0 %156 %77,,,,,,,,,,,
,float remainingAlpha = 1.0f;,,,,,,,,,,,
2933,OpStore %156 %float_1,,,,,,,,,,,
2934,%1594 = OpExtInst %void %2 DebugLine %15 %uint_313 %uint_313 %uint_5 %uint_6,,,,,,,,,,,
2935,%1596 = OpExtInst %void %2 DebugLine %15 %uint_313 %uint_313 %uint_9 %uint_10,,,,,,,,,,,
2936,%1598 = OpExtInst %void %2 DebugDeclare %i_1 %158 %77,,,,,,,,,,,
,for(int i = 0; i < 14; i++) {,404,Wait,148,Branch Resolving,109,Miscellaneous,65,20,,,8
2937,OpStore %158 %int_0,,,,,,,,,,,
2938,OpStore %adjacentLength %1549,,,,,,,,,,,
2939,OpStore %i %int_0,,,,,,,,,,,
2940,OpStore %glossMult %gloss_0,,,,,,,,,,,
2941,OpStore %remainingAlpha %float_1,,,,,,,,,,,
2942,OpStore %totalColor %1568,,,,,,,,,,,
2943,OpBranch %195,,,,,,,,,,,
2944,%195 = OpLabel,,,,,,,,,,,
2945,OpLoopMerge %223 %217 None,,,,,,,,,,,
2946,OpBranch %196,,,,,,,,,,,
2947,%196 = OpLabel,,,,,,,,,,,
2948,%4047 = OpExtInst %void %2 DebugScope %176,,,,,,,,,,,
2949,OpBranch %198,,,,,,,,,,,
2950,%198 = OpLabel,,,,,,,,,,,
2951,OpBranch %199,,,,,,,,,,,
2952,%199 = OpLabel,,,,,,,,,,,
2953,%4048 = OpExtInst %void %2 DebugScope %176,,,,,,,,,,,
2954,%1605 = OpExtInst %void %2 DebugLine %15 %uint_313 %uint_313 %uint_22 %uint_23,,,,,,,,,,,
2955,%1606 = OpLoad %int %i,,,,,,,,,,,
2956,%1607 = OpSLessThan %bool %1606 %int_14,,,,,,,,,,,
2957,%4049 = OpExtInst %void %2 DebugNoScope,,,,,,,,,,,
2958,OpSelectionMerge %203 None,,,,,,,,,,,
2959,OpBranchConditional %1607 %203 %201,404,Wait,148,Branch Resolving,109,Miscellaneous,65,20,2,,8
2960,%201 = OpLabel,,,,,,,,,,,
2961,%4050 = OpExtInst %void %2 DebugScope %176,,,,,,,,,,,
2962,OpBranch %223,,,,,,,,,,,
2963,%203 = OpLabel,,,,,,,,,,,
2964,%4051 = OpExtInst %void %2 DebugScope %176,,,,,,,,,,,
2965,%1610 = OpExtInst %void %2 DebugLine %15 %uint_315 %uint_315 %uint_9 %uint_10,,,,,,,,,,,
2966,%1616 = OpExtInst %void %2 DebugDeclare %oppositeLength %164 %77,,,,,,,,,,,
,"float oppositeLength = isoscelesTriangleOpposite(adjacentLength, coneTheta);",,,,,,,,,,,
2967,%1617 = OpLoad %float %adjacentLength,,,,,,,,,,,
2968,%4052 = OpExtInst %void %2 DebugNoLine,,,,,,,,,,,
2969,%4053 = OpExtInst %void %2 DebugScope %1627 %3743,,,,,,,,,,,
2970,%3748 = OpExtInst %void %2 DebugDeclare %coneTheta_0 %3742 %77,,,,,,,,,,,
2971,OpStore %3742 %3726,,,,,,,,,,,
2972,%3749 = OpExtInst %void %2 DebugDeclare %adjacentLength_1 %3744 %77,,,,,,,,,,,
2973,OpStore %3744 %1617,,,,,,,,,,,
2974,%3753 = OpExtInst %void %2 DebugLine %15 %uint_199 %uint_199 %uint_2 %uint_3,,,,,,,,,,,
,return 2.0f * tan(coneTheta) * adjacentLength;,1674,Wait,794,Selected,481,Short Scoreboard,194,23,,,23
2975,%3750 = OpExtInst %float %447 Tan %3726,849,Wait,411,Short Scoreboard,194,MIO Throttle,108,26,5,209,18
2976,%3751 = OpFMul %float %float_2 %3750,,,,,,,,,,,
2977,%3752 = OpFMul %float %3751 %1617,825,Selected,391,Wait,383,Not Selected,23,21,14,,23
2978,%4054 = OpExtInst %void %2 DebugScope %176,,,,,,,,,,,
2979,%2296 = OpExtInst %void %2 DebugLine %15 %uint_315 %uint_315 %uint_9 %uint_10,,,,,,,,,,,
,"float oppositeLength = isoscelesTriangleOpposite(adjacentLength, coneTheta);",,,,,,,,,,,
2980,OpStore %164 %3752,,,,,,,,,,,
2981,%1646 = OpExtInst %void %2 DebugLine %15 %uint_317 %uint_317 %uint_9 %uint_10,,,,,,,,,,,
2982,%1650 = OpExtInst %void %2 DebugDeclare %inCircleSize %165 %77,,,,,,,,,,,
2983,%4055 = OpExtInst %void %2 DebugNoLine,,,,,,,,,,,
2984,%4056 = OpExtInst %void %2 DebugScope %1661 %3760,,,,,,,,,,,
2985,%3767 = OpExtInst %void %2 DebugDeclare %h %3759 %77,,,,,,,,,,,
2986,OpStore %3759 %1617,,,,,,,,,,,
2987,%3768 = OpExtInst %void %2 DebugDeclare %a_0 %3761 %77,,,,,,,,,,,
2988,OpStore %3761 %3752,,,,,,,,,,,
2989,%3779 = OpExtInst %void %2 DebugLine %15 %uint_205 %uint_205 %uint_2 %uint_3,,,,,,,,,,,
2990,%3769 = OpExtInst %void %2 DebugDeclare %a2 %3762 %77,,,,,,,,,,,
,float a2 = a * a;,,,,,,,,,,,
2991,%3770 = OpFMul %float %3752 %3752,,,,,,,,,,,
2992,OpStore %3762 %3770,,,,,,,,,,,
2993,%3784 = OpExtInst %void %2 DebugLine %15 %uint_206 %uint_206 %uint_2 %uint_3,,,,,,,,,,,
2994,%3771 = OpExtInst %void %2 DebugDeclare %fh2 %3763 %77,,,,,,,,,,,
,float fh2 = 4.0f * h * h;,1329,Selected,732,Wait,467,Not Selected,62,21,,,22
2995,%3772 = OpFMul %float %float_4 %1617,1329,Selected,732,Wait,467,Not Selected,62,21,27,,22
2996,%3773 = OpFMul %float %3772 %1617,,,,,,,,,,,
2997,OpStore %3763 %3773,,,,,,,,,,,
2998,%3788 = OpExtInst %void %2 DebugLine %15 %uint_207 %uint_207 %uint_2 %uint_3,,,,,,,,,,,
,return (a * (sqrt(a2 + fh2) - a)) / (4.0f * h);,15663,Wait,6126,Short Scoreboard,5470,Selected,1946,22,,,24
2999,%3774 = OpFAdd %float %3770 %3773,387,Wait,230,Selected,87,Not Selected,37,26,3,,19
3000,%3775 = OpExtInst %float %447 Sqrt %3774,3641,Wait,2639,MIO Throttle,444,Selected,397,21,14,5470,24
3001,%3776 = OpFSub %float %3775 %3752,6471,Short Scoreboard,5470,Selected,347,Wait,335,21,14,,24
3002,%3777 = OpFMul %float %3752 %3776,1983,Wait,1209,Selected,367,Not Selected,225,21,14,,23
3003,%3778 = OpFDiv %float %3777 %3772,3181,Wait,1713,Selected,748,MIO Throttle,296,21,28,5141,24
3004,%4057 = OpExtInst %void %2 DebugScope %176,,,,,,,,,,,
3005,%2300 = OpExtInst %void %2 DebugLine %15 %uint_317 %uint_317 %uint_9 %uint_10,,,,,,,,,,,
,"float inCircleSize = isoscelesTriangleInRadius(oppositeLength, adjacentLength);",,,,,,,,,,,
3006,OpStore %165 %3778,,,,,,,,,,,
3007,%1700 = OpExtInst %void %2 DebugLine %15 %uint_319 %uint_319 %uint_9 %uint_10,,,,,,,,,,,
3008,%1704 = OpExtInst %void %2 DebugDeclare %samplePos %166 %77,,,,,,,,,,,
,float2 samplePos = screenPos.xy + adjacentUnit * (adjacentLength - inCircleSize);,1897,Selected,1228,Wait,421,Short Scoreboard,88,21,,,25
3009,%1705 = OpVectorShuffle %v2float %244 %244 0 1,,,,,,,,,,,
3010,%1707 = OpFSub %float %1617 %3778,881,Selected,409,Wait,292,Short Scoreboard,88,21,14,,23
3011,%1708 = OpVectorTimesScalar %v2float %1562 %1707,,,,,,,,,,,
3012,%samplePos_0 = OpFAdd %v2float %1705 %1708,1016,Selected,819,Wait,129,Miscellaneous,29,21,28,,25
3013,OpStore %166 %samplePos_0,,,,,,,,,,,
3014,%1711 = OpExtInst %void %2 DebugLine %15 %uint_321 %uint_321 %uint_9 %uint_10,,,,,,,,,,,
3015,%1715 = OpExtInst %void %2 DebugDeclare %mipChannel %167 %77,,,,,,,,,,,
,"float mipChannel = clamp(log2(inCircleSize * max(float(SSRpc.passData.resolution.x), float(SSRpc.passData.resolution.y))), 0.0, maxMipLevel);",11777,Short Scoreboard,5424,Wait,3701,Selected,1434,21,,,25
3016,%1716 = OpLoad %_ptr_PhysicalStorageBuffer_SSRPassData_natural %265,,,,,,,,,,,
3017,%1717 = OpAccessChain %_ptr_PhysicalStorageBuffer_v2uint %1716 %int_12,,,,,,,,,,,
3018,%1718 = OpLoad %v2uint %1717 Aligned 4,,,,,,,,,,,
3019,%1719 = OpCompositeExtract %uint %1718 0,,,,,,,,,,,
3020,%1720 = OpConvertUToF %float %1719,,,,,,,,,,,
3021,%1721 = OpLoad %_ptr_PhysicalStorageBuffer_SSRPassData_natural %265,,,,,,,,,,,
3022,%1722 = OpAccessChain %_ptr_PhysicalStorageBuffer_v2uint %1721 %int_12,,,,,,,,,,,
3023,%1723 = OpLoad %v2uint %1722 Aligned 4,,,,,,,,,,,
3024,%1724 = OpCompositeExtract %uint %1723 1,,,,,,,,,,,
3025,%1725 = OpConvertUToF %float %1724,,,,,,,,,,,
3026,%1726 = OpExtInst %float %447 FMax %1720 %1725,31,Selected,28,Dispatch Stall,3,,,26,1,,15
3027,%1727 = OpFMul %float %3778 %1726,1840,Wait,1178,Selected,353,Not Selected,179,21,14,,22
3028,%1728 = OpExtInst %float %447 Log2 %1727,2139,Wait,1309,Selected,367,MIO Throttle,303,21,14,5409,23
3029,%1729 = OpExtInst %float %447 FClamp %1728 %float_0 %1586,7767,Short Scoreboard,5424,Wait,1214,Selected,686,21,28,,25
3030,OpStore %167 %1729,,,,,,,,,,,
3031,%1731 = OpExtInst %void %2 DebugLine %15 %uint_323 %uint_323 %uint_9 %uint_10,,,,,,,,,,,
3032,%1735 = OpExtInst %void %2 DebugDeclare %newColor_0 %168 %77,,,,,,,,,,,
,"float4 newColor = coneSampleWeightedColor(samplePos, mipChannel, glossMult);",,,,,,,,,,,
3033,%1736 = OpLoad %float %glossMult,,,,,,,,,,,
3034,%4058 = OpExtInst %void %2 DebugNoLine,,,,,,,,,,,
3035,%4059 = OpExtInst %void %2 DebugScope %1751 %3796,,,,,,,,,,,
3036,%3805 = OpExtInst %void %2 DebugDeclare %gloss_1 %3795 %77,,,,,,,,,,,
3037,OpStore %3795 %1736,,,,,,,,,,,
3038,%3806 = OpExtInst %void %2 DebugDeclare %mipChannel_0 %3797 %77,,,,,,,,,,,
3039,OpStore %3797 %1729,,,,,,,,,,,
3040,%3807 = OpExtInst %void %2 DebugDeclare %samplePos_1 %3798 %77,,,,,,,,,,,
3041,OpStore %3798 %samplePos_0,,,,,,,,,,,
3042,%3835 = OpExtInst %void %2 DebugLine %15 %uint_217 %uint_217 %uint_5 %uint_6,,,,,,,,,,,
3043,%3808 = OpExtInst %void %2 DebugDeclare %mip %3799 %77,,,,,,,,,,,
,"float mip = clamp(mipChannel, 0.0, float(SSRpc.passData.hiZMipLevels - 1));",2908,Wait,1700,Selected,820,Not Selected,224,21,,,26
3044,%3809 = OpAccessChain %_ptr_PushConstant_261 %SSRpc %int_0,,,,,,,,,,,
3045,%3810 = OpLoad %_ptr_PhysicalStorageBuffer_SSRPassData_natural %3809,,,,,,,,,,,
3046,%3811 = OpAccessChain %_ptr_PhysicalStorageBuffer_uint %3810 %int_14,,,,,,,,,,,
3047,%3812 = OpLoad %uint %3811 Aligned 4,,,,,,,,,,,
3048,%3813 = OpISub %uint %3812 %uint_1,,,,,,,,,,,
3049,%3814 = OpConvertUToF %float %3813,,,,,,,,,,,
3050,%3815 = OpExtInst %float %447 FClamp %1729 %float_0 %3814,2908,Wait,1700,Selected,820,Not Selected,224,21,28,,26
3051,OpStore %3799 %3815,,,,,,,,,,,
3052,%3846 = OpExtInst %void %2 DebugLine %15 %uint_218 %uint_218 %uint_5 %uint_6,,,,,,,,,,,
3053,%3816 = OpExtInst %void %2 DebugDeclare %color %3800 %77,,,,,,,,,,,
,float3 color = textures[SSRpc.passData.colorIndex].SampleLevel(,3669,Wait,2158,Selected,878,Long Scoreboard,293,22,,,27
3054,%3817 = OpLoad %_ptr_PhysicalStorageBuffer_SSRPassData_natural %3809,,,,,,,,,,,
3055,%3818 = OpAccessChain %_ptr_PhysicalStorageBuffer_uint %3817 %int_5,,,,,,,,,,,
3056,%3819 = OpLoad %uint %3818 Aligned 4,114,Wait,65,Selected,40,Not Selected,9,26,1,293,14
3057,%3820 = OpAccessChain %_ptr_UniformConstant_272 %textures %3819,,,,,,,,,,,
3058,%3822 = OpLoad %_ptr_PhysicalStorageBuffer_SSRPassData_natural %3809,,,,,,,,,,,
3059,%3823 = OpAccessChain %_ptr_PhysicalStorageBuffer_uint %3822 %int_6,,,,,,,,,,,
3060,%3824 = OpLoad %uint %3823 Aligned 4,85,Wait,56,Selected,22,LG Throttle,6,26,1,0,15
3061,%3825 = OpAccessChain %_ptr_UniformConstant_283 %samplers %3824,,,,,,,,,,,
3062,%3826 = OpLoad %272 %3820,339,Long Scoreboard,293,Wait,26,Selected,15,26,1,,19
3063,%3827 = OpLoad %283 %3825,19,Selected,19,,,,,26,1,,18
3064,%3828 = OpSampledImage %290 %3826 %3827,252,Short Scoreboard,157,Selected,76,Wait,14,26,3,314,21
3065,%3829 = OpImageSampleExplicitLod %v4float %3828 %samplePos_0 Lod %3815,2860,Wait,1997,Selected,706,Not Selected,106,21,27,112873,27
3066,%3831 = OpVectorShuffle %v3float %3829 %3829 0 1 2,,,,,,,,,,,
3067,OpStore %3800 %3831,,,,,,,,,,,
3068,%3863 = OpExtInst %void %2 DebugLine %15 %uint_222 %uint_222 %uint_5 %uint_6,,,,,,,,,,,
3069,%3832 = OpExtInst %void %2 DebugDeclare %weight %3801 %77,,,,,,,,,,,
,float weight = gloss;,,,,,,,,,,,
3070,OpStore %3801 %1736,,,,,,,,,,,
3071,%3865 = OpExtInst %void %2 DebugLine %15 %uint_223 %uint_223 %uint_5 %uint_6,,,,,,,,,,,
,"return float4(color * weight, weight);",115824,Long Scoreboard,112873,Selected,1188,Wait,1154,21,,,26
3072,%3833 = OpVectorTimesScalar %v3float %3831 %1736,115824,Long Scoreboard,112873,Selected,1188,Wait,1154,21,42,,26
3073,%3834 = OpCompositeConstruct %v4float %3833 %1736,,,,,,,,,,,
3074,%4060 = OpExtInst %void %2 DebugScope %176,,,,,,,,,,,
3075,%2327 = OpExtInst %void %2 DebugLine %15 %uint_323 %uint_323 %uint_9 %uint_10,,,,,,,,,,,
,"float4 newColor = coneSampleWeightedColor(samplePos, mipChannel, glossMult);",,,,,,,,,,,
3076,OpStore %newColor %3834,,,,,,,,,,,
3077,OpStore %168 %3834,,,,,,,,,,,
3078,%2330 = OpExtInst %void %2 DebugLine %15 %uint_324 %uint_324 %uint_9 %uint_10,,,,,,,,,,,
,remainingAlpha -= newColor.a;,587,Selected,381,Wait,158,Dispatch Stall,23,21,,,25
3079,%1819 = OpCompositeExtract %float %3834 3,,,,,,,,,,,
3080,%1820 = OpLoad %float %remainingAlpha,,,,,,,,,,,
3081,%remainingAlpha_1 = OpFSub %float %1820 %1819,587,Selected,381,Wait,158,Dispatch Stall,23,21,14,,25
3082,OpStore %156 %remainingAlpha_1,,,,,,,,,,,
3083,%1823 = OpExtInst %void %2 DebugLine %15 %uint_325 %uint_325 %uint_9 %uint_10,,,,,,,,,,,
,if(remainingAlpha < 0.0) {,536,Selected,345,Wait,153,Dispatch Stall,22,21,,,25
3084,%1825 = OpFOrdLessThan %bool %remainingAlpha_1 %float_0,536,Selected,345,Wait,153,Dispatch Stall,22,21,14,,25
3085,%1826 = OpExtInst %void %2 DebugLine %15 %uint_325 %uint_325 %uint_27 %uint_28,,,,,,,,,,,
3086,%4061 = OpExtInst %void %2 DebugNoScope,,,,,,,,,,,
3087,OpSelectionMerge %207 None,,,,,,,,,,,
3088,OpBranchConditional %1825 %205 %207,,,,,,,,,,,
3089,%205 = OpLabel,,,,,,,,,,,
3090,%4062 = OpExtInst %void %2 DebugScope %176,,,,,,,,,,,
3091,%1830 = OpExtInst %void %2 DebugLine %15 %uint_326 %uint_326 %uint_13 %uint_14,,,,,,,,,,,
,newColor.rgb *= (1.0 - abs(remainingAlpha));,7966,Wait,5401,Selected,1542,Not Selected,569,0,,,25
3092,%1833 = OpLoad %v4float %newColor,,,,,,,,,,,
3093,%1834 = OpVectorShuffle %v3float %1833 %1833 0 1 2,,,,,,,,,,,
3094,%1835 = OpExtInst %float %447 FAbs %remainingAlpha_1,,,,,,,,,,,
3095,%1836 = OpFSub %float %float_1 %1835,5174,Wait,4301,Selected,408,Not Selected,256,0,14,,25
3096,%1837 = OpVectorTimesScalar %v3float %1834 %1836,2792,Selected,1134,Wait,1100,Not Selected,313,0,42,,25
3097,%1838 = OpAccessChain %_ptr_Function_float %newColor %int_0,,,,,,,,,,,
3098,%1839 = OpCompositeExtract %float %1837 0,,,,,,,,,,,
3099,OpStore %1838 %1839,,,,,,,,,,,
3100,%1840 = OpAccessChain %_ptr_Function_float %newColor %int_1,,,,,,,,,,,
3101,%1841 = OpCompositeExtract %float %1837 1,,,,,,,,,,,
3102,OpStore %1840 %1841,,,,,,,,,,,
3103,%1842 = OpAccessChain %_ptr_Function_float %newColor %int_2,,,,,,,,,,,
3104,%1843 = OpCompositeExtract %float %1837 2,,,,,,,,,,,
3105,OpStore %1842 %1843,,,,,,,,,,,
3106,%1845 = OpLoad %v4float %newColor,,,,,,,,,,,
3107,OpStore %168 %1845,,,,,,,,,,,
3108,OpBranch %207,,,,,,,,,,,
3109,%207 = OpLabel,,,,,,,,,,,
3110,%4063 = OpExtInst %void %2 DebugScope %176,,,,,,,,,,,
3111,%1848 = OpExtInst %void %2 DebugLine %15 %uint_328 %uint_328 %uint_9 %uint_10,,,,,,,,,,,
,totalColor += newColor;,5600,Selected,2794,Wait,2231,Not Selected,256,21,,,25
3112,%1850 = OpLoad %v4float %newColor,,,,,,,,,,,
3113,%1851 = OpLoad %v4float %totalColor,,,,,,,,,,,
3114,%totalColor_1 = OpFAdd %v4float %1851 %1850,5600,Selected,2794,Wait,2231,Not Selected,256,21,105,,25
3115,OpStore %153 %totalColor_1,,,,,,,,,,,
3116,%1854 = OpExtInst %void %2 DebugLine %15 %uint_329 %uint_329 %uint_9 %uint_10,,,,,,,,,,,
,if(totalColor.a >= 1.0f) {,2007,Selected,848,Wait,721,Not Selected,171,9,,,24
3117,%1856 = OpCompositeExtract %float %totalColor_1 3,,,,,,,,,,,
3118,%1857 = OpFOrdGreaterThanEqual %bool %1856 %float_1,346,Selected,345,Miscellaneous,1,,,21,14,,24
3119,%1858 = OpExtInst %void %2 DebugLine %15 %uint_329 %uint_329 %uint_25 %uint_26,,,,,,,,,,,
3120,%4064 = OpExtInst %void %2 DebugNoScope,,,,,,,,,,,
3121,OpSelectionMerge %209 None,,,,,,,,,,,
3122,OpBranchConditional %1857 %221 %209,1661,Wait,721,Selected,503,Not Selected,171,1,18,,24
3123,%221 = OpLabel,,,,,,,,,,,
3124,%4065 = OpExtInst %void %2 DebugScope %176,,,,,,,,,,,
3125,%1917 = OpExtInst %void %2 DebugLine %15 %uint_330 %uint_330 %uint_13 %uint_14,,,,,,,,,,,
,break;,,,,,,,,,,,
3126,OpStore %totalColor %totalColor_1,,,,,,,,,,,
3127,OpBranch %223,,,,,,,,,,,
3128,%209 = OpLabel,,,,,,,,,,,
3129,%4066 = OpExtInst %void %2 DebugScope %176,,,,,,,,,,,
3130,%1862 = OpExtInst %void %2 DebugLine %15 %uint_333 %uint_333 %uint_9 %uint_10,,,,,,,,,,,
,"adjacentLength = isoscelesTriangleNextAdjacent(adjacentLength, inCircleSize);",,,,,,,,,,,
3131,%1864 = OpLoad %float %adjacentLength,,,,,,,,,,,
3132,%4067 = OpExtInst %void %2 DebugNoLine,,,,,,,,,,,
3133,%4068 = OpExtInst %void %2 DebugScope %1872 %3870,,,,,,,,,,,
3134,%3875 = OpExtInst %void %2 DebugDeclare %inCircleSize_0 %3869 %77,,,,,,,,,,,
3135,OpStore %3869 %3778,,,,,,,,,,,
3136,%3876 = OpExtInst %void %2 DebugDeclare %adjacentLength_2 %3871 %77,,,,,,,,,,,
3137,OpStore %3871 %1864,,,,,,,,,,,
3138,%3879 = OpExtInst %void %2 DebugLine %15 %uint_212 %uint_212 %uint_5 %uint_6,,,,,,,,,,,
,return adjacentLength - (inCircleSize * 2.0);,2384,Wait,1663,Selected,374,Not Selected,104,21,,,24
3139,%3877 = OpFMul %float %3778 %float_2,,,,,,,,,,,
3140,%3878 = OpFSub %float %1864 %3877,2384,Wait,1663,Selected,374,Not Selected,104,21,14,,24
3141,%4069 = OpExtInst %void %2 DebugScope %176,,,,,,,,,,,
3142,%2364 = OpExtInst %void %2 DebugLine %15 %uint_333 %uint_333 %uint_9 %uint_10,,,,,,,,,,,
,"adjacentLength = isoscelesTriangleNextAdjacent(adjacentLength, inCircleSize);",,,,,,,,,,,
3143,OpStore %151 %3878,,,,,,,,,,,
3144,%1890 = OpExtInst %void %2 DebugLine %15 %uint_334 %uint_334 %uint_9 %uint_10,,,,,,,,,,,
,if(adjacentLength <= 0.0),8945,Wait,7191,Selected,1154,Not Selected,364,14,,,23
3145,%1892 = OpFOrdLessThanEqual %bool %3878 %float_0,2053,Wait,1386,Selected,400,Not Selected,149,21,14,,23
3146,%1893 = OpExtInst %void %2 DebugLine %15 %uint_334 %uint_334 %uint_27 %uint_28,,,,,,,,,,,
3147,%4070 = OpExtInst %void %2 DebugNoScope,,,,,,,,,,,
3148,OpSelectionMerge %211 None,,,,,,,,,,,
3149,OpBranchConditional %1892 %219 %211,6892,Wait,5805,Selected,754,Not Selected,215,11,31,,23
3150,%219 = OpLabel,,,,,,,,,,,
3151,%4071 = OpExtInst %void %2 DebugScope %176,,,,,,,,,,,
3152,%1913 = OpExtInst %void %2 DebugLine %15 %uint_335 %uint_335 %uint_13 %uint_14,,,,,,,,,,,
,break;,,,,,,,,,,,
3153,OpStore %totalColor %totalColor_1,,,,,,,,,,,
3154,OpBranch %223,,,,,,,,,,,
3155,%211 = OpLabel,,,,,,,,,,,
3156,%4072 = OpExtInst %void %2 DebugScope %176,,,,,,,,,,,
3157,%1895 = OpExtInst %void %2 DebugLine %15 %uint_336 %uint_336 %uint_9 %uint_10,,,,,,,,,,,
,glossMult *= gloss;,1080,Miscellaneous,337,Selected,336,Math Pipe Throttle,210,21,,,24
3158,%1897 = OpLoad %float %glossMult,,,,,,,,,,,
3159,%glossMult_1 = OpFMul %float %1897 %gloss_0,1080,Miscellaneous,337,Selected,336,Math Pipe Throttle,210,21,13,,24
3160,OpStore %154 %glossMult_1,,,,,,,,,,,
3161,OpBranch %213,,,,,,,,,,,
3162,%213 = OpLabel,,,,,,,,,,,
3163,%4073 = OpExtInst %void %2 DebugScope %176,,,,,,,,,,,
3164,OpBranch %215,,,,,,,,,,,
3165,%215 = OpLabel,,,,,,,,,,,
3166,%4074 = OpExtInst %void %2 DebugScope %176,,,,,,,,,,,
3167,%1902 = OpExtInst %void %2 DebugLine %15 %uint_313 %uint_313 %uint_29 %uint_30,,,,,,,,,,,
,for(int i = 0; i < 14; i++) {,,,,,,,,,,,
3168,%1904 = OpLoad %int %i,,,,,,,,,,,
3169,%i_2 = OpIAdd %int %1904 %int_1,,,,,,,,,,,
3170,OpStore %158 %i_2,,,,,,,,,,,
3171,OpStore %adjacentLength %3878,,,,,,,,,,,
3172,OpStore %i %i_2,,,,,,,,,,,
3173,OpStore %glossMult %glossMult_1,,,,,,,,,,,
3174,OpStore %remainingAlpha %remainingAlpha_1,,,,,,,,,,,
3175,OpStore %totalColor %totalColor_1,,,,,,,,,,,
3176,OpBranch %217,,,,,,,,,,,
3177,%217 = OpLabel,,,,,,,,,,,
3178,%4075 = OpExtInst %void %2 DebugScope %176,,,,,,,,,,,
3179,OpBranch %195,,,,,,,,,,,
3180,%223 = OpLabel,,,,,,,,,,,
3181,%4076 = OpExtInst %void %2 DebugScope %176,,,,,,,,,,,
3182,%1922 = OpExtInst %void %2 DebugLine %15 %uint_339 %uint_339 %uint_5 %uint_6,,,,,,,,,,,
3183,%1926 = OpExtInst %void %2 DebugDeclare %reflColor %170 %77,,,,,,,,,,,
,"float3 reflColor = totalColor.rgb / max(totalColor.a, 0.001);",1857,Branch Resolving,563,Wait,377,Short Scoreboard,331,21,,,8
3184,%1927 = OpLoad %v4float %totalColor,,,,,,,,,,,
3185,%1928 = OpVectorShuffle %v3float %1927 %1927 0 1 2,,,,,,,,,,,
3186,%1930 = OpCompositeExtract %float %1927 3,,,,,,,,,,,
3187,%1931 = OpExtInst %float %447 FMax %1930 %float_0_00100000005,1224,Branch Resolving,563,Wait,282,Miscellaneous,228,15,2,,8
3188,%1932 = OpCompositeConstruct %v3float %1931 %1931 %1931,,,,,,,,,,,
3189,%reflColor_0 = OpFDiv %v3float %1928 %1932,633,Short Scoreboard,331,Selected,128,Wait,95,26,4,331,7
3190,OpStore %170 %reflColor_0,,,,,,,,,,,
3191,%1935 = OpExtInst %void %2 DebugLine %15 %uint_342 %uint_342 %uint_5 %uint_6,,,,,,,,,,,
3192,%1939 = OpExtInst %void %2 DebugDeclare %fadeOnPerpendicular %171 %77,,,,,,,,,,,
,"float fadeOnPerpendicular = saturate(dot(reflectDir, viewDir) * 4.0);",29,Selected,29,,,,,26,,,7
3193,%1940 = OpFMul %float %488 %float_4,29,Selected,29,,,,,26,1,,7
3194,%1941 = OpExtInst %float %447 FClamp %1940 %float_0 %float_1,,,,,,,,,,,
3195,OpStore %171 %1941,,,,,,,,,,,
3196,%1943 = OpExtInst %void %2 DebugLine %15 %uint_345 %uint_345 %uint_5 %uint_6,,,,,,,,,,,
3197,%1947 = OpExtInst %void %2 DebugDeclare %minFade %172 %77,,,,,,,,,,,
,float minFade = 0.8;,,,,,,,,,,,
3198,OpStore %172 %float_0_800000012,,,,,,,,,,,
3199,%1950 = OpExtInst %void %2 DebugLine %15 %uint_346 %uint_346 %uint_5 %uint_6,,,,,,,,,,,
3200,%1954 = OpExtInst %void %2 DebugDeclare %maxFade %173 %77,,,,,,,,,,,
,float maxFade = 0.0;,,,,,,,,,,,
3201,OpStore %173 %float_0,,,,,,,,,,,
3202,%1956 = OpExtInst %void %2 DebugLine %15 %uint_347 %uint_347 %uint_5 %uint_6,,,,,,,,,,,
,gloss = gloss * (minFade-maxFade) + maxFade;,116,Selected,35,Wait,35,Not Selected,28,26,,,8
3203,%1958 = OpFMul %float %gloss_0 %float_0_800000012,116,Selected,35,Wait,35,Not Selected,28,26,1,,8
3204,OpStore %147 %1958,,,,,,,,,,,
3205,%1960 = OpExtInst %void %2 DebugLine %15 %uint_348 %uint_348 %uint_5 %uint_6,,,,,,,,,,,
3206,%1964 = OpExtInst %void %2 DebugDeclare %fadeOnRoughness %174 %77,,,,,,,,,,,
,float fadeOnRoughness = gloss * gloss;,34,Selected,34,,,,,26,,,6
3207,%fadeOnRoughness_0 = OpFMul %float %1958 %1958,34,Selected,34,,,,,26,1,,6
3208,OpStore %174 %fadeOnRoughness_0,,,,,,,,,,,
3209,%1967 = OpExtInst %void %2 DebugLine %15 %uint_350 %uint_350 %uint_5 %uint_6,,,,,,,,,,,
3210,%1971 = OpExtInst %void %2 DebugDeclare %totalFade %175 %77,,,,,,,,,,,
,float totalFade = fadeOnBorder * fadeOnPerpendicular * fadeOnRoughness;,253,Wait,149,Selected,79,Math Pipe Throttle,15,26,,,7
3211,%1972 = OpFMul %float %1416 %1941,67,Selected,40,Wait,25,Math Pipe Throttle,2,26,1,,7
3212,%totalFade_0 = OpFMul %float %1972 %fadeOnRoughness_0,186,Wait,124,Selected,39,Math Pipe Throttle,13,26,1,,6
3213,OpStore %175 %totalFade_0,,,,,,,,,,,
3214,%1975 = OpExtInst %void %2 DebugLine %15 %uint_352 %uint_352 %uint_5 %uint_6,,,,,,,,,,,
,"return float4(reflColor, totalFade);",451,Branch Resolving,266,Wait,89,Selected,51,26,,,1
3215,%1977 = OpCompositeConstruct %v4float %reflColor_0 %totalFade_0,,,,,,,,,,,
3216,OpStore %entryPointParam_fragMain %1977,,,,,,,,,,,
3217,OpBranch %2804,451,Branch Resolving,266,Wait,89,Selected,51,26,5,,1
3218,%2804 = OpLabel,,,,,,,,,,,
3219,OpReturn,,,,,,,,,,,
3220,OpFunctionEnd,,,,,,,,,,,
3221,,,,,,,,,,,,
