#,Source,Total Samples,Samples,Top Stall #1 (Type),Top Stall #1 (Samples),Top Stall #2 (Type),Top Stall #2 (Samples),Top Stall #3 (Type),Top Stall #3 (Samples),Active Threads Per Warp,Instruction Mix,Dependency-Attributed Samples,Live Registers
,voxel.slang,,,,,,,,,
1,// Shared encoding for the voxel scatter buffers (voxelization.slang -> voxel_resolve.slang).,,,,,,,,,,,,
2,//,,,,,,,,,,,,
3,"// One uint per voxel per channel. The top byte is a luminance key, so InterlockedMax orders samples",,,,,,,,,,,,
4,// by brightness rather than by whichever bit pattern happens to be numerically larger — the result is,,,,,,,,,,,,
5,"// the brightest contributor to that voxel, independent of draw order. Zero means empty; that makes a",,,,,,,,,,,,
6,"// pure-black surface indistinguishable from no surface, which is the price of not carrying a separate",,,,,,,,,,,,
7,// occupancy buffer.,,,,,,,,,,,,
8,module voxel;,,,,,,,,,,,,
9,,,,,,,,,,,,,
10,"[[vk::binding(0, 0)]] Texture3D<float4> textures3D[];",,,,,,,,,,,,
11,"// Alias of common.slang's cubemaps — same binding, module-local name to avoid a collision in",,,,,,,,,,,,
12,// shaders that import both modules.,,,,,,,,,,,,
13,"[[vk::binding(1, 0)]] TextureCube voxelCubemaps[];",,,,,,,,,,,,
14,"[[vk::binding(2, 0)]] SamplerState samplers[];",,,,,,,,,,,,
15,,,,,,,,,,,,,
16,"// Radiance is HDR, so it goes through Reinhard on the way in and the inverse on the way out. The",,,,,,,,,,,,
17,"// volume is RGBA8 unorm, so it stores the compressed domain too — readers decode per tap. Values",,,,,,,,,,,,
18,// well above ~10 compress hard — raise the knee if the scene has very bright emissives.,,,,,,,,,,,,
19,public float3 voxelToneMap(float3 v)    { return v / (1.0 + v); },730,730,Wait,198,Not Selected,177,Selected,124,,9,94,54
20,"public float3 voxelToneMapInv(float3 v) { return v / max(1.0 - v, 1e-4); }",20720,20720,Selected,7029,Not Selected,5467,Math Pipe Throttle,3059,,98,2443,75
21,,,,,,,,,,,,,
22,public uint packVoxel(float3 color) {,,,,,,,,,,,,
23,float3 c = saturate(color);,,,,,,,,,,,,
24,"uint luma = (uint)(saturate(dot(c, float3(0.2126, 0.7152, 0.0722))) * 255.0 + 0.5);",,,,,,,,,,,,
25,uint3 rgb = (uint3)(c * 255.0 + 0.5);,,,,,,,,,,,,
26,"// Keep the key non-zero for anything that isn't pure black, so occupancy survives dim surfaces.",,,,,,,,,,,,
27,if (luma == 0 && any(rgb > 0)) luma = 1;,,,,,,,,,,,,
28,return (luma << 24) | (rgb.r << 16) | (rgb.g << 8) | rgb.b;,,,,,,,,,,,,
29,},,,,,,,,,,,,
30,,,,,,,,,,,,,
31,public float3 unpackVoxel(uint packed) {,,,,,,,,,,,,
32,"return float3((packed >> 16) & 0xFF, (packed >> 8) & 0xFF, packed & 0xFF) * (1.0 / 255.0);",,,,,,,,,,,,
33,},,,,,,,,,,,,
34,,,,,,,,,,,,,
35,public bool voxelOccupied(uint packed) { return packed != 0; },,,,,,,,,,,,
36,,,,,,,,,,,,,
37,"// Ambient-cube face order: +X, -X, +Y, -Y, +Z, -Z. Shared by the gather pass (trace axes) and the",,,,,,,,,,,,
38,// lit-shader lookup (face picked by normal sign).,,,,,,,,,,,,
39,public static const float3 VOXEL_FACE_DIRS[6] = {,,,,,,,,,,,,
40,"float3( 1, 0, 0), float3(-1, 0, 0),",,,,,,,,,,,,
41,"float3( 0, 1, 0), float3( 0,-1, 0),",,,,,,,,,,,,
42,"float3( 0, 0, 1), float3( 0, 0,-1),",,,,,,,,,,,,
43,};,,,,,,,,,,,,
44,,,,,,,,,,,,,
45,"public float voxelLoadCoverage(uint textureIndex, uint3 coord, uint mip) {",,,,,,,,,,,,
46,"return textures3D[textureIndex].Load(int4(coord, mip)).a;",2288,2288,Texture Throttle,1331,Short Scoreboard,534,Selected,162,32,5,29239,42
47,},,,,,,,,,,,,
48,,,,,,,,,,,,,
49,"// Voxel center in world space. Grid clip is orthographic, so w == 1 and the inverse is exact.",,,,,,,,,,,,
50,"public float3 voxelCenterWorld(uint3 coord, uint resolution, float4x4 gridClipToWorld) {",,,,,,,,,,,,
51,float3 uvw = (float3(coord) + 0.5) / float(resolution);,683,683,Wait,201,Not Selected,181,Math Pipe Throttle,106,,9,60,51
52,"return mul(gridClipToWorld, float4(uvw.xy * 2.0 - 1.0, uvw.z, 1.0)).xyz;",1903,1903,Miscellaneous,639,Not Selected,386,Wait,262,,19,477,50
53,},,,,,,,,,,,,
54,,,,,,,,,,,,,
55,"public uint voxelIndex(uint3 coord, uint resolution) {",,,,,,,,,,,,
56,return coord.x + resolution * (coord.y + resolution * coord.z);,,,,,,,,,,,,
57,},,,,,,,,,,,,
58,,,,,,,,,,,,,
59,// World -> volume UVW via the grid's ortho VPM. xy is NDC so it needs the half-range remap; z is,,,,,,,,,,,,
60,"// already [0,1] under orthoRH_ZO. Same mapping as gridClipToUVW in voxel_debug.slang.",,,,,,,,,,,,
61,"public float3 worldToGridUVW(float3 worldPos, float4x4 worldToGridClip) {",,,,,,,,,,,,
62,"float4 clip = mul(worldToGridClip, float4(worldPos, 1.0));",4715,4715,Not Selected,1272,Selected,1190,Math Pipe Throttle,1070,,16,,71
63,float3 ndc = clip.xyz / clip.w;,1077,1077,Not Selected,322,Math Pipe Throttle,263,Selected,256,,4,0,71
64,"return float3(ndc.xy * 0.5 + 0.5, ndc.z);",192,192,Selected,185,Dispatch Stall,6,Math Pipe Throttle,1,,3,,70
65,},,,,,,,,,,,,
66,,,,,,,,,,,,,
67,// Compile-time caps for the runtime-tunable trace params (LitPass gi* fields).,,,,,,,,,,,,
68,#define MAX_HEMISPHERE_RAYS 5,,,,,,,,,,,,
69,#define MAX_FETCH_BATCH 8,,,,,,,,,,,,
70,,,,,,,,,,,,,
71,"// Crassin's cone fan: one along the normal plus up to MAX_HEMISPHERE_RAYS at 60°, ~60° aperture each.",,,,,,,,,,,,
72,"// Tangent-space, z = normal. Weights are cosine-lobe-ish; renormalized at trace time by however many",,,,,,,,,,,,
73,// cones actually run.,,,,,,,,,,,,
74,static const float3 CONE_DIRS[MAX_HEMISPHERE_RAYS + 1] = {,,,,,,,,,,,,
75,"float3( 0.0,       0.0,      1.0),",,,,,,,,,,,,
76,"float3( 0.866025,  0.0,      0.5),",,,,,,,,,,,,
77,"float3( 0.267617,  0.823639, 0.5),",,,,,,,,,,,,
78,"float3(-0.700629,  0.509037, 0.5),",,,,,,,,,,,,
79,"float3(-0.700629, -0.509037, 0.5),",,,,,,,,,,,,
80,"float3( 0.267617, -0.823639, 0.5),",,,,,,,,,,,,
81,};,,,,,,,,,,,,
82,"static const float CONE_WEIGHTS[MAX_HEMISPHERE_RAYS + 1] = { 0.25, 0.15, 0.15, 0.15, 0.15, 0.15 };",,,,,,,,,,,,
83,static const float CONE_TAN = 0.577; // tan(30°) half-angle,,,,,,,,,,,,
84,,,,,,,,,,,,,
85,"// Front-to-back march along one cone. The volume holds (Reinhard-compressed radiance, coverage),",,,,,,,,,,,,
86,"// colour not premultiplied, so each tap decodes then composites as a * rgb. Mip follows the cone",,,,,,,,,,,,
87,// diameter — that growing trilinear footprint is what stands in for integrating over the cone's,,,,,,,,,,,,
88,// solid angle.,,,,,,,,,,,,
89,//,,,,,,,,,,,,
90,"// Fetches go out in batches of fetchBatch: tap positions depend only on dist, never on sampled",,,,,,,,,,,,
91,"// data, so batching keeps several texture requests in flight instead of one serialized round-trip",,,,,,,,,,,,
92,// per step (long-scoreboard stalls). A batch may overshoot the opacity break or the grid by up to,,,,,,,,,,,,
93,// fetchBatch-1 taps; the sampler's transparent-black border makes those composite as no-ops.,,,,,,,,,,,,
94,"// Runtime bounds mean no [unroll]; the fetch loop still has no data dependency, so requests overlap.",,,,,,,,,,,,
95,"float3 traceCone(Texture3D<float4> volume, SamplerState smp, float4x4 worldToGridClip,",,,,,,,,,,,,
96,"float3 origin, float3 dir, float voxelSize, float maxDist, float maxMip,",,,,,,,,,,,,
97,"uint maxSteps, uint fetchBatch, uint envMapIndex, float skyIntensity) {",,,,,,,,,,,,
98,"// Grid clip is orthographic (w == 1), so uvw is linear in dist — one affine ray, no per-step matrix mul.",,,,,,,,,,,,
99,"float3 uvwOrigin = worldToGridUVW(origin, worldToGridClip);",5984,,,,,,,,,,,
100,"float4 clipDir = mul(worldToGridClip, float4(dir, 0.0));",2201,2201,Selected,685,Wait,601,Not Selected,502,,9,,68
101,"float3 uvwDir = float3(clipDir.xy * 0.5, clipDir.z);",389,389,Selected,164,Wait,124,Not Selected,59,,2,,67
102,,,,,,,,,,,,,
103,// Clamp the march at the grid exit (slab test) instead of bounds-checking every step.,,,,,,,,,,,,
104,"float3 tFar = (step(0.0, uvwDir) - uvwOrigin) / uvwDir;",1975,1975,Selected,904,Not Selected,365,Math Pipe Throttle,276,,12,0,72
105,"maxDist = min(maxDist, min(min(tFar.x, tFar.y), tFar.z));",1844,1844,Not Selected,709,Math Pipe Throttle,635,Wait,290,,3,,72
106,,,,,,,,,,,,,
107,float4 acc = float4(0.0);,,,,,,,,,,,,
108,float dist = voxelSize;,,,,,,,,,,,,
109,for (uint i = 0; i < maxSteps / fetchBatch && dist < maxDist && acc.a < 0.99; i++) {,14255,14255,Wait,5199,Selected,3360,Not Selected,3129,,39,58,74
110,float4 s[MAX_FETCH_BATCH];,,,,,,,,,,,,
111,float d = dist;,,,,,,,,,,,,
112,for (uint j = 0; j < fetchBatch; j++) {,35368,35368,Wait,13311,Not Selected,7768,Miscellaneous,5186,,30,,77
113,"float diameter = max(voxelSize, 2.0 * CONE_TAN * d);",3124,3124,Selected,1133,Wait,638,Not Selected,625,,16,,74
114,"float mip = clamp(log2(diameter / voxelSize), 0.0, maxMip);",29134,29134,Not Selected,8692,Math Pipe Throttle,6266,Wait,6015,,36,4618,77
115,"s[j] = volume.SampleLevel(smp, uvwOrigin + uvwDir * d, mip);",191736,191736,Long Scoreboard,108457,Selected,26167,Not Selected,20569,32,373,108457,78
116,d += diameter; // half-diameter steps against banding,3784,3784,Not Selected,1137,Wait,1084,Math Pipe Throttle,984,,8,,75
117,},,,,,,,,,,,,
118,for (uint j = 0; j < fetchBatch; j++) {,40017,40017,Wait,12191,Not Selected,10134,Math Pipe Throttle,5880,,41,,74
119,acc.rgb += (1.0 - acc.a) * s[j].a * voxelToneMapInv(s[j].rgb);,109396,88676,Selected,26167,Not Selected,22241,Math Pipe Throttle,19983,,372,,75
120,acc.a   += (1.0 - acc.a) * s[j].a;,1798,1798,Selected,588,Wait,531,Not Selected,364,,9,,75
121,},,,,,,,,,,,,
122,dist = d;,,,,,,,,,,,,
123,},,,,,,,,,,,,
124,// Whatever transmittance survives the march sees sky: sample the env map along the cone at a,,,,,,,,,,,,
125,"// coarse mip standing in for the ~60° aperture. Occluded cones (acc.a ~ 1) get nothing, so this",,,,,,,,,,,,
126,// is soft sky visibility for free. Assumes anything past maxDist is open sky.,,,,,,,,,,,,
127,if (skyIntensity > 0.0) {,3137,3137,Wait,1329,Branch Resolving,699,Not Selected,487,,5,66,60
128,"uint w, h, mips;",,,,,,,,,,,,
129,"voxelCubemaps[envMapIndex].GetDimensions(0, w, h, mips);",578,578,Wait,173,Not Selected,167,Selected,155,32,3,15283,60
130,"acc.rgb += (1.0 - acc.a) * skyIntensity * voxelCubemaps[envMapIndex].SampleLevel(smp, dir, float(mips) - 2.0).rgb;",44588,44588,Long Scoreboard,32653,Not Selected,3178,Short Scoreboard,2028,32,20,19420,62
131,},,,,,,,,,,,,
132,return acc.rgb;,,,,,,,,,,,,
133,},,,,,,,,,,,,
134,,,,,,,,,,,,,
135,"public float3 coneTraceVXGI(uint voxel3DTextureIndex, uint voxelSamplerIndex, float4x4 worldToGridClip,",,,,,,,,,,,,
136,"uint resolution, float worldExtent, float3 worldPos, float3 N,",,,,,,,,,,,,
137,"uint hemisphereRays, uint maxSteps, uint fetchBatch,",,,,,,,,,,,,
138,"uint envMapIndex, float skyIntensity) {",,,,,,,,,,,,
139,Texture3D<float4> volume = textures3D[voxel3DTextureIndex];,,,,,,,,,,,,
140,SamplerState smp = samplers[voxelSamplerIndex];,,,,,,,,,,,,
141,float voxelSize = worldExtent / resolution;,68,68,Selected,29,MIO Throttle,17,Not Selected,10,,3,9,51
142,float maxMip = log2(float(resolution));,140,140,Not Selected,58,Wait,48,MIO Throttle,18,,1,50,48
143,"uint rays  = min(hemisphereRays, uint(MAX_HEMISPHERE_RAYS));",916,916,Not Selected,314,Selected,309,Wait,196,,7,160,57
144,"uint batch = min(max(fetchBatch, 1u), uint(MAX_FETCH_BATCH));",174,174,Not Selected,53,Wait,48,Math Pipe Throttle,38,,3,,47
145,,,,,,,,,,,,,
146,N = normalize(N);,1410,1410,Not Selected,380,Short Scoreboard,370,Wait,346,,11,450,45
147,"float3 up = abs(N.y) < 0.99 ? float3(0.0, 1.0, 0.0) : float3(1.0, 0.0, 0.0);",554,554,Selected,190,Short Scoreboard,151,Not Selected,131,,3,22,49
148,"float3 T = normalize(cross(up, N));",3814,3814,Not Selected,1029,Wait,926,Math Pipe Throttle,792,,11,175,63
149,"float3 B = cross(N, T);",2011,2011,Math Pipe Throttle,505,Not Selected,499,Selected,491,,6,,66
150,,,,,,,,,,,,,
151,// Start clear of the surface's own voxel — sampling it reads back direct lighting and flickers.,,,,,,,,,,,,
152,float3 origin = worldPos + N * (2.0 * voxelSize);,1210,1210,Math Pipe Throttle,299,Not Selected,276,Selected,257,,4,,65
153,,,,,,,,,,,,,
154,// Renormalize by the weights actually used so fewer cones doesn't dim the GI.,,,,,,,,,,,,
155,float3 gi = float3(0.0);,,,,,,,,,,,,
156,float totalWeight = 0.0;,,,,,,,,,,,,
157,for (uint i = 0; i < rays + 1; i++) {,1575,1575,Wait,547,Selected,430,Not Selected,417,,11,0,57
158,float3 dir = normalize(T * CONE_DIRS[i].x + B * CONE_DIRS[i].y + N * CONE_DIRS[i].z);,4833,4833,Selected,1438,Not Selected,1109,Wait,1069,,19,225,66
159,"gi += CONE_WEIGHTS[i] * traceCone(volume, smp, worldToGridClip, origin, dir, voxelSize, worldExtent * 0.5, maxMip, maxSteps, batch, envMapIndex, skyIntensity);",446259,4684,Not Selected,1679,Math Pipe Throttle,1109,Wait,940,32,12,640,57
160,totalWeight += CONE_WEIGHTS[i];,69,69,Selected,57,Not Selected,8,Dispatch Stall,3,,1,,53
161,},,,,,,,,,,,,
162,return gi / totalWeight;,191,191,Not Selected,63,Math Pipe Throttle,57,Selected,55,,4,0,50
163,},,,,,,,,,,,,
164,,,,,,,,,,,,,
165,"// Irradiance faces store (Reinhard(irradiance) * valid, valid) — premultiplied so hardware trilinear",,,,,,,,,,,,
166,// against empty black neighbours renormalizes on the divide instead of dimming. The 0.25 floor makes,,,,,,,,,,,,
167,// mostly-empty neighbourhoods fade out rather than amplify unorm8 quantization noise.,,,,,,,,,,,,
168,float3 decodeIrradiance(float4 s) {,,,,,,,,,,,,
169,"return voxelToneMapInv(s.rgb / max(s.a, 0.25));",,,,,,,,,,,,
170,},,,,,,,,,,,,
171,,,,,,,,,,,,,
172,"// Ambient-cube GI lookup: three trilinear taps from the sign-matching face volumes, blended by N².",,,,,,,,,,,,
173,"// Sampled at the surface position, no normal offset: an offset along an axis-aligned N lands a full",,,,,,,,,,,,
174,// voxel away and zeroes the valid slab's trilinear weight (black walls/floors). The surface's own,,,,,,,,,,,,
175,// voxel is the right source — face selection by normal sign already separates the two sides of thin,,,,,,,,,,,,
176,// geometry sharing a voxel.,,,,,,,,,,,,
177,"public float3 sampleAmbientCubeGI(uint faceIndices[6], uint samplerIndex, float4x4 worldToGridClip,",,,,,,,,,,,,
178,"uint resolution, float worldExtent, float3 worldPos, float3 N) {",,,,,,,,,,,,
179,SamplerState smp = samplers[samplerIndex];,,,,,,,,,,,,
180,N = normalize(N);,,,,,,,,,,,,
181,"float3 uvw = worldToGridUVW(worldPos, worldToGridClip);",,,,,,,,,,,,
182,"float3 w = N * N; // face weights, sum to 1",,,,,,,,,,,,
183,uint fx = N.x < 0.0 ? 1 : 0;,,,,,,,,,,,,
184,uint fy = N.y < 0.0 ? 3 : 2;,,,,,,,,,,,,
185,uint fz = N.z < 0.0 ? 5 : 4;,,,,,,,,,,,,
186,"return w.x * decodeIrradiance(textures3D[faceIndices[fx]].SampleLevel(smp, uvw, 0))",,,,,,,,,,,,
187,"+ w.y * decodeIrradiance(textures3D[faceIndices[fy]].SampleLevel(smp, uvw, 0))",,,,,,,,,,,,
188,"+ w.z * decodeIrradiance(textures3D[faceIndices[fz]].SampleLevel(smp, uvw, 0));",,,,,,,,,,,,
189,},,,,,,,,,,,,
190,,,,,,,,,,,,,
,voxel_gather.slang,,,,,,,,,
1,"// Ambient-cube gather: for each occupied voxel, cone trace the radiance volume along the six axes",,,,,,,,,,,,
2,"// and store per-face irradiance, so the lit shader reads GI with three trilinear taps instead of",,,,,,,,,,,,
3,"// marching cones per pixel. Faces store (Reinhard(irradiance) * valid, valid); empty voxels write",,,,,,,,,,,,
4,"// zeros, so the full-grid dispatch doubles as the per-frame clear.",,,,,,,,,,,,
5,//,,,,,,,,,,,,
6,// The irradiance grid may be coarser than the radiance grid (both cover the same world cube). The,,,,,,,,,,,,
7,// cone trace still runs at radiance resolution; only the gather positions and storage are coarse.,,,,,,,,,,,,
8,import modules.voxel;,,,,,,,,,,,,
9,,,,,,,,,,,,,
10,struct VoxelGatherPushConstants {,,,,,,,,,,,,
11,float4x4 worldToGridClip;,,,,,,,,,,,,
12,float4x4 gridClipToWorld;,,,,,,,,,,,,
13,uint  radianceTextureIndex;,,,,,,,,,,,,
14,uint  samplerIndex;,,,,,,,,,,,,
15,uint  radianceResolution;   // cone-trace grid: voxel size and mip cap,,,,,,,,,,,,
16,uint  irradianceResolution; // dispatch/storage grid; divides radianceResolution,,,,,,,,,,,,
17,float worldExtent;,,,,,,,,,,,,
18,uint  faceStorageIndices[6]; // VOXEL_FACE_DIRS order,,,,,,,,,,,,
19,uint  sideCones;,,,,,,,,,,,,
20,uint  maxSteps;,,,,,,,,,,,,
21,uint  fetchBatch;,,,,,,,,,,,,
22,uint  skyEnvMapIndex;,,,,,,,,,,,,
23,float skyIntensity; // cone-miss sky radiance scale; 0 disables,,,,,,,,,,,,
24,},,,,,,,,,,,,
25,,,,,,,,,,,,,
26,[[vk::push_constant]] ConstantBuffer<VoxelGatherPushConstants> gpc;,,,,,,,,,,,,
27,,,,,,,,,,,,,
28,"[[vk::binding(4, 0)]]",,,,,,,,,,,,
29,RWTexture3D<float4> storageImages3D[];,,,,,,,,,,,,
30,,,,,,,,,,,,,
31,"[NumThreads(4, 4, 4)]",,,,,,,,,,,,
32,"[shader(""compute"")]",,,,,,,,,,,,
33,void gatherMain(uint3 id : SV_DispatchThreadID) {,,,,,,,,,,,,
34,if (any(id >= gpc.irradianceResolution)) return;,12116,12116,Not Selected,2871,Wait,2366,Miscellaneous,1942,30,52,3282,53
35,,,,,,,,,,,,,
36,// One irradiance voxel covers ratio^3 radiance voxels; its occupancy lives ratio's mip up the,,,,,,,,,,,,
37,"// chain, where coverage is the partial-occupancy fraction — any nonzero child counts.",,,,,,,,,,,,
38,uint ratioMip = firstbithigh(gpc.radianceResolution / gpc.irradianceResolution);,8162,8162,Wait,2385,Short Scoreboard,1764,Not Selected,1755,32,24,2264,49
39,"if (voxelLoadCoverage(gpc.radianceTextureIndex, id, ratioMip) == 0.0) {",33908,31620,Long Scoreboard,29239,Wait,782,Not Selected,764,32,4,40,41
40,[unroll],,,,,,,,,,,,
41,for (uint f = 0; f < 6; f++),,,,,,,,,,,,
42,storageImages3D[gpc.faceStorageIndices[f]][int3(id)] = float4(0);,20119,20119,Texture Throttle,13342,Miscellaneous,3097,Selected,1607,32,30,,23
43,return;,,,,,,,,,,,,
44,},,,,,,,,,,,,
45,,,,,,,,,,,,,
46,"float3 worldPos = voxelCenterWorld(id, gpc.irradianceResolution, gpc.gridClipToWorld);",2586,,,,,,,,,,,
47,for (uint f = 0; f < 6; f++) {,23659,23659,Drain,22781,Branch Resolving,506,Wait,201,32,6,,52
48,"float3 irr = coneTraceVXGI(gpc.radianceTextureIndex, gpc.samplerIndex, gpc.worldToGridClip,",462801,117,Long Scoreboard,43,Wait,22,Short Scoreboard,20,,1,,42
49,"gpc.radianceResolution, gpc.worldExtent, worldPos, VOXEL_FACE_DIRS[f],",,,,,,,,,,,,
50,"gpc.sideCones, gpc.maxSteps, gpc.fetchBatch,",,,,,,,,,,,,
51,"gpc.skyEnvMapIndex, gpc.skyIntensity);",,,,,,,,,,,,
52,"storageImages3D[gpc.faceStorageIndices[f]][int3(id)] = float4(voxelToneMap(irr), 1.0);",1493,763,Short Scoreboard,419,Not Selected,117,Selected,82,,6,462,53
53,},,,,,,,,,,,,
54,},,,,,,,,,,,,
55,,,,,,,,,,,,,
#,Source,Samples,Top Stall #1 (Type),Top Stall #1 (Samples),Top Stall #2 (Type),Top Stall #2 (Samples),Top Stall #3 (Type),Top Stall #3 (Samples),Active Threads Per Warp,Instruction Mix,Dependency-Attributed Samples,Live Registers
,comp.10000.spv (0ed6662d1a1452ca),,,,,,,,
1,; SPIR-V,,,,,,,,,,,
2,; Version: 1.4,,,,,,,,,,,
3,; Generator: NVIDIA Slang Compiler; 0,,,,,,,,,,,
4,; Bound: 2847,,,,,,,,,,,
5,; Schema: 0,,,,,,,,,,,
6,OpCapability RuntimeDescriptorArray,,,,,,,,,,,
7,OpCapability ImageQuery,,,,,,,,,,,
8,OpCapability StorageImageReadWithoutFormat,,,,,,,,,,,
9,OpCapability StorageImageWriteWithoutFormat,,,,,,,,,,,
10,OpCapability Shader,,,,,,,,,,,
11,"OpExtension ""SPV_KHR_non_semantic_info""",,,,,,,,,,,
12,"OpExtension ""SPV_EXT_descriptor_indexing""",,,,,,,,,,,
13,"%2 = OpExtInstImport ""NonSemantic.Shader.DebugInfo.100""",,,,,,,,,,,
14,"%133 = OpExtInstImport ""GLSL.std.450""",,,,,,,,,,,
15,OpMemoryModel Logical GLSL450,,,,,,,,,,,
16,"OpEntryPoint GLCompute %gatherMain ""gatherMain"" %gpc %textures3D %storageImages3D %samplers %voxelCubemaps %gl_GlobalInvocationID",,,,,,,,,,,
17,OpExecutionMode %gatherMain LocalSize 4 4 4,,,,,,,,,,,
18,"%1 = OpString ""// Shared encoding for the voxel scatter buffers (voxelization.slang -> voxel_resolve.slang).",,,,,,,,,,,
19,//,,,,,,,,,,,
20,"// One uint per voxel per channel. The top byte is a luminance key, so InterlockedMax orders samples",,,,,,,,,,,
21,// by brightness rather than by whichever bit pattern happens to be numerically larger — the result is,,,,,,,,,,,
22,"// the brightest contributor to that voxel, independent of draw order. Zero means empty; that makes a",,,,,,,,,,,
23,"// pure-black surface indistinguishable from no surface, which is the price of not carrying a separate",,,,,,,,,,,
24,// occupancy buffer.,,,,,,,,,,,
25,module voxel;,,,,,,,,,,,
26,,,,,,,,,,,,
27,"[[vk::binding(0, 0)]] Texture3D<float4> textures3D[];",,,,,,,,,,,
28,"// Alias of common.slang's cubemaps — same binding, module-local name to avoid a collision in",,,,,,,,,,,
29,// shaders that import both modules.,,,,,,,,,,,
30,"[[vk::binding(1, 0)]] TextureCube voxelCubemaps[];",,,,,,,,,,,
31,"[[vk::binding(2, 0)]] SamplerState samplers[];",,,,,,,,,,,
32,,,,,,,,,,,,
33,"// Radiance is HDR, so it goes through Reinhard on the way in and the inverse on the way out. The",,,,,,,,,,,
34,"// volume is RGBA8 unorm, so it stores the compressed domain too — readers decode per tap. Values",,,,,,,,,,,
35,// well above ~10 compress hard — raise the knee if the scene has very bright emissives.,,,,,,,,,,,
36,public float3 voxelToneMap(float3 v)    { return v / (1.0 + v); },,,,,,,,,,,
37,"public float3 voxelToneMapInv(float3 v) { return v / max(1.0 - v, 1e-4); }",,,,,,,,,,,
38,,,,,,,,,,,,
39,public uint packVoxel(float3 color) {,,,,,,,,,,,
40,float3 c = saturate(color);,,,,,,,,,,,
41,"uint luma = (uint)(saturate(dot(c, float3(0.2126, 0.7152, 0.0722))) * 255.0 + 0.5);",,,,,,,,,,,
42,uint3 rgb = (uint3)(c * 255.0 + 0.5);,,,,,,,,,,,
43,"// Keep the key non-zero for anything that isn't pure black, so occupancy survives dim surfaces.",,,,,,,,,,,
44,if (luma == 0 && any(rgb > 0)) luma = 1;,,,,,,,,,,,
45,return (luma << 24) | (rgb.r << 16) | (rgb.g << 8) | rgb.b;,,,,,,,,,,,
46,},,,,,,,,,,,
47,,,,,,,,,,,,
48,public float3 unpackVoxel(uint packed) {,,,,,,,,,,,
49,"return float3((packed >> 16) & 0xFF, (packed >> 8) & 0xFF, packed & 0xFF) * (1.0 / 255.0);",,,,,,,,,,,
50,},,,,,,,,,,,
51,,,,,,,,,,,,
52,public bool voxelOccupied(uint packed) { return packed != 0; },,,,,,,,,,,
53,,,,,,,,,,,,
54,"// Ambient-cube face order: +X, -X, +Y, -Y, +Z, -Z. Shared by the gather pass (trace axes) and the",,,,,,,,,,,
55,// lit-shader lookup (face picked by normal sign).,,,,,,,,,,,
56,public static const float3 VOXEL_FACE_DIRS[6] = {,,,,,,,,,,,
57,"float3( 1, 0, 0), float3(-1, 0, 0),",,,,,,,,,,,
58,"float3( 0, 1, 0), float3( 0,-1, 0),",,,,,,,,,,,
59,"float3( 0, 0, 1), float3( 0, 0,-1),",,,,,,,,,,,
60,};,,,,,,,,,,,
61,,,,,,,,,,,,
62,"public float voxelLoadCoverage(uint textureIndex, uint3 coord, uint mip) {",,,,,,,,,,,
63,"return textures3D[textureIndex].Load(int4(coord, mip)).a;",,,,,,,,,,,
64,},,,,,,,,,,,
65,,,,,,,,,,,,
66,"// Voxel center in world space. Grid clip is orthographic, so w == 1 and the inverse is exact.",,,,,,,,,,,
67,"public float3 voxelCenterWorld(uint3 coord, uint resolution, float4x4 gridClipToWorld) {",,,,,,,,,,,
68,float3 uvw = (float3(coord) + 0.5) / float(resolution);,,,,,,,,,,,
69,"return mul(gridClipToWorld, float4(uvw.xy * 2.0 - 1.0, uvw.z, 1.0)).xyz;",,,,,,,,,,,
70,},,,,,,,,,,,
71,,,,,,,,,,,,
72,"public uint voxelIndex(uint3 coord, uint resolution) {",,,,,,,,,,,
73,return coord.x + resolution * (coord.y + resolution * coord.z);,,,,,,,,,,,
74,},,,,,,,,,,,
75,,,,,,,,,,,,
76,// World -> volume UVW via the grid's ortho VPM. xy is NDC so it needs the half-range remap; z is,,,,,,,,,,,
77,"// already [0,1] under orthoRH_ZO. Same mapping as gridClipToUVW in voxel_debug.slang.",,,,,,,,,,,
78,"public float3 worldToGridUVW(float3 worldPos, float4x4 worldToGridClip) {",,,,,,,,,,,
79,"float4 clip = mul(worldToGridClip, float4(worldPos, 1.0));",,,,,,,,,,,
80,float3 ndc = clip.xyz / clip.w;,,,,,,,,,,,
81,"return float3(ndc.xy * 0.5 + 0.5, ndc.z);",,,,,,,,,,,
82,},,,,,,,,,,,
83,,,,,,,,,,,,
84,// Compile-time caps for the runtime-tunable trace params (LitPass gi* fields).,,,,,,,,,,,
85,#define MAX_HEMISPHERE_RAYS 5,,,,,,,,,,,
86,#define MAX_FETCH_BATCH 8,,,,,,,,,,,
87,,,,,,,,,,,,
88,"// Crassin's cone fan: one along the normal plus up to MAX_HEMISPHERE_RAYS at 60°, ~60° aperture each.",,,,,,,,,,,
89,"// Tangent-space, z = normal. Weights are cosine-lobe-ish; renormalized at trace time by however many",,,,,,,,,,,
90,// cones actually run.,,,,,,,,,,,
91,static const float3 CONE_DIRS[MAX_HEMISPHERE_RAYS + 1] = {,,,,,,,,,,,
92,"float3( 0.0,       0.0,      1.0),",,,,,,,,,,,
93,"float3( 0.866025,  0.0,      0.5),",,,,,,,,,,,
94,"float3( 0.267617,  0.823639, 0.5),",,,,,,,,,,,
95,"float3(-0.700629,  0.509037, 0.5),",,,,,,,,,,,
96,"float3(-0.700629, -0.509037, 0.5),",,,,,,,,,,,
97,"float3( 0.267617, -0.823639, 0.5),",,,,,,,,,,,
98,};,,,,,,,,,,,
99,"static const float CONE_WEIGHTS[MAX_HEMISPHERE_RAYS + 1] = { 0.25, 0.15, 0.15, 0.15, 0.15, 0.15 };",,,,,,,,,,,
100,static const float CONE_TAN = 0.577; // tan(30°) half-angle,,,,,,,,,,,
101,,,,,,,,,,,,
102,"// Front-to-back march along one cone. The volume holds (Reinhard-compressed radiance, coverage),",,,,,,,,,,,
103,"// colour not premultiplied, so each tap decodes then composites as a * rgb. Mip follows the cone",,,,,,,,,,,
104,// diameter — that growing trilinear footprint is what stands in for integrating over the cone's,,,,,,,,,,,
105,// solid angle.,,,,,,,,,,,
106,//,,,,,,,,,,,
107,"// Fetches go out in batches of fetchBatch: tap positions depend only on dist, never on sampled",,,,,,,,,,,
108,"// data, so batching keeps several texture requests in flight instead of one serialized round-trip",,,,,,,,,,,
109,// per step (long-scoreboard stalls). A batch may overshoot the opacity break or the grid by up to,,,,,,,,,,,
110,// fetchBatch-1 taps; the sampler's transparent-black border makes those composite as no-ops.,,,,,,,,,,,
111,"// Runtime bounds mean no [unroll]; the fetch loop still has no data dependency, so requests overlap.",,,,,,,,,,,
112,"float3 traceCone(Texture3D<float4> volume, SamplerState smp, float4x4 worldToGridClip,",,,,,,,,,,,
113,"float3 origin, float3 dir, float voxelSize, float maxDist, float maxMip,",,,,,,,,,,,
114,"uint maxSteps, uint fetchBatch, uint envMapIndex, float skyIntensity) {",,,,,,,,,,,
115,"// Grid clip is orthographic (w == 1), so uvw is linear in dist — one affine ray, no per-step matrix mul.",,,,,,,,,,,
116,"float3 uvwOrigin = worldToGridUVW(origin, worldToGridClip);",,,,,,,,,,,
117,"float4 clipDir = mul(worldToGridClip, float4(dir, 0.0));",,,,,,,,,,,
118,"float3 uvwDir = float3(clipDir.xy * 0.5, clipDir.z);",,,,,,,,,,,
119,,,,,,,,,,,,
120,// Clamp the march at the grid exit (slab test) instead of bounds-checking every step.,,,,,,,,,,,
121,"float3 tFar = (step(0.0, uvwDir) - uvwOrigin) / uvwDir;",,,,,,,,,,,
122,"maxDist = min(maxDist, min(min(tFar.x, tFar.y), tFar.z));",,,,,,,,,,,
123,,,,,,,,,,,,
124,float4 acc = float4(0.0);,,,,,,,,,,,
125,float dist = voxelSize;,,,,,,,,,,,
126,for (uint i = 0; i < maxSteps / fetchBatch && dist < maxDist && acc.a < 0.99; i++) {,,,,,,,,,,,
127,float4 s[MAX_FETCH_BATCH];,,,,,,,,,,,
128,float d = dist;,,,,,,,,,,,
129,for (uint j = 0; j < fetchBatch; j++) {,,,,,,,,,,,
130,"float diameter = max(voxelSize, 2.0 * CONE_TAN * d);",,,,,,,,,,,
131,"float mip = clamp(log2(diameter / voxelSize), 0.0, maxMip);",,,,,,,,,,,
132,"s[j] = volume.SampleLevel(smp, uvwOrigin + uvwDir * d, mip);",,,,,,,,,,,
133,d += diameter; // half-diameter steps against banding,,,,,,,,,,,
134,},,,,,,,,,,,
135,for (uint j = 0; j < fetchBatch; j++) {,,,,,,,,,,,
136,acc.rgb += (1.0 - acc.a) * s[j].a * voxelToneMapInv(s[j].rgb);,,,,,,,,,,,
137,acc.a   += (1.0 - acc.a) * s[j].a;,,,,,,,,,,,
138,},,,,,,,,,,,
139,dist = d;,,,,,,,,,,,
140,},,,,,,,,,,,
141,// Whatever transmittance survives the march sees sky: sample the env map along the cone at a,,,,,,,,,,,
142,"// coarse mip standing in for the ~60° aperture. Occluded cones (acc.a ~ 1) get nothing, so this",,,,,,,,,,,
143,// is soft sky visibility for free. Assumes anything past maxDist is open sky.,,,,,,,,,,,
144,if (skyIntensity > 0.0) {,,,,,,,,,,,
145,"uint w, h, mips;",,,,,,,,,,,
146,"voxelCubemaps[envMapIndex].GetDimensions(0, w, h, mips);",,,,,,,,,,,
147,"acc.rgb += (1.0 - acc.a) * skyIntensity * voxelCubemaps[envMapIndex].SampleLevel(smp, dir, float(mips) - 2.0).rgb;",,,,,,,,,,,
148,},,,,,,,,,,,
149,return acc.rgb;,,,,,,,,,,,
150,},,,,,,,,,,,
151,,,,,,,,,,,,
152,"public float3 coneTraceVXGI(uint voxel3DTextureIndex, uint voxelSamplerIndex, float4x4 worldToGridClip,",,,,,,,,,,,
153,"uint resolution, float worldExtent, float3 worldPos, float3 N,",,,,,,,,,,,
154,"uint hemisphereRays, uint maxSteps, uint fetchBatch,",,,,,,,,,,,
155,"uint envMapIndex, float skyIntensity) {",,,,,,,,,,,
156,Texture3D<float4> volume = textures3D[voxel3DTextureIndex];,,,,,,,,,,,
157,SamplerState smp = samplers[voxelSamplerIndex];,,,,,,,,,,,
158,float voxelSize = worldExtent / resolution;,,,,,,,,,,,
159,float maxMip = log2(float(resolution));,,,,,,,,,,,
160,"uint rays  = min(hemisphereRays, uint(MAX_HEMISPHERE_RAYS));",,,,,,,,,,,
161,"uint batch = min(max(fetchBatch, 1u), uint(MAX_FETCH_BATCH));",,,,,,,,,,,
162,,,,,,,,,,,,
163,N = normalize(N);,,,,,,,,,,,
164,"float3 up = abs(N.y) < 0.99 ? float3(0.0, 1.0, 0.0) : float3(1.0, 0.0, 0.0);",,,,,,,,,,,
165,"float3 T = normalize(cross(up, N));",,,,,,,,,,,
166,"float3 B = cross(N, T);",,,,,,,,,,,
167,,,,,,,,,,,,
168,// Start clear of the surface's own voxel — sampling it reads back direct lighting and flickers.,,,,,,,,,,,
169,float3 origin = worldPos + N * (2.0 * voxelSize);,,,,,,,,,,,
170,,,,,,,,,,,,
171,// Renormalize by the weights actually used so fewer cones doesn't dim the GI.,,,,,,,,,,,
172,float3 gi = float3(0.0);,,,,,,,,,,,
173,float totalWeight = 0.0;,,,,,,,,,,,
174,for (uint i = 0; i < rays + 1; i++) {,,,,,,,,,,,
175,float3 dir = normalize(T * CONE_DIRS[i].x + B * CONE_DIRS[i].y + N * CONE_DIRS[i].z);,,,,,,,,,,,
176,"gi += CONE_WEIGHTS[i] * traceCone(volume, smp, worldToGridClip, origin, dir, voxelSize, worldExtent * 0.5, maxMip, maxSteps, batch, envMapIndex, skyIntensity);",,,,,,,,,,,
177,totalWeight += CONE_WEIGHTS[i];,,,,,,,,,,,
178,},,,,,,,,,,,
179,return gi / totalWeight;,,,,,,,,,,,
180,},,,,,,,,,,,
181,,,,,,,,,,,,
182,"// Irradiance faces store (Reinhard(irradiance) * valid, valid) — premultiplied so hardware trilinear",,,,,,,,,,,
183,// against empty black neighbours renormalizes on the divide instead of dimming. The 0.25 floor makes,,,,,,,,,,,
184,// mostly-empty neighbourhoods fade out rather than amplify unorm8 quantization noise.,,,,,,,,,,,
185,float3 decodeIrradiance(float4 s) {,,,,,,,,,,,
186,"return voxelToneMapInv(s.rgb / max(s.a, 0.25));",,,,,,,,,,,
187,},,,,,,,,,,,
188,,,,,,,,,,,,
189,"// Ambient-cube GI lookup: three trilinear taps from the sign-matching face volumes, blended by N².",,,,,,,,,,,
190,"// Sampled at the surface position, no normal offset: an offset along an axis-aligned N lands a full",,,,,,,,,,,
191,// voxel away and zeroes the valid slab's trilinear weight (black walls/floors). The surface's own,,,,,,,,,,,
192,// voxel is the right source — face selection by normal sign already separates the two sides of thin,,,,,,,,,,,
193,// geometry sharing a voxel.,,,,,,,,,,,
194,"public float3 sampleAmbientCubeGI(uint faceIndices[6], uint samplerIndex, float4x4 worldToGridClip,",,,,,,,,,,,
195,"uint resolution, float worldExtent, float3 worldPos, float3 N) {",,,,,,,,,,,
196,SamplerState smp = samplers[samplerIndex];,,,,,,,,,,,
197,N = normalize(N);,,,,,,,,,,,
198,"float3 uvw = worldToGridUVW(worldPos, worldToGridClip);",,,,,,,,,,,
199,"float3 w = N * N; // face weights, sum to 1",,,,,,,,,,,
200,uint fx = N.x < 0.0 ? 1 : 0;,,,,,,,,,,,
201,uint fy = N.y < 0.0 ? 3 : 2;,,,,,,,,,,,
202,uint fz = N.z < 0.0 ? 5 : 4;,,,,,,,,,,,
203,"return w.x * decodeIrradiance(textures3D[faceIndices[fx]].SampleLevel(smp, uvw, 0))",,,,,,,,,,,
204,"+ w.y * decodeIrradiance(textures3D[faceIndices[fy]].SampleLevel(smp, uvw, 0))",,,,,,,,,,,
205,"+ w.z * decodeIrradiance(textures3D[faceIndices[fz]].SampleLevel(smp, uvw, 0));",,,,,,,,,,,
206,},,,,,,,,,,,
207,"""",,,,,,,,,,,
208,"%5 = OpString ""C:\\Users\\vicro\\Desktop\\vulkan-renderer\\repo\\shader-forge\\shaders\\modules\\voxel.slang""",,,,,,,,,,,
209,"%11 = OpString ""// Ambient-cube gather: for each occupied voxel, cone trace the radiance volume along the six axes",,,,,,,,,,,
210,"// and store per-face irradiance, so the lit shader reads GI with three trilinear taps instead of",,,,,,,,,,,
211,"// marching cones per pixel. Faces store (Reinhard(irradiance) * valid, valid); empty voxels write",,,,,,,,,,,
212,"// zeros, so the full-grid dispatch doubles as the per-frame clear.",,,,,,,,,,,
213,//,,,,,,,,,,,
214,// The irradiance grid may be coarser than the radiance grid (both cover the same world cube). The,,,,,,,,,,,
215,// cone trace still runs at radiance resolution; only the gather positions and storage are coarse.,,,,,,,,,,,
216,import modules.voxel;,,,,,,,,,,,
217,,,,,,,,,,,,
218,struct VoxelGatherPushConstants {,,,,,,,,,,,
219,float4x4 worldToGridClip;,,,,,,,,,,,
220,float4x4 gridClipToWorld;,,,,,,,,,,,
221,uint  radianceTextureIndex;,,,,,,,,,,,
222,uint  samplerIndex;,,,,,,,,,,,
223,uint  radianceResolution;   // cone-trace grid: voxel size and mip cap,,,,,,,,,,,
224,uint  irradianceResolution; // dispatch/storage grid; divides radianceResolution,,,,,,,,,,,
225,float worldExtent;,,,,,,,,,,,
226,uint  faceStorageIndices[6]; // VOXEL_FACE_DIRS order,,,,,,,,,,,
227,uint  sideCones;,,,,,,,,,,,
228,uint  maxSteps;,,,,,,,,,,,
229,uint  fetchBatch;,,,,,,,,,,,
230,uint  skyEnvMapIndex;,,,,,,,,,,,
231,float skyIntensity; // cone-miss sky radiance scale; 0 disables,,,,,,,,,,,
232,},,,,,,,,,,,
233,,,,,,,,,,,,
234,[[vk::push_constant]] ConstantBuffer<VoxelGatherPushConstants> gpc;,,,,,,,,,,,
235,,,,,,,,,,,,
236,"[[vk::binding(4, 0)]]",,,,,,,,,,,
237,RWTexture3D<float4> storageImages3D[];,,,,,,,,,,,
238,,,,,,,,,,,,
239,"[NumThreads(4, 4, 4)]",,,,,,,,,,,
240,"[shader(\""compute\"")]",,,,,,,,,,,
241,void gatherMain(uint3 id : SV_DispatchThreadID) {,,,,,,,,,,,
242,if (any(id >= gpc.irradianceResolution)) return;,,,,,,,,,,,
243,,,,,,,,,,,,
244,// One irradiance voxel covers ratio^3 radiance voxels; its occupancy lives ratio's mip up the,,,,,,,,,,,
245,"// chain, where coverage is the partial-occupancy fraction — any nonzero child counts.",,,,,,,,,,,
246,uint ratioMip = firstbithigh(gpc.radianceResolution / gpc.irradianceResolution);,,,,,,,,,,,
247,"if (voxelLoadCoverage(gpc.radianceTextureIndex, id, ratioMip) == 0.0) {",,,,,,,,,,,
248,[unroll],,,,,,,,,,,
249,for (uint f = 0; f < 6; f++),,,,,,,,,,,
250,storageImages3D[gpc.faceStorageIndices[f]][int3(id)] = float4(0);,,,,,,,,,,,
251,return;,,,,,,,,,,,
252,},,,,,,,,,,,
253,,,,,,,,,,,,
254,"float3 worldPos = voxelCenterWorld(id, gpc.irradianceResolution, gpc.gridClipToWorld);",,,,,,,,,,,
255,for (uint f = 0; f < 6; f++) {,,,,,,,,,,,
256,"float3 irr = coneTraceVXGI(gpc.radianceTextureIndex, gpc.samplerIndex, gpc.worldToGridClip,",,,,,,,,,,,
257,"gpc.radianceResolution, gpc.worldExtent, worldPos, VOXEL_FACE_DIRS[f],",,,,,,,,,,,
258,"gpc.sideCones, gpc.maxSteps, gpc.fetchBatch,",,,,,,,,,,,
259,"gpc.skyEnvMapIndex, gpc.skyIntensity);",,,,,,,,,,,
260,"storageImages3D[gpc.faceStorageIndices[f]][int3(id)] = float4(voxelToneMap(irr), 1.0);",,,,,,,,,,,
261,},,,,,,,,,,,
262,},,,,,,,,,,,
263,"""",,,,,,,,,,,
264,"%13 = OpString ""C:\\Users\\vicro\\Desktop\\vulkan-renderer\\repo\\shader-forge\\shaders\\voxel_gather.slang""",,,,,,,,,,,
265,OpSource Slang 1,,,,,,,,,,,
266,"%35 = OpString ""gatherMain""",,,,,,,,,,,
267,"%85 = OpString ""slangc""",,,,,,,,,,,
268,"%86 = OpString ""-target spirv  -I \""C:\\VulkanSDK\\1.4.321.0\\Bin\"" -matrix-layout-column-major -fvk-use-entrypoint-name -stage compute -entry gatherMain -g2""",,,,,,,,,,,
269,"%120 = OpString ""uint""",,,,,,,,,,,
270,"%124 = OpString ""ratioMip""",,,,,,,,,,,
271,"%153 = OpString ""voxelLoadCoverage""",,,,,,,,,,,
272,"%159 = OpString ""mip""",,,,,,,,,,,
273,"%165 = OpString ""coord""",,,,,,,,,,,
274,"%170 = OpString ""textureIndex""",,,,,,,,,,,
275,"%202 = OpString ""float""",,,,,,,,,,,
276,"%205 = OpString ""worldPos""",,,,,,,,,,,
277,"%253 = OpString ""voxelCenterWorld""",,,,,,,,,,,
278,"%263 = OpString ""gridClipToWorld""",,,,,,,,,,,
279,"%267 = OpString ""resolution""",,,,,,,,,,,
280,"%278 = OpString ""uvw""",,,,,,,,,,,
281,"%307 = OpString ""f""",,,,,,,,,,,
282,"%325 = OpString ""irr""",,,,,,,,,,,
283,"%443 = OpString ""coneTraceVXGI""",,,,,,,,,,,
284,"%472 = OpString ""skyIntensity""",,,,,,,,,,,
285,"%476 = OpString ""envMapIndex""",,,,,,,,,,,
286,"%480 = OpString ""fetchBatch""",,,,,,,,,,,
287,"%484 = OpString ""maxSteps""",,,,,,,,,,,
288,"%488 = OpString ""hemisphereRays""",,,,,,,,,,,
289,"%493 = OpString ""N""",,,,,,,,,,,
290,"%501 = OpString ""worldExtent""",,,,,,,,,,,
291,"%508 = OpString ""worldToGridClip""",,,,,,,,,,,
292,"%512 = OpString ""voxelSamplerIndex""",,,,,,,,,,,
293,"%516 = OpString ""voxel3DTextureIndex""",,,,,,,,,,,
294,"%534 = OpString ""voxelSize""",,,,,,,,,,,
295,"%542 = OpString ""maxMip""",,,,,,,,,,,
296,"%549 = OpString ""rays""",,,,,,,,,,,
297,"%556 = OpString ""batch""",,,,,,,,,,,
298,"%567 = OpString ""up""",,,,,,,,,,,
299,"%585 = OpString ""T""",,,,,,,,,,,
300,"%594 = OpString ""B""",,,,,,,,,,,
301,"%601 = OpString ""origin""",,,,,,,,,,,
302,"%610 = OpString ""gi""",,,,,,,,,,,
303,"%617 = OpString ""totalWeight""",,,,,,,,,,,
304,"%624 = OpString ""i""",,,,,,,,,,,
305,"%648 = OpString ""dir""",,,,,,,,,,,
306,"%748 = OpString ""traceCone""",,,,,,,,,,,
307,"%839 = OpString ""maxDist""",,,,,,,,,,,
308,"%859 = OpString ""uvwOrigin""",,,,,,,,,,,
309,"%873 = OpString ""worldToGridUVW""",,,,,,,,,,,
310,"%888 = OpString ""clip""",,,,,,,,,,,
311,"%896 = OpString ""ndc""",,,,,,,,,,,
312,"%915 = OpString ""clipDir""",,,,,,,,,,,
313,"%923 = OpString ""uvwDir""",,,,,,,,,,,
314,"%933 = OpString ""tFar""",,,,,,,,,,,
315,"%951 = OpString ""acc""",,,,,,,,,,,
316,"%959 = OpString ""dist""",,,,,,,,,,,
317,"%1010 = OpString ""w""",,,,,,,,,,,
318,"%1013 = OpString ""h""",,,,,,,,,,,
319,"%1017 = OpString ""mips""",,,,,,,,,,,
320,"%1083 = OpString ""s""",,,,,,,,,,,
321,"%1088 = OpString ""d""",,,,,,,,,,,
322,"%1096 = OpString ""j""",,,,,,,,,,,
323,"%1158 = OpString ""voxelToneMapInv""",,,,,,,,,,,
324,"%1162 = OpString ""v""",,,,,,,,,,,
325,"%1214 = OpString ""diameter""",,,,,,,,,,,
326,"%1303 = OpString ""voxelToneMap""",,,,,,,,,,,
327,"OpName %f ""f""",,,,,,,,,,,
328,"OpName %f ""f""",,,,,,,,,,,
329,"OpName %f ""f""",,,,,,,,,,,
330,"OpName %_MatrixStorage_float4x4_ColMajorstd430 ""_MatrixStorage_float4x4_ColMajorstd430""",,,,,,,,,,,
331,"OpMemberName %_MatrixStorage_float4x4_ColMajorstd430 0 ""data""",,,,,,,,,,,
332,"OpName %_Array_std430_uint6 ""_Array_std430_uint6""",,,,,,,,,,,
333,"OpMemberName %_Array_std430_uint6 0 ""data""",,,,,,,,,,,
334,"OpName %VoxelGatherPushConstants_std430 ""VoxelGatherPushConstants_std430""",,,,,,,,,,,
335,"OpMemberName %VoxelGatherPushConstants_std430 0 ""worldToGridClip""",,,,,,,,,,,
336,"OpMemberName %VoxelGatherPushConstants_std430 1 ""gridClipToWorld""",,,,,,,,,,,
337,"OpMemberName %VoxelGatherPushConstants_std430 2 ""radianceTextureIndex""",,,,,,,,,,,
338,"OpMemberName %VoxelGatherPushConstants_std430 3 ""samplerIndex""",,,,,,,,,,,
339,"OpMemberName %VoxelGatherPushConstants_std430 4 ""radianceResolution""",,,,,,,,,,,
340,"OpMemberName %VoxelGatherPushConstants_std430 5 ""irradianceResolution""",,,,,,,,,,,
341,"OpMemberName %VoxelGatherPushConstants_std430 6 ""worldExtent""",,,,,,,,,,,
342,"OpMemberName %VoxelGatherPushConstants_std430 7 ""faceStorageIndices""",,,,,,,,,,,
343,"OpMemberName %VoxelGatherPushConstants_std430 8 ""sideCones""",,,,,,,,,,,
344,"OpMemberName %VoxelGatherPushConstants_std430 9 ""maxSteps""",,,,,,,,,,,
345,"OpMemberName %VoxelGatherPushConstants_std430 10 ""fetchBatch""",,,,,,,,,,,
346,"OpMemberName %VoxelGatherPushConstants_std430 11 ""skyEnvMapIndex""",,,,,,,,,,,
347,"OpMemberName %VoxelGatherPushConstants_std430 12 ""skyIntensity""",,,,,,,,,,,
348,"OpName %gpc ""gpc""",,,,,,,,,,,
349,"OpName %ratioMip ""ratioMip""",,,,,,,,,,,
350,"OpName %mip ""mip""",,,,,,,,,,,
351,"OpName %coord ""coord""",,,,,,,,,,,
352,"OpName %textureIndex ""textureIndex""",,,,,,,,,,,
353,"OpName %textures3D ""textures3D""",,,,,,,,,,,
354,"OpName %worldPos ""worldPos""",,,,,,,,,,,
355,"OpName %gridClipToWorld ""gridClipToWorld""",,,,,,,,,,,
356,"OpName %resolution ""resolution""",,,,,,,,,,,
357,"OpName %coord_0 ""coord""",,,,,,,,,,,
358,"OpName %uvw ""uvw""",,,,,,,,,,,
359,"OpName %f_0 ""f""",,,,,,,,,,,
360,"OpName %irr ""irr""",,,,,,,,,,,
361,"OpName %skyIntensity ""skyIntensity""",,,,,,,,,,,
362,"OpName %envMapIndex ""envMapIndex""",,,,,,,,,,,
363,"OpName %fetchBatch ""fetchBatch""",,,,,,,,,,,
364,"OpName %maxSteps ""maxSteps""",,,,,,,,,,,
365,"OpName %hemisphereRays ""hemisphereRays""",,,,,,,,,,,
366,"OpName %N ""N""",,,,,,,,,,,
367,"OpName %worldPos_0 ""worldPos""",,,,,,,,,,,
368,"OpName %worldExtent ""worldExtent""",,,,,,,,,,,
369,"OpName %resolution_0 ""resolution""",,,,,,,,,,,
370,"OpName %worldToGridClip ""worldToGridClip""",,,,,,,,,,,
371,"OpName %voxelSamplerIndex ""voxelSamplerIndex""",,,,,,,,,,,
372,"OpName %voxel3DTextureIndex ""voxel3DTextureIndex""",,,,,,,,,,,
373,"OpName %samplers ""samplers""",,,,,,,,,,,
374,"OpName %voxelSize ""voxelSize""",,,,,,,,,,,
375,"OpName %maxMip ""maxMip""",,,,,,,,,,,
376,"OpName %rays ""rays""",,,,,,,,,,,
377,"OpName %batch ""batch""",,,,,,,,,,,
378,"OpName %up ""up""",,,,,,,,,,,
379,"OpName %T ""T""",,,,,,,,,,,
380,"OpName %B ""B""",,,,,,,,,,,
381,"OpName %origin ""origin""",,,,,,,,,,,
382,"OpName %gi ""gi""",,,,,,,,,,,
383,"OpName %totalWeight ""totalWeight""",,,,,,,,,,,
384,"OpName %i ""i""",,,,,,,,,,,
385,"OpName %dir ""dir""",,,,,,,,,,,
386,"OpName %skyIntensity_0 ""skyIntensity""",,,,,,,,,,,
387,"OpName %envMapIndex_0 ""envMapIndex""",,,,,,,,,,,
388,"OpName %fetchBatch_0 ""fetchBatch""",,,,,,,,,,,
389,"OpName %maxSteps_0 ""maxSteps""",,,,,,,,,,,
390,"OpName %maxMip_0 ""maxMip""",,,,,,,,,,,
391,"OpName %maxDist ""maxDist""",,,,,,,,,,,
392,"OpName %voxelSize_0 ""voxelSize""",,,,,,,,,,,
393,"OpName %dir_0 ""dir""",,,,,,,,,,,
394,"OpName %origin_0 ""origin""",,,,,,,,,,,
395,"OpName %worldToGridClip_0 ""worldToGridClip""",,,,,,,,,,,
396,"OpName %uvwOrigin ""uvwOrigin""",,,,,,,,,,,
397,"OpName %worldToGridClip_1 ""worldToGridClip""",,,,,,,,,,,
398,"OpName %worldPos_1 ""worldPos""",,,,,,,,,,,
399,"OpName %clip ""clip""",,,,,,,,,,,
400,"OpName %ndc ""ndc""",,,,,,,,,,,
401,"OpName %clipDir ""clipDir""",,,,,,,,,,,
402,"OpName %uvwDir ""uvwDir""",,,,,,,,,,,
403,"OpName %tFar ""tFar""",,,,,,,,,,,
404,"OpName %acc ""acc""",,,,,,,,,,,
405,"OpName %dist ""dist""",,,,,,,,,,,
406,"OpName %i_0 ""i""",,,,,,,,,,,
407,"OpName %w ""w""",,,,,,,,,,,
408,"OpName %h ""h""",,,,,,,,,,,
409,"OpName %mips ""mips""",,,,,,,,,,,
410,"OpName %voxelCubemaps ""voxelCubemaps""",,,,,,,,,,,
411,"OpName %s ""s""",,,,,,,,,,,
412,"OpName %d ""d""",,,,,,,,,,,
413,"OpName %j ""j""",,,,,,,,,,,
414,"OpName %j_0 ""j""",,,,,,,,,,,
415,"OpName %v ""v""",,,,,,,,,,,
416,"OpName %diameter ""diameter""",,,,,,,,,,,
417,"OpName %mip_0 ""mip""",,,,,,,,,,,
418,"OpName %storageImages3D ""storageImages3D""",,,,,,,,,,,
419,"OpName %v_0 ""v""",,,,,,,,,,,
420,"OpName %f_1 ""f""",,,,,,,,,,,
421,"OpName %f_2 ""f""",,,,,,,,,,,
422,"OpName %f_3 ""f""",,,,,,,,,,,
423,"OpName %gatherMain ""gatherMain""",,,,,,,,,,,
424,OpDecorate %gl_GlobalInvocationID BuiltIn GlobalInvocationId,,,,,,,,,,,
425,OpDecorate %_arr_v4float_int_4 ArrayStride 16,,,,,,,,,,,
426,OpMemberDecorate %_MatrixStorage_float4x4_ColMajorstd430 0 Offset 0,,,,,,,,,,,
427,OpDecorate %_arr_uint_int_6 ArrayStride 4,,,,,,,,,,,
428,OpMemberDecorate %_Array_std430_uint6 0 Offset 0,,,,,,,,,,,
429,OpDecorate %VoxelGatherPushConstants_std430 Block,,,,,,,,,,,
430,OpMemberDecorate %VoxelGatherPushConstants_std430 0 Offset 0,,,,,,,,,,,
431,OpMemberDecorate %VoxelGatherPushConstants_std430 1 Offset 64,,,,,,,,,,,
432,OpMemberDecorate %VoxelGatherPushConstants_std430 2 Offset 128,,,,,,,,,,,
433,OpMemberDecorate %VoxelGatherPushConstants_std430 3 Offset 132,,,,,,,,,,,
434,OpMemberDecorate %VoxelGatherPushConstants_std430 4 Offset 136,,,,,,,,,,,
435,OpMemberDecorate %VoxelGatherPushConstants_std430 5 Offset 140,,,,,,,,,,,
436,OpMemberDecorate %VoxelGatherPushConstants_std430 6 Offset 144,,,,,,,,,,,
437,OpMemberDecorate %VoxelGatherPushConstants_std430 7 Offset 148,,,,,,,,,,,
438,OpMemberDecorate %VoxelGatherPushConstants_std430 8 Offset 172,,,,,,,,,,,
439,OpMemberDecorate %VoxelGatherPushConstants_std430 9 Offset 176,,,,,,,,,,,
440,OpMemberDecorate %VoxelGatherPushConstants_std430 10 Offset 180,,,,,,,,,,,
441,OpMemberDecorate %VoxelGatherPushConstants_std430 11 Offset 184,,,,,,,,,,,
442,OpMemberDecorate %VoxelGatherPushConstants_std430 12 Offset 188,,,,,,,,,,,
443,OpDecorate %_runtimearr_178 ArrayStride 8,,,,,,,,,,,
444,OpDecorate %textures3D Binding 0,,,,,,,,,,,
445,OpDecorate %textures3D DescriptorSet 0,,,,,,,,,,,
446,OpDecorate %_runtimearr_526 ArrayStride 8,,,,,,,,,,,
447,OpDecorate %samplers Binding 2,,,,,,,,,,,
448,OpDecorate %samplers DescriptorSet 0,,,,,,,,,,,
449,OpDecorate %_runtimearr_1023 ArrayStride 8,,,,,,,,,,,
450,OpDecorate %voxelCubemaps Binding 1,,,,,,,,,,,
451,OpDecorate %voxelCubemaps DescriptorSet 0,,,,,,,,,,,
452,OpDecorate %_runtimearr_1290 ArrayStride 8,,,,,,,,,,,
453,OpDecorate %storageImages3D Binding 4,,,,,,,,,,,
454,OpDecorate %storageImages3D DescriptorSet 0,,,,,,,,,,,
455,%void = OpTypeVoid,,,,,,,,,,,
456,%uint = OpTypeInt 32 0,,,,,,,,,,,
457,%uint_11 = OpConstant %uint 11,,,,,,,,,,,
458,%uint_5 = OpConstant %uint 5,,,,,,,,,,,
459,%uint_100 = OpConstant %uint 100,,,,,,,,,,,
460,%15 = OpTypeFunction %void,,,,,,,,,,,
461,%_ptr_Function_uint = OpTypePointer Function %uint,,,,,,,,,,,
462,%float = OpTypeFloat 32,,,,,,,,,,,
463,%v3float = OpTypeVector %float 3,,,,,,,,,,,
464,%_ptr_Function_v3float = OpTypePointer Function %v3float,,,,,,,,,,,
465,%int = OpTypeInt 32 1,,,,,,,,,,,
466,%int_6 = OpConstant %int 6,,,,,,,,,,,
467,%_arr_v3float_int_6 = OpTypeArray %v3float %int_6,,,,,,,,,,,
468,%_ptr_Function__arr_v3float_int_6 = OpTypePointer Function %_arr_v3float_int_6,,,,,,,,,,,
469,%uint_0 = OpConstant %uint 0,,,,,,,,,,,
470,%uint_33 = OpConstant %uint 33,,,,,,,,,,,
471,%uint_6 = OpConstant %uint 6,,,,,,,,,,,
472,%v3uint = OpTypeVector %uint 3,,,,,,,,,,,
473,%_ptr_Input_v3uint = OpTypePointer Input %v3uint,,,,,,,,,,,
474,%uint_34 = OpConstant %uint 34,,,,,,,,,,,
475,%v4float = OpTypeVector %float 4,,,,,,,,,,,
476,%int_4 = OpConstant %int 4,,,,,,,,,,,
477,%_arr_v4float_int_4 = OpTypeArray %v4float %int_4,,,,,,,,,,,
478,%_MatrixStorage_float4x4_ColMajorstd430 = OpTypeStruct %_arr_v4float_int_4,,,,,,,,,,,
479,%_arr_uint_int_6 = OpTypeArray %uint %int_6,,,,,,,,,,,
480,%_Array_std430_uint6 = OpTypeStruct %_arr_uint_int_6,,,,,,,,,,,
481,%VoxelGatherPushConstants_std430 = OpTypeStruct %_MatrixStorage_float4x4_ColMajorstd430 %_MatrixStorage_float4x4_ColMajorstd430 %uint %uint %uint %uint %float %_Array_std430_uint6 %uint %uint %uint %uint %float,,,,,,,,,,,
482,%_ptr_PushConstant_VoxelGatherPushConstants_std430 = OpTypePointer PushConstant %VoxelGatherPushConstants_std430,,,,,,,,,,,
483,%int_5 = OpConstant %int 5,,,,,,,,,,,
484,%_ptr_PushConstant_uint = OpTypePointer PushConstant %uint,,,,,,,,,,,
485,%bool = OpTypeBool,,,,,,,,,,,
486,%v3bool = OpTypeVector %bool 3,,,,,,,,,,,
487,%uint_12 = OpConstant %uint 12,,,,,,,,,,,
488,%uint_13 = OpConstant %uint 13,,,,,,,,,,,
489,%uint_38 = OpConstant %uint 38,,,,,,,,,,,
490,%uint_32 = OpConstant %uint 32,,,,,,,,,,,
491,%uint_131072 = OpConstant %uint 131072,,,,,,,,,,,
492,%uint_10 = OpConstant %uint 10,,,,,,,,,,,
493,%uint_39 = OpConstant %uint 39,,,,,,,,,,,
494,%int_2 = OpConstant %int 2,,,,,,,,,,,
495,%_ptr_Function_v3uint = OpTypePointer Function %v3uint,,,,,,,,,,,
496,%uint_45 = OpConstant %uint 45,,,,,,,,,,,
497,%uint_14 = OpConstant %uint 14,,,,,,,,,,,
498,%uint_3 = OpConstant %uint 3,,,,,,,,,,,
499,%uint_2 = OpConstant %uint 2,,,,,,,,,,,
500,%uint_1 = OpConstant %uint 1,,,,,,,,,,,
501,%uint_46 = OpConstant %uint 46,,,,,,,,,,,
502,%178 = OpTypeImage %float 3D 2 0 0 1 Unknown,,,,,,,,,,,
503,%_runtimearr_178 = OpTypeRuntimeArray %178,,,,,,,,,,,
504,%_ptr_UniformConstant__runtimearr_178 = OpTypePointer UniformConstant %_runtimearr_178,,,,,,,,,,,
505,%_ptr_UniformConstant_178 = OpTypePointer UniformConstant %178,,,,,,,,,,,
506,%v3int = OpTypeVector %int 3,,,,,,,,,,,
507,%v4int = OpTypeVector %int 4,,,,,,,,,,,
508,%float_0 = OpConstant %float 0,,,,,,,,,,,
509,%uint_67 = OpConstant %uint 67,,,,,,,,,,,
510,%uint_68 = OpConstant %uint 68,,,,,,,,,,,
511,%int_1 = OpConstant %int 1,,,,,,,,,,,
512,%_ptr_PushConstant__MatrixStorage_float4x4_ColMajorstd430 = OpTypePointer PushConstant %_MatrixStorage_float4x4_ColMajorstd430,,,,,,,,,,,
513,%mat4v4float = OpTypeMatrix %v4float 4,,,,,,,,,,,
514,%_ptr_Function_mat4v4float = OpTypePointer Function %mat4v4float,,,,,,,,,,,
515,%uint_50 = OpConstant %uint 50,,,,,,,,,,,
516,%uint_15 = OpConstant %uint 15,,,,,,,,,,,
517,%uint_4 = OpConstant %uint 4,,,,,,,,,,,
518,%true = OpConstantTrue %bool,,,,,,,,,,,
519,%uint_51 = OpConstant %uint 51,,,,,,,,,,,
520,%float_0_5 = OpConstant %float 0.5,,,,,,,,,,,
521,%uint_52 = OpConstant %uint 52,,,,,,,,,,,
522,%v2float = OpTypeVector %float 2,,,,,,,,,,,
523,%float_2 = OpConstant %float 2,,,,,,,,,,,
524,%float_1 = OpConstant %float 1,,,,,,,,,,,
525,%uint_47 = OpConstant %uint 47,,,,,,,,,,,
526,%uint_24 = OpConstant %uint 24,,,,,,,,,,,
527,%uint_25 = OpConstant %uint 25,,,,,,,,,,,
528,%uint_48 = OpConstant %uint 48,,,,,,,,,,,
529,%uint_9 = OpConstant %uint 9,,,,,,,,,,,
530,%uint_16 = OpConstant %uint 16,,,,,,,,,,,
531,%int_3 = OpConstant %int 3,,,,,,,,,,,
532,%int_0 = OpConstant %int 0,,,,,,,,,,,
533,%_ptr_PushConstant_float = OpTypePointer PushConstant %float,,,,,,,,,,,
534,%367 = OpConstantComposite %v3float %float_1 %float_0 %float_0,,,,,,,,,,,
535,%float_n1 = OpConstant %float -1,,,,,,,,,,,
536,%368 = OpConstantComposite %v3float %float_n1 %float_0 %float_0,,,,,,,,,,,
537,%370 = OpConstantComposite %v3float %float_0 %float_1 %float_0,,,,,,,,,,,
538,%371 = OpConstantComposite %v3float %float_0 %float_n1 %float_0,,,,,,,,,,,
539,%372 = OpConstantComposite %v3float %float_0 %float_0 %float_1,,,,,,,,,,,
540,%373 = OpConstantComposite %v3float %float_0 %float_0 %float_n1,,,,,,,,,,,
541,%366 = OpConstantComposite %_arr_v3float_int_6 %367 %368 %370 %371 %372 %373,,,,,,,,,,,
542,%int_8 = OpConstant %int 8,,,,,,,,,,,
543,%int_9 = OpConstant %int 9,,,,,,,,,,,
544,%int_10 = OpConstant %int 10,,,,,,,,,,,
545,%int_11 = OpConstant %int 11,,,,,,,,,,,
546,%int_12 = OpConstant %int 12,,,,,,,,,,,
547,%_ptr_Function_float = OpTypePointer Function %float,,,,,,,,,,,
548,%_arr_float_int_6 = OpTypeArray %float %int_6,,,,,,,,,,,
549,%_ptr_Function__arr_float_int_6 = OpTypePointer Function %_arr_float_int_6,,,,,,,,,,,
550,%uint_135 = OpConstant %uint 135,,,,,,,,,,,
551,%uint_8 = OpConstant %uint 8,,,,,,,,,,,
552,%uint_7 = OpConstant %uint 7,,,,,,,,,,,
553,%uint_139 = OpConstant %uint 139,,,,,,,,,,,
554,%uint_140 = OpConstant %uint 140,,,,,,,,,,,
555,%526 = OpTypeSampler,,,,,,,,,,,
556,%_runtimearr_526 = OpTypeRuntimeArray %526,,,,,,,,,,,
557,%_ptr_UniformConstant__runtimearr_526 = OpTypePointer UniformConstant %_runtimearr_526,,,,,,,,,,,
558,%_ptr_UniformConstant_526 = OpTypePointer UniformConstant %526,,,,,,,,,,,
559,%uint_141 = OpConstant %uint 141,,,,,,,,,,,
560,%uint_142 = OpConstant %uint 142,,,,,,,,,,,
561,%uint_143 = OpConstant %uint 143,,,,,,,,,,,
562,%uint_144 = OpConstant %uint 144,,,,,,,,,,,
563,%uint_146 = OpConstant %uint 146,,,,,,,,,,,
564,%uint_147 = OpConstant %uint 147,,,,,,,,,,,
565,%float_0_99000001 = OpConstant %float 0.99000001,,,,,,,,,,,
566,%574 = OpConstantComposite %v3float %float_1 %float_0 %float_0,,,,,,,,,,,
567,%577 = OpConstantComposite %v3float %float_0 %float_1 %float_0,,,,,,,,,,,
568,%uint_148 = OpConstant %uint 148,,,,,,,,,,,
569,%uint_149 = OpConstant %uint 149,,,,,,,,,,,
570,%uint_152 = OpConstant %uint 152,,,,,,,,,,,
571,%uint_155 = OpConstant %uint 155,,,,,,,,,,,
572,%612 = OpConstantComposite %v3float %float_0 %float_0 %float_0,,,,,,,,,,,
573,%uint_156 = OpConstant %uint 156,,,,,,,,,,,
574,%uint_157 = OpConstant %uint 157,,,,,,,,,,,
575,%uint_162 = OpConstant %uint 162,,,,,,,,,,,
576,%uint_158 = OpConstant %uint 158,,,,,,,,,,,
577,%652 = OpConstantComposite %v3float %float_0 %float_0 %float_1,,,,,,,,,,,
578,%float_0_866024971 = OpConstant %float 0.866024971,,,,,,,,,,,
579,%653 = OpConstantComposite %v3float %float_0_866024971 %float_0 %float_0_5,,,,,,,,,,,
580,%float_0_267616987 = OpConstant %float 0.267616987,,,,,,,,,,,
581,%float_0_823638976 = OpConstant %float 0.823638976,,,,,,,,,,,
582,%655 = OpConstantComposite %v3float %float_0_267616987 %float_0_823638976 %float_0_5,,,,,,,,,,,
583,%float_n0_700628996 = OpConstant %float -0.700628996,,,,,,,,,,,
584,%float_0_509037018 = OpConstant %float 0.509037018,,,,,,,,,,,
585,%658 = OpConstantComposite %v3float %float_n0_700628996 %float_0_509037018 %float_0_5,,,,,,,,,,,
586,%float_n0_509037018 = OpConstant %float -0.509037018,,,,,,,,,,,
587,%661 = OpConstantComposite %v3float %float_n0_700628996 %float_n0_509037018 %float_0_5,,,,,,,,,,,
588,%float_n0_823638976 = OpConstant %float -0.823638976,,,,,,,,,,,
589,%663 = OpConstantComposite %v3float %float_0_267616987 %float_n0_823638976 %float_0_5,,,,,,,,,,,
590,%651 = OpConstantComposite %_arr_v3float_int_6 %652 %653 %655 %658 %661 %663,,,,,,,,,,,
591,%uint_159 = OpConstant %uint 159,,,,,,,,,,,
592,%float_0_25 = OpConstant %float 0.25,,,,,,,,,,,
593,%float_0_150000006 = OpConstant %float 0.150000006,,,,,,,,,,,
594,%681 = OpConstantComposite %_arr_float_int_6 %float_0_25 %float_0_150000006 %float_0_150000006 %float_0_150000006 %float_0_150000006 %float_0_150000006,,,,,,,,,,,
595,%_ptr_Function_v4float = OpTypePointer Function %v4float,,,,,,,,,,,
596,%_ptr_Function_bool = OpTypePointer Function %bool,,,,,,,,,,,
597,%_arr_v4float_int_8 = OpTypeArray %v4float %int_8,,,,,,,,,,,
598,%_ptr_Function__arr_v4float_int_8 = OpTypePointer Function %_arr_v4float_int_8,,,,,,,,,,,
599,%uint_95 = OpConstant %uint 95,,,,,,,,,,,
600,%uint_99 = OpConstant %uint 99,,,,,,,,,,,
601,%uint_61 = OpConstant %uint 61,,,,,,,,,,,
602,%uint_62 = OpConstant %uint 62,,,,,,,,,,,
603,%uint_63 = OpConstant %uint 63,,,,,,,,,,,
604,%uint_64 = OpConstant %uint 64,,,,,,,,,,,
605,%uint_101 = OpConstant %uint 101,,,,,,,,,,,
606,%uint_104 = OpConstant %uint 104,,,,,,,,,,,
607,%936 = OpConstantComposite %v3float %float_0 %float_0 %float_0,,,,,,,,,,,
608,%uint_105 = OpConstant %uint 105,,,,,,,,,,,
609,%uint_107 = OpConstant %uint 107,,,,,,,,,,,
610,%953 = OpConstantComposite %v4float %float_0 %float_0 %float_0 %float_0,,,,,,,,,,,
611,%uint_108 = OpConstant %uint 108,,,,,,,,,,,
612,%uint_109 = OpConstant %uint 109,,,,,,,,,,,
613,%uint_66 = OpConstant %uint 66,,,,,,,,,,,
614,%false = OpConstantFalse %bool,,,,,,,,,,,
615,%uint_49 = OpConstant %uint 49,,,,,,,,,,,
616,%uint_127 = OpConstant %uint 127,,,,,,,,,,,
617,%uint_22 = OpConstant %uint 22,,,,,,,,,,,
618,%uint_23 = OpConstant %uint 23,,,,,,,,,,,
619,%uint_128 = OpConstant %uint 128,,,,,,,,,,,
620,%uint_17 = OpConstant %uint 17,,,,,,,,,,,
621,%uint_20 = OpConstant %uint 20,,,,,,,,,,,
622,%uint_129 = OpConstant %uint 129,,,,,,,,,,,
623,%1023 = OpTypeImage %float Cube 2 0 0 1 Unknown,,,,,,,,,,,
624,%_runtimearr_1023 = OpTypeRuntimeArray %1023,,,,,,,,,,,
625,%_ptr_UniformConstant__runtimearr_1023 = OpTypePointer UniformConstant %_runtimearr_1023,,,,,,,,,,,
626,%_ptr_UniformConstant_1023 = OpTypePointer UniformConstant %1023,,,,,,,,,,,
627,%v2uint = OpTypeVector %uint 2,,,,,,,,,,,
628,%uint_130 = OpConstant %uint 130,,,,,,,,,,,
629,%1055 = OpTypeSampledImage %1023,,,,,,,,,,,
630,%uint_132 = OpConstant %uint 132,,,,,,,,,,,
631,%uint_110 = OpConstant %uint 110,,,,,,,,,,,
632,%uint_111 = OpConstant %uint 111,,,,,,,,,,,
633,%uint_112 = OpConstant %uint 112,,,,,,,,,,,
634,%uint_19 = OpConstant %uint 19,,,,,,,,,,,
635,%uint_28 = OpConstant %uint 28,,,,,,,,,,,
636,%uint_29 = OpConstant %uint 29,,,,,,,,,,,
637,%uint_118 = OpConstant %uint 118,,,,,,,,,,,
638,%uint_122 = OpConstant %uint 122,,,,,,,,,,,
639,%uint_84 = OpConstant %uint 84,,,,,,,,,,,
640,%uint_85 = OpConstant %uint 85,,,,,,,,,,,
641,%uint_119 = OpConstant %uint 119,,,,,,,,,,,
642,%uint_43 = OpConstant %uint 43,,,,,,,,,,,
643,%uint_44 = OpConstant %uint 44,,,,,,,,,,,
644,%float_9_99999975en05 = OpConstant %float 9.99999975e-05,,,,,,,,,,,
645,%1172 = OpConstantComposite %v3float %float_9_99999975en05 %float_9_99999975en05 %float_9_99999975en05,,,,,,,,,,,
646,%uint_120 = OpConstant %uint 120,,,,,,,,,,,
647,%uint_113 = OpConstant %uint 113,,,,,,,,,,,
648,%float_1_15400004 = OpConstant %float 1.15400004,,,,,,,,,,,
649,%uint_114 = OpConstant %uint 114,,,,,,,,,,,
650,%uint_115 = OpConstant %uint 115,,,,,,,,,,,
651,%1237 = OpTypeSampledImage %178,,,,,,,,,,,
652,%uint_116 = OpConstant %uint 116,,,,,,,,,,,
653,%uint_160 = OpConstant %uint 160,,,,,,,,,,,
654,%uint_37 = OpConstant %uint 37,,,,,,,,,,,
655,%int_7 = OpConstant %int 7,,,,,,,,,,,
656,%_ptr_PushConstant__Array_std430_uint6 = OpTypePointer PushConstant %_Array_std430_uint6,,,,,,,,,,,
657,%_ptr_PushConstant__arr_uint_int_6 = OpTypePointer PushConstant %_arr_uint_int_6,,,,,,,,,,,
658,%1290 = OpTypeImage %float 3D 2 0 0 2 Unknown,,,,,,,,,,,
659,%_runtimearr_1290 = OpTypeRuntimeArray %1290,,,,,,,,,,,
660,%_ptr_UniformConstant__runtimearr_1290 = OpTypePointer UniformConstant %_runtimearr_1290,,,,,,,,,,,
661,%_ptr_UniformConstant_1290 = OpTypePointer UniformConstant %1290,,,,,,,,,,,
662,%uint_30 = OpConstant %uint 30,,,,,,,,,,,
663,%uint_31 = OpConstant %uint 31,,,,,,,,,,,
664,%uint_40 = OpConstant %uint 40,,,,,,,,,,,
665,%uint_41 = OpConstant %uint 41,,,,,,,,,,,
666,%uint_42 = OpConstant %uint 42,,,,,,,,,,,
667,%uint_35 = OpConstant %uint 35,,,,,,,,,,,
668,%gl_GlobalInvocationID = OpVariable %_ptr_Input_v3uint Input,,,,,,,,,,,
669,%gpc = OpVariable %_ptr_PushConstant_VoxelGatherPushConstants_std430 PushConstant,,,,,,,,,,,
670,%textures3D = OpVariable %_ptr_UniformConstant__runtimearr_178 UniformConstant,,,,,,,,,,,
671,%samplers = OpVariable %_ptr_UniformConstant__runtimearr_526 UniformConstant,,,,,,,,,,,
672,%voxelCubemaps = OpVariable %_ptr_UniformConstant__runtimearr_1023 UniformConstant,,,,,,,,,,,
673,%storageImages3D = OpVariable %_ptr_UniformConstant__runtimearr_1290 UniformConstant,,,,,,,,,,,
674,%2696 = OpConstantComposite %v3float %float_0_5 %float_0_5 %float_0_5,,,,,,,,,,,
675,%2697 = OpConstantComposite %v2float %float_1 %float_1,,,,,,,,,,,
676,%2698 = OpConstantComposite %v2float %float_0_5 %float_0_5,,,,,,,,,,,
677,%2699 = OpConstantComposite %v3float %float_1 %float_1 %float_1,,,,,,,,,,,
678,%126 = OpExtInst %void %2 DebugExpression,,,,,,,,,,,
679,%4 = OpExtInst %void %2 DebugSource %5 %1,,,,,,,,,,,
680,%10 = OpExtInst %void %2 DebugCompilationUnit %uint_100 %uint_5 %4 %uint_11,,,,,,,,,,,
681,%12 = OpExtInst %void %2 DebugSource %13 %11,,,,,,,,,,,
682,%32 = OpExtInst %void %2 DebugTypeFunction %uint_0 %void,,,,,,,,,,,
683,%34 = OpExtInst %void %2 DebugFunction %35 %32 %12 %uint_33 %uint_6 %10 %35 %uint_0 %uint_33,,,,,,,,,,,
684,%84 = OpExtInst %void %2 DebugEntryPoint %34 %10 %85 %86,,,,,,,,,,,
685,%119 = OpExtInst %void %2 DebugTypeBasic %120 %uint_32 %uint_6 %uint_131072,,,,,,,,,,,
686,%ratioMip = OpExtInst %void %2 DebugLocalVariable %124 %119 %12 %uint_38 %uint_10 %34 %uint_0,,,,,,,,,,,
687,%151 = OpExtInst %void %2 DebugTypeFunction %uint_0 %void,,,,,,,,,,,
688,%152 = OpExtInst %void %2 DebugFunction %153 %151 %4 %uint_45 %uint_14 %10 %153 %uint_0 %uint_45,,,,,,,,,,,
689,%mip = OpExtInst %void %2 DebugLocalVariable %159 %119 %4 %uint_45 %uint_14 %152 %uint_0 %uint_3,,,,,,,,,,,
690,%163 = OpExtInst %void %2 DebugTypeVector %119 %uint_3,,,,,,,,,,,
691,%coord = OpExtInst %void %2 DebugLocalVariable %165 %163 %4 %uint_45 %uint_14 %152 %uint_0 %uint_2,,,,,,,,,,,
692,%textureIndex = OpExtInst %void %2 DebugLocalVariable %170 %119 %4 %uint_45 %uint_14 %152 %uint_0 %uint_1,,,,,,,,,,,
693,%201 = OpExtInst %void %2 DebugTypeBasic %202 %uint_32 %uint_3 %uint_131072,,,,,,,,,,,
694,%203 = OpExtInst %void %2 DebugTypeVector %201 %uint_3,,,,,,,,,,,
695,%worldPos = OpExtInst %void %2 DebugLocalVariable %205 %203 %12 %uint_46 %uint_12 %34 %uint_0,,,,,,,,,,,
696,%251 = OpExtInst %void %2 DebugTypeFunction %uint_0 %void,,,,,,,,,,,
697,%252 = OpExtInst %void %2 DebugFunction %253 %251 %4 %uint_50 %uint_15 %10 %253 %uint_0 %uint_50,,,,,,,,,,,
698,%258 = OpExtInst %void %2 DebugTypeVector %201 %uint_4,,,,,,,,,,,
699,%260 = OpExtInst %void %2 DebugTypeMatrix %258 %uint_4 %true,,,,,,,,,,,
700,%gridClipToWorld = OpExtInst %void %2 DebugLocalVariable %263 %260 %4 %uint_50 %uint_15 %252 %uint_0 %uint_3,,,,,,,,,,,
701,%resolution = OpExtInst %void %2 DebugLocalVariable %267 %119 %4 %uint_50 %uint_15 %252 %uint_0 %uint_2,,,,,,,,,,,
702,%coord_0 = OpExtInst %void %2 DebugLocalVariable %165 %163 %4 %uint_50 %uint_15 %252 %uint_0 %uint_1,,,,,,,,,,,
703,%uvw = OpExtInst %void %2 DebugLocalVariable %278 %203 %4 %uint_51 %uint_12 %252 %uint_0,,,,,,,,,,,
704,%f_0 = OpExtInst %void %2 DebugLocalVariable %307 %119 %12 %uint_47 %uint_15 %34 %uint_0,,,,,,,,,,,
705,%irr = OpExtInst %void %2 DebugLocalVariable %325 %203 %12 %uint_48 %uint_16 %34 %uint_0,,,,,,,,,,,
706,%441 = OpExtInst %void %2 DebugTypeFunction %uint_0 %void,,,,,,,,,,,
707,%442 = OpExtInst %void %2 DebugFunction %443 %441 %4 %uint_135 %uint_15 %10 %443 %uint_0 %uint_135,,,,,,,,,,,
708,%skyIntensity = OpExtInst %void %2 DebugLocalVariable %472 %201 %4 %uint_135 %uint_15 %442 %uint_0 %uint_12,,,,,,,,,,,
709,%envMapIndex = OpExtInst %void %2 DebugLocalVariable %476 %119 %4 %uint_135 %uint_15 %442 %uint_0 %uint_11,,,,,,,,,,,
710,%fetchBatch = OpExtInst %void %2 DebugLocalVariable %480 %119 %4 %uint_135 %uint_15 %442 %uint_0 %uint_10,,,,,,,,,,,
711,%maxSteps = OpExtInst %void %2 DebugLocalVariable %484 %119 %4 %uint_135 %uint_15 %442 %uint_0 %uint_9,,,,,,,,,,,
712,%hemisphereRays = OpExtInst %void %2 DebugLocalVariable %488 %119 %4 %uint_135 %uint_15 %442 %uint_0 %uint_8,,,,,,,,,,,
713,%N = OpExtInst %void %2 DebugLocalVariable %493 %203 %4 %uint_135 %uint_15 %442 %uint_0 %uint_7,,,,,,,,,,,
714,%worldPos_0 = OpExtInst %void %2 DebugLocalVariable %205 %203 %4 %uint_135 %uint_15 %442 %uint_0 %uint_6,,,,,,,,,,,
715,%worldExtent = OpExtInst %void %2 DebugLocalVariable %501 %201 %4 %uint_135 %uint_15 %442 %uint_0 %uint_5,,,,,,,,,,,
716,%resolution_0 = OpExtInst %void %2 DebugLocalVariable %267 %119 %4 %uint_135 %uint_15 %442 %uint_0 %uint_4,,,,,,,,,,,
717,%worldToGridClip = OpExtInst %void %2 DebugLocalVariable %508 %260 %4 %uint_135 %uint_15 %442 %uint_0 %uint_3,,,,,,,,,,,
718,%voxelSamplerIndex = OpExtInst %void %2 DebugLocalVariable %512 %119 %4 %uint_135 %uint_15 %442 %uint_0 %uint_2,,,,,,,,,,,
719,%voxel3DTextureIndex = OpExtInst %void %2 DebugLocalVariable %516 %119 %4 %uint_135 %uint_15 %442 %uint_0 %uint_1,,,,,,,,,,,
720,%voxelSize = OpExtInst %void %2 DebugLocalVariable %534 %201 %4 %uint_141 %uint_11 %442 %uint_0,,,,,,,,,,,
721,%maxMip = OpExtInst %void %2 DebugLocalVariable %542 %201 %4 %uint_142 %uint_11 %442 %uint_0,,,,,,,,,,,
722,%rays = OpExtInst %void %2 DebugLocalVariable %549 %119 %4 %uint_143 %uint_10 %442 %uint_0,,,,,,,,,,,
723,%batch = OpExtInst %void %2 DebugLocalVariable %556 %119 %4 %uint_144 %uint_10 %442 %uint_0,,,,,,,,,,,
724,%up = OpExtInst %void %2 DebugLocalVariable %567 %203 %4 %uint_147 %uint_12 %442 %uint_0,,,,,,,,,,,
725,%T = OpExtInst %void %2 DebugLocalVariable %585 %203 %4 %uint_148 %uint_12 %442 %uint_0,,,,,,,,,,,
726,%B = OpExtInst %void %2 DebugLocalVariable %594 %203 %4 %uint_149 %uint_12 %442 %uint_0,,,,,,,,,,,
727,%origin = OpExtInst %void %2 DebugLocalVariable %601 %203 %4 %uint_152 %uint_12 %442 %uint_0,,,,,,,,,,,
728,%gi = OpExtInst %void %2 DebugLocalVariable %610 %203 %4 %uint_155 %uint_12 %442 %uint_0,,,,,,,,,,,
729,%totalWeight = OpExtInst %void %2 DebugLocalVariable %617 %201 %4 %uint_156 %uint_11 %442 %uint_0,,,,,,,,,,,
730,%i = OpExtInst %void %2 DebugLocalVariable %624 %119 %4 %uint_157 %uint_15 %442 %uint_0,,,,,,,,,,,
731,%dir = OpExtInst %void %2 DebugLocalVariable %648 %203 %4 %uint_158 %uint_16 %442 %uint_0,,,,,,,,,,,
732,%746 = OpExtInst %void %2 DebugTypeFunction %uint_0 %void,,,,,,,,,,,
733,%747 = OpExtInst %void %2 DebugFunction %748 %746 %4 %uint_95 %uint_8 %10 %748 %uint_0 %uint_95,,,,,,,,,,,
734,%skyIntensity_0 = OpExtInst %void %2 DebugLocalVariable %472 %201 %4 %uint_95 %uint_8 %747 %uint_0 %uint_10,,,,,,,,,,,
735,%envMapIndex_0 = OpExtInst %void %2 DebugLocalVariable %476 %119 %4 %uint_95 %uint_8 %747 %uint_0 %uint_9,,,,,,,,,,,
736,%fetchBatch_0 = OpExtInst %void %2 DebugLocalVariable %480 %119 %4 %uint_95 %uint_8 %747 %uint_0 %uint_8,,,,,,,,,,,
737,%maxSteps_0 = OpExtInst %void %2 DebugLocalVariable %484 %119 %4 %uint_95 %uint_8 %747 %uint_0 %uint_7,,,,,,,,,,,
738,%maxMip_0 = OpExtInst %void %2 DebugLocalVariable %542 %201 %4 %uint_95 %uint_8 %747 %uint_0 %uint_6,,,,,,,,,,,
739,%maxDist = OpExtInst %void %2 DebugLocalVariable %839 %201 %4 %uint_95 %uint_8 %747 %uint_0 %uint_5,,,,,,,,,,,
740,%voxelSize_0 = OpExtInst %void %2 DebugLocalVariable %534 %201 %4 %uint_95 %uint_8 %747 %uint_0 %uint_4,,,,,,,,,,,
741,%dir_0 = OpExtInst %void %2 DebugLocalVariable %648 %203 %4 %uint_95 %uint_8 %747 %uint_0 %uint_3,,,,,,,,,,,
742,%origin_0 = OpExtInst %void %2 DebugLocalVariable %601 %203 %4 %uint_95 %uint_8 %747 %uint_0 %uint_2,,,,,,,,,,,
743,%worldToGridClip_0 = OpExtInst %void %2 DebugLocalVariable %508 %260 %4 %uint_95 %uint_8 %747 %uint_0 %uint_1,,,,,,,,,,,
744,%uvwOrigin = OpExtInst %void %2 DebugLocalVariable %859 %203 %4 %uint_99 %uint_12 %747 %uint_0,,,,,,,,,,,
745,%871 = OpExtInst %void %2 DebugTypeFunction %uint_0 %void,,,,,,,,,,,
746,%872 = OpExtInst %void %2 DebugFunction %873 %871 %4 %uint_61 %uint_15 %10 %873 %uint_0 %uint_61,,,,,,,,,,,
747,%worldToGridClip_1 = OpExtInst %void %2 DebugLocalVariable %508 %260 %4 %uint_61 %uint_15 %872 %uint_0 %uint_2,,,,,,,,,,,
748,%worldPos_1 = OpExtInst %void %2 DebugLocalVariable %205 %203 %4 %uint_61 %uint_15 %872 %uint_0 %uint_1,,,,,,,,,,,
749,%clip = OpExtInst %void %2 DebugLocalVariable %888 %258 %4 %uint_62 %uint_12 %872 %uint_0,,,,,,,,,,,
750,%ndc = OpExtInst %void %2 DebugLocalVariable %896 %203 %4 %uint_63 %uint_12 %872 %uint_0,,,,,,,,,,,
751,%clipDir = OpExtInst %void %2 DebugLocalVariable %915 %258 %4 %uint_100 %uint_12 %747 %uint_0,,,,,,,,,,,
752,%uvwDir = OpExtInst %void %2 DebugLocalVariable %923 %203 %4 %uint_101 %uint_12 %747 %uint_0,,,,,,,,,,,
753,%tFar = OpExtInst %void %2 DebugLocalVariable %933 %203 %4 %uint_104 %uint_12 %747 %uint_0,,,,,,,,,,,
754,%acc = OpExtInst %void %2 DebugLocalVariable %951 %258 %4 %uint_107 %uint_12 %747 %uint_0,,,,,,,,,,,
755,%dist = OpExtInst %void %2 DebugLocalVariable %959 %201 %4 %uint_108 %uint_11 %747 %uint_0,,,,,,,,,,,
756,%i_0 = OpExtInst %void %2 DebugLocalVariable %624 %119 %4 %uint_109 %uint_15 %747 %uint_0,,,,,,,,,,,
757,%w = OpExtInst %void %2 DebugLocalVariable %1010 %119 %4 %uint_128 %uint_14 %747 %uint_0,,,,,,,,,,,
758,%h = OpExtInst %void %2 DebugLocalVariable %1013 %119 %4 %uint_128 %uint_17 %747 %uint_0,,,,,,,,,,,
759,%mips = OpExtInst %void %2 DebugLocalVariable %1017 %119 %4 %uint_128 %uint_20 %747 %uint_0,,,,,,,,,,,
760,%1081 = OpExtInst %void %2 DebugTypeArray %258 %uint_8,,,,,,,,,,,
761,%s = OpExtInst %void %2 DebugLocalVariable %1083 %1081 %4 %uint_110 %uint_16 %747 %uint_0,,,,,,,,,,,
762,%d = OpExtInst %void %2 DebugLocalVariable %1088 %201 %4 %uint_111 %uint_15 %747 %uint_0,,,,,,,,,,,
763,%j = OpExtInst %void %2 DebugLocalVariable %1096 %119 %4 %uint_112 %uint_19 %747 %uint_0,,,,,,,,,,,
764,%j_0 = OpExtInst %void %2 DebugLocalVariable %1096 %119 %4 %uint_118 %uint_19 %747 %uint_0,,,,,,,,,,,
765,%1156 = OpExtInst %void %2 DebugTypeFunction %uint_0 %void,,,,,,,,,,,
766,%1157 = OpExtInst %void %2 DebugFunction %1158 %1156 %4 %uint_20 %uint_15 %10 %1158 %uint_0 %uint_20,,,,,,,,,,,
767,%v = OpExtInst %void %2 DebugLocalVariable %1162 %203 %4 %uint_20 %uint_15 %1157 %uint_0 %uint_1,,,,,,,,,,,
768,%diameter = OpExtInst %void %2 DebugLocalVariable %1214 %201 %4 %uint_113 %uint_19 %747 %uint_0,,,,,,,,,,,
769,%mip_0 = OpExtInst %void %2 DebugLocalVariable %159 %201 %4 %uint_114 %uint_19 %747 %uint_0,,,,,,,,,,,
770,%1302 = OpExtInst %void %2 DebugFunction %1303 %1156 %4 %uint_19 %uint_15 %10 %1303 %uint_0 %uint_19,,,,,,,,,,,
771,%v_0 = OpExtInst %void %2 DebugLocalVariable %1162 %203 %4 %uint_19 %uint_15 %1302 %uint_0 %uint_1,,,,,,,,,,,
772,%f_2 = OpExtInst %void %2 DebugLocalVariable %307 %119 %12 %uint_41 %uint_19 %34 %uint_0,,,,,,,,,,,
773,%1876 = OpExtInst %void %2 DebugInlinedAt %uint_39 %34,,,,,,,,,,,
774,%1907 = OpExtInst %void %2 DebugInlinedAt %uint_46 %34,,,,,,,,,,,
775,%1953 = OpExtInst %void %2 DebugInlinedAt %uint_48 %34,,,,,,,,,,,
776,%2174 = OpExtInst %void %2 DebugInlinedAt %uint_159 %442 %1953,,,,,,,,,,,
777,%2621 = OpExtInst %void %2 DebugInlinedAt %uint_99 %747 %2174,,,,,,,,,,,
778,%2665 = OpExtInst %void %2 DebugInlinedAt %uint_119 %747 %2174,,,,,,,,,,,
779,%2682 = OpExtInst %void %2 DebugInlinedAt %uint_52 %34,,,,,,,,,,,
780,%gatherMain = OpFunction %void None %15,,,,,,,,,,,
781,%16 = OpLabel,,,,,,,,,,,
782,%2681 = OpVariable %_ptr_Function_v3float Function,,,,,,,,,,,
783,%2664 = OpVariable %_ptr_Function_v3float Function,,,,,,,,,,,
784,%2620 = OpVariable %_ptr_Function_mat4v4float Function,,,,,,,,,,,
785,%2622 = OpVariable %_ptr_Function_v3float Function,,,,,,,,,,,
786,%2623 = OpVariable %_ptr_Function_v4float Function,,,,,,,,,,,
787,%2624 = OpVariable %_ptr_Function_v3float Function,,,,,,,,,,,
788,%2173 = OpVariable %_ptr_Function_float Function,,,,,,,,,,,
789,%2175 = OpVariable %_ptr_Function_uint Function,,,,,,,,,,,
790,%2176 = OpVariable %_ptr_Function_uint Function,,,,,,,,,,,
791,%2177 = OpVariable %_ptr_Function_uint Function,,,,,,,,,,,
792,%2178 = OpVariable %_ptr_Function_float Function,,,,,,,,,,,
793,%2179 = OpVariable %_ptr_Function_float Function,,,,,,,,,,,
794,%2180 = OpVariable %_ptr_Function_float Function,,,,,,,,,,,
795,%2181 = OpVariable %_ptr_Function_v3float Function,,,,,,,,,,,
796,%2182 = OpVariable %_ptr_Function_v3float Function,,,,,,,,,,,
797,%2183 = OpVariable %_ptr_Function_mat4v4float Function,,,,,,,,,,,
798,%2184 = OpVariable %_ptr_Function_v3float Function,,,,,,,,,,,
799,%2185 = OpVariable %_ptr_Function_v4float Function,,,,,,,,,,,
800,%2186 = OpVariable %_ptr_Function_v3float Function,,,,,,,,,,,
801,%2187 = OpVariable %_ptr_Function_v3float Function,,,,,,,,,,,
802,%2188 = OpVariable %_ptr_Function_v4float Function,,,,,,,,,,,
803,%2189 = OpVariable %_ptr_Function_v4float Function,,,,,,,,,,,
804,%2190 = OpVariable %_ptr_Function_float Function,,,,,,,,,,,
805,%2191 = OpVariable %_ptr_Function_uint Function,,,,,,,,,,,
806,%2192 = OpVariable %_ptr_Function_float Function,,,,,,,,,,,
807,%2193 = OpVariable %_ptr_Function_uint Function,,,,,,,,,,,
808,%2194 = OpVariable %_ptr_Function_bool Function,,,,,,,,,,,
809,%2195 = OpVariable %_ptr_Function_bool Function,,,,,,,,,,,
810,%2196 = OpVariable %_ptr_Function_uint Function,,,,,,,,,,,
811,%2198 = OpVariable %_ptr_Function_uint Function,,,,,,,,,,,
812,%2200 = OpVariable %_ptr_Function_uint Function,,,,,,,,,,,
813,%2202 = OpVariable %_ptr_Function__arr_v4float_int_8 Function,,,,,,,,,,,
814,%2203 = OpVariable %_ptr_Function__arr_v4float_int_8 Function,,,,,,,,,,,
815,%2204 = OpVariable %_ptr_Function_float Function,,,,,,,,,,,
816,%2205 = OpVariable %_ptr_Function_uint Function,,,,,,,,,,,
817,%2206 = OpVariable %_ptr_Function_uint Function,,,,,,,,,,,
818,%2207 = OpVariable %_ptr_Function_uint Function,,,,,,,,,,,
819,%2208 = OpVariable %_ptr_Function_uint Function,,,,,,,,,,,
820,%2209 = OpVariable %_ptr_Function_float Function,,,,,,,,,,,
821,%2210 = OpVariable %_ptr_Function_float Function,,,,,,,,,,,
822,%1952 = OpVariable %_ptr_Function_float Function,,,,,,,,,,,
823,%1954 = OpVariable %_ptr_Function_uint Function,,,,,,,,,,,
824,%1955 = OpVariable %_ptr_Function_uint Function,,,,,,,,,,,
825,%1956 = OpVariable %_ptr_Function_uint Function,,,,,,,,,,,
826,%1957 = OpVariable %_ptr_Function_uint Function,,,,,,,,,,,
827,%1958 = OpVariable %_ptr_Function_v3float Function,,,,,,,,,,,
828,%1959 = OpVariable %_ptr_Function_v3float Function,,,,,,,,,,,
829,%1960 = OpVariable %_ptr_Function_float Function,,,,,,,,,,,
830,%1961 = OpVariable %_ptr_Function_uint Function,,,,,,,,,,,
831,%1962 = OpVariable %_ptr_Function_mat4v4float Function,,,,,,,,,,,
832,%1963 = OpVariable %_ptr_Function_uint Function,,,,,,,,,,,
833,%1964 = OpVariable %_ptr_Function_uint Function,,,,,,,,,,,
834,%1965 = OpVariable %_ptr_Function_float Function,,,,,,,,,,,
835,%1966 = OpVariable %_ptr_Function_float Function,,,,,,,,,,,
836,%1967 = OpVariable %_ptr_Function_uint Function,,,,,,,,,,,
837,%1968 = OpVariable %_ptr_Function_uint Function,,,,,,,,,,,
838,%1969 = OpVariable %_ptr_Function_v3float Function,,,,,,,,,,,
839,%1970 = OpVariable %_ptr_Function_v3float Function,,,,,,,,,,,
840,%1971 = OpVariable %_ptr_Function_v3float Function,,,,,,,,,,,
841,%1972 = OpVariable %_ptr_Function_v3float Function,,,,,,,,,,,
842,%1973 = OpVariable %_ptr_Function_v3float Function,,,,,,,,,,,
843,%1974 = OpVariable %_ptr_Function_v3float Function,,,,,,,,,,,
844,%1975 = OpVariable %_ptr_Function_float Function,,,,,,,,,,,
845,%1976 = OpVariable %_ptr_Function_uint Function,,,,,,,,,,,
846,%1977 = OpVariable %_ptr_Function_v3float Function,,,,,,,,,,,
847,%1978 = OpVariable %_ptr_Function_uint Function,,,,,,,,,,,
848,%1979 = OpVariable %_ptr_Function_float Function,,,,,,,,,,,
849,%1980 = OpVariable %_ptr_Function_v3float Function,,,,,,,,,,,
850,%1981 = OpVariable %_ptr_Function__arr_v3float_int_6 Function,,,,,,,,,,,
851,%1982 = OpVariable %_ptr_Function__arr_float_int_6 Function,,,,,,,,,,,
852,%1906 = OpVariable %_ptr_Function_mat4v4float Function,,,,,,,,,,,
853,%1908 = OpVariable %_ptr_Function_uint Function,,,,,,,,,,,
854,%1909 = OpVariable %_ptr_Function_v3uint Function,,,,,,,,,,,
855,%1910 = OpVariable %_ptr_Function_v3float Function,,,,,,,,,,,
856,%1875 = OpVariable %_ptr_Function_uint Function,,,,,,,,,,,
857,%1877 = OpVariable %_ptr_Function_v3uint Function,,,,,,,,,,,
858,%1878 = OpVariable %_ptr_Function_uint Function,,,,,,,,,,,
859,%18 = OpVariable %_ptr_Function_uint Function,,,,,,,,,,,
860,%f = OpVariable %_ptr_Function_uint Function,,,,,,,,,,,
861,%23 = OpVariable %_ptr_Function_v3float Function,,,,,,,,,,,
862,%24 = OpVariable %_ptr_Function_uint Function,,,,,,,,,,,
863,%25 = OpVariable %_ptr_Function_v3float Function,,,,,,,,,,,
864,%30 = OpVariable %_ptr_Function__arr_v3float_int_6 Function,,,,,,,,,,,
865,%31 = OpVariable %_ptr_Function_uint Function,,,,,,,,,,,
866,%38 = OpExtInst %void %2 DebugFunctionDefinition %34 %gatherMain,,,,,,,,,,,
867,OpSelectionMerge %1872 None,,,,,,,,,,,
868,OpSwitch %uint_0 %1873,,,,,,,,,,,
869,%1873 = OpLabel,,,,,,,,,,,
870,%2742 = OpExtInst %void %2 DebugScope %34,,,,,,,,,,,
871,%88 = OpLoad %v3uint %gl_GlobalInvocationID,,,,,,,,,,,53
872,%91 = OpExtInst %void %2 DebugLine %12 %uint_34 %uint_34 %uint_5 %uint_6,,,,,,,,,,,
,// C:/Users/vicro/Desktop/vulkan-renderer/repo/shader-forge/shaders/voxel_gather.slang:34,,,,,,,,
,if (any(id >= gpc.irradianceResolution)) return;,12116,Not Selected,2871,Wait,2366,Miscellaneous,1942,30,,,53
873,%106 = OpAccessChain %_ptr_PushConstant_uint %gpc %int_5,9969,Not Selected,2447,Wait,1856,Selected,1496,32,50,3282,53
874,%107 = OpLoad %uint %106,,,,,,,,,,,
875,%108 = OpCompositeConstruct %v3uint %107 %107 %107,,,,,,,,,,,
876,%111 = OpUGreaterThanEqual %v3bool %88 %108,1611,Miscellaneous,800,Not Selected,328,Math Pipe Throttle,302,32,1,,38
877,%112 = OpAny %bool %111,,,,,,,,,,,
878,%113 = OpExtInst %void %2 DebugLine %12 %uint_34 %uint_34 %uint_12 %uint_13,,,,,,,,,,,
879,%2743 = OpExtInst %void %2 DebugNoScope,,,,,,,,,,,
880,OpSelectionMerge %40 None,,,,,,,,,,,
881,OpBranchConditional %112 %82 %40,536,Wait,394,Not Selected,96,Selected,43,,1,,36
882,%82 = OpLabel,,,,,,,,,,,
883,%2744 = OpExtInst %void %2 DebugScope %34,,,,,,,,,,,
884,%1368 = OpExtInst %void %2 DebugLine %12 %uint_34 %uint_34 %uint_46 %uint_47,,,,,,,,,,,
885,OpBranch %1872,,,,,,,,,,,
886,%40 = OpLabel,,,,,,,,,,,
887,%2745 = OpExtInst %void %2 DebugScope %34,,,,,,,,,,,
888,%117 = OpExtInst %void %2 DebugLine %12 %uint_38 %uint_38 %uint_5 %uint_6,,,,,,,,,,,
889,%127 = OpExtInst %void %2 DebugDeclare %ratioMip %18 %126,,,,,,,,,,,
,uint ratioMip = firstbithigh(gpc.radianceResolution / gpc.irradianceResolution);,8162,Wait,2385,Short Scoreboard,1764,Not Selected,1755,32,,,49
890,%128 = OpAccessChain %_ptr_PushConstant_uint %gpc %int_4,,,,,,,,,,,
891,%129 = OpLoad %uint %128,,,,,,,,,,,
892,%130 = OpLoad %uint %106,,,,,,,,,,,
893,%131 = OpUDiv %uint %129 %130,7852,Wait,2195,Short Scoreboard,1764,Not Selected,1696,32,23,1730,49
894,%132 = OpExtInst %uint %133 FindUMsb %131,310,Wait,190,Not Selected,59,Selected,42,32,1,534,42
895,OpStore %18 %132,,,,,,,,,,,
896,%135 = OpExtInst %void %2 DebugLine %12 %uint_39 %uint_39 %uint_5 %uint_6,,,,,,,,,,,
,"if (voxelLoadCoverage(gpc.radianceTextureIndex, id, ratioMip) == 0.0) {",,,,,,,,,,,
897,%138 = OpAccessChain %_ptr_PushConstant_uint %gpc %int_2,,,,,,,,,,,
898,%139 = OpLoad %uint %138,,,,,,,,,,,
899,%2746 = OpExtInst %void %2 DebugNoLine,,,,,,,,,,,
900,%2747 = OpExtInst %void %2 DebugScope %152 %1876,,,,,,,,,,,
901,%1882 = OpExtInst %void %2 DebugDeclare %mip %1875 %126,,,,,,,,,,,
902,OpStore %1875 %132,,,,,,,,,,,
903,%1883 = OpExtInst %void %2 DebugDeclare %coord %1877 %126,,,,,,,,,,,
904,OpStore %1877 %88,,,,,,,,,,,
905,%1884 = OpExtInst %void %2 DebugDeclare %textureIndex %1878 %126,,,,,,,,,,,
906,OpStore %1878 %139,,,,,,,,,,,
907,%1894 = OpExtInst %void %2 DebugLine %4 %uint_46 %uint_46 %uint_5 %uint_6,,,,,,,,,,,
,// C:/Users/vicro/Desktop/vulkan-renderer/repo/shader-forge/shaders/modules/voxel.slang:46,,,,,,,,
,"return textures3D[textureIndex].Load(int4(coord, mip)).a;",2288,Texture Throttle,1331,Short Scoreboard,534,Selected,162,32,,,42
908,%1885 = OpAccessChain %_ptr_UniformConstant_178 %textures3D %139,,,,,,,,,,,
909,%1886 = OpBitcast %v3int %88,,,,,,,,,,,
910,%1887 = OpBitcast %int %132,,,,,,,,,,,
911,%1888 = OpCompositeConstruct %v4int %1886 %1887,,,,,,,,,,,
912,%1889 = OpVectorShuffle %v3int %1888 %1888 0 1 2,,,,,,,,,,,
913,%1890 = OpLoad %178 %1885,233,Selected,97,Wait,75,Not Selected,37,32,3,,39
914,%1891 = OpImageFetch %v4float %1890 %1889 Lod %1887,2055,Texture Throttle,1331,Short Scoreboard,534,Not Selected,74,32,2,29239,42
915,%1893 = OpCompositeExtract %float %1891 3,,,,,,,,,,,
916,%2748 = OpExtInst %void %2 DebugScope %34,,,,,,,,,,,
917,%1386 = OpExtInst %void %2 DebugLine %12 %uint_39 %uint_39 %uint_5 %uint_6,,,,,,,,,,,
,// C:/Users/vicro/Desktop/vulkan-renderer/repo/shader-forge/shaders/voxel_gather.slang:39,,,,,,,,
,"if (voxelLoadCoverage(gpc.radianceTextureIndex, id, ratioMip) == 0.0) {",31620,Long Scoreboard,29239,Wait,782,Not Selected,764,32,,,41
918,%194 = OpFOrdEqual %bool %1893 %float_0,30389,Long Scoreboard,29239,Not Selected,598,Math Pipe Throttle,524,32,1,,41
919,%196 = OpExtInst %void %2 DebugLine %12 %uint_39 %uint_39 %uint_67 %uint_68,,,,,,,,,,,
920,%2749 = OpExtInst %void %2 DebugNoScope,,,,,,,,,,,
921,OpSelectionMerge %42 None,,,,,,,,,,,
922,OpBranchConditional %194 %62 %42,1231,Wait,782,Not Selected,166,Selected,120,32,3,40,41
923,%62 = OpLabel,,,,,,,,,,,
924,%2750 = OpExtInst %void %2 DebugScope %34,,,,,,,,,,,
925,%1328 = OpExtInst %void %2 DebugLine %12 %uint_40 %uint_40 %uint_9 %uint_10,,,,,,,,,,,
926,%1331 = OpExtInst %void %2 DebugLine %12 %uint_41 %uint_41 %uint_9 %uint_10,,,,,,,,,,,
927,%1333 = OpExtInst %void %2 DebugLine %12 %uint_41 %uint_41 %uint_14 %uint_15,,,,,,,,,,,
928,%1335 = OpExtInst %void %2 DebugDeclare %f_2 %31 %126,,,,,,,,,,,
,for (uint f = 0; f < 6; f++),,,,,,,,,,,
929,OpStore %31 %uint_0,,,,,,,,,,,
930,OpStore %f %uint_0,,,,,,,,,,,
931,OpBranch %64,,,,,,,,,,,
932,%64 = OpLabel,,,,,,,,,,,
933,OpLoopMerge %72 %80 Unroll,,,,,,,,,,,
934,OpBranch %65,,,,,,,,,,,
935,%65 = OpLabel,,,,,,,,,,,
936,%2751 = OpExtInst %void %2 DebugScope %34,,,,,,,,,,,
937,OpBranch %67,,,,,,,,,,,
938,%67 = OpLabel,,,,,,,,,,,
939,OpBranch %68,,,,,,,,,,,
940,%68 = OpLabel,,,,,,,,,,,
941,%2752 = OpExtInst %void %2 DebugScope %34,,,,,,,,,,,
942,%1338 = OpExtInst %void %2 DebugLine %12 %uint_41 %uint_41 %uint_28 %uint_29,,,,,,,,,,,
943,%1339 = OpLoad %uint %f,,,,,,,,,,,
944,%1340 = OpULessThan %bool %1339 %uint_6,,,,,,,,,,,
945,%2753 = OpExtInst %void %2 DebugNoScope,,,,,,,,,,,
946,OpSelectionMerge %74 None,,,,,,,,,,,
947,OpBranchConditional %1340 %74 %70,,,,,,,,,,,
948,%70 = OpLabel,,,,,,,,,,,
949,%2754 = OpExtInst %void %2 DebugScope %34,,,,,,,,,,,
950,OpBranch %72,,,,,,,,,,,
951,%74 = OpLabel,,,,,,,,,,,
952,%2755 = OpExtInst %void %2 DebugScope %34,,,,,,,,,,,
953,%1345 = OpExtInst %void %2 DebugLine %12 %uint_42 %uint_42 %uint_13 %uint_14,,,,,,,,,,,
,storageImages3D[gpc.faceStorageIndices[f]][int3(id)] = float4(0);,20119,Texture Throttle,13342,Miscellaneous,3097,Selected,1607,32,,,23
954,%1347 = OpAccessChain %_ptr_PushConstant__Array_std430_uint6 %gpc %int_7,,,,,,,,,,,
955,%1348 = OpAccessChain %_ptr_PushConstant__arr_uint_int_6 %1347 %int_0,,,,,,,,,,,
956,%1349 = OpLoad %uint %f,,,,,,,,,,,
957,%1350 = OpAccessChain %_ptr_PushConstant_uint %1348 %1349,,,,,,,,,,,
958,%1351 = OpLoad %uint %1350,,,,,,,,,,,
959,%1352 = OpAccessChain %_ptr_UniformConstant_1290 %storageImages3D %1351,,,,,,,,,,,
960,%1353 = OpBitcast %v3int %88,,,,,,,,,,,
961,%1354 = OpBitcast %v3uint %1353,,,,,,,,,,,
962,%1357 = OpLoad %1290 %1352,889,Selected,458,Miscellaneous,298,Not Selected,121,32,10,,21
963,OpImageWrite %1357 %1354 %953,19230,Texture Throttle,13342,Miscellaneous,2799,Selected,1149,32,20,,23
964,OpBranch %76,,,,,,,,,,,
965,%76 = OpLabel,,,,,,,,,,,
966,%2756 = OpExtInst %void %2 DebugScope %34,,,,,,,,,,,
967,OpBranch %78,,,,,,,,,,,
968,%78 = OpLabel,,,,,,,,,,,
969,%2757 = OpExtInst %void %2 DebugScope %34,,,,,,,,,,,
970,%1361 = OpExtInst %void %2 DebugLine %12 %uint_41 %uint_41 %uint_34 %uint_35,,,,,,,,,,,
,for (uint f = 0; f < 6; f++),,,,,,,,,,,
971,%1363 = OpLoad %uint %f,,,,,,,,,,,
972,%f_3 = OpIAdd %uint %1363 %uint_1,,,,,,,,,,,
973,OpStore %31 %f_3,,,,,,,,,,,
974,OpStore %f %f_3,,,,,,,,,,,
975,OpBranch %80,,,,,,,,,,,
976,%80 = OpLabel,,,,,,,,,,,
977,%2758 = OpExtInst %void %2 DebugScope %34,,,,,,,,,,,
978,OpBranch %64,,,,,,,,,,,
979,%72 = OpLabel,,,,,,,,,,,
980,%2759 = OpExtInst %void %2 DebugScope %34,,,,,,,,,,,
981,%1343 = OpExtInst %void %2 DebugLine %12 %uint_43 %uint_43 %uint_9 %uint_10,,,,,,,,,,,
,return;,,,,,,,,,,,
982,OpBranch %1872,,,,,,,,,,,
983,%42 = OpLabel,,,,,,,,,,,
984,%2760 = OpExtInst %void %2 DebugScope %34,,,,,,,,,,,
985,%200 = OpExtInst %void %2 DebugLine %12 %uint_46 %uint_46 %uint_5 %uint_6,,,,,,,,,,,
986,%206 = OpExtInst %void %2 DebugDeclare %worldPos %23 %126,,,,,,,,,,,
,"float3 worldPos = voxelCenterWorld(id, gpc.irradianceResolution, gpc.gridClipToWorld);",,,,,,,,,,,
987,%207 = OpLoad %uint %106,,,,,,,,,,,
988,%210 = OpAccessChain %_ptr_PushConstant__MatrixStorage_float4x4_ColMajorstd430 %gpc %int_1,,,,,,,,,,,
989,%211 = OpLoad %_MatrixStorage_float4x4_ColMajorstd430 %210,,,,,,,,,,,
990,%212 = OpCompositeExtract %_arr_v4float_int_4 %211 0,,,,,,,,,,,
991,%213 = OpCompositeExtract %v4float %212 0,,,,,,,,,,,
992,%214 = OpCompositeExtract %float %213 0,,,,,,,,,,,
993,%215 = OpCompositeExtract %float %213 1,,,,,,,,,,,
994,%216 = OpCompositeExtract %float %213 2,,,,,,,,,,,
995,%217 = OpCompositeExtract %float %213 3,,,,,,,,,,,
996,%218 = OpCompositeExtract %v4float %212 1,,,,,,,,,,,
997,%219 = OpCompositeExtract %float %218 0,,,,,,,,,,,
998,%220 = OpCompositeExtract %float %218 1,,,,,,,,,,,
999,%221 = OpCompositeExtract %float %218 2,,,,,,,,,,,
1000,%222 = OpCompositeExtract %float %218 3,,,,,,,,,,,
1001,%223 = OpCompositeExtract %v4float %212 2,,,,,,,,,,,
1002,%224 = OpCompositeExtract %float %223 0,,,,,,,,,,,
1003,%225 = OpCompositeExtract %float %223 1,,,,,,,,,,,
1004,%226 = OpCompositeExtract %float %223 2,,,,,,,,,,,
1005,%227 = OpCompositeExtract %float %223 3,,,,,,,,,,,
1006,%228 = OpCompositeExtract %v4float %212 3,,,,,,,,,,,
1007,%229 = OpCompositeExtract %float %228 0,,,,,,,,,,,
1008,%230 = OpCompositeExtract %float %228 1,,,,,,,,,,,
1009,%231 = OpCompositeExtract %float %228 2,,,,,,,,,,,
1010,%232 = OpCompositeExtract %float %228 3,,,,,,,,,,,
1011,%233 = OpCompositeConstruct %v4float %214 %219 %224 %229,,,,,,,,,,,
1012,%234 = OpCompositeConstruct %v4float %215 %220 %225 %230,,,,,,,,,,,
1013,%235 = OpCompositeConstruct %v4float %216 %221 %226 %231,,,,,,,,,,,
1014,%236 = OpCompositeConstruct %v4float %217 %222 %227 %232,,,,,,,,,,,
1015,%238 = OpCompositeConstruct %mat4v4float %233 %234 %235 %236,,,,,,,,,,,
1016,%2761 = OpExtInst %void %2 DebugNoLine,,,,,,,,,,,
1017,%2762 = OpExtInst %void %2 DebugScope %252 %1907,,,,,,,,,,,
1018,%1914 = OpExtInst %void %2 DebugDeclare %gridClipToWorld %1906 %126,,,,,,,,,,,
1019,OpStore %1906 %238,,,,,,,,,,,
1020,%1915 = OpExtInst %void %2 DebugDeclare %resolution %1908 %126,,,,,,,,,,,
1021,OpStore %1908 %207,,,,,,,,,,,
1022,%1916 = OpExtInst %void %2 DebugDeclare %coord_0 %1909 %126,,,,,,,,,,,
1023,OpStore %1909 %88,,,,,,,,,,,
1024,%1932 = OpExtInst %void %2 DebugLine %4 %uint_51 %uint_51 %uint_5 %uint_6,,,,,,,,,,,
1025,%1917 = OpExtInst %void %2 DebugDeclare %uvw %1910 %126,,,,,,,,,,,
,// C:/Users/vicro/Desktop/vulkan-renderer/repo/shader-forge/shaders/modules/voxel.slang:51,,,,,,,,
,float3 uvw = (float3(coord) + 0.5) / float(resolution);,683,Wait,201,Not Selected,181,Math Pipe Throttle,106,,,,51
1026,%1918 = OpConvertUToF %v3float %88,222,Wait,95,Not Selected,49,Selected,44,,3,60,51
1027,%1920 = OpFAdd %v3float %1918 %2696,199,Short Scoreboard,55,Math Pipe Throttle,40,Not Selected,36,,3,,49
1028,%1921 = OpConvertUToF %float %207,,,,,,,,,,,
1029,%1922 = OpCompositeConstruct %v3float %1921 %1921 %1921,,,,,,,,,,,
1030,%1923 = OpFDiv %v3float %1920 %1922,262,Not Selected,96,Wait,71,Math Pipe Throttle,66,,3,,49
1031,OpStore %1910 %1923,,,,,,,,,,,
1032,%1942 = OpExtInst %void %2 DebugLine %4 %uint_52 %uint_52 %uint_5 %uint_6,,,,,,,,,,,
,"return mul(gridClipToWorld, float4(uvw.xy * 2.0 - 1.0, uvw.z, 1.0)).xyz;",1903,Miscellaneous,639,Not Selected,386,Wait,262,,,,50
1033,%1924 = OpVectorShuffle %v2float %1923 %1923 0 1,,,,,,,,,,,
1034,%1925 = OpVectorTimesScalar %v2float %1924 %float_2,,,,,,,,,,,
1035,%1927 = OpFSub %v2float %1925 %2697,92,Selected,45,Wait,23,Math Pipe Throttle,13,,3,,49
1036,%1928 = OpCompositeExtract %float %1923 2,,,,,,,,,,,
1037,%1929 = OpCompositeConstruct %v4float %1927 %1928 %float_1,,,,,,,,,,,
1038,%1930 = OpVectorTimesMatrix %v4float %1929 %238,1811,Miscellaneous,639,Not Selected,375,Wait,239,,16,477,50
1039,%1931 = OpVectorShuffle %v3float %1930 %1930 0 1 2,,,,,,,,,,,
1040,%2763 = OpExtInst %void %2 DebugScope %34,,,,,,,,,,,
1041,%1420 = OpExtInst %void %2 DebugLine %12 %uint_46 %uint_46 %uint_5 %uint_6,,,,,,,,,,,
,// C:/Users/vicro/Desktop/vulkan-renderer/repo/shader-forge/shaders/voxel_gather.slang:46,,,,,,,,
,"float3 worldPos = voxelCenterWorld(id, gpc.irradianceResolution, gpc.gridClipToWorld);",,,,,,,,,,,
1042,OpStore %23 %1931,,,,,,,,,,,
1043,%303 = OpExtInst %void %2 DebugLine %12 %uint_47 %uint_47 %uint_5 %uint_6,,,,,,,,,,,
1044,%305 = OpExtInst %void %2 DebugLine %12 %uint_47 %uint_47 %uint_10 %uint_11,,,,,,,,,,,
1045,%308 = OpExtInst %void %2 DebugDeclare %f_0 %24 %126,,,,,,,,,,,
,for (uint f = 0; f < 6; f++) {,65,Selected,31,Wait,27,Not Selected,6,,,,50
1046,OpStore %24 %uint_0,,,,,,,,,,,
1047,OpStore %f %uint_0,,,,,,,,,,,
1048,OpBranch %44,,,,,,,,,,,
1049,%44 = OpLabel,,,,,,,,,,,
1050,OpLoopMerge %52 %60 None,,,,,,,,,,,
1051,OpBranch %45,,,,,,,,,,,
1052,%45 = OpLabel,,,,,,,,,,,
1053,%2764 = OpExtInst %void %2 DebugScope %34,,,,,,,,,,,
1054,OpBranch %47,,,,,,,,,,,
1055,%47 = OpLabel,,,,,,,,,,,
1056,OpBranch %48,,,,,,,,,,,
1057,%48 = OpLabel,,,,,,,,,,,
1058,%2765 = OpExtInst %void %2 DebugScope %34,,,,,,,,,,,
1059,%311 = OpExtInst %void %2 DebugLine %12 %uint_47 %uint_47 %uint_24 %uint_25,,,,,,,,,,,
1060,%314 = OpLoad %uint %f,,,,,,,,,,,
1061,%315 = OpULessThan %bool %314 %uint_6,19,Selected,19,,,,,,1,,50
1062,%2766 = OpExtInst %void %2 DebugNoScope,,,,,,,,,,,
1063,OpSelectionMerge %54 None,,,,,,,,,,,
1064,OpBranchConditional %315 %54 %50,46,Wait,27,Selected,12,Not Selected,6,,2,,40
1065,%50 = OpLabel,,,,,,,,,,,
1066,%2767 = OpExtInst %void %2 DebugScope %34,,,,,,,,,,,
1067,OpBranch %52,,,,,,,,,,,
1068,%54 = OpLabel,,,,,,,,,,,
1069,%2768 = OpExtInst %void %2 DebugScope %34,,,,,,,,,,,
1070,%319 = OpExtInst %void %2 DebugLine %12 %uint_48 %uint_48 %uint_9 %uint_10,,,,,,,,,,,
1071,%327 = OpExtInst %void %2 DebugDeclare %irr %25 %126,,,,,,,,,,,
,"float3 irr = coneTraceVXGI(gpc.radianceTextureIndex, gpc.samplerIndex, gpc.worldToGridClip,",117,Long Scoreboard,43,Wait,22,Short Scoreboard,20,,,,42
1072,%328 = OpLoad %uint %138,,,,,,,,,,,
1073,%330 = OpAccessChain %_ptr_PushConstant_uint %gpc %int_3,,,,,,,,,,,
1074,%331 = OpLoad %uint %330,,,,,,,,,,,
1075,%333 = OpAccessChain %_ptr_PushConstant__MatrixStorage_float4x4_ColMajorstd430 %gpc %int_0,,,,,,,,,,,
1076,%334 = OpLoad %_MatrixStorage_float4x4_ColMajorstd430 %333,,,,,,,,,,,
1077,%335 = OpCompositeExtract %_arr_v4float_int_4 %334 0,,,,,,,,,,,
1078,%336 = OpCompositeExtract %v4float %335 0,,,,,,,,,,,
1079,%337 = OpCompositeExtract %float %336 0,,,,,,,,,,,
1080,%338 = OpCompositeExtract %float %336 1,,,,,,,,,,,
1081,%339 = OpCompositeExtract %float %336 2,,,,,,,,,,,
1082,%340 = OpCompositeExtract %float %336 3,,,,,,,,,,,
1083,%341 = OpCompositeExtract %v4float %335 1,,,,,,,,,,,
1084,%342 = OpCompositeExtract %float %341 0,,,,,,,,,,,
1085,%343 = OpCompositeExtract %float %341 1,,,,,,,,,,,
1086,%344 = OpCompositeExtract %float %341 2,,,,,,,,,,,
1087,%345 = OpCompositeExtract %float %341 3,,,,,,,,,,,
1088,%346 = OpCompositeExtract %v4float %335 2,,,,,,,,,,,
1089,%347 = OpCompositeExtract %float %346 0,,,,,,,,,,,
1090,%348 = OpCompositeExtract %float %346 1,,,,,,,,,,,
1091,%349 = OpCompositeExtract %float %346 2,,,,,,,,,,,
1092,%350 = OpCompositeExtract %float %346 3,,,,,,,,,,,
1093,%351 = OpCompositeExtract %v4float %335 3,,,,,,,,,,,
1094,%352 = OpCompositeExtract %float %351 0,,,,,,,,,,,
1095,%353 = OpCompositeExtract %float %351 1,,,,,,,,,,,
1096,%354 = OpCompositeExtract %float %351 2,,,,,,,,,,,
1097,%355 = OpCompositeExtract %float %351 3,,,,,,,,,,,
1098,%356 = OpCompositeConstruct %v4float %337 %342 %347 %352,,,,,,,,,,,
1099,%357 = OpCompositeConstruct %v4float %338 %343 %348 %353,,,,,,,,,,,
1100,%358 = OpCompositeConstruct %v4float %339 %344 %349 %354,,,,,,,,,,,
1101,%359 = OpCompositeConstruct %v4float %340 %345 %350 %355,,,,,,,,,,,
1102,%360 = OpCompositeConstruct %mat4v4float %356 %357 %358 %359,,,,,,,,,,,
1103,%361 = OpLoad %uint %128,,,,,,,,,,,
1104,%363 = OpAccessChain %_ptr_PushConstant_float %gpc %int_6,,,,,,,,,,,
1105,%364 = OpLoad %float %363,,,,,,,,,,,
1106,%365 = OpLoad %uint %f,,,,,,,,,,,
1107,OpStore %30 %366,,,,,,,,,,,
1108,%375 = OpAccessChain %_ptr_Function_v3float %30 %365,,,,,,,,,,,
1109,%376 = OpLoad %v3float %375,117,Long Scoreboard,43,Wait,22,Short Scoreboard,20,,1,,42
1110,%378 = OpAccessChain %_ptr_PushConstant_uint %gpc %int_8,,,,,,,,,,,
1111,%379 = OpLoad %uint %378,,,,,,,,,,,
1112,%381 = OpAccessChain %_ptr_PushConstant_uint %gpc %int_9,,,,,,,,,,,
1113,%382 = OpLoad %uint %381,,,,,,,,,,,
1114,%384 = OpAccessChain %_ptr_PushConstant_uint %gpc %int_10,,,,,,,,,,,
1115,%385 = OpLoad %uint %384,,,,,,,,,,,
1116,%387 = OpAccessChain %_ptr_PushConstant_uint %gpc %int_11,,,,,,,,,,,
1117,%388 = OpLoad %uint %387,,,,,,,,,,,
1118,%390 = OpAccessChain %_ptr_PushConstant_float %gpc %int_12,,,,,,,,,,,
1119,%391 = OpLoad %float %390,,,,,,,,,,,
1120,%2769 = OpExtInst %void %2 DebugNoLine,,,,,,,,,,,
1121,%2770 = OpExtInst %void %2 DebugScope %442 %1953,,,,,,,,,,,
1122,%1986 = OpExtInst %void %2 DebugDeclare %skyIntensity %1952 %126,,,,,,,,,,,
1123,OpStore %1952 %391,,,,,,,,,,,
1124,%1987 = OpExtInst %void %2 DebugDeclare %envMapIndex %1954 %126,,,,,,,,,,,
1125,OpStore %1954 %388,,,,,,,,,,,
1126,%1988 = OpExtInst %void %2 DebugDeclare %fetchBatch %1955 %126,,,,,,,,,,,
1127,OpStore %1955 %385,,,,,,,,,,,
1128,%1989 = OpExtInst %void %2 DebugDeclare %maxSteps %1956 %126,,,,,,,,,,,
1129,OpStore %1956 %382,,,,,,,,,,,
1130,%1990 = OpExtInst %void %2 DebugDeclare %hemisphereRays %1957 %126,,,,,,,,,,,
1131,OpStore %1957 %379,,,,,,,,,,,
1132,%1991 = OpExtInst %void %2 DebugDeclare %N %1958 %126,,,,,,,,,,,
1133,OpStore %1958 %376,,,,,,,,,,,
1134,%1992 = OpExtInst %void %2 DebugDeclare %worldPos_0 %1959 %126,,,,,,,,,,,
1135,OpStore %1959 %1931,,,,,,,,,,,
1136,%1993 = OpExtInst %void %2 DebugDeclare %worldExtent %1960 %126,,,,,,,,,,,
1137,OpStore %1960 %364,,,,,,,,,,,
1138,%1994 = OpExtInst %void %2 DebugDeclare %resolution_0 %1961 %126,,,,,,,,,,,
1139,OpStore %1961 %361,,,,,,,,,,,
1140,%1995 = OpExtInst %void %2 DebugDeclare %worldToGridClip %1962 %126,,,,,,,,,,,
1141,OpStore %1962 %360,,,,,,,,,,,
1142,%1996 = OpExtInst %void %2 DebugDeclare %voxelSamplerIndex %1963 %126,,,,,,,,,,,
1143,OpStore %1963 %331,,,,,,,,,,,
1144,%1997 = OpExtInst %void %2 DebugDeclare %voxel3DTextureIndex %1964 %126,,,,,,,,,,,
1145,OpStore %1964 %328,,,,,,,,,,,
1146,%2074 = OpExtInst %void %2 DebugLine %4 %uint_139 %uint_139 %uint_5 %uint_6,,,,,,,,,,,
1147,%2077 = OpExtInst %void %2 DebugLine %4 %uint_140 %uint_140 %uint_5 %uint_6,,,,,,,,,,,
,// C:/Users/vicro/Desktop/vulkan-renderer/repo/shader-forge/shaders/modules/voxel.slang:140,,,,,,,,
,SamplerState smp = samplers[voxelSamplerIndex];,,,,,,,,,,,
1148,%1998 = OpAccessChain %_ptr_UniformConstant_526 %samplers %331,,,,,,,,,,,
1149,%2078 = OpExtInst %void %2 DebugLine %4 %uint_141 %uint_141 %uint_5 %uint_6,,,,,,,,,,,
1150,%1999 = OpExtInst %void %2 DebugDeclare %voxelSize %1965 %126,,,,,,,,,,,
,float voxelSize = worldExtent / resolution;,68,Selected,29,MIO Throttle,17,Not Selected,10,,,,51
1151,%2000 = OpConvertUToF %float %361,24,Selected,19,MIO Throttle,5,,,,1,3,47
1152,%2001 = OpFDiv %float %364 %2000,44,MIO Throttle,12,Not Selected,10,Selected,10,,2,6,51
1153,OpStore %1965 %2001,,,,,,,,,,,
1154,%2082 = OpExtInst %void %2 DebugLine %4 %uint_142 %uint_142 %uint_5 %uint_6,,,,,,,,,,,
1155,%2002 = OpExtInst %void %2 DebugDeclare %maxMip %1966 %126,,,,,,,,,,,
,float maxMip = log2(float(resolution));,140,Not Selected,58,Wait,48,MIO Throttle,18,,,,48
1156,%2003 = OpExtInst %float %133 Log2 %2000,140,Not Selected,58,Wait,48,MIO Throttle,18,,1,50,48
1157,OpStore %1966 %2003,,,,,,,,,,,
1158,%2085 = OpExtInst %void %2 DebugLine %4 %uint_143 %uint_143 %uint_5 %uint_6,,,,,,,,,,,
1159,%2004 = OpExtInst %void %2 DebugDeclare %rays %1967 %126,,,,,,,,,,,
,"uint rays  = min(hemisphereRays, uint(MAX_HEMISPHERE_RAYS));",916,Not Selected,314,Selected,309,Wait,196,,,,57
1160,%2005 = OpExtInst %uint %133 UMin %379 %uint_5,916,Not Selected,314,Selected,309,Wait,196,,7,160,57
1161,OpStore %1967 %2005,,,,,,,,,,,
1162,%2088 = OpExtInst %void %2 DebugLine %4 %uint_144 %uint_144 %uint_5 %uint_6,,,,,,,,,,,
1163,%2006 = OpExtInst %void %2 DebugDeclare %batch %1968 %126,,,,,,,,,,,
,"uint batch = min(max(fetchBatch, 1u), uint(MAX_FETCH_BATCH));",174,Not Selected,53,Wait,48,Math Pipe Throttle,38,,,,47
1164,%2007 = OpExtInst %uint %133 UMax %385 %uint_1,113,Not Selected,36,Selected,30,Wait,26,,2,,45
1165,%2008 = OpExtInst %uint %133 UMin %2007 %uint_8,61,Wait,22,Not Selected,17,Math Pipe Throttle,17,,1,,47
1166,OpStore %1968 %2008,,,,,,,,,,,
1167,%2092 = OpExtInst %void %2 DebugLine %4 %uint_146 %uint_146 %uint_5 %uint_6,,,,,,,,,,,
,N = normalize(N);,1410,Not Selected,380,Short Scoreboard,370,Wait,346,,,,45
1168,%2009 = OpExtInst %v3float %133 Normalize %376,1410,Not Selected,380,Short Scoreboard,370,Wait,346,,11,450,45
1169,%2093 = OpExtInst %void %2 DebugLine %4 %uint_147 %uint_147 %uint_5 %uint_6,,,,,,,,,,,
1170,%2010 = OpExtInst %void %2 DebugDeclare %up %1969 %126,,,,,,,,,,,
,"float3 up = abs(N.y) < 0.99 ? float3(0.0, 1.0, 0.0) : float3(1.0, 0.0, 0.0);",554,Selected,190,Short Scoreboard,151,Not Selected,131,,,,49
1171,%2011 = OpCompositeExtract %float %2009 1,,,,,,,,,,,
1172,%2012 = OpExtInst %float %133 FAbs %2011,,,,,,,,,,,
1173,%2013 = OpFOrdLessThan %bool %2012 %float_0_99000001,,,,,,,,,,,
1174,%2771 = OpExtInst %void %2 DebugNoScope,,,,,,,,,,,
1175,OpSelectionMerge %2016 None,,,,,,,,,,,
1176,OpBranchConditional %2013 %2015 %2014,,,,,,,,,,,
1177,%2014 = OpLabel,,,,,,,,,,,
1178,%2772 = OpExtInst %void %2 DebugScope %442 %1953,,,,,,,,,,,
1179,OpStore %1970 %574,,,,,,,,,,,
1180,OpBranch %2016,,,,,,,,,,,
1181,%2015 = OpLabel,,,,,,,,,,,
1182,%2773 = OpExtInst %void %2 DebugScope %442 %1953,,,,,,,,,,,
1183,OpStore %1970 %577,,,,,,,,,,,
1184,OpBranch %2016,554,Selected,190,Short Scoreboard,151,Not Selected,131,,3,22,49
1185,%2016 = OpLabel,,,,,,,,,,,
1186,%2774 = OpExtInst %void %2 DebugScope %442 %1953,,,,,,,,,,,
1187,%2017 = OpLoad %v3float %1970,,,,,,,,,,,
1188,OpStore %1969 %2017,,,,,,,,,,,
1189,%2099 = OpExtInst %void %2 DebugLine %4 %uint_148 %uint_148 %uint_5 %uint_6,,,,,,,,,,,
1190,%2018 = OpExtInst %void %2 DebugDeclare %T %1971 %126,,,,,,,,,,,
,"float3 T = normalize(cross(up, N));",3814,Not Selected,1029,Wait,926,Math Pipe Throttle,792,,,,63
1191,%2020 = OpExtInst %v3float %133 Cross %2017 %2009,1675,Not Selected,615,Math Pipe Throttle,537,Selected,260,,4,,63
1192,%2021 = OpExtInst %v3float %133 Normalize %2020,2139,Wait,723,Selected,511,Not Selected,414,,7,175,63
1193,OpStore %1971 %2021,,,,,,,,,,,
1194,%2104 = OpExtInst %void %2 DebugLine %4 %uint_149 %uint_149 %uint_5 %uint_6,,,,,,,,,,,
1195,%2022 = OpExtInst %void %2 DebugDeclare %B %1972 %126,,,,,,,,,,,
,"float3 B = cross(N, T);",2011,Math Pipe Throttle,505,Not Selected,499,Selected,491,,,,66
1196,%2023 = OpExtInst %v3float %133 Cross %2009 %2021,2011,Math Pipe Throttle,505,Not Selected,499,Selected,491,,6,,66
1197,OpStore %1972 %2023,,,,,,,,,,,
1198,%2107 = OpExtInst %void %2 DebugLine %4 %uint_152 %uint_152 %uint_5 %uint_6,,,,,,,,,,,
1199,%2024 = OpExtInst %void %2 DebugDeclare %origin %1973 %126,,,,,,,,,,,
,float3 origin = worldPos + N * (2.0 * voxelSize);,1210,Math Pipe Throttle,299,Not Selected,276,Selected,257,,,,65
1200,%2025 = OpFMul %float %float_2 %2001,209,Wait,82,Selected,58,Math Pipe Throttle,42,,1,,63
1201,%2026 = OpVectorTimesScalar %v3float %2009 %2025,,,,,,,,,,,
1202,%2027 = OpFAdd %v3float %1931 %2026,1001,Math Pipe Throttle,257,Not Selected,249,Selected,199,,3,,65
1203,OpStore %1973 %2027,,,,,,,,,,,
1204,%2112 = OpExtInst %void %2 DebugLine %4 %uint_155 %uint_155 %uint_5 %uint_6,,,,,,,,,,,
1205,%2028 = OpExtInst %void %2 DebugDeclare %gi %1974 %126,,,,,,,,,,,
,float3 gi = float3(0.0);,,,,,,,,,,,
1206,OpStore %1974 %612,,,,,,,,,,,
1207,%2114 = OpExtInst %void %2 DebugLine %4 %uint_156 %uint_156 %uint_5 %uint_6,,,,,,,,,,,
1208,%2029 = OpExtInst %void %2 DebugDeclare %totalWeight %1975 %126,,,,,,,,,,,
,float totalWeight = 0.0;,,,,,,,,,,,
1209,OpStore %1975 %float_0,,,,,,,,,,,
1210,%2116 = OpExtInst %void %2 DebugLine %4 %uint_157 %uint_157 %uint_5 %uint_6,,,,,,,,,,,
1211,%2117 = OpExtInst %void %2 DebugLine %4 %uint_157 %uint_157 %uint_10 %uint_11,,,,,,,,,,,
1212,%2030 = OpExtInst %void %2 DebugDeclare %i %1976 %126,,,,,,,,,,,
,for (uint i = 0; i < rays + 1; i++) {,1495,Wait,547,Not Selected,417,Selected,350,,,,57
1213,OpStore %1976 %uint_0,,,,,,,,,,,
1214,OpStore %1978 %uint_0,,,,,,,,,,,
1215,OpStore %1977 %612,,,,,,,,,,,
1216,OpStore %1979 %float_0,,,,,,,,,,,
1217,OpBranch %2031,,,,,,,,,,,
1218,%2031 = OpLabel,,,,,,,,,,,
1219,%2775 = OpExtInst %void %2 DebugNoScope,,,,,,,,,,,
1220,OpLoopMerge %2069 %2068 None,,,,,,,,,,,
1221,OpBranch %2032,,,,,,,,,,,
1222,%2032 = OpLabel,,,,,,,,,,,
1223,%2776 = OpExtInst %void %2 DebugScope %442 %1953,,,,,,,,,,,
1224,OpBranch %2033,,,,,,,,,,,
1225,%2033 = OpLabel,,,,,,,,,,,
1226,%2777 = OpExtInst %void %2 DebugNoScope,,,,,,,,,,,
1227,OpBranch %2034,,,,,,,,,,,
1228,%2034 = OpLabel,,,,,,,,,,,
1229,%2778 = OpExtInst %void %2 DebugScope %442 %1953,,,,,,,,,,,
1230,%2123 = OpExtInst %void %2 DebugLine %4 %uint_157 %uint_157 %uint_24 %uint_25,,,,,,,,,,,
1231,%2035 = OpIAdd %uint %2005 %uint_1,631,Not Selected,271,Wait,263,Selected,87,,2,,57
1232,%2036 = OpLoad %uint %1978,,,,,,,,,,,
1233,%2037 = OpULessThan %bool %2036 %2035,324,Math Pipe Throttle,87,Selected,86,Not Selected,83,,2,,53
1234,%2779 = OpExtInst %void %2 DebugNoScope,,,,,,,,,,,
1235,OpSelectionMerge %2039 None,,,,,,,,,,,
1236,OpBranchConditional %2037 %2039 %2038,540,Wait,225,Selected,177,Not Selected,63,,6,0,48
1237,%2038 = OpLabel,,,,,,,,,,,
1238,%2780 = OpExtInst %void %2 DebugScope %442 %1953,,,,,,,,,,,
1239,OpBranch %2069,,,,,,,,,,,
1240,%2039 = OpLabel,,,,,,,,,,,
1241,%2781 = OpExtInst %void %2 DebugScope %442 %1953,,,,,,,,,,,
1242,%2128 = OpExtInst %void %2 DebugLine %4 %uint_158 %uint_158 %uint_9 %uint_10,,,,,,,,,,,
1243,%2040 = OpExtInst %void %2 DebugDeclare %dir %1980 %126,,,,,,,,,,,
,float3 dir = normalize(T * CONE_DIRS[i].x + B * CONE_DIRS[i].y + N * CONE_DIRS[i].z);,4833,Selected,1438,Not Selected,1109,Wait,1069,,,,66
1244,%2041 = OpLoad %uint %1978,,,,,,,,,,,
1245,OpStore %1981 %651,,,,,,,,,,,
1246,%2042 = OpAccessChain %_ptr_Function_v3float %1981 %2041,,,,,,,,,,,
1247,%2043 = OpLoad %v3float %2042,186,Selected,104,Miscellaneous,53,Short Scoreboard,9,,1,,62
1248,%2044 = OpCompositeExtract %float %2043 0,,,,,,,,,,,
1249,%2045 = OpVectorTimesScalar %v3float %2021 %2044,,,,,,,,,,,
1250,%2046 = OpCompositeExtract %float %2043 1,,,,,,,,,,,
1251,%2047 = OpVectorTimesScalar %v3float %2023 %2046,1068,Wait,346,Selected,277,Not Selected,238,,4,110,66
1252,%2048 = OpFAdd %v3float %2045 %2047,1103,Not Selected,323,Math Pipe Throttle,299,Selected,219,,3,,66
1253,%2049 = OpCompositeExtract %float %2043 2,,,,,,,,,,,
1254,%2050 = OpVectorTimesScalar %v3float %2009 %2049,,,,,,,,,,,
1255,%2051 = OpFAdd %v3float %2048 %2050,557,Selected,307,Wait,113,Not Selected,70,,4,110,64
1256,%2052 = OpExtInst %v3float %133 Normalize %2051,1919,Selected,531,Not Selected,470,Wait,405,,7,5,64
1257,OpStore %1980 %2052,,,,,,,,,,,
1258,%2146 = OpExtInst %void %2 DebugLine %4 %uint_159 %uint_159 %uint_9 %uint_10,,,,,,,,,,,
,"gi += CONE_WEIGHTS[i] * traceCone(volume, smp, worldToGridClip, origin, dir, voxelSize, worldExtent * 0.5, maxMip, maxSteps, batch, envMapIndex, skyIntensity);",1816,Math Pipe Throttle,733,Not Selected,712,Selected,235,32,,,57
1259,OpStore %1982 %681,,,,,,,,,,,
1260,%2054 = OpAccessChain %_ptr_Function_float %1982 %2041,,,,,,,,,,,
1261,%2055 = OpLoad %float %2054,1576,Math Pipe Throttle,725,Not Selected,695,Miscellaneous,77,,1,,57
1262,%2056 = OpFMul %float %364 %float_0_5,138,Selected,135,Dispatch Stall,3,,,,2,,51
1263,%2057 = OpLoad %526 %1998,102,Wait,49,Selected,28,Not Selected,17,32,1,,41
1264,%2782 = OpExtInst %void %2 DebugNoLine,,,,,,,,,,,
1265,%2783 = OpExtInst %void %2 DebugScope %747 %2174,,,,,,,,,,,
1266,%2214 = OpAccessChain %_ptr_UniformConstant_178 %textures3D %328,,,,,,,,,,,
1267,%2215 = OpExtInst %void %2 DebugDeclare %skyIntensity_0 %2173 %126,,,,,,,,,,,
1268,OpStore %2173 %391,,,,,,,,,,,
1269,%2216 = OpExtInst %void %2 DebugDeclare %envMapIndex_0 %2175 %126,,,,,,,,,,,
1270,OpStore %2175 %388,,,,,,,,,,,
1271,%2217 = OpExtInst %void %2 DebugDeclare %fetchBatch_0 %2176 %126,,,,,,,,,,,
1272,OpStore %2176 %2008,,,,,,,,,,,
1273,%2218 = OpExtInst %void %2 DebugDeclare %maxSteps_0 %2177 %126,,,,,,,,,,,
1274,OpStore %2177 %382,,,,,,,,,,,
1275,%2219 = OpExtInst %void %2 DebugDeclare %maxMip_0 %2178 %126,,,,,,,,,,,
1276,OpStore %2178 %2003,,,,,,,,,,,
1277,%2220 = OpExtInst %void %2 DebugDeclare %maxDist %2179 %126,,,,,,,,,,,
1278,OpStore %2179 %2056,,,,,,,,,,,
1279,%2221 = OpExtInst %void %2 DebugDeclare %voxelSize_0 %2180 %126,,,,,,,,,,,
1280,OpStore %2180 %2001,,,,,,,,,,,
1281,%2222 = OpExtInst %void %2 DebugDeclare %dir_0 %2181 %126,,,,,,,,,,,
1282,OpStore %2181 %2052,,,,,,,,,,,
1283,%2223 = OpExtInst %void %2 DebugDeclare %origin_0 %2182 %126,,,,,,,,,,,
1284,OpStore %2182 %2027,,,,,,,,,,,
1285,%2224 = OpExtInst %void %2 DebugDeclare %worldToGridClip_0 %2183 %126,,,,,,,,,,,
1286,OpStore %2183 %360,,,,,,,,,,,
1287,%2405 = OpExtInst %void %2 DebugLine %4 %uint_99 %uint_99 %uint_5 %uint_6,,,,,,,,,,,
1288,%2225 = OpExtInst %void %2 DebugDeclare %uvwOrigin %2184 %126,,,,,,,,,,,
1289,%2784 = OpExtInst %void %2 DebugNoLine,,,,,,,,,,,
1290,%2785 = OpExtInst %void %2 DebugScope %872 %2621,,,,,,,,,,,
1291,%2628 = OpExtInst %void %2 DebugDeclare %worldToGridClip_1 %2620 %126,,,,,,,,,,,
1292,OpStore %2620 %360,,,,,,,,,,,
1293,%2629 = OpExtInst %void %2 DebugDeclare %worldPos_1 %2622 %126,,,,,,,,,,,
1294,OpStore %2622 %2027,,,,,,,,,,,
1295,%2644 = OpExtInst %void %2 DebugLine %4 %uint_62 %uint_62 %uint_5 %uint_6,,,,,,,,,,,
1296,%2630 = OpExtInst %void %2 DebugDeclare %clip %2623 %126,,,,,,,,,,,
,"float4 clip = mul(worldToGridClip, float4(worldPos, 1.0));",4715,Not Selected,1272,Selected,1190,Math Pipe Throttle,1070,,,,71
1297,%2631 = OpCompositeConstruct %v4float %2027 %float_1,,,,,,,,,,,
1298,%2632 = OpVectorTimesMatrix %v4float %2631 %360,4715,Not Selected,1272,Selected,1190,Math Pipe Throttle,1070,,16,,71
1299,OpStore %2623 %2632,,,,,,,,,,,
1300,%2650 = OpExtInst %void %2 DebugLine %4 %uint_63 %uint_63 %uint_5 %uint_6,,,,,,,,,,,
1301,%2633 = OpExtInst %void %2 DebugDeclare %ndc %2624 %126,,,,,,,,,,,
,float3 ndc = clip.xyz / clip.w;,1077,Not Selected,322,Math Pipe Throttle,263,Selected,256,,,,71
1302,%2634 = OpVectorShuffle %v3float %2632 %2632 0 1 2,,,,,,,,,,,
1303,%2635 = OpCompositeExtract %float %2632 3,,,,,,,,,,,
1304,%2636 = OpCompositeConstruct %v3float %2635 %2635 %2635,,,,,,,,,,,
1305,%2637 = OpFDiv %v3float %2634 %2636,1077,Not Selected,322,Math Pipe Throttle,263,Selected,256,,4,0,71
1306,OpStore %2624 %2637,,,,,,,,,,,
1307,%2656 = OpExtInst %void %2 DebugLine %4 %uint_64 %uint_64 %uint_5 %uint_6,,,,,,,,,,,
,"return float3(ndc.xy * 0.5 + 0.5, ndc.z);",192,Selected,185,Dispatch Stall,6,Math Pipe Throttle,1,,,,70
1308,%2638 = OpVectorShuffle %v2float %2637 %2637 0 1,,,,,,,,,,,
1309,%2639 = OpVectorTimesScalar %v2float %2638 %float_0_5,,,,,,,,,,,
1310,%2641 = OpFAdd %v2float %2639 %2698,192,Selected,185,Dispatch Stall,6,Math Pipe Throttle,1,,3,,70
1311,%2642 = OpCompositeExtract %float %2637 2,,,,,,,,,,,
1312,%2643 = OpCompositeConstruct %v3float %2641 %2642,,,,,,,,,,,
1313,%2786 = OpExtInst %void %2 DebugScope %747 %2174,,,,,,,,,,,
1314,%2409 = OpExtInst %void %2 DebugLine %4 %uint_99 %uint_99 %uint_5 %uint_6,,,,,,,,,,,
,"float3 uvwOrigin = worldToGridUVW(origin, worldToGridClip);",,,,,,,,,,,
1315,OpStore %2184 %2643,,,,,,,,,,,
1316,%2410 = OpExtInst %void %2 DebugLine %4 %uint_100 %uint_100 %uint_5 %uint_6,,,,,,,,,,,
1317,%2227 = OpExtInst %void %2 DebugDeclare %clipDir %2185 %126,,,,,,,,,,,
,"float4 clipDir = mul(worldToGridClip, float4(dir, 0.0));",2201,Selected,685,Wait,601,Not Selected,502,,,,68
1318,%2228 = OpCompositeConstruct %v4float %2052 %float_0,,,,,,,,,,,
1319,%2229 = OpVectorTimesMatrix %v4float %2228 %360,2201,Selected,685,Wait,601,Not Selected,502,,9,,68
1320,OpStore %2185 %2229,,,,,,,,,,,
1321,%2414 = OpExtInst %void %2 DebugLine %4 %uint_101 %uint_101 %uint_5 %uint_6,,,,,,,,,,,
1322,%2230 = OpExtInst %void %2 DebugDeclare %uvwDir %2186 %126,,,,,,,,,,,
,"float3 uvwDir = float3(clipDir.xy * 0.5, clipDir.z);",389,Selected,164,Wait,124,Not Selected,59,,,,67
1323,%2231 = OpVectorShuffle %v2float %2229 %2229 0 1,,,,,,,,,,,
1324,%2232 = OpVectorTimesScalar %v2float %2231 %float_0_5,389,Selected,164,Wait,124,Not Selected,59,,2,,67
1325,%2233 = OpCompositeExtract %float %2229 2,,,,,,,,,,,
1326,%2234 = OpCompositeConstruct %v3float %2232 %2233,,,,,,,,,,,
1327,OpStore %2186 %2234,,,,,,,,,,,
1328,%2420 = OpExtInst %void %2 DebugLine %4 %uint_104 %uint_104 %uint_5 %uint_6,,,,,,,,,,,
1329,%2235 = OpExtInst %void %2 DebugDeclare %tFar %2187 %126,,,,,,,,,,,
,"float3 tFar = (step(0.0, uvwDir) - uvwOrigin) / uvwDir;",1975,Selected,904,Not Selected,365,Math Pipe Throttle,276,,,,72
1330,%2236 = OpExtInst %v3float %133 Step %936 %2234,385,Selected,232,Miscellaneous,100,Math Pipe Throttle,32,,3,,70
1331,%2237 = OpFSub %v3float %2236 %2643,855,Not Selected,258,Selected,240,Math Pipe Throttle,195,,3,,72
1332,%2238 = OpFDiv %v3float %2237 %2234,735,Selected,432,Wait,118,Not Selected,94,,6,0,72
1333,OpStore %2187 %2238,,,,,,,,,,,
1334,%2425 = OpExtInst %void %2 DebugLine %4 %uint_105 %uint_105 %uint_5 %uint_6,,,,,,,,,,,
,"maxDist = min(maxDist, min(min(tFar.x, tFar.y), tFar.z));",1844,Not Selected,709,Math Pipe Throttle,635,Wait,290,,,,72
1335,%2239 = OpCompositeExtract %float %2238 0,,,,,,,,,,,
1336,%2240 = OpCompositeExtract %float %2238 1,,,,,,,,,,,
1337,%2241 = OpExtInst %float %133 FMin %2239 %2240,1425,Not Selected,642,Math Pipe Throttle,565,Wait,142,,1,,72
1338,%2242 = OpCompositeExtract %float %2238 2,,,,,,,,,,,
1339,%2243 = OpExtInst %float %133 FMin %2241 %2242,224,Selected,70,Wait,66,Not Selected,46,,1,,72
1340,%2244 = OpExtInst %float %133 FMin %2056 %2243,195,Wait,82,Selected,56,Math Pipe Throttle,28,,1,,72
1341,%2431 = OpExtInst %void %2 DebugLine %4 %uint_107 %uint_107 %uint_5 %uint_6,,,,,,,,,,,
1342,%2245 = OpExtInst %void %2 DebugDeclare %acc %2188 %126,,,,,,,,,,,
,float4 acc = float4(0.0);,,,,,,,,,,,
1343,OpStore %2189 %953,,,,,,,,,,,
1344,OpStore %2188 %953,,,,,,,,,,,
1345,%2434 = OpExtInst %void %2 DebugLine %4 %uint_108 %uint_108 %uint_5 %uint_6,,,,,,,,,,,
1346,%2246 = OpExtInst %void %2 DebugDeclare %dist %2190 %126,,,,,,,,,,,
,float dist = voxelSize;,,,,,,,,,,,
1347,OpStore %2190 %2001,,,,,,,,,,,
1348,%2436 = OpExtInst %void %2 DebugLine %4 %uint_109 %uint_109 %uint_5 %uint_6,,,,,,,,,,,
1349,%2437 = OpExtInst %void %2 DebugLine %4 %uint_109 %uint_109 %uint_10 %uint_11,,,,,,,,,,,
1350,%2247 = OpExtInst %void %2 DebugDeclare %i_0 %2191 %126,,,,,,,,,,,
,for (uint i = 0; i < maxSteps / fetchBatch && dist < maxDist && acc.a < 0.99; i++) {,13715,Wait,5023,Selected,3181,Not Selected,3032,,,,74
1351,OpStore %2191 %uint_0,,,,,,,,,,,
1352,OpStore %2192 %2001,,,,,,,,,,,
1353,OpStore %2193 %uint_0,,,,,,,,,,,
1354,OpBranch %2248,,,,,,,,,,,
1355,%2248 = OpLabel,,,,,,,,,,,
1356,%2787 = OpExtInst %void %2 DebugNoScope,,,,,,,,,,,
1357,OpLoopMerge %2362 %2361 None,,,,,,,,,,,
1358,OpBranch %2249,,,,,,,,,,,
1359,%2249 = OpLabel,,,,,,,,,,,
1360,%2788 = OpExtInst %void %2 DebugScope %747 %2174,,,,,,,,,,,
1361,OpBranch %2250,,,,,,,,,,,
1362,%2250 = OpLabel,,,,,,,,,,,
1363,%2789 = OpExtInst %void %2 DebugNoScope,,,,,,,,,,,
1364,OpBranch %2251,,,,,,,,,,,
1365,%2251 = OpLabel,,,,,,,,,,,
1366,%2790 = OpExtInst %void %2 DebugScope %747 %2174,,,,,,,,,,,
1367,%2442 = OpExtInst %void %2 DebugLine %4 %uint_109 %uint_109 %uint_66 %uint_67,,,,,,,,,,,
1368,%2252 = OpUDiv %uint %382 %2008,4287,Selected,1386,Not Selected,1066,Math Pipe Throttle,907,,20,49,73
1369,%2253 = OpLoad %uint %2193,,,,,,,,,,,
1370,%2254 = OpULessThan %bool %2253 %2252,,,,,,,,,,,
1371,%2445 = OpExtInst %void %2 DebugLine %4 %uint_109 %uint_109 %uint_24 %uint_25,,,,,,,,,,,
1372,%2791 = OpExtInst %void %2 DebugNoScope,,,,,,,,,,,
1373,OpSelectionMerge %2259 None,,,,,,,,,,,
1374,OpBranchConditional %2254 %2256 %2255,,,,,,,,,,,
1375,%2255 = OpLabel,,,,,,,,,,,
1376,%2792 = OpExtInst %void %2 DebugScope %747 %2174,,,,,,,,,,,
1377,OpStore %2194 %false,,,,,,,,,,,
1378,OpBranch %2259,,,,,,,,,,,
1379,%2256 = OpLabel,,,,,,,,,,,
1380,%2793 = OpExtInst %void %2 DebugScope %747 %2174,,,,,,,,,,,
1381,%2257 = OpLoad %float %2192,,,,,,,,,,,
1382,%2258 = OpFOrdLessThan %bool %2257 %2244,2791,Wait,856,Selected,779,Not Selected,576,,5,,74
1383,OpStore %2194 %2258,,,,,,,,,,,
1384,OpBranch %2259,,,,,,,,,,,
1385,%2259 = OpLabel,,,,,,,,,,,
1386,%2794 = OpExtInst %void %2 DebugScope %747 %2174,,,,,,,,,,,
1387,%2447 = OpExtInst %void %2 DebugLine %4 %uint_109 %uint_109 %uint_48 %uint_49,,,,,,,,,,,
1388,%2260 = OpLoad %bool %2194,,,,,,,,,,,
1389,%2795 = OpExtInst %void %2 DebugNoScope,,,,,,,,,,,
1390,OpSelectionMerge %2266 None,,,,,,,,,,,
1391,OpBranchConditional %2260 %2262 %2261,2685,Selected,774,Not Selected,598,Wait,560,,11,9,74
1392,%2261 = OpLabel,,,,,,,,,,,
1393,%2796 = OpExtInst %void %2 DebugScope %747 %2174,,,,,,,,,,,
1394,OpStore %2195 %false,,,,,,,,,,,
1395,OpBranch %2266,,,,,,,,,,,
1396,%2262 = OpLabel,,,,,,,,,,,
1397,%2797 = OpExtInst %void %2 DebugScope %747 %2174,,,,,,,,,,,
1398,%2263 = OpLoad %v4float %2189,,,,,,,,,,,
1399,%2264 = OpCompositeExtract %float %2263 3,,,,,,,,,,,
1400,%2265 = OpFOrdLessThan %bool %2264 %float_0_99000001,,,,,,,,,,,
1401,OpStore %2195 %2265,,,,,,,,,,,
1402,OpBranch %2266,,,,,,,,,,,
1403,%2266 = OpLabel,,,,,,,,,,,
1404,%2798 = OpExtInst %void %2 DebugScope %747 %2174,,,,,,,,,,,
1405,%2267 = OpLoad %bool %2195,,,,,,,,,,,
1406,%2799 = OpExtInst %void %2 DebugNoScope,,,,,,,,,,,
1407,OpSelectionMerge %2269 None,,,,,,,,,,,
1408,OpBranchConditional %2267 %2269 %2268,3952,Wait,2877,Not Selected,792,Selected,242,,2,,74
1409,%2268 = OpLabel,,,,,,,,,,,
1410,%2800 = OpExtInst %void %2 DebugScope %747 %2174,,,,,,,,,,,
1411,OpBranch %2362,,,,,,,,,,,
1412,%2269 = OpLabel,,,,,,,,,,,
1413,%2801 = OpExtInst %void %2 DebugScope %747 %2174,,,,,,,,,,,
1414,%2450 = OpExtInst %void %2 DebugLine %4 %uint_110 %uint_110 %uint_9 %uint_10,,,,,,,,,,,
1415,%2270 = OpExtInst %void %2 DebugDeclare %s %2202 %126,,,,,,,,,,,
1416,%2453 = OpExtInst %void %2 DebugLine %4 %uint_111 %uint_111 %uint_9 %uint_10,,,,,,,,,,,
1417,%2271 = OpExtInst %void %2 DebugDeclare %d %2204 %126,,,,,,,,,,,
,float d = dist;,,,,,,,,,,,
1418,%2272 = OpLoad %float %2192,,,,,,,,,,,
1419,OpStore %2204 %2272,,,,,,,,,,,
1420,%2456 = OpExtInst %void %2 DebugLine %4 %uint_112 %uint_112 %uint_9 %uint_10,,,,,,,,,,,
1421,%2457 = OpExtInst %void %2 DebugLine %4 %uint_112 %uint_112 %uint_14 %uint_15,,,,,,,,,,,
1422,%2273 = OpExtInst %void %2 DebugDeclare %j %2205 %126,,,,,,,,,,,
,for (uint j = 0; j < fetchBatch; j++) {,34971,Wait,13311,Not Selected,7768,Miscellaneous,5186,,,,74
1423,OpStore %2205 %uint_0,,,,,,,,,,,
1424,OpStore %2206 %uint_0,,,,,,,,,,,
1425,OpBranch %2274,,,,,,,,,,,
1426,%2274 = OpLabel,,,,,,,,,,,
1427,%2802 = OpExtInst %void %2 DebugNoScope,,,,,,,,,,,
1428,OpLoopMerge %2308 %2307 None,,,,,,,,,,,
1429,OpBranch %2275,,,,,,,,,,,
1430,%2275 = OpLabel,,,,,,,,,,,
1431,%2803 = OpExtInst %void %2 DebugScope %747 %2174,,,,,,,,,,,
1432,OpBranch %2276,,,,,,,,,,,
1433,%2276 = OpLabel,,,,,,,,,,,
1434,%2804 = OpExtInst %void %2 DebugNoScope,,,,,,,,,,,
1435,OpBranch %2277,,,,,,,,,,,
1436,%2277 = OpLabel,,,,,,,,,,,
1437,%2805 = OpExtInst %void %2 DebugScope %747 %2174,,,,,,,,,,,
1438,%2461 = OpExtInst %void %2 DebugLine %4 %uint_112 %uint_112 %uint_28 %uint_29,,,,,,,,,,,
1439,%2278 = OpLoad %uint %2206,,,,,,,,,,,
1440,%2279 = OpULessThan %bool %2278 %2008,16810,Miscellaneous,5112,Not Selected,3516,Math Pipe Throttle,3331,,9,,74
1441,%2806 = OpExtInst %void %2 DebugNoScope,,,,,,,,,,,
1442,OpSelectionMerge %2281 None,,,,,,,,,,,
1443,OpBranchConditional %2279 %2281 %2280,18161,Wait,11095,Not Selected,4252,Selected,1953,,15,,74
1444,%2280 = OpLabel,,,,,,,,,,,
1445,%2807 = OpExtInst %void %2 DebugScope %747 %2174,,,,,,,,,,,
1446,OpBranch %2308,,,,,,,,,,,
1447,%2281 = OpLabel,,,,,,,,,,,
1448,%2808 = OpExtInst %void %2 DebugScope %747 %2174,,,,,,,,,,,
1449,%2465 = OpExtInst %void %2 DebugLine %4 %uint_113 %uint_113 %uint_13 %uint_14,,,,,,,,,,,
1450,%2282 = OpExtInst %void %2 DebugDeclare %diameter %2209 %126,,,,,,,,,,,
,"float diameter = max(voxelSize, 2.0 * CONE_TAN * d);",3124,Selected,1133,Wait,638,Not Selected,625,,,,74
1451,%2283 = OpLoad %float %2192,,,,,,,,,,,
1452,%2284 = OpFMul %float %float_1_15400004 %2283,2464,Wait,638,Not Selected,607,Selected,579,,8,,72
1453,%2285 = OpExtInst %float %133 FMax %2001 %2284,660,Selected,554,Miscellaneous,69,Not Selected,18,,8,,74
1454,OpStore %2209 %2285,,,,,,,,,,,
1455,%2472 = OpExtInst %void %2 DebugLine %4 %uint_114 %uint_114 %uint_13 %uint_14,,,,,,,,,,,
1456,%2286 = OpExtInst %void %2 DebugDeclare %mip_0 %2210 %126,,,,,,,,,,,
,"float mip = clamp(log2(diameter / voxelSize), 0.0, maxMip);",29134,Not Selected,8692,Math Pipe Throttle,6266,Wait,6015,,,,77
1457,%2287 = OpFDiv %float %2285 %2001,9249,Wait,3064,Not Selected,2525,Math Pipe Throttle,1655,,12,714,74
1458,%2288 = OpExtInst %float %133 Log2 %2287,2974,Wait,1316,Not Selected,958,Selected,528,,8,3904,74
1459,%2289 = OpExtInst %float %133 FClamp %2288 %float_0 %2003,16911,Not Selected,5209,Math Pipe Throttle,4611,Short Scoreboard,3904,,16,,77
1460,OpStore %2210 %2289,,,,,,,,,,,
1461,%2477 = OpExtInst %void %2 DebugLine %4 %uint_115 %uint_115 %uint_13 %uint_14,,,,,,,,,,,
,"s[j] = volume.SampleLevel(smp, uvwOrigin + uvwDir * d, mip);",191736,Long Scoreboard,108457,Selected,26167,Not Selected,20569,32,,,78
1462,%2290 = OpLoad %uint %2206,,,,,,,,,,,
1463,%2291 = OpAccessChain %_ptr_Function_v4float %2203 %2290,3861,Math Pipe Throttle,1466,Not Selected,1440,Selected,492,,8,,78
1464,%2293 = OpVectorTimesScalar %v3float %2234 %2283,,,,,,,,,,,
1465,%2294 = OpFAdd %v3float %2643 %2293,5326,Selected,1645,Wait,1412,Not Selected,1231,,24,,77
1466,%2295 = OpLoad %178 %2214,,,,,,,,,,,
1467,%2296 = OpSampledImage %1237 %2295 %2057,4313,Miscellaneous,3014,Wait,670,Selected,294,32,5,,41
1468,%2297 = OpImageSampleExplicitLod %v4float %2296 %2294 Lod %2289,4848,Wait,2599,Not Selected,1506,Selected,544,,8,108457,77
1469,OpStore %2291 %2297,173388,Long Scoreboard,108457,Selected,23192,Not Selected,16124,,328,,78
1470,%2300 = OpAccessChain %_ptr_Function_v4float %2202 %2290,,,,,,,,,,,
1471,OpStore %2300 %2297,,,,,,,,,,,
1472,%2491 = OpExtInst %void %2 DebugLine %4 %uint_116 %uint_116 %uint_13 %uint_14,,,,,,,,,,,
,d += diameter; // half-diameter steps against banding,3784,Not Selected,1137,Wait,1084,Math Pipe Throttle,984,,,,75
1473,%2302 = OpFAdd %float %2283 %2285,3784,Not Selected,1137,Wait,1084,Math Pipe Throttle,984,,8,,75
1474,OpStore %2204 %2302,,,,,,,,,,,
1475,OpBranch %2303,,,,,,,,,,,
1476,%2303 = OpLabel,,,,,,,,,,,
1477,%2809 = OpExtInst %void %2 DebugScope %747 %2174,,,,,,,,,,,
1478,OpBranch %2304,,,,,,,,,,,
1479,%2304 = OpLabel,,,,,,,,,,,
1480,%2810 = OpExtInst %void %2 DebugScope %747 %2174,,,,,,,,,,,
1481,%2494 = OpExtInst %void %2 DebugLine %4 %uint_112 %uint_112 %uint_43 %uint_44,,,,,,,,,,,
,for (uint j = 0; j < fetchBatch; j++) {,397,Selected,391,Dispatch Stall,6,,,,,,77
1482,%2305 = OpLoad %uint %2206,,,,,,,,,,,
1483,%2306 = OpIAdd %uint %2305 %uint_1,397,Selected,391,Dispatch Stall,6,,,,6,,77
1484,OpStore %2205 %2306,,,,,,,,,,,
1485,OpStore %2206 %2306,,,,,,,,,,,
1486,OpStore %2192 %2302,,,,,,,,,,,
1487,OpBranch %2307,,,,,,,,,,,
1488,%2307 = OpLabel,,,,,,,,,,,
1489,%2811 = OpExtInst %void %2 DebugScope %747 %2174,,,,,,,,,,,
1490,OpBranch %2274,,,,,,,,,,,
1491,%2308 = OpLabel,,,,,,,,,,,
1492,%2812 = OpExtInst %void %2 DebugScope %747 %2174,,,,,,,,,,,
1493,%2500 = OpExtInst %void %2 DebugLine %4 %uint_118 %uint_118 %uint_9 %uint_10,,,,,,,,,,,
1494,%2501 = OpExtInst %void %2 DebugLine %4 %uint_118 %uint_118 %uint_14 %uint_15,,,,,,,,,,,
1495,%2309 = OpExtInst %void %2 DebugDeclare %j_0 %2207 %126,,,,,,,,,,,
,for (uint j = 0; j < fetchBatch; j++) {,38915,Wait,11976,Not Selected,9955,Math Pipe Throttle,5745,,,,74
1496,OpStore %2207 %uint_0,,,,,,,,,,,
1497,OpStore %2208 %uint_0,,,,,,,,,,,
1498,OpBranch %2310,,,,,,,,,,,
1499,%2310 = OpLabel,,,,,,,,,,,
1500,%2813 = OpExtInst %void %2 DebugNoScope,,,,,,,,,,,
1501,OpLoopMerge %2355 %2354 None,,,,,,,,,,,
1502,OpBranch %2311,,,,,,,,,,,
1503,%2311 = OpLabel,,,,,,,,,,,
1504,%2814 = OpExtInst %void %2 DebugScope %747 %2174,,,,,,,,,,,
1505,OpBranch %2312,,,,,,,,,,,
1506,%2312 = OpLabel,,,,,,,,,,,
1507,%2815 = OpExtInst %void %2 DebugNoScope,,,,,,,,,,,
1508,OpBranch %2313,,,,,,,,,,,
1509,%2313 = OpLabel,,,,,,,,,,,
1510,%2816 = OpExtInst %void %2 DebugScope %747 %2174,,,,,,,,,,,
1511,%2505 = OpExtInst %void %2 DebugLine %4 %uint_118 %uint_118 %uint_28 %uint_29,,,,,,,,,,,
1512,%2314 = OpLoad %uint %2208,,,,,,,,,,,
1513,%2315 = OpULessThan %bool %2314 %2008,15980,Miscellaneous,5073,Not Selected,3692,Math Pipe Throttle,3387,,8,,70
1514,%2817 = OpExtInst %void %2 DebugNoScope,,,,,,,,,,,
1515,OpSelectionMerge %2317 None,,,,,,,,,,,
1516,OpBranchConditional %2315 %2317 %2316,22935,Wait,10183,Not Selected,6263,Selected,3969,,27,,74
1517,%2316 = OpLabel,,,,,,,,,,,
1518,%2818 = OpExtInst %void %2 DebugScope %747 %2174,,,,,,,,,,,
1519,OpBranch %2355,,,,,,,,,,,
1520,%2317 = OpLabel,,,,,,,,,,,
1521,%2819 = OpExtInst %void %2 DebugScope %747 %2174,,,,,,,,,,,
1522,%2509 = OpExtInst %void %2 DebugLine %4 %uint_119 %uint_119 %uint_13 %uint_14,,,,,,,,,,,
,acc.rgb += (1.0 - acc.a) * s[j].a * voxelToneMapInv(s[j].rgb);,75824,Selected,24466,Not Selected,17804,Math Pipe Throttle,16238,,,,75
1523,%2318 = OpLoad %v4float %2189,,,,,,,,,,,
1524,%2319 = OpVectorShuffle %v3float %2318 %2318 0 1 2,,,,,,,,,,,
1525,%2321 = OpCompositeExtract %float %2318 3,,,,,,,,,,,
1526,%2322 = OpFSub %float %float_1 %2321,4448,Short Scoreboard,2134,Not Selected,747,Math Pipe Throttle,714,,8,,73
1527,%2323 = OpLoad %uint %2208,,,,,,,,,,,
1528,%2324 = OpAccessChain %_ptr_Function_v4float %2203 %2323,8111,Not Selected,2656,Math Pipe Throttle,2453,Wait,2252,,8,,74
1529,%2325 = OpLoad %v4float %2324,59907,Selected,22326,Not Selected,13483,Math Pipe Throttle,12283,,320,,75
1530,%2326 = OpCompositeExtract %float %2325 3,,,,,,,,,,,
1531,%2327 = OpFMul %float %2322 %2326,3358,Not Selected,918,Selected,860,Math Pipe Throttle,788,,9,,74
1532,%2328 = OpLoad %v4float %2324,,,,,,,,,,,
1533,%2329 = OpVectorShuffle %v3float %2328 %2328 0 1 2,,,,,,,,,,,
1534,%2820 = OpExtInst %void %2 DebugNoLine,,,,,,,,,,,
1535,%2821 = OpExtInst %void %2 DebugScope %1157 %2665,,,,,,,,,,,
1536,%2669 = OpExtInst %void %2 DebugDeclare %v %2664 %126,,,,,,,,,,,
1537,OpStore %2664 %2329,,,,,,,,,,,
1538,%2676 = OpExtInst %void %2 DebugLine %4 %uint_20 %uint_20 %uint_43 %uint_44,,,,,,,,,,,
,"public float3 voxelToneMapInv(float3 v) { return v / max(1.0 - v, 1e-4); }",20720,Selected,7029,Not Selected,5467,Math Pipe Throttle,3059,,,,75
1539,%2671 = OpFSub %v3float %2699 %2329,5130,Selected,1836,Not Selected,1197,Math Pipe Throttle,1069,,25,,75
1540,%2672 = OpExtInst %v3float %133 FMax %2671 %1172,5619,Selected,1661,Not Selected,1511,Math Pipe Throttle,1430,,24,,75
1541,%2673 = OpFDiv %v3float %2329 %2672,9971,Selected,3532,Not Selected,2759,Wait,1914,,49,2443,75
1542,%2822 = OpExtInst %void %2 DebugScope %747 %2174,,,,,,,,,,,
1543,%2524 = OpExtInst %void %2 DebugLine %4 %uint_119 %uint_119 %uint_13 %uint_14,,,,,,,,,,,
,acc.rgb += (1.0 - acc.a) * s[j].a * voxelToneMapInv(s[j].rgb);,12852,Not Selected,4437,Math Pipe Throttle,3745,Wait,2588,,,,74
1544,%2331 = OpVectorTimesScalar %v3float %2673 %2327,,,,,,,,,,,
1545,%2332 = OpFAdd %v3float %2319 %2331,12852,Not Selected,4437,Math Pipe Throttle,3745,Wait,2588,,27,,74
1546,%2334 = OpCompositeExtract %float %2332 0,,,,,,,,,,,
1547,%2701 = OpCompositeInsert %v4float %2334 %2318 0,,,,,,,,,,,
1548,%2336 = OpCompositeExtract %float %2332 1,,,,,,,,,,,
1549,%2706 = OpCompositeInsert %v4float %2336 %2701 1,,,,,,,,,,,
1550,%2338 = OpCompositeExtract %float %2332 2,,,,,,,,,,,
1551,%2711 = OpCompositeInsert %v4float %2338 %2706 2,,,,,,,,,,,
1552,OpStore %2188 %2711,,,,,,,,,,,
1553,%2539 = OpExtInst %void %2 DebugLine %4 %uint_120 %uint_120 %uint_13 %uint_14,,,,,,,,,,,
,acc.a   += (1.0 - acc.a) * s[j].a;,1798,Selected,588,Wait,531,Not Selected,364,,,,75
1554,%2342 = OpCompositeExtract %float %2711 3,,,,,,,,,,,
1555,%2343 = OpFSub %float %float_1 %2342,,,,,,,,,,,
1556,%2344 = OpLoad %v4float %2324,,,,,,,,,,,
1557,%2345 = OpCompositeExtract %float %2344 3,,,,,,,,,,,
1558,%2346 = OpFMul %float %2343 %2345,,,,,,,,,,,
1559,%2347 = OpCompositeExtract %float %2711 3,,,,,,,,,,,
1560,%2348 = OpFAdd %float %2347 %2346,1798,Selected,588,Wait,531,Not Selected,364,,9,,75
1561,%2718 = OpCompositeInsert %v4float %2348 %2711 3,,,,,,,,,,,
1562,OpStore %2189 %2718,,,,,,,,,,,
1563,%2723 = OpCompositeInsert %v4float %2348 %2711 3,,,,,,,,,,,
1564,OpStore %2188 %2723,,,,,,,,,,,
1565,OpBranch %2350,,,,,,,,,,,
1566,%2350 = OpLabel,,,,,,,,,,,
1567,%2823 = OpExtInst %void %2 DebugScope %747 %2174,,,,,,,,,,,
1568,OpBranch %2351,,,,,,,,,,,
1569,%2351 = OpLabel,,,,,,,,,,,
1570,%2824 = OpExtInst %void %2 DebugScope %747 %2174,,,,,,,,,,,
1571,%2550 = OpExtInst %void %2 DebugLine %4 %uint_118 %uint_118 %uint_43 %uint_44,,,,,,,,,,,
,for (uint j = 0; j < fetchBatch; j++) {,1102,Selected,459,Wait,215,Not Selected,179,,,,73
1572,%2352 = OpLoad %uint %2208,,,,,,,,,,,
1573,%2353 = OpIAdd %uint %2352 %uint_1,1102,Selected,459,Wait,215,Not Selected,179,,6,,73
1574,OpStore %2207 %2353,,,,,,,,,,,
1575,OpStore %2208 %2353,,,,,,,,,,,
1576,OpBranch %2354,,,,,,,,,,,
1577,%2354 = OpLabel,,,,,,,,,,,
1578,%2825 = OpExtInst %void %2 DebugScope %747 %2174,,,,,,,,,,,
1579,OpBranch %2310,,,,,,,,,,,
1580,%2355 = OpLabel,,,,,,,,,,,
1581,%2826 = OpExtInst %void %2 DebugScope %747 %2174,,,,,,,,,,,
1582,%2555 = OpExtInst %void %2 DebugLine %4 %uint_122 %uint_122 %uint_9 %uint_10,,,,,,,,,,,
,dist = d;,,,,,,,,,,,
1583,%2356 = OpLoad %float %2192,,,,,,,,,,,
1584,OpStore %2190 %2356,,,,,,,,,,,
1585,OpBranch %2357,,,,,,,,,,,
1586,%2357 = OpLabel,,,,,,,,,,,
1587,%2827 = OpExtInst %void %2 DebugScope %747 %2174,,,,,,,,,,,
1588,OpBranch %2358,,,,,,,,,,,
1589,%2358 = OpLabel,,,,,,,,,,,
1590,%2828 = OpExtInst %void %2 DebugScope %747 %2174,,,,,,,,,,,
1591,%2558 = OpExtInst %void %2 DebugLine %4 %uint_109 %uint_109 %uint_84 %uint_85,,,,,,,,,,,
,for (uint i = 0; i < maxSteps / fetchBatch && dist < maxDist && acc.a < 0.99; i++) {,540,Selected,179,Wait,176,Not Selected,97,,,,74
1592,%2359 = OpLoad %uint %2193,,,,,,,,,,,
1593,%2360 = OpIAdd %uint %2359 %uint_1,540,Selected,179,Wait,176,Not Selected,97,,1,,74
1594,OpStore %2191 %2360,,,,,,,,,,,
1595,OpStore %2193 %2360,,,,,,,,,,,
1596,OpBranch %2361,,,,,,,,,,,
1597,%2361 = OpLabel,,,,,,,,,,,
1598,%2829 = OpExtInst %void %2 DebugScope %747 %2174,,,,,,,,,,,
1599,OpBranch %2248,,,,,,,,,,,
1600,%2362 = OpLabel,,,,,,,,,,,
1601,%2830 = OpExtInst %void %2 DebugScope %747 %2174,,,,,,,,,,,
1602,%2563 = OpExtInst %void %2 DebugLine %4 %uint_127 %uint_127 %uint_5 %uint_6,,,,,,,,,,,
,if (skyIntensity > 0.0) {,3137,Wait,1329,Branch Resolving,699,Not Selected,487,,,,60
1603,%2363 = OpFOrdGreaterThan %bool %391 %float_0,3137,Wait,1329,Branch Resolving,699,Not Selected,487,,5,66,60
1604,%2564 = OpExtInst %void %2 DebugLine %4 %uint_127 %uint_127 %uint_22 %uint_23,,,,,,,,,,,
1605,%2831 = OpExtInst %void %2 DebugNoScope,,,,,,,,,,,
1606,OpSelectionMerge %2402 None,,,,,,,,,,,
1607,OpBranchConditional %2363 %2364 %2402,,,,,,,,,,,
1608,%2364 = OpLabel,,,,,,,,,,,
1609,%2832 = OpExtInst %void %2 DebugScope %747 %2174,,,,,,,,,,,
1610,%2566 = OpExtInst %void %2 DebugLine %4 %uint_128 %uint_128 %uint_9 %uint_10,,,,,,,,,,,
1611,%2365 = OpExtInst %void %2 DebugDeclare %w %2196 %126,,,,,,,,,,,
1612,%2366 = OpExtInst %void %2 DebugDeclare %h %2198 %126,,,,,,,,,,,
1613,%2367 = OpExtInst %void %2 DebugDeclare %mips %2200 %126,,,,,,,,,,,
1614,%2571 = OpExtInst %void %2 DebugLine %4 %uint_129 %uint_129 %uint_9 %uint_10,,,,,,,,,,,
,"voxelCubemaps[envMapIndex].GetDimensions(0, w, h, mips);",578,Wait,173,Not Selected,167,Selected,155,32,,,60
1615,%2368 = OpAccessChain %_ptr_UniformConstant_1023 %voxelCubemaps %388,,,,,,,,,,,
1616,%2370 = OpLoad %1023 %2368,227,Selected,71,Miscellaneous,62,Not Selected,52,32,2,,41
1617,%2371 = OpLoad %1023 %2368,,,,,,,,,,,
1618,%2372 = OpImageQuerySizeLod %v2uint %2371 %int_0,,,,,,,,,,,
1619,%2373 = OpCompositeExtract %uint %2372 0,,,,,,,,,,,
1620,%2374 = OpCompositeExtract %uint %2372 1,,,,,,,,,,,
1621,%2375 = OpImageQueryLevels %uint %2370,351,Wait,133,Not Selected,115,Selected,84,,1,15283,60
1622,OpStore %2200 %2375,,,,,,,,,,,
1623,OpStore %2198 %2374,,,,,,,,,,,
1624,OpStore %2196 %2373,,,,,,,,,,,
1625,%2588 = OpExtInst %void %2 DebugLine %4 %uint_130 %uint_130 %uint_9 %uint_10,,,,,,,,,,,
,"acc.rgb += (1.0 - acc.a) * skyIntensity * voxelCubemaps[envMapIndex].SampleLevel(smp, dir, float(mips) - 2.0).rgb;",44588,Long Scoreboard,32653,Not Selected,3178,Short Scoreboard,2028,32,,,62
1626,%2379 = OpLoad %v4float %2189,,,,,,,,,,,
1627,%2380 = OpVectorShuffle %v3float %2379 %2379 0 1 2,,,,,,,,,,,
1628,%2382 = OpCompositeExtract %float %2379 3,,,,,,,,,,,
1629,%2383 = OpFSub %float %float_1 %2382,68,Selected,68,,,,,,1,,57
1630,%2384 = OpFMul %float %2383 %391,384,Math Pipe Throttle,119,Not Selected,98,Wait,91,,1,,57
1631,%2386 = OpConvertUToF %float %2375,15968,Long Scoreboard,15283,Not Selected,510,Selected,75,,1,988,58
1632,%2387 = OpFSub %float %2386 %float_2,1456,Short Scoreboard,988,Math Pipe Throttle,156,Not Selected,145,,1,,57
1633,%2388 = OpLoad %1023 %2368,,,,,,,,,,,
1634,%2389 = OpSampledImage %1055 %2388 %2057,2419,Miscellaneous,1719,Not Selected,252,Selected,204,32,4,,41
1635,%2390 = OpImageSampleExplicitLod %v4float %2389 %2052 Lod %2387,5466,Not Selected,1588,Wait,1136,Short Scoreboard,1040,,9,18432,62
1636,%2392 = OpVectorShuffle %v3float %2390 %2390 0 1 2,,,,,,,,,,,
1637,%2393 = OpVectorTimesScalar %v3float %2392 %2384,,,,,,,,,,,
1638,%2394 = OpFAdd %v3float %2380 %2393,18827,Long Scoreboard,17370,Not Selected,585,Math Pipe Throttle,510,,3,,57
1639,%2396 = OpCompositeExtract %float %2394 0,,,,,,,,,,,
1640,%2728 = OpCompositeInsert %v4float %2396 %2379 0,,,,,,,,,,,
1641,%2398 = OpCompositeExtract %float %2394 1,,,,,,,,,,,
1642,%2733 = OpCompositeInsert %v4float %2398 %2728 1,,,,,,,,,,,
1643,%2400 = OpCompositeExtract %float %2394 2,,,,,,,,,,,
1644,%2738 = OpCompositeInsert %v4float %2400 %2733 2,,,,,,,,,,,
1645,OpStore %2189 %2738,,,,,,,,,,,
1646,OpStore %2188 %2738,,,,,,,,,,,
1647,OpBranch %2402,,,,,,,,,,,
1648,%2402 = OpLabel,,,,,,,,,,,
1649,%2833 = OpExtInst %void %2 DebugScope %747 %2174,,,,,,,,,,,
1650,%2616 = OpExtInst %void %2 DebugLine %4 %uint_132 %uint_132 %uint_5 %uint_6,,,,,,,,,,,
,return acc.rgb;,,,,,,,,,,,
1651,%2403 = OpLoad %v4float %2189,,,,,,,,,,,
1652,%2404 = OpVectorShuffle %v3float %2403 %2403 0 1 2,,,,,,,,,,,
1653,%2834 = OpExtInst %void %2 DebugScope %442 %1953,,,,,,,,,,,
1654,%2152 = OpExtInst %void %2 DebugLine %4 %uint_159 %uint_159 %uint_9 %uint_10,,,,,,,,,,,
,"gi += CONE_WEIGHTS[i] * traceCone(volume, smp, worldToGridClip, origin, dir, voxelSize, worldExtent * 0.5, maxMip, maxSteps, batch, envMapIndex, skyIntensity);",2868,Not Selected,967,Wait,891,Selected,549,,,,57
1655,%2059 = OpVectorTimesScalar %v3float %2404 %2055,,,,,,,,,,,
1656,%2060 = OpLoad %v3float %1977,,,,,,,,,,,
1657,%2061 = OpFAdd %v3float %2060 %2059,2868,Not Selected,967,Wait,891,Selected,549,,8,640,57
1658,OpStore %1974 %2061,,,,,,,,,,,
1659,%2156 = OpExtInst %void %2 DebugLine %4 %uint_160 %uint_160 %uint_9 %uint_10,,,,,,,,,,,
,totalWeight += CONE_WEIGHTS[i];,69,Selected,57,Not Selected,8,Dispatch Stall,3,,,,53
1660,%2062 = OpLoad %float %1979,,,,,,,,,,,
1661,%2063 = OpFAdd %float %2062 %2055,69,Selected,57,Not Selected,8,Dispatch Stall,3,,1,,53
1662,OpStore %1975 %2063,,,,,,,,,,,
1663,OpBranch %2064,,,,,,,,,,,
1664,%2064 = OpLabel,,,,,,,,,,,
1665,%2835 = OpExtInst %void %2 DebugScope %442 %1953,,,,,,,,,,,
1666,OpBranch %2065,,,,,,,,,,,
1667,%2065 = OpLabel,,,,,,,,,,,
1668,%2836 = OpExtInst %void %2 DebugScope %442 %1953,,,,,,,,,,,
1669,%2160 = OpExtInst %void %2 DebugLine %4 %uint_157 %uint_157 %uint_37 %uint_38,,,,,,,,,,,
,for (uint i = 0; i < rays + 1; i++) {,80,Selected,80,,,,,,,,57
1670,%2066 = OpLoad %uint %1978,,,,,,,,,,,
1671,%2067 = OpIAdd %uint %2066 %uint_1,80,Selected,80,,,,,,1,,57
1672,OpStore %1976 %2067,,,,,,,,,,,
1673,OpStore %1978 %2067,,,,,,,,,,,
1674,OpStore %1977 %2061,,,,,,,,,,,
1675,OpStore %1979 %2063,,,,,,,,,,,
1676,OpBranch %2068,,,,,,,,,,,
1677,%2068 = OpLabel,,,,,,,,,,,
1678,%2837 = OpExtInst %void %2 DebugScope %442 %1953,,,,,,,,,,,
1679,OpBranch %2031,,,,,,,,,,,
1680,%2069 = OpLabel,,,,,,,,,,,
1681,%2838 = OpExtInst %void %2 DebugScope %442 %1953,,,,,,,,,,,
1682,%2167 = OpExtInst %void %2 DebugLine %4 %uint_162 %uint_162 %uint_5 %uint_6,,,,,,,,,,,
,return gi / totalWeight;,191,Not Selected,63,Math Pipe Throttle,57,Selected,55,,,,50
1683,%2070 = OpLoad %v3float %1977,,,,,,,,,,,
1684,%2071 = OpLoad %float %1979,,,,,,,,,,,
1685,%2072 = OpCompositeConstruct %v3float %2071 %2071 %2071,,,,,,,,,,,
1686,%2073 = OpFDiv %v3float %2070 %2072,191,Not Selected,63,Math Pipe Throttle,57,Selected,55,,4,0,50
1687,%2839 = OpExtInst %void %2 DebugScope %34,,,,,,,,,,,
1688,%1479 = OpExtInst %void %2 DebugLine %12 %uint_48 %uint_48 %uint_9 %uint_10,,,,,,,,,,,
,// C:/Users/vicro/Desktop/vulkan-renderer/repo/shader-forge/shaders/voxel_gather.slang:48,,,,,,,,
,"float3 irr = coneTraceVXGI(gpc.radianceTextureIndex, gpc.samplerIndex, gpc.worldToGridClip,",,,,,,,,,,,
1689,OpStore %25 %2073,,,,,,,,,,,
1690,%1280 = OpExtInst %void %2 DebugLine %12 %uint_52 %uint_52 %uint_9 %uint_10,,,,,,,,,,,
,"storageImages3D[gpc.faceStorageIndices[f]][int3(id)] = float4(voxelToneMap(irr), 1.0);",11,Selected,11,,,,,,,,53
1691,%1283 = OpAccessChain %_ptr_PushConstant__Array_std430_uint6 %gpc %int_7,,,,,,,,,,,
1692,%1285 = OpAccessChain %_ptr_PushConstant__arr_uint_int_6 %1283 %int_0,,,,,,,,,,,
1693,%1286 = OpLoad %uint %f,,,,,,,,,,,
1694,%1287 = OpAccessChain %_ptr_PushConstant_uint %1285 %1286,,,,,,,,,,,
1695,%1288 = OpLoad %uint %1287,11,Selected,11,,,,,,1,,53
1696,%1294 = OpAccessChain %_ptr_UniformConstant_1290 %storageImages3D %1288,,,,,,,,,,,
1697,%1295 = OpBitcast %v3int %88,,,,,,,,,,,
1698,%1296 = OpBitcast %v3uint %1295,,,,,,,,,,,
1699,%2840 = OpExtInst %void %2 DebugNoLine,,,,,,,,,,,
1700,%2841 = OpExtInst %void %2 DebugScope %1302 %2682,,,,,,,,,,,
1701,%2686 = OpExtInst %void %2 DebugDeclare %v_0 %2681 %126,,,,,,,,,,,
1702,OpStore %2681 %2073,,,,,,,,,,,
1703,%2692 = OpExtInst %void %2 DebugLine %4 %uint_19 %uint_19 %uint_43 %uint_44,,,,,,,,,,,
,// C:/Users/vicro/Desktop/vulkan-renderer/repo/shader-forge/shaders/modules/voxel.slang:19,,,,,,,,
,public float3 voxelToneMap(float3 v)    { return v / (1.0 + v); },730,Wait,198,Not Selected,177,Selected,124,,,,54
1704,%2688 = OpFAdd %v3float %2699 %2073,103,Selected,43,Wait,33,Not Selected,14,,3,,53
1705,%2689 = OpFDiv %v3float %2073 %2688,627,Wait,165,Not Selected,163,Short Scoreboard,94,,6,94,54
1706,%2842 = OpExtInst %void %2 DebugScope %34,,,,,,,,,,,
1707,%1489 = OpExtInst %void %2 DebugLine %12 %uint_52 %uint_52 %uint_9 %uint_10,,,,,,,,,,,
,// C:/Users/vicro/Desktop/vulkan-renderer/repo/shader-forge/shaders/voxel_gather.slang:52,,,,,,,,
,"storageImages3D[gpc.faceStorageIndices[f]][int3(id)] = float4(voxelToneMap(irr), 1.0);",752,Short Scoreboard,419,Not Selected,117,Math Pipe Throttle,72,,,,52
1708,%1315 = OpCompositeConstruct %v4float %2689 %float_1,,,,,,,,,,,
1709,%1316 = OpLoad %1290 %1294,255,Short Scoreboard,109,Math Pipe Throttle,59,Not Selected,46,,2,109,52
1710,OpImageWrite %1316 %1296 %1315,497,Short Scoreboard,310,Not Selected,71,Wait,59,,3,353,48
1711,OpBranch %56,,,,,,,,,,,
1712,%56 = OpLabel,,,,,,,,,,,
1713,%2843 = OpExtInst %void %2 DebugScope %34,,,,,,,,,,,
1714,OpBranch %58,,,,,,,,,,,
1715,%58 = OpLabel,,,,,,,,,,,
1716,%2844 = OpExtInst %void %2 DebugScope %34,,,,,,,,,,,
1717,%1320 = OpExtInst %void %2 DebugLine %12 %uint_47 %uint_47 %uint_30 %uint_31,,,,,,,,,,,
,for (uint f = 0; f < 6; f++) {,23594,Drain,22781,Branch Resolving,506,Wait,174,32,,,52
1718,%1323 = OpLoad %uint %f,,,,,,,,,,,
1719,%f_1 = OpIAdd %uint %1323 %uint_1,23,Selected,11,Miscellaneous,9,Math Pipe Throttle,3,,1,,52
1720,OpStore %24 %f_1,,,,,,,,,,,
1721,OpStore %f %f_1,,,,,,,,,,,
1722,OpBranch %60,,,,,,,,,,,
1723,%60 = OpLabel,,,,,,,,,,,
1724,%2845 = OpExtInst %void %2 DebugScope %34,,,,,,,,,,,
1725,OpBranch %44,,,,,,,,,,,
1726,%52 = OpLabel,,,,,,,,,,,
1727,%2846 = OpExtInst %void %2 DebugScope %34,,,,,,,,,,,
1728,OpBranch %1872,,,,,,,,,,,
1729,%1872 = OpLabel,,,,,,,,,,,
1730,OpReturn,23571,Drain,22781,Branch Resolving,506,Wait,174,32,2,,1
1731,OpFunctionEnd,,,,,,,,,,,
1732,,,,,,,,,,,,
