# Blender 5.1.2
# www.blender.org
mtllib church.mtl
o floor
v -20.000000 0.000000 -2.000000
v 20.000000 0.000000 -2.000000
v -20.000000 0.000000 0.000000
v 20.000000 0.000000 0.000000
v -20.000000 0.000000 -18.000000
v 20.000000 0.000000 -18.000000
v -20.000000 0.000000 2.000000
v 20.000000 0.000000 2.000000
v -20.000000 0.000000 18.000000
v 20.000000 0.000000 18.000000
vn -0.0000 1.0000 -0.0000
vt 0.450010 8.946711
vt 0.450009 -7.946712
vt 1.294680 -7.946712
vt 1.294681 8.946711
vt 8.052050 -7.946711
vt 8.052050 8.946712
vt -0.394661 8.946711
vt -0.394662 -7.946712
vt -7.152030 8.946712
vt -7.152030 -7.946711
s 0
usemtl brick_pavement
f 3/1/1 4/2/1 2/3/1 1/4/1
f 1/4/1 2/3/1 6/5/1 5/6/1
f 3/1/1 7/7/1 8/8/1 4/2/1
f 7/7/1 9/9/1 10/10/1 8/8/1
o stairs
v -20.299999 -0.202753 0.000000
v -20.299999 0.150000 0.000000
v -20.299999 -0.202753 -10.000000
v -20.299999 0.150000 -10.000000
v -20.000000 -0.202753 0.000000
v -20.000000 0.150000 0.000000
v -20.000000 -0.202753 -10.000000
v -20.000000 0.150000 -10.000000
v -20.299999 -0.202753 -6.666667
v -20.299999 -0.202753 -3.333333
v -20.299999 0.150000 -3.333333
v -20.299999 0.150000 -6.666667
v -20.000000 -0.202753 -3.333333
v -20.000000 -0.202753 -6.666667
v -20.000000 0.150000 -6.666667
v -20.000000 0.150000 -3.333333
v -20.299999 0.150000 -6.666667
v -20.000000 0.150000 -6.666667
v -20.299999 0.150000 -3.333333
v -20.000000 0.150000 -3.333333
v -20.000000 -0.202753 -6.666667
v -20.299999 -0.202753 -6.666667
v -20.000000 -0.202753 -3.333333
v -20.299999 -0.202753 -3.333333
v -20.600000 -0.052753 0.000000
v -20.600000 0.300000 0.000000
v -20.600000 -0.052753 -10.000000
v -20.600000 0.300000 -10.000000
v -20.299999 -0.052753 0.000000
v -20.299999 0.300000 0.000000
v -20.299999 -0.052753 -10.000000
v -20.299999 0.300000 -10.000000
v -20.600000 -0.052753 -6.666667
v -20.600000 -0.052753 -3.333333
v -20.600000 0.300000 -3.333333
v -20.600000 0.300000 -6.666667
v -20.299999 -0.052753 -3.333333
v -20.299999 -0.052753 -6.666667
v -20.299999 0.300000 -6.666667
v -20.299999 0.300000 -3.333333
v -20.600000 0.300000 -6.666667
v -20.299999 0.300000 -6.666667
v -20.600000 0.300000 -3.333333
v -20.299999 0.300000 -3.333333
v -20.299999 -0.052753 -6.666667
v -20.600000 -0.052753 -6.666667
v -20.299999 -0.052753 -3.333333
v -20.600000 -0.052753 -3.333333
v -20.900000 0.097247 0.000000
v -20.900000 0.450000 0.000000
v -20.900000 0.097247 -10.000000
v -20.900000 0.450000 -10.000000
v -20.600000 0.097247 0.000000
v -20.600000 0.450000 0.000000
v -20.600000 0.097247 -10.000000
v -20.600000 0.450000 -10.000000
v -20.900000 0.097247 -6.666667
v -20.900000 0.097247 -3.333333
v -20.900000 0.450000 -3.333333
v -20.900000 0.450000 -6.666667
v -20.600000 0.097247 -3.333333
v -20.600000 0.097247 -6.666667
v -20.600000 0.450000 -6.666667
v -20.600000 0.450000 -3.333333
v -20.900000 0.450000 -6.666667
v -20.600000 0.450000 -6.666667
v -20.900000 0.450000 -3.333333
v -20.600000 0.450000 -3.333333
v -20.600000 0.097247 -6.666667
v -20.900000 0.097247 -6.666667
v -20.600000 0.097247 -3.333333
v -20.900000 0.097247 -3.333333
v -21.200001 0.247247 0.000000
v -21.200001 0.600000 0.000000
v -21.200001 0.247247 -10.000000
v -21.200001 0.600000 -10.000000
v -20.900000 0.247247 0.000000
v -20.900000 0.600000 0.000000
v -20.900000 0.247247 -10.000000
v -20.900000 0.600000 -10.000000
v -21.200001 0.247247 -6.666667
v -21.200001 0.247247 -3.333333
v -21.200001 0.600000 -3.333333
v -21.200001 0.600000 -6.666667
v -20.900000 0.247247 -3.333333
v -20.900000 0.247247 -6.666667
v -20.900000 0.600000 -6.666667
v -20.900000 0.600000 -3.333333
v -21.200001 0.600000 -6.666667
v -20.900000 0.600000 -6.666667
v -21.200001 0.600000 -3.333333
v -20.900000 0.600000 -3.333333
v -20.900000 0.247247 -6.666667
v -21.200001 0.247247 -6.666667
v -20.900000 0.247247 -3.333333
v -21.200001 0.247247 -3.333333
v -21.500000 0.397247 0.000000
v -21.500000 0.750000 0.000000
v -21.500000 0.397247 -10.000000
v -21.500000 0.750000 -10.000000
v -21.200001 0.397247 0.000000
v -21.200001 0.750000 0.000000
v -21.200001 0.397247 -10.000000
v -21.200001 0.750000 -10.000000
v -21.500000 0.397247 -6.666667
v -21.500000 0.397247 -3.333333
v -21.500000 0.750000 -3.333333
v -21.500000 0.750000 -6.666667
v -21.200001 0.397247 -3.333333
v -21.200001 0.397247 -6.666667
v -21.200001 0.750000 -6.666667
v -21.200001 0.750000 -3.333333
v -21.500000 0.750000 -6.666667
v -21.200001 0.750000 -6.666667
v -21.500000 0.750000 -3.333333
v -21.200001 0.750000 -3.333333
v -21.200001 0.397247 -6.666667
v -21.500000 0.397247 -6.666667
v -21.200001 0.397247 -3.333333
v -21.500000 0.397247 -3.333333
v -21.799999 0.547247 0.000000
v -21.799999 0.900000 0.000000
v -21.799999 0.547247 -10.000000
v -21.799999 0.900000 -10.000000
v -21.500000 0.547247 0.000000
v -21.500000 0.900000 0.000000
v -21.500000 0.547247 -10.000000
v -21.500000 0.900000 -10.000000
v -21.799999 0.547247 -6.666667
v -21.799999 0.547247 -3.333333
v -21.799999 0.900000 -3.333333
v -21.799999 0.900000 -6.666667
v -21.500000 0.547247 -3.333333
v -21.500000 0.547247 -6.666667
v -21.500000 0.900000 -6.666667
v -21.500000 0.900000 -3.333333
v -21.799999 0.900000 -6.666667
v -21.500000 0.900000 -6.666667
v -21.799999 0.900000 -3.333333
v -21.500000 0.900000 -3.333333
v -21.500000 0.547247 -6.666667
v -21.799999 0.547247 -6.666667
v -21.500000 0.547247 -3.333333
v -21.799999 0.547247 -3.333333
v -22.100000 0.697247 0.000000
v -22.100000 1.050000 0.000000
v -22.100000 0.697247 -10.000000
v -22.100000 1.050000 -10.000000
v -21.799999 0.697247 0.000000
v -21.799999 1.050000 0.000000
v -21.799999 0.697247 -10.000000
v -21.799999 1.050000 -10.000000
v -22.100000 0.697247 -6.666667
v -22.100000 0.697247 -3.333333
v -22.100000 1.050000 -3.333333
v -22.100000 1.050000 -6.666667
v -21.799999 0.697247 -3.333333
v -21.799999 0.697247 -6.666667
v -21.799999 1.050000 -6.666667
v -21.799999 1.050000 -3.333333
v -22.100000 1.050000 -6.666667
v -21.799999 1.050000 -6.666667
v -22.100000 1.050000 -3.333333
v -21.799999 1.050000 -3.333333
v -21.799999 0.697247 -6.666667
v -22.100000 0.697247 -6.666667
v -21.799999 0.697247 -3.333333
v -22.100000 0.697247 -3.333333
v -22.400000 0.847247 0.000000
v -22.400000 1.200000 0.000000
v -22.400000 0.847247 -10.000000
v -22.400000 1.200000 -10.000000
v -22.100000 0.847247 0.000000
v -22.100000 1.200000 0.000000
v -22.100000 0.847247 -10.000000
v -22.100000 1.200000 -10.000000
v -22.400000 0.847247 -6.666667
v -22.400000 0.847247 -3.333333
v -22.400000 1.200000 -3.333333
v -22.400000 1.200000 -6.666667
v -22.100000 0.847247 -3.333333
v -22.100000 0.847247 -6.666667
v -22.100000 1.200000 -6.666667
v -22.100000 1.200000 -3.333333
v -22.400000 1.200000 -6.666667
v -22.100000 1.200000 -6.666667
v -22.400000 1.200000 -3.333333
v -22.100000 1.200000 -3.333333
v -22.100000 0.847247 -6.666667
v -22.400000 0.847247 -6.666667
v -22.100000 0.847247 -3.333333
v -22.400000 0.847247 -3.333333
v -20.299999 -0.202753 10.000000
v -20.299999 0.150000 10.000000
v -20.000000 -0.202753 10.000000
v -20.000000 0.150000 10.000000
v -20.299999 -0.202753 6.666667
v -20.299999 -0.202753 3.333333
v -20.299999 0.150000 3.333333
v -20.299999 0.150000 6.666667
v -20.000000 -0.202753 3.333333
v -20.000000 -0.202753 6.666667
v -20.000000 0.150000 6.666667
v -20.000000 0.150000 3.333333
v -20.299999 0.150000 6.666667
v -20.000000 0.150000 6.666667
v -20.299999 0.150000 3.333333
v -20.000000 0.150000 3.333333
v -20.000000 -0.202753 6.666667
v -20.299999 -0.202753 6.666667
v -20.000000 -0.202753 3.333333
v -20.299999 -0.202753 3.333333
v -20.600000 -0.052753 10.000000
v -20.600000 0.300000 10.000000
v -20.299999 -0.052753 10.000000
v -20.299999 0.300000 10.000000
v -20.600000 -0.052753 6.666667
v -20.600000 -0.052753 3.333333
v -20.600000 0.300000 3.333333
v -20.600000 0.300000 6.666667
v -20.299999 -0.052753 3.333333
v -20.299999 -0.052753 6.666667
v -20.299999 0.300000 6.666667
v -20.299999 0.300000 3.333333
v -20.600000 0.300000 6.666667
v -20.299999 0.300000 6.666667
v -20.600000 0.300000 3.333333
v -20.299999 0.300000 3.333333
v -20.299999 -0.052753 6.666667
v -20.600000 -0.052753 6.666667
v -20.299999 -0.052753 3.333333
v -20.600000 -0.052753 3.333333
v -20.900000 0.097247 10.000000
v -20.900000 0.450000 10.000000
v -20.600000 0.097247 10.000000
v -20.600000 0.450000 10.000000
v -20.900000 0.097247 6.666667
v -20.900000 0.097247 3.333333
v -20.900000 0.450000 3.333333
v -20.900000 0.450000 6.666667
v -20.600000 0.097247 3.333333
v -20.600000 0.097247 6.666667
v -20.600000 0.450000 6.666667
v -20.600000 0.450000 3.333333
v -20.900000 0.450000 6.666667
v -20.600000 0.450000 6.666667
v -20.900000 0.450000 3.333333
v -20.600000 0.450000 3.333333
v -20.600000 0.097247 6.666667
v -20.900000 0.097247 6.666667
v -20.600000 0.097247 3.333333
v -20.900000 0.097247 3.333333
v -21.200001 0.247247 10.000000
v -21.200001 0.600000 10.000000
v -20.900000 0.247247 10.000000
v -20.900000 0.600000 10.000000
v -21.200001 0.247247 6.666667
v -21.200001 0.247247 3.333333
v -21.200001 0.600000 3.333333
v -21.200001 0.600000 6.666667
v -20.900000 0.247247 3.333333
v -20.900000 0.247247 6.666667
v -20.900000 0.600000 6.666667
v -20.900000 0.600000 3.333333
v -21.200001 0.600000 6.666667
v -20.900000 0.600000 6.666667
v -21.200001 0.600000 3.333333
v -20.900000 0.600000 3.333333
v -20.900000 0.247247 6.666667
v -21.200001 0.247247 6.666667
v -20.900000 0.247247 3.333333
v -21.200001 0.247247 3.333333
v -21.500000 0.397247 10.000000
v -21.500000 0.750000 10.000000
v -21.200001 0.397247 10.000000
v -21.200001 0.750000 10.000000
v -21.500000 0.397247 6.666667
v -21.500000 0.397247 3.333333
v -21.500000 0.750000 3.333333
v -21.500000 0.750000 6.666667
v -21.200001 0.397247 3.333333
v -21.200001 0.397247 6.666667
v -21.200001 0.750000 6.666667
v -21.200001 0.750000 3.333333
v -21.500000 0.750000 6.666667
v -21.200001 0.750000 6.666667
v -21.500000 0.750000 3.333333
v -21.200001 0.750000 3.333333
v -21.200001 0.397247 6.666667
v -21.500000 0.397247 6.666667
v -21.200001 0.397247 3.333333
v -21.500000 0.397247 3.333333
v -21.799999 0.547247 10.000000
v -21.799999 0.900000 10.000000
v -21.500000 0.547247 10.000000
v -21.500000 0.900000 10.000000
v -21.799999 0.547247 6.666667
v -21.799999 0.547247 3.333333
v -21.799999 0.900000 3.333333
v -21.799999 0.900000 6.666667
v -21.500000 0.547247 3.333333
v -21.500000 0.547247 6.666667
v -21.500000 0.900000 6.666667
v -21.500000 0.900000 3.333333
v -21.799999 0.900000 6.666667
v -21.500000 0.900000 6.666667
v -21.799999 0.900000 3.333333
v -21.500000 0.900000 3.333333
v -21.500000 0.547247 6.666667
v -21.799999 0.547247 6.666667
v -21.500000 0.547247 3.333333
v -21.799999 0.547247 3.333333
v -22.100000 0.697247 10.000000
v -22.100000 1.050000 10.000000
v -21.799999 0.697247 10.000000
v -21.799999 1.050000 10.000000
v -22.100000 0.697247 6.666667
v -22.100000 0.697247 3.333333
v -22.100000 1.050000 3.333333
v -22.100000 1.050000 6.666667
v -21.799999 0.697247 3.333333
v -21.799999 0.697247 6.666667
v -21.799999 1.050000 6.666667
v -21.799999 1.050000 3.333333
v -22.100000 1.050000 6.666667
v -21.799999 1.050000 6.666667
v -22.100000 1.050000 3.333333
v -21.799999 1.050000 3.333333
v -21.799999 0.697247 6.666667
v -22.100000 0.697247 6.666667
v -21.799999 0.697247 3.333333
v -22.100000 0.697247 3.333333
v -22.400000 0.847247 10.000000
v -22.400000 1.200000 10.000000
v -22.100000 0.847247 10.000000
v -22.100000 1.200000 10.000000
v -22.400000 0.847247 6.666667
v -22.400000 0.847247 3.333333
v -22.400000 1.200000 3.333333
v -22.400000 1.200000 6.666667
v -22.100000 0.847247 3.333333
v -22.100000 0.847247 6.666667
v -22.100000 1.200000 6.666667
v -22.100000 1.200000 3.333333
v -22.400000 1.200000 6.666667
v -22.100000 1.200000 6.666667
v -22.400000 1.200000 3.333333
v -22.100000 1.200000 3.333333
v -22.100000 0.847247 6.666667
v -22.400000 0.847247 6.666667
v -22.100000 0.847247 3.333333
v -22.400000 0.847247 3.333333
vn -1.0000 -0.0000 -0.0000
vn -0.0000 -0.0000 -1.0000
vn 1.0000 -0.0000 -0.0000
vn -0.0000 -0.0000 1.0000
vn -0.0000 -1.0000 -0.0000
vn -0.0000 1.0000 -0.0000
vt 1.000000 0.872699
vt 1.000000 0.745399
vt 0.000000 0.745399
vt 0.000000 0.872699
vt 1.000000 0.000000
vt 1.000000 0.246933
vt 0.751534 0.246933
vt 0.751534 0.000000
vt 0.253068 0.000000
vt 0.126534 0.000000
vt 0.126534 0.745399
vt 0.253068 0.745399
vt 0.126534 0.745399
vt 0.126534 0.000000
vt 0.000000 0.000000
vt 1.000000 1.000000
vt 0.000000 1.000000
s 0
usemtl concrete06_trim
f 32/11/2 27/12/2 14/13/2 13/14/2
f 13/15/3 14/16/3 18/17/3 17/18/3
f 33/13/4 30/14/4 16/11/4 15/12/4
f 15/18/5 16/17/5 12/16/5 11/15/5
f 34/19/6 33/20/6 15/21/6 11/22/6
f 30/13/7 29/23/7 12/24/7 16/25/7
f 18/21/7 14/22/7 27/19/7 28/20/7
f 25/25/7 22/24/7 21/23/7 26/13/7
f 13/20/6 17/19/6 31/22/6 32/21/6
f 19/21/6 24/22/6 23/19/6 20/20/6
f 17/11/4 18/12/4 28/13/4 31/14/4
f 24/13/4 25/14/4 26/11/4 23/12/4
f 11/14/2 12/13/2 29/12/2 34/11/2
f 20/26/2 21/11/2 22/14/2 19/27/2
f 56/14/2 51/13/2 38/12/2 37/11/2
f 37/15/3 38/16/3 42/17/3 41/18/3
f 57/11/4 54/26/4 40/27/4 39/14/4
f 39/16/5 40/15/5 36/18/5 35/17/5
f 58/21/6 57/22/6 39/19/6 35/20/6
f 54/25/7 53/24/7 36/23/7 40/13/7
f 42/21/7 38/22/7 51/19/7 52/20/7
f 49/19/7 46/20/7 45/21/7 50/22/7
f 37/21/6 41/22/6 55/19/6 56/20/6
f 43/24/6 48/25/6 47/13/6 44/23/6
f 41/11/4 42/12/4 52/13/4 55/14/4
f 48/14/4 49/27/4 50/26/4 47/11/4
f 35/11/2 36/26/2 53/27/2 58/14/2
f 44/14/2 45/27/2 46/26/2 43/11/2
f 80/11/2 75/12/2 62/13/2 61/14/2
f 61/16/3 62/15/3 66/18/3 65/17/3
f 81/13/4 78/14/4 64/11/4 63/12/4
f 63/15/5 64/16/5 60/17/5 59/18/5
f 82/13/6 81/23/6 63/24/6 59/25/6
f 78/24/7 77/25/7 60/13/7 64/23/7
f 66/21/7 62/22/7 75/19/7 76/20/7
f 73/25/7 70/24/7 69/23/7 74/13/7
f 61/20/6 65/19/6 79/22/6 80/21/6
f 67/25/6 72/24/6 71/23/6 68/13/6
f 65/12/4 66/11/4 76/14/4 79/13/4
f 72/26/4 73/11/4 74/14/4 71/27/4
f 59/11/2 60/12/2 77/13/2 82/14/2
f 68/12/2 69/11/2 70/14/2 67/13/2
f 104/27/2 99/14/2 86/11/2 85/26/2
f 85/18/3 86/17/3 90/16/3 89/15/3
f 105/27/4 102/14/4 88/11/4 87/26/4
f 87/15/5 88/16/5 84/17/5 83/18/5
f 106/21/6 105/22/6 87/19/6 83/20/6
f 102/23/7 101/13/7 84/25/7 88/24/7
f 90/13/7 86/23/7 99/24/7 100/25/7
f 97/22/7 94/21/7 93/20/7 98/19/7
f 85/19/6 89/20/6 103/21/6 104/22/6
f 91/19/6 96/20/6 95/21/6 92/22/6
f 89/11/4 90/12/4 100/13/4 103/14/4
f 96/12/4 97/11/4 98/14/4 95/13/4
f 83/13/2 84/14/2 101/11/2 106/12/2
f 92/27/2 93/14/2 94/11/2 91/26/2
f 128/11/2 123/12/2 110/13/2 109/14/2
f 109/17/3 110/18/3 114/15/3 113/16/3
f 129/14/4 126/13/4 112/12/4 111/11/4
f 111/17/5 112/18/5 108/15/5 107/16/5
f 130/19/6 129/20/6 111/21/6 107/22/6
f 126/21/7 125/22/7 108/19/7 112/20/7
f 114/20/7 110/19/7 123/22/7 124/21/7
f 121/20/7 118/19/7 117/22/7 122/21/7
f 109/22/6 113/21/6 127/20/6 128/19/6
f 115/19/6 120/20/6 119/21/6 116/22/6
f 113/27/4 114/14/4 124/11/4 127/26/4
f 120/11/4 121/26/4 122/27/4 119/14/4
f 107/11/2 108/26/2 125/27/2 130/14/2
f 116/14/2 117/13/2 118/12/2 115/11/2
f 152/26/2 147/11/2 134/14/2 133/27/2
f 133/16/3 134/15/3 138/18/3 137/17/3
f 153/27/4 150/14/4 136/11/4 135/26/4
f 135/15/5 136/16/5 132/17/5 131/18/5
f 154/24/6 153/25/6 135/13/6 131/23/6
f 150/25/7 149/24/7 132/23/7 136/13/7
f 138/23/7 134/13/7 147/25/7 148/24/7
f 145/24/7 142/25/7 141/13/7 146/23/7
f 133/24/6 137/25/6 151/13/6 152/23/6
f 139/13/6 144/23/6 143/24/6 140/25/6
f 137/27/4 138/14/4 148/11/4 151/26/4
f 144/12/4 145/11/4 146/14/4 143/13/4
f 131/11/2 132/26/2 149/27/2 154/14/2
f 140/27/2 141/14/2 142/11/2 139/26/2
f 176/13/2 171/14/2 158/11/2 157/12/2
f 157/15/3 158/16/3 162/17/3 161/18/3
f 177/12/4 174/11/4 160/14/4 159/13/4
f 159/17/5 160/18/5 156/15/5 155/16/5
f 178/24/6 177/25/6 159/13/6 155/23/6
f 174/21/7 173/22/7 156/19/7 160/20/7
f 162/20/7 158/19/7 171/22/7 172/21/7
f 169/13/7 166/23/7 165/24/7 170/25/7
f 157/20/6 161/19/6 175/22/6 176/21/6
f 163/24/6 168/25/6 167/13/6 164/23/6
f 161/27/4 162/14/4 172/11/4 175/26/4
f 168/14/4 169/27/4 170/26/4 167/11/4
f 155/12/2 156/11/2 173/14/2 178/13/2
f 164/14/2 165/13/2 166/12/2 163/11/2
f 200/13/2 195/14/2 182/11/2 181/12/2
f 181/15/3 182/16/3 186/17/3 185/18/3
f 201/13/4 198/14/4 184/11/4 183/12/4
f 183/17/5 184/18/5 180/15/5 179/16/5
f 202/13/6 201/23/6 183/24/6 179/25/6
f 198/21/7 197/22/7 180/19/7 184/20/7
f 186/21/7 182/22/7 195/19/7 196/20/7
f 193/24/7 190/25/7 189/13/7 194/23/7
f 181/20/6 185/19/6 199/22/6 200/21/6
f 187/13/6 192/23/6 191/24/6 188/25/6
f 185/27/4 186/14/4 196/11/4 199/26/4
f 192/11/4 193/26/4 194/27/4 191/14/4
f 179/13/2 180/14/2 197/11/2 202/12/2
f 188/13/2 189/14/2 190/11/2 187/12/2
f 220/14/2 203/11/2 204/12/2 215/13/2
f 203/15/5 205/18/5 206/17/5 204/16/5
f 221/14/4 15/11/4 16/26/4 218/27/4
f 222/13/6 11/12/6 15/11/6 221/14/6
f 218/14/7 16/11/7 12/26/7 217/27/7
f 206/12/7 216/13/7 215/14/7 204/11/7
f 213/13/7 214/12/7 209/11/7 210/14/7
f 203/12/6 220/13/6 219/14/6 205/11/6
f 207/14/6 208/11/6 211/12/6 212/13/6
f 205/14/4 219/11/4 216/12/4 206/13/4
f 212/26/4 211/27/4 214/14/4 213/11/4
f 11/27/2 222/26/2 217/11/2 12/14/2
f 208/14/2 207/11/2 210/26/2 209/27/2
f 240/12/2 223/13/2 224/14/2 235/11/2
f 223/18/5 225/15/5 226/16/5 224/17/5
f 241/11/4 39/14/4 40/27/4 238/26/4
f 242/13/6 35/12/6 39/11/6 241/14/6
f 238/14/7 40/11/7 36/26/7 237/27/7
f 226/13/7 236/12/7 235/11/7 224/14/7
f 233/14/7 234/11/7 229/26/7 230/27/7
f 223/14/6 240/11/6 239/26/6 225/27/6
f 227/27/6 228/26/6 231/11/6 232/14/6
f 225/27/4 239/26/4 236/11/4 226/14/4
f 232/13/4 231/12/4 234/11/4 233/14/4
f 35/11/2 242/14/2 237/13/2 36/12/2
f 228/27/2 227/26/2 230/11/2 229/14/2
f 260/14/2 243/11/2 244/12/2 255/13/2
f 243/17/5 245/16/5 246/15/5 244/18/5
f 261/27/4 63/26/4 64/11/4 258/14/4
f 262/27/6 59/26/6 63/11/6 261/14/6
f 258/11/7 64/14/7 60/13/7 257/12/7
f 246/11/7 256/14/7 255/27/7 244/26/7
f 253/11/7 254/14/7 249/13/7 250/12/7
f 243/26/6 260/27/6 259/14/6 245/11/6
f 247/14/6 248/11/6 251/12/6 252/13/6
f 245/12/4 259/13/4 256/14/4 246/11/4
f 252/27/4 251/26/4 254/11/4 253/14/4
f 59/11/2 262/14/2 257/13/2 60/12/2
f 248/11/2 247/14/2 250/13/2 249/12/2
f 280/12/2 263/13/2 264/14/2 275/11/2
f 263/16/5 265/17/5 266/18/5 264/15/5
f 281/14/4 87/11/4 88/26/4 278/27/4
f 282/26/6 83/27/6 87/14/6 281/11/6
f 278/14/7 88/11/7 84/12/7 277/13/7
f 266/13/7 276/12/7 275/11/7 264/14/7
f 273/14/7 274/11/7 269/26/7 270/27/7
f 263/14/6 280/11/6 279/12/6 265/13/6
f 267/11/6 268/14/6 271/27/6 272/26/6
f 265/14/4 279/11/4 276/12/4 266/13/4
f 272/12/4 271/13/4 274/14/4 273/11/4
f 83/27/2 282/26/2 277/11/2 84/14/2
f 268/27/2 267/26/2 270/11/2 269/14/2
f 300/12/2 283/13/2 284/14/2 295/11/2
f 283/16/5 285/17/5 286/18/5 284/15/5
f 301/14/4 111/11/4 112/12/4 298/13/4
f 302/27/6 107/26/6 111/11/6 301/14/6
f 298/26/7 112/27/7 108/14/7 297/11/7
f 286/26/7 296/27/7 295/14/7 284/11/7
f 293/12/7 294/13/7 289/14/7 290/11/7
f 283/27/6 300/26/6 299/11/6 285/14/6
f 287/27/6 288/26/6 291/11/6 292/14/6
f 285/11/4 299/14/4 296/13/4 286/12/4
f 292/26/4 291/27/4 294/14/4 293/11/4
f 107/11/2 302/14/2 297/27/2 108/26/2
f 288/12/2 287/13/2 290/14/2 289/11/2
f 320/27/2 303/26/2 304/11/2 315/14/2
f 303/15/5 305/18/5 306/17/5 304/16/5
f 321/11/4 135/14/4 136/27/4 318/26/4
f 322/26/6 131/27/6 135/14/6 321/11/6
f 318/26/7 136/27/7 132/14/7 317/11/7
f 306/11/7 316/14/7 315/13/7 304/12/7
f 313/27/7 314/26/7 309/11/7 310/14/7
f 303/26/6 320/27/6 319/14/6 305/11/6
f 307/11/6 308/14/6 311/13/6 312/12/6
f 305/27/4 319/26/4 316/11/4 306/14/4
f 312/11/4 311/14/4 314/27/4 313/26/4
f 131/14/2 322/11/2 317/12/2 132/13/2
f 308/14/2 307/11/2 310/12/2 309/13/2
f 340/27/2 323/26/2 324/11/2 335/14/2
f 323/17/5 325/16/5 326/15/5 324/18/5
f 341/13/4 159/12/4 160/11/4 338/14/4
f 342/11/6 155/14/6 159/27/6 341/26/6
f 338/11/7 160/14/7 156/27/7 337/26/7
f 326/27/7 336/26/7 335/11/7 324/14/7
f 333/11/7 334/14/7 329/13/7 330/12/7
f 323/27/6 340/26/6 339/11/6 325/14/6
f 327/13/6 328/12/6 331/11/6 332/14/6
f 325/27/4 339/26/4 336/11/4 326/14/4
f 332/14/4 331/11/4 334/26/4 333/27/4
f 155/13/2 342/12/2 337/11/2 156/14/2
f 328/14/2 327/11/2 330/12/2 329/13/2
f 360/14/2 343/11/2 344/12/2 355/13/2
f 343/17/5 345/16/5 346/15/5 344/18/5
f 361/12/4 183/13/4 184/14/4 358/11/4
f 362/12/6 179/13/6 183/14/6 361/11/6
f 358/26/7 184/27/7 180/14/7 357/11/7
f 346/13/7 356/12/7 355/11/7 344/14/7
f 353/12/7 354/13/7 349/14/7 350/11/7
f 343/13/6 360/12/6 359/11/6 345/14/6
f 347/12/6 348/13/6 351/14/6 352/11/6
f 345/26/4 359/27/4 356/14/4 346/11/4
f 352/11/4 351/14/4 354/27/4 353/26/4
f 179/11/2 362/14/2 357/13/2 180/12/2
f 348/14/2 347/11/2 350/26/2 349/27/2
o stage
v -22.400000 0.000000 -10.000000
v -22.400000 1.200000 -10.000000
v -22.400000 0.000000 -18.000000
v -22.400000 1.200000 -18.000000
v -20.000000 0.000000 -10.000000
v -20.000000 1.200000 -10.000000
v -20.000000 0.000000 -18.000000
v -20.000000 1.200000 -18.000000
v -28.400000 0.000000 -18.000000
v -28.400000 0.000000 -10.000000
v -28.400000 1.200000 -10.000000
v -28.400000 1.200000 -18.000000
v -22.400000 0.000000 10.000000
v -22.400000 1.200000 10.000000
v -28.400000 0.000000 10.000000
v -28.400000 1.200000 10.000000
v -22.400000 0.000000 18.000000
v -22.400000 1.200000 18.000000
v -28.400000 0.000000 18.000000
v -28.400000 1.200000 18.000000
v -20.000000 0.000000 10.000000
v -20.000000 1.200000 10.000000
v -20.000000 0.000000 18.000000
v -20.000000 1.200000 18.000000
vn 1.0000 -0.0000 -0.0000
vn -0.0000 -0.0000 -1.0000
vn -0.0000 -0.0000 1.0000
vn -0.0000 -1.0000 -0.0000
vn -0.0000 1.0000 -0.0000
vn -1.0000 -0.0000 -0.0000
vt -4.500000 4.388803
vt -4.500000 3.115798
vt 5.500000 3.115798
vt 5.500000 4.388803
vt 2.642857 3.115798
vt 2.642857 4.388803
vt 5.500000 1.842791
vt -4.500000 1.842791
vt -1.969325 -3.141871
vt -1.969325 1.842791
vt 3.015338 1.842791
vt 3.015338 -3.141871
vt 3.370290 1.842791
vt 3.015337 0.735088
vt 3.370289 0.735088
vt 4.257668 1.842791
vt 4.612620 1.842791
vt 4.612620 0.735088
vt 4.257668 0.735088
vt 3.277778 3.115798
vt 3.277778 1.842791
vt 5.500000 0.735088
vt 4.257668 -2.034169
vt 3.370289 -2.034169
vt 3.370289 -3.141871
vt 4.257668 -3.141871
vt -2.277778 3.115798
vt -2.277778 1.842791
vt 5.500000 -2.034168
vt 4.612620 -2.034168
vt -1.642857 1.842791
vt -1.642857 3.115798
vt 5.500000 -3.141871
vt 4.612620 -3.141871
vt 3.015337 -2.034169
vt 3.015337 -3.141871
vt 4.257668 -2.034168
s 0
usemtl concrete06_trim
f 363/28/8 364/29/8 376/30/8 375/31/8
f 365/32/9 366/33/9 370/31/9 369/30/9
f 369/30/8 370/34/8 368/35/8 367/29/8
f 367/36/10 368/37/10 364/38/10 363/39/10
f 365/40/11 369/38/11 367/41/11 363/42/11
f 372/47/13 373/48/13 374/34/13 371/30/13
f 365/40/11 363/42/11 372/46/11 371/43/11
f 366/33/9 365/32/9 371/29/9 374/28/9
f 377/50/11 375/51/11 379/52/11 381/53/11
f 372/46/11 363/42/11 375/51/11 377/50/11
f 373/48/13 372/47/13 377/54/13 378/55/13
f 379/58/10 380/59/10 382/30/10 381/34/10
f 378/55/13 377/54/13 381/29/13 382/35/13
f 379/52/11 375/51/11 383/62/11 385/63/11
f 383/34/8 384/30/8 386/29/8 385/35/8
f 380/59/10 379/58/10 385/35/10 386/29/10
f 375/36/9 376/37/9 384/38/9 383/39/9
usemtl concrete06_tiling
f 370/43/12 366/44/12 364/45/12 368/46/12
f 364/45/12 366/44/12 374/34/12 373/49/12
f 364/45/12 373/49/12 378/56/12 376/57/12
f 376/57/12 378/56/12 382/60/12 380/61/12
f 376/57/12 380/61/12 386/53/12 384/64/12
o stage_wall
v -28.400000 1.200000 18.000000
v -28.900000 5.200000 18.000000
v -28.400000 1.200000 -18.000000
v -28.900000 5.200000 -18.000000
v -29.900000 5.200000 18.000000
v -29.900000 5.200000 -18.000000
vn 0.9923 0.1240 -0.0000
vn -0.0000 1.0000 -0.0000
vt 1.145985 5.500000
vt 0.026227 5.500000
vt 0.026227 -4.500000
vt 1.145985 -4.500000
vt 1.423763 -4.500000
vt 1.423763 5.500000
vt 1.145985 5.500000
s 0
usemtl concrete06_tiling
f 389/65/14 390/66/14 388/67/14 387/68/14
f 388/69/15 390/70/15 392/71/15 391/68/15
o back_wall
v -29.900000 5.200000 18.000000
v -29.900000 5.200000 -18.000000
v -30.762728 5.200000 18.000000
v -30.762728 5.200000 -18.000000
v -32.119785 15.556520 18.000000
v -32.119785 15.556520 -18.000000
v -39.965946 45.538586 18.000004
v -39.965946 45.538586 -17.999996
v -29.900000 5.200000 14.727272
v -29.900000 5.200000 11.454545
v -29.900000 5.200000 8.181818
v -29.900000 5.200000 4.909091
v -29.900000 5.200000 1.636364
v -29.900000 5.200000 -1.636364
v -29.900000 5.200000 -4.909091
v -29.900000 5.200000 -8.181818
v -29.900000 5.200000 -11.454546
v -29.900000 5.200000 -14.727273
v -30.762728 5.200000 14.727272
v -30.762728 5.200000 11.454545
v -30.762728 5.200000 8.181818
v -30.762728 5.200000 4.909091
v -30.762728 5.200000 1.636364
v -30.762728 5.200000 -1.636364
v -30.762728 5.200000 -4.909091
v -30.762728 5.200000 -8.181818
v -30.762728 5.200000 -11.454546
v -30.762728 5.200000 -14.727273
v -32.119785 15.556520 14.727272
v -32.119785 15.556520 11.454545
v -32.119785 15.556520 8.181818
v -32.119785 15.556520 4.909091
v -32.119785 15.556520 1.636364
v -32.119785 15.556520 -1.636364
v -32.119785 15.556520 -4.909091
v -32.119785 15.556520 -8.181818
v -32.119785 15.556520 -11.454546
v -32.119785 15.556520 -14.727273
v -39.965946 45.538586 14.727276
v -39.965946 45.538586 11.454549
v -39.965946 45.538586 8.181822
v -39.965946 45.538586 4.909095
v -39.965946 45.538586 1.636367
v -39.965946 45.538586 -1.636360
v -39.965946 45.538586 -4.909087
v -39.965946 45.538586 -8.181814
v -39.965946 45.538586 -11.454542
v -39.965946 45.538586 -14.727269
v -39.965946 50.212936 18.000004
v -39.965946 50.212936 -17.999996
v -39.965946 50.212936 14.727276
v -39.965946 50.212936 11.454549
v -39.965946 50.212936 8.181822
v -39.965946 50.212936 4.909095
v -39.965946 50.212936 1.636367
v -39.965946 50.212936 -1.636360
v -39.965946 50.212936 -4.909087
v -39.965946 50.212936 -8.181814
v -39.965946 50.212936 -11.454542
v -39.965946 50.212936 -14.727269
v -35.099178 26.941494 -17.999998
v -35.099178 26.941494 18.000002
v -35.099178 26.941494 -14.727271
v -35.099178 26.941494 -11.454544
v -35.099178 26.941494 -8.181816
v -35.099178 26.941494 -4.909090
v -35.099178 26.941494 -1.636363
v -35.099178 26.941494 1.636365
v -35.099178 26.941494 4.909092
v -35.099178 26.941494 8.181820
v -35.099178 26.941494 11.454547
v -35.099178 26.941494 14.727274
v -32.621429 17.473431 -18.000000
v -32.621429 17.473431 18.000000
v -32.621429 17.473431 -14.727273
v -32.621429 17.473431 -11.454546
v -32.621429 17.473431 -8.181818
v -32.621429 17.473431 -4.909091
v -32.621429 17.473431 -1.636364
v -32.621429 17.473431 1.636364
v -32.621429 17.473431 4.909091
v -32.621429 17.473431 8.181818
v -32.621429 17.473431 11.454545
v -32.621429 17.473431 14.727272
v -29.900000 5.200000 -14.727273
v -30.762728 5.200000 -14.727273
v -30.762728 5.200000 -14.727273
v -30.762728 5.200000 -14.727273
v -30.762728 5.200000 -18.000000
v -30.762728 5.200000 18.000000
v -32.119785 15.556520 -14.727273
v -32.119785 15.556520 -14.727273
v -32.119785 15.556520 -14.727273
v -32.119785 15.556520 -18.000000
v -32.119785 15.556520 18.000000
v -39.965946 45.538586 -14.727269
v -39.965946 45.538586 -14.727269
v -39.965946 45.538586 -14.727269
v -39.965946 45.538586 -17.999996
v -32.621429 17.473431 -18.000000
v -35.099178 26.941494 18.000002
v -39.965946 45.538586 18.000004
v -29.900000 5.200000 14.727272
v -29.900000 5.200000 11.454545
v -29.900000 5.200000 8.181818
v -29.900000 5.200000 4.909091
v -29.900000 5.200000 1.636364
v -29.900000 5.200000 -1.636364
v -29.900000 5.200000 -4.909091
v -29.900000 5.200000 -8.181818
v -29.900000 5.200000 -11.454546
v -30.762728 5.200000 14.727272
v -30.762728 5.200000 14.727272
v -30.762728 5.200000 14.727272
v -30.762728 5.200000 11.454545
v -30.762728 5.200000 11.454545
v -30.762728 5.200000 11.454545
v -30.762728 5.200000 8.181818
v -30.762728 5.200000 8.181818
v -30.762728 5.200000 8.181818
v -30.762728 5.200000 4.909091
v -30.762728 5.200000 4.909091
v -30.762728 5.200000 4.909091
v -30.762728 5.200000 1.636364
v -30.762728 5.200000 1.636364
v -30.762728 5.200000 1.636364
v -30.762728 5.200000 -1.636364
v -30.762728 5.200000 -1.636364
v -30.762728 5.200000 -1.636364
v -30.762728 5.200000 -4.909091
v -30.762728 5.200000 -4.909091
v -30.762728 5.200000 -4.909091
v -30.762728 5.200000 -8.181818
v -30.762728 5.200000 -8.181818
v -30.762728 5.200000 -8.181818
v -30.762728 5.200000 -11.454546
v -30.762728 5.200000 -11.454546
v -30.762728 5.200000 -11.454546
v -32.119785 15.556520 14.727272
v -32.119785 15.556520 14.727272
v -32.119785 15.556520 14.727272
v -32.119785 15.556520 11.454545
v -32.119785 15.556520 11.454545
v -32.119785 15.556520 11.454545
v -32.119785 15.556520 8.181818
v -32.119785 15.556520 8.181818
v -32.119785 15.556520 8.181818
v -32.119785 15.556520 4.909091
v -32.119785 15.556520 4.909091
v -32.119785 15.556520 4.909091
v -32.119785 15.556520 1.636364
v -32.119785 15.556520 1.636364
v -32.119785 15.556520 1.636364
v -32.119785 15.556520 -1.636364
v -32.119785 15.556520 -1.636364
v -32.119785 15.556520 -1.636364
v -32.119785 15.556520 -4.909091
v -32.119785 15.556520 -4.909091
v -32.119785 15.556520 -4.909091
v -32.119785 15.556520 -8.181818
v -32.119785 15.556520 -8.181818
v -32.119785 15.556520 -8.181818
v -32.119785 15.556520 -11.454546
v -32.119785 15.556520 -11.454546
v -32.119785 15.556520 -11.454546
v -39.965946 45.538586 14.727276
v -39.965946 45.538586 14.727276
v -39.965946 45.538586 14.727276
v -39.965946 45.538586 11.454549
v -39.965946 45.538586 11.454549
v -39.965946 45.538586 11.454549
v -39.965946 45.538586 8.181822
v -39.965946 45.538586 8.181822
v -39.965946 45.538586 8.181822
v -39.965946 45.538586 4.909095
v -39.965946 45.538586 4.909095
v -39.965946 45.538586 4.909095
v -39.965946 45.538586 1.636367
v -39.965946 45.538586 1.636367
v -39.965946 45.538586 1.636367
v -39.965946 45.538586 -1.636360
v -39.965946 45.538586 -1.636360
v -39.965946 45.538586 -1.636360
v -39.965946 45.538586 -4.909087
v -39.965946 45.538586 -4.909087
v -39.965946 45.538586 -4.909087
v -39.965946 45.538586 -8.181814
v -39.965946 45.538586 -8.181814
v -39.965946 45.538586 -8.181814
v -39.965946 45.538586 -11.454542
v -39.965946 45.538586 -11.454542
v -39.965946 45.538586 -11.454542
v -35.099178 26.941494 -14.727271
v -35.099178 26.941494 -14.727271
v -35.099178 26.941494 -14.727271
v -35.099178 26.941494 -11.454544
v -35.099178 26.941494 -11.454544
v -35.099178 26.941494 -11.454544
v -35.099178 26.941494 -8.181816
v -35.099178 26.941494 -8.181816
v -35.099178 26.941494 -4.909090
v -35.099178 26.941494 -4.909090
v -35.099178 26.941494 -1.636363
v -35.099178 26.941494 -1.636363
v -35.099178 26.941494 -1.636363
v -35.099178 26.941494 1.636365
v -35.099178 26.941494 1.636365
v -35.099178 26.941494 1.636365
v -35.099178 26.941494 4.909092
v -35.099178 26.941494 4.909092
v -35.099178 26.941494 8.181820
v -35.099178 26.941494 8.181820
v -35.099178 26.941494 11.454547
v -35.099178 26.941494 11.454547
v -35.099178 26.941494 11.454547
v -35.099178 26.941494 14.727274
v -35.099178 26.941494 14.727274
v -35.099178 26.941494 14.727274
v -39.965946 50.212936 -14.727269
v -39.965946 50.212936 14.727276
v -39.965946 50.212936 11.454549
v -39.965946 50.212936 8.181822
v -39.965946 50.212936 4.909095
v -39.965946 50.212936 1.636367
v -39.965946 50.212936 -1.636360
v -39.965946 50.212936 -4.909087
v -39.965946 50.212936 -8.181814
v -39.965946 50.212936 -11.454542
v -35.099178 26.941494 -17.999998
v -32.621429 17.473431 18.000000
v -32.621429 17.473431 -14.727273
v -32.621429 17.473431 -14.727273
v -32.621429 17.473431 -14.727273
v -32.621429 17.473431 -11.454546
v -32.621429 17.473431 -11.454546
v -32.621429 17.473431 -11.454546
v -32.621429 17.473431 -8.181818
v -32.621429 17.473431 -8.181818
v -32.621429 17.473431 -4.909091
v -32.621429 17.473431 -4.909091
v -32.621429 17.473431 -1.636364
v -32.621429 17.473431 -1.636364
v -32.621429 17.473431 -1.636364
v -32.621429 17.473431 1.636364
v -32.621429 17.473431 1.636364
v -32.621429 17.473431 1.636364
v -32.621429 17.473431 4.909091
v -32.621429 17.473431 4.909091
v -32.621429 17.473431 8.181818
v -32.621429 17.473431 8.181818
v -32.621429 17.473431 11.454545
v -32.621429 17.473431 11.454545
v -32.621429 17.473431 11.454545
v -32.621429 17.473431 14.727272
v -32.621429 17.473431 14.727272
v -32.621429 17.473431 14.727272
vn -0.0000 1.0000 -0.0000
vn 0.9915 0.1299 -0.0000
vn 0.9674 0.2532 -0.0000
vn 1.0000 -0.0000 -0.0000
vt 0.875767 0.745399
vt 1.000000 0.745399
vt 1.000000 0.246932
vt 0.875767 0.246932
vt 0.751534 0.745399
vt 0.751534 0.246932
vt 0.253068 0.000000
vt 0.253068 0.745399
vt 0.126534 0.745399
vt 0.126534 0.000000
vt 0.000000 0.000000
vt 0.000000 0.745399
vt 0.126534 0.745399
vt 0.126534 0.000000
vt 0.253068 0.047657
vt 0.253068 0.283047
vt 0.126534 0.283047
vt 0.126534 0.047657
vt 0.253067 0.246933
vt 0.751534 0.246933
vt 0.751534 0.745399
vt 0.253067 0.745399
vt 0.126534 0.047657
vt 0.126534 0.283047
vt 0.000000 0.283047
vt 0.000000 0.047657
s 0
usemtl concrete06_trim
f 495/72/16 504/73/16 482/74/16 393/75/16
f 506/75/17 531/72/17 487/76/17 395/77/17
f 608/78/18 558/79/18 494/80/18 493/81/18
f 621/82/18 491/83/18 488/84/18 585/85/18
f 587/78/18 489/79/18 583/80/18 588/81/18
f 590/78/18 582/79/18 580/80/18 591/81/18
f 629/86/18 592/87/18 579/79/18 577/80/18 593/88/18 631/89/18 550/81/18 552/78/18
f 594/81/18 576/80/18 574/79/18 595/78/18
f 597/82/18 573/83/18 571/84/18 598/85/18
f 600/82/18 570/83/18 568/84/18 601/85/18
f 603/82/18 564/83/18 562/84/18 605/85/18
f 607/82/18 561/83/18 559/84/18 610/85/18
f 481/77/17 486/76/17 483/72/17 478/75/17
f 479/77/17 484/76/17 556/72/17 529/75/17
f 528/74/17 555/73/17 553/72/17 526/75/17
f 525/74/17 554/73/17 551/72/17 523/75/17
f 522/77/17 549/76/17 547/72/17 520/75/17
f 519/77/17 546/76/17 544/72/17 517/75/17
f 516/75/17 543/72/17 541/73/17 514/74/17
f 513/75/17 540/72/17 538/76/17 511/77/17
f 510/77/17 537/76/17 535/72/17 508/75/17
f 507/75/17 534/72/17 532/73/17 505/74/17
f 394/76/16 396/72/16 480/75/16 477/77/16
f 410/72/16 420/73/16 530/74/16 409/75/16
f 503/72/16 419/73/16 527/74/16 408/75/16
f 502/72/16 418/73/16 524/74/16 407/75/16
f 501/72/16 417/73/16 521/74/16 406/75/16
f 500/72/16 416/76/16 518/77/16 405/75/16
f 499/76/16 415/72/16 515/75/16 404/77/16
f 498/72/16 414/73/16 512/74/16 403/75/16
f 497/72/16 413/76/16 509/77/16 402/75/16
f 496/72/16 412/73/16 411/74/16 401/75/16
f 578/90/19 581/91/19 619/92/19 449/93/19
f 569/91/19 572/90/19 616/93/19 446/92/19
f 490/90/19 400/91/19 442/92/19 611/93/19
f 560/90/19 563/91/19 613/92/19 443/93/19
f 438/91/19 584/90/19 620/93/19 450/92/19
f 435/91/19 575/90/19 617/93/19 447/92/19
f 432/91/19 566/90/19 614/93/19 444/92/19
f 439/91/19 440/90/19 452/93/19 451/92/19
f 436/91/19 437/90/19 618/93/19 448/92/19
f 565/90/19 567/91/19 615/92/19 445/93/19
f 399/91/19 431/90/19 612/93/19 441/92/19
f 643/74/18 606/73/18 609/72/18 646/75/18
f 641/75/18 604/72/18 463/73/18 645/74/18
f 636/74/18 599/73/18 602/72/18 639/75/18
f 633/75/18 596/72/18 460/73/18 638/74/18
f 632/74/18 458/73/18 459/72/18 635/75/18
f 626/75/18 589/72/18 457/76/18 630/77/18
f 623/75/18 586/72/18 456/73/18 628/74/18
f 465/77/18 453/76/18 455/72/18 625/75/18
f 648/75/18 464/72/18 454/76/18 622/77/18
f 533/90/18 647/93/18 466/92/18 397/91/18
f 398/90/18 492/93/18 624/92/18 485/91/18
f 430/90/18 467/93/18 627/92/18 557/91/18
f 429/90/18 468/93/18 469/92/18 428/91/18
f 640/94/18 461/95/18 434/84/18 433/83/18 462/96/18 642/97/18 539/82/18 542/85/18
f 427/90/18 470/93/18 634/92/18 548/91/18
f 426/91/18 471/92/18 637/93/18 545/90/18
f 425/90/18 472/93/18 473/92/18 424/91/18
f 423/90/18 474/93/18 644/92/18 536/91/18
f 422/91/18 475/92/18 476/93/18 421/90/18
o overhang
v -31.618542 9.973538 4.365930
v -31.618542 10.695189 4.365930
v -31.618542 9.973538 1.959461
v -31.618542 10.695189 1.959461
v -30.741405 9.973538 4.365930
v -30.741405 10.695189 4.365930
v -30.741405 9.973538 1.959461
v -30.741405 10.695189 1.959461
v -29.840622 10.695189 1.959461
v -29.840622 9.973538 1.959461
v -29.840622 9.973538 4.365930
v -29.840622 10.695189 4.365930
v -30.435846 9.973538 4.365930
v -30.435846 10.695189 4.365930
v -30.435846 9.973538 1.959461
v -30.435846 10.695189 1.959461
v -29.840622 10.695189 -2.079999
v -29.840622 9.973538 -2.079999
v -30.435846 9.973538 -2.079999
v -30.435846 10.695189 -2.079999
v -29.840622 10.695189 -4.259999
v -29.840622 9.973538 -4.259999
v -30.435846 9.973538 -4.259999
v -30.435846 10.695189 -4.259999
v -31.685415 10.695189 -2.079999
v -31.685415 9.973538 -2.079999
v -31.685415 10.695189 -4.259999
v -31.685415 9.973538 -4.259999
v -30.435846 10.695189 -2.806666
v -30.435846 10.695189 -3.533332
v -30.435846 9.973538 -3.533333
v -30.435846 9.973538 -2.806666
v -29.840622 9.973538 -3.533333
v -29.840622 9.973538 -2.806666
v -29.840622 10.695189 -2.806666
v -29.840622 10.695189 -3.533332
v -31.685415 10.695189 -2.806666
v -31.685415 10.695189 -3.533332
v -31.685415 9.973538 -3.533333
v -31.685415 9.973538 -2.806666
v -31.618542 9.973538 2.761617
v -31.618542 9.973538 3.563773
v -31.618542 10.695189 3.563773
v -31.618542 10.695189 2.761617
v -30.741405 9.973538 3.563773
v -30.741405 9.973538 2.761617
v -30.741405 10.695189 2.761617
v -30.741405 10.695189 3.563773
v -29.840622 9.973538 3.563773
v -29.840622 9.973538 2.761617
v -29.840622 10.695189 2.761617
v -29.840622 10.695189 3.563773
v -30.435846 10.695189 3.563773
v -30.435846 10.695189 2.761617
v -30.435846 9.973538 2.761617
v -30.435846 9.973538 3.563773
v -30.435846 11.252173 -2.806666
v -30.435846 11.252173 -3.533332
v -29.840622 11.252173 -2.806666
v -29.840622 11.252173 -3.533332
v -29.840622 11.252173 2.761617
v -29.840622 11.252173 3.563773
v -30.435846 11.252173 3.563773
v -30.435846 11.252173 2.761617
v -23.036785 12.125969 -2.806666
v -23.036785 12.125969 -3.533332
v -23.036785 12.125969 2.761617
v -23.036785 12.125969 3.563774
v -23.181629 12.659736 -2.806666
v -23.181629 12.659736 -3.533332
v -23.181269 12.659736 2.761617
v -23.181269 12.659736 3.563774
v -29.671488 11.252173 3.563773
v -29.671488 11.252173 2.761617
v -29.671488 10.695189 2.761617
v -29.671488 10.695189 3.563773
v -29.702608 10.695189 -2.806666
v -29.702608 11.252173 -2.806666
v -29.702608 11.252173 -3.533332
v -29.702608 10.695189 -3.533332
vn -1.0000 -0.0000 -0.0000
vn -0.0000 -0.0000 -1.0000
vn -0.0000 -0.0000 1.0000
vn -0.0000 -1.0000 -0.0000
vn -0.0000 1.0000 -0.0000
vn 1.0000 -0.0000 -0.0000
vn -0.2119 0.9773 -0.0000
vn -1.0000 -0.0000 0.0056
vn 0.9653 0.2613 -0.0000
vn 0.9651 0.2619 -0.0000
vn -0.2115 0.9774 0.0006
vn 0.2108 -0.9775 -0.0000
vn -0.2110 0.9775 -0.0000
vn 0.2099 -0.9777 -0.0000
vn 0.2103 -0.9776 -0.0006
vn 0.9652 0.2616 -0.0000
vt 0.585378 0.000000
vt 0.585378 0.123466
vt 0.751534 0.123466
vt 0.751534 0.000000
vt 0.751534 0.246933
vt 0.751534 0.745399
vt 0.381851 0.745399
vt 0.381851 0.246933
vt 0.419948 0.745399
vt 0.419948 0.246933
vt 0.253067 0.246933
vt 0.253067 0.745399
vt 0.505616 0.246933
vt 0.505616 0.745399
vt 0.248481 0.069317
vt 0.188318 0.069317
vt 0.188318 0.000000
vt 0.248481 0.000000
vt 0.061785 0.069317
vt 0.121947 0.069317
vt 0.121947 0.000000
vt 0.061785 0.000000
vt 0.907006 0.872699
vt 0.907006 0.745399
vt 1.000000 0.745399
vt 1.000000 0.872699
vt 0.167360 0.138635
vt 0.167360 0.207952
vt 0.126534 0.207952
vt 0.126534 0.138635
vt 0.040826 0.069317
vt 0.040826 0.000000
vt 0.000000 0.000000
vt 0.000000 0.069317
vt 0.000000 0.872699
vt 0.000000 1.000000
vt 1.000000 1.000000
vt 0.188318 0.138635
vt 0.188318 0.207952
vt 0.167360 0.557017
vt 0.126534 0.557017
vt 0.721019 0.745399
vt 0.721019 0.872699
vt 0.252726 0.872699
vt 0.252726 0.745399
vt 0.040826 0.207952
vt 0.000000 0.207952
vt 0.000000 0.557017
vt 0.040826 0.557017
vt 0.413898 0.123466
vt 0.413898 0.000000
vt 0.253067 0.000000
vt 0.253067 0.123466
vt 0.126534 0.682605
vt 0.167360 0.682605
vt 0.167360 0.745399
vt 0.126534 0.745399
vt 0.040826 0.682605
vt 0.000000 0.682605
vt 0.000000 0.745399
vt 0.040826 0.745399
vt 0.084242 0.745399
vt 0.084242 0.872699
vt 0.000000 0.745399
vt 0.126534 0.682605
vt 0.167360 0.619811
vt 0.253068 0.557017
vt 0.253068 0.619811
vt 0.253068 0.682605
vt 0.253068 0.745399
vt 0.040826 0.619811
vt 0.126534 0.619811
vt 0.126534 0.557017
vt 0.419223 0.123466
vt 0.419223 0.000000
vt 0.168484 0.872699
vt 0.168484 0.745399
vt 0.000000 0.619811
vt 1.000000 0.000000
vt 1.000000 0.246933
vt 0.751534 0.246933
vt 0.126534 0.619811
vt 0.167360 0.069317
vt 0.167360 0.000000
vt 0.061785 0.207952
vt 0.061785 0.138635
vt 0.040826 0.138635
vt 0.000000 0.138635
vt 0.079591 0.872699
vt 0.079591 0.745399
vt 0.126534 0.069317
vt 0.126534 0.000000
vt 0.814013 0.745399
vt 0.814013 0.872699
vt 0.121947 0.207952
vt 0.121947 0.138635
vt 0.248481 0.207952
vt 0.248481 0.138635
vt 0.419223 0.123466
vt 0.419223 0.000000
vt 0.700496 0.745351
vt 0.700496 0.705286
vt 0.751534 0.705286
vt 0.751534 0.745351
vt 0.309407 0.745399
vt 0.253068 0.705334
vt 0.309407 0.705334
vt 0.920399 1.000000
vt 0.920399 0.872699
vt 0.309407 0.693949
vt 0.253068 0.693949
vt 0.309407 0.246933
vt 0.945021 0.000000
vt 0.945021 0.246933
vt 0.953233 0.246933
vt 0.953233 0.000000
vt 0.886974 0.872699
vt 0.886974 1.000000
vt 0.102389 0.872699
vt 0.102389 1.000000
vt 0.700496 0.246956
vt 0.700496 0.695997
vt 0.901943 1.000000
vt 0.901943 0.872699
vt 0.253067 0.733279
vt 0.309407 0.733279
vt 0.309407 0.246933
vt 0.253067 0.246933
vt 0.751534 0.695997
vt 0.751533 0.246956
vt 0.102207 0.745399
vt 0.102207 0.872699
vt 0.700496 0.735459
vt 0.751534 0.735459
vt 0.751534 0.246933
vt 0.700496 0.246933
vt 0.309407 0.745399
vt 0.700496 0.745349
vt 0.751534 0.745349
s 0
usemtl concrete06_trim
f 689/98/20 692/99/20 652/100/20 651/101/20
f 651/102/21 652/103/21 656/104/21 655/105/21
f 662/106/22 661/107/22 659/108/22 660/109/22
f 653/110/22 654/111/22 650/103/22 649/102/22
f 690/112/23 693/113/23 653/114/23 649/115/23
f 696/116/24 691/117/24 650/118/24 654/119/24
f 697/120/25 700/121/25 660/122/25 659/123/25
f 703/124/23 663/125/23 658/126/23 698/127/23
f 701/128/24 662/129/24 660/130/24 700/131/24
f 663/132/20 664/133/20 668/134/20 667/123/20
f 655/105/21 656/104/21 664/109/21 663/108/21
f 696/116/24 654/119/24 662/129/24 701/128/24
f 694/135/23 655/136/23 663/125/23 703/124/23
f 654/111/22 653/110/22 661/107/22 662/106/22
f 667/102/22 668/103/22 673/109/22 674/108/22
f 658/126/23 663/125/23 667/137/23 666/138/23
f 657/139/25 658/140/25 666/141/25 665/142/25
f 664/143/24 657/144/24 665/145/24 668/146/24
f 671/147/21 672/148/21 669/149/21 670/150/21
f 681/151/23 679/152/23 671/153/23 670/154/23
f 678/155/24 684/156/24 669/157/24 672/158/24
f 684/159/25 681/160/25 670/132/25 669/161/25
f 687/98/20 686/99/20 675/100/20 676/101/20
f 678/155/24 672/158/24 675/154/24 686/162/24
f 680/163/23 667/137/23 674/164/23 688/165/23
f 672/148/21 671/147/21 676/100/21 675/101/21
f 671/153/23 679/152/23 687/166/23 676/167/23
f 679/152/23 680/163/23 688/165/23 687/166/23
f 668/146/24 677/168/24 685/169/24 673/170/24
f 677/168/24 678/155/24 686/162/24 685/169/24
f 674/149/20 673/150/20 685/171/20 688/172/20
f 688/172/20 685/171/20 686/99/20 687/98/20
f 665/142/25 666/141/25 682/173/25 683/174/25
f 683/174/25 682/173/25 681/160/25 684/159/25
f 668/146/24 665/145/24 683/175/24 677/168/24
f 678/101/20 677/176/20 705/177/20 706/178/20
f 666/138/23 667/137/23 680/163/23 682/179/23
f 682/179/23 680/163/23 679/152/23 681/151/23
f 653/114/23 693/113/23 704/180/23 661/181/23
f 693/113/23 694/135/23 703/124/23 704/180/23
f 656/182/24 695/183/24 702/184/24 664/143/24
f 695/183/24 696/116/24 701/128/24 702/184/24
f 664/143/24 702/184/24 699/185/24 657/144/24
f 701/132/22 700/186/22 710/187/22 711/161/22
f 661/181/23 704/180/23 697/188/23 659/189/23
f 704/180/23 703/124/23 698/127/23 697/188/23
f 658/140/25 657/139/25 699/190/25 698/191/25
f 698/191/25 699/190/25 700/121/25 697/120/25
f 656/182/24 652/192/24 692/193/24 695/183/24
f 695/183/24 692/193/24 691/117/24 696/116/24
f 651/194/23 655/136/23 694/135/23 689/195/23
f 689/195/23 694/135/23 693/113/23 690/112/23
f 649/149/20 650/150/20 691/196/20 690/197/20
f 690/197/20 691/196/20 692/99/20 689/98/20
f 705/198/24 707/199/24 708/200/24 706/201/24
f 712/202/24 711/167/24 710/203/24 709/204/24
f 684/205/21 678/134/21 706/123/21 708/206/21
f 702/177/20 701/178/20 711/101/20 712/176/20
f 722/207/26 721/208/26 720/108/26 719/209/26
f 699/210/21 702/101/21 712/178/21 709/211/21
f 677/178/22 683/212/22 707/213/22 705/101/22
f 726/161/27 725/132/27 723/123/27 722/122/27
f 716/123/28 715/214/28 719/215/28 720/134/28
f 713/216/29 714/132/29 718/133/29 717/217/29
f 717/218/30 726/219/30 722/207/30 719/209/30
f 728/220/21 727/221/21 718/132/21 714/133/21
f 724/222/31 723/223/31 715/224/31 716/225/31
f 727/226/32 726/219/32 717/218/32 718/227/32
f 721/228/22 724/229/22 716/123/22 720/122/22
f 725/230/33 728/231/33 714/232/33 713/233/33
f 710/187/22 700/186/22 724/229/22 721/228/22
f 700/109/23 699/234/23 723/223/23 724/222/23
f 699/210/21 709/211/21 722/177/21 723/176/21
f 709/204/24 710/203/24 721/208/24 722/207/24
f 683/235/23 684/236/23 728/231/23 725/230/23
f 708/200/24 707/199/24 726/219/24 727/226/24
f 684/205/21 708/206/21 727/221/21 728/220/21
f 707/213/22 683/212/22 725/177/22 726/176/22
f 725/230/34 713/233/34 715/224/34 723/223/34
f 713/216/35 717/217/35 719/215/35 715/214/35
o wall
v -40.367203 0.000000 -18.000000
v 20.000000 0.000000 -18.000000
v -40.367203 45.538586 -18.000000
v 20.000000 45.538586 -18.000000
vn -0.0000 -0.0000 1.0000
vt -1.686557 -0.254513
vt 2.686557 -0.254513
vt 2.686557 1.254513
vt -1.686557 1.254513
s 0
usemtl white_brick
f 729/237/36 730/238/36 732/239/36 731/240/36
o wall.001
v 20.000000 0.000000 17.999998
v -40.367203 0.000000 18.000017
v 20.000000 45.538586 17.999996
v -40.367203 45.538586 18.000017
vn -0.0000 -0.0000 -1.0000
vt -1.686557 -0.254513
vt 2.686557 -0.254513
vt 2.686557 1.254513
vt -1.686557 1.254513
s 0
usemtl white_brick
f 733/241/37 734/242/37 736/243/37 735/244/37
o pillars.001
v -35.659073 5.200000 18.334377
v -35.659073 5.200000 16.665625
v -30.085306 5.200000 17.917189
v -30.085306 5.200000 17.082813
v -36.333359 10.962655 18.334377
v -36.333359 10.962654 16.665625
v -30.759596 10.962654 17.082813
v -30.759596 10.962654 17.917189
v -36.504955 10.852049 16.500000
v -35.818092 5.310605 16.500000
v -30.600576 10.852049 17.000000
v -29.913710 5.310605 17.000000
v -30.600576 10.852049 18.000000
v -29.913710 5.310605 18.000000
v -35.818092 5.310606 18.500002
v -36.504959 10.852050 18.500002
vn -0.0000 -1.0000 -0.0000
vn -0.9924 -0.1230 -0.0000
vn 0.0844 0.0105 -0.9964
vn 0.9924 0.1230 -0.0000
vn 0.0844 0.0105 0.9964
vn 0.0529 -0.7471 -0.6626
vn -0.5710 -0.8209 -0.0000
vn 0.0532 0.7444 -0.6656
vn -0.5418 0.8405 -0.0000
vn 0.5418 -0.8405 -0.0000
vn 0.5710 0.8209 -0.0000
vn 0.0529 -0.7471 0.6626
vn 0.0532 0.7444 0.6656
vt 0.751534 0.123466
vt 0.253067 0.123466
vt 0.253067 0.000000
vt 0.751534 0.000000
vt 0.751534 0.123466
vt 0.751534 0.246933
vt 0.253067 0.246933
vt 0.253067 0.745399
vt 0.751534 0.745399
vt 0.000000 0.745399
vt 0.126534 0.745399
vt 0.126534 0.000000
vt 0.000000 0.000000
vt 0.000000 0.872699
vt 1.000000 0.745399
vt 1.000000 0.872699
vt 1.000000 1.000000
vt 0.000000 1.000000
vt 0.751534 0.745399
vt 0.875767 0.745399
vt 0.875767 0.246932
vt 0.751534 0.246932
vt 0.875767 0.246933
vt 1.000000 0.246933
s 0
usemtl concrete06_trim
f 738/245/38 740/246/38 739/247/38 737/248/38
f 752/249/39 745/250/39 746/251/39 751/246/39
f 745/251/40 747/252/40 748/253/40 746/250/40
f 747/254/41 749/255/41 750/256/41 748/257/41
f 749/250/42 752/251/42 751/252/42 750/253/42
f 738/258/43 746/254/43 748/259/43 740/260/43
f 737/261/44 751/260/44 746/258/44 738/262/44
f 745/260/45 742/261/45 743/262/45 747/258/45
f 752/260/46 741/261/46 742/262/46 745/258/46
f 740/263/47 748/264/47 750/265/47 739/266/47
f 747/267/48 743/268/48 744/259/48 749/264/48
f 739/260/49 750/261/49 751/262/49 737/258/49
f 749/254/50 744/258/50 741/260/50 752/259/50
o pillars
v -40.924618 48.728951 18.334377
v -40.924618 48.728951 16.665625
v -41.628845 43.199856 17.917189
v -41.628845 43.199856 17.082813
v -35.122948 48.669739 18.334377
v -35.122948 48.669739 16.665625
v -35.827179 43.140644 17.082813
v -35.827179 43.140644 17.917189
v -35.210987 48.853935 16.500000
v -40.794807 48.872723 16.500000
v -35.956989 42.996872 17.000000
v -41.540810 43.015659 17.000000
v -35.956989 42.996872 18.000000
v -41.540810 43.015659 18.000000
v -40.794804 48.872723 18.500002
v -35.210987 48.853935 18.500002
vn -0.9920 0.1263 -0.0000
vn 0.0034 1.0000 -0.0000
vn -0.0003 -0.0850 -0.9964
vn -0.0034 -1.0000 -0.0000
vn -0.0003 -0.0850 0.9964
vn -0.7478 0.0419 -0.6626
vn -0.7422 0.6702 -0.0000
vn 0.7318 -0.1468 -0.6656
vn 0.9022 0.4312 -0.0000
vn -0.9022 -0.4312 -0.0000
vn 0.7422 -0.6702 -0.0000
vn -0.7478 0.0419 0.6626
vn 0.7318 -0.1468 0.6656
vt 0.875767 0.246933
vt 0.875767 0.745399
vt 0.751534 0.745399
vt 0.751534 0.246933
vt 0.751534 0.745399
vt 0.253067 0.745399
vt 0.253067 0.246933
vt 0.751534 0.246933
vt 0.126534 0.745399
vt 0.253068 0.745399
vt 0.253068 0.000000
vt 0.126534 0.000000
vt 0.000000 1.000000
vt 0.000000 0.872699
vt 1.000000 0.872699
vt 1.000000 1.000000
vt 0.000000 0.745399
vt 1.000000 0.745399
vt 0.751534 0.123466
vt 0.253067 0.123466
s 0
usemtl concrete06_trim
f 754/269/51 756/270/51 755/271/51 753/272/51
f 768/272/52 761/269/52 762/270/52 767/271/52
f 761/273/53 763/274/53 764/275/53 762/276/53
f 763/277/54 765/278/54 766/279/54 764/280/54
f 765/273/55 768/272/55 767/275/55 766/274/55
f 754/281/56 762/282/56 764/283/56 756/284/56
f 753/282/57 767/285/57 762/286/57 754/283/57
f 761/282/58 758/281/58 759/284/58 763/283/58
f 768/283/59 757/284/59 758/281/59 761/282/59
f 756/276/60 764/287/60 766/288/60 755/275/60
f 763/287/61 759/276/61 760/275/61 765/288/61
f 755/283/62 766/286/62 767/285/62 753/282/62
f 765/281/63 760/282/63 757/283/63 768/284/63
o pillars.002
v -36.331379 10.962655 18.334377
v -36.331379 10.962655 16.665625
v -30.757614 10.962655 17.917189
v -36.490398 11.073261 18.500002
v -37.177265 16.614704 18.500002
v -36.490398 11.073260 16.500000
v -30.586018 11.073260 18.000000
v -31.272884 16.614704 18.000000
v -30.586018 11.073260 17.000000
v -31.272884 16.614704 17.000000
v -30.757614 10.962655 17.082813
v -37.177265 16.614704 16.500000
v -31.431904 16.725309 17.082813
v -31.431904 16.725309 17.917189
v -37.005669 16.725309 16.665625
v -37.005669 16.725311 18.334377
vn -0.5710 -0.8209 -0.0000
vn -0.0000 -1.0000 -0.0000
vn 0.0529 -0.7471 0.6626
vn 0.0844 0.0105 0.9964
vn -0.9924 -0.1230 -0.0000
vn 0.9924 0.1230 -0.0000
vn 0.5418 -0.8405 -0.0000
vn 0.0844 0.0105 -0.9964
vn 0.0529 -0.7471 -0.6626
vn 0.0532 0.7444 -0.6656
vn 0.5710 0.8209 -0.0000
vn -0.5418 0.8405 -0.0000
vn 0.0532 0.7444 0.6656
vt 1.000000 1.000000
vt 1.000000 0.872699
vt 0.000000 0.872699
vt 0.000000 1.000000
vt 0.751534 0.123466
vt 0.253067 0.123466
vt 0.253067 0.000000
vt 0.751534 0.000000
vt 0.751534 0.246933
vt 0.253067 0.246933
vt 0.253067 0.745399
vt 0.751534 0.745399
vt 0.751534 0.123466
vt 0.000000 0.745399
vt 0.126534 0.745399
vt 0.126534 0.000000
vt 0.000000 0.000000
vt 0.751534 0.745399
vt 0.875767 0.745399
vt 0.875767 0.246932
vt 0.751534 0.246932
vt 1.000000 0.745399
vt 0.875767 0.246933
vt 1.000000 0.246933
s 0
usemtl concrete06_trim
f 769/289/64 772/290/64 774/291/64 770/292/64
f 770/293/65 779/294/65 771/295/65 769/296/65
f 771/290/66 775/289/66 772/292/66 769/291/66
f 776/297/67 773/298/67 772/299/67 775/300/67
f 773/301/68 780/297/68 774/298/68 772/294/68
f 778/302/69 776/303/69 775/304/69 777/305/69
f 779/306/70 777/307/70 775/308/70 771/309/70
f 780/298/71 778/299/71 777/300/71 774/297/71
f 770/291/72 774/302/72 777/310/72 779/290/72
f 780/290/73 783/289/73 781/292/73 778/291/73
f 778/311/74 781/312/74 782/310/74 776/307/74
f 773/290/75 784/289/75 783/292/75 780/291/75
f 776/302/76 782/291/76 784/290/76 773/310/76
o pillars.003
v -37.003685 16.725311 18.334377
v -37.003685 16.725311 16.665625
v -31.429922 16.725311 17.917189
v -37.162704 16.835915 18.500002
v -37.849571 22.377361 18.500002
v -37.162704 16.835915 16.500000
v -31.258324 16.835915 18.000000
v -31.945190 22.377361 18.000000
v -31.258324 16.835915 17.000000
v -31.945190 22.377361 17.000000
v -31.429922 16.725311 17.082813
v -37.849571 22.377361 16.500000
v -32.104210 22.487965 17.082813
v -32.104210 22.487965 17.917189
v -37.677975 22.487965 16.665625
v -37.677975 22.487965 18.334377
vn -0.5710 -0.8209 -0.0000
vn -0.0000 -1.0000 -0.0000
vn 0.0529 -0.7471 0.6626
vn 0.0844 0.0105 0.9964
vn -0.9924 -0.1230 -0.0000
vn 0.9924 0.1230 -0.0000
vn 0.5418 -0.8405 -0.0000
vn 0.0844 0.0105 -0.9964
vn 0.0529 -0.7471 -0.6626
vn 0.0532 0.7445 -0.6656
vn 0.5710 0.8210 -0.0000
vn -0.5418 0.8405 -0.0000
vn 0.0532 0.7445 0.6656
vt 1.000000 1.000000
vt 1.000000 0.872699
vt 0.000000 0.872699
vt 0.000000 1.000000
vt 0.751534 0.123466
vt 0.253067 0.123466
vt 0.253067 0.000000
vt 0.751534 0.000000
vt 0.751534 0.246933
vt 0.253067 0.246933
vt 0.253067 0.745399
vt 0.751534 0.745399
vt 0.751534 0.123466
vt 0.000000 0.745399
vt 0.126534 0.745399
vt 0.126534 0.000000
vt 0.000000 0.000000
vt 0.751534 0.745399
vt 0.875767 0.745399
vt 0.875767 0.246932
vt 0.751534 0.246932
vt 1.000000 0.745399
vt 0.875767 0.246933
vt 1.000000 0.246933
s 0
usemtl concrete06_trim
f 785/313/77 788/314/77 790/315/77 786/316/77
f 786/317/78 795/318/78 787/319/78 785/320/78
f 787/314/79 791/313/79 788/316/79 785/315/79
f 792/321/80 789/322/80 788/323/80 791/324/80
f 789/325/81 796/321/81 790/322/81 788/318/81
f 794/326/82 792/327/82 791/328/82 793/329/82
f 795/330/83 793/331/83 791/332/83 787/333/83
f 796/322/84 794/323/84 793/324/84 790/321/84
f 786/315/85 790/326/85 793/334/85 795/314/85
f 796/314/86 799/313/86 797/316/86 794/315/86
f 794/335/87 797/336/87 798/334/87 792/331/87
f 789/314/88 800/313/88 799/316/88 796/315/88
f 792/326/89 798/315/89 800/314/89 789/334/89
o pillars.004
v -37.675991 22.487965 18.334377
v -37.675991 22.487965 16.665625
v -32.102230 22.487965 17.917189
v -37.835011 22.598572 18.500002
v -38.521881 28.140015 18.500002
v -37.835011 22.598572 16.500000
v -31.930632 22.598572 18.000000
v -32.617496 28.140015 18.000000
v -31.930632 22.598572 17.000000
v -32.617496 28.140015 17.000000
v -32.102230 22.487965 17.082813
v -38.521877 28.140015 16.500000
v -32.776516 28.250622 17.082813
v -32.776516 28.250622 17.917189
v -38.350281 28.250622 16.665625
v -38.350281 28.250622 18.334377
vn -0.5710 -0.8209 -0.0000
vn -0.0000 -1.0000 -0.0000
vn 0.0529 -0.7471 0.6626
vn 0.0844 0.0105 0.9964
vn -0.9924 -0.1230 -0.0000
vn 0.9924 0.1230 -0.0000
vn 0.5418 -0.8405 -0.0000
vn 0.0844 0.0105 -0.9964
vn 0.0529 -0.7471 -0.6626
vn 0.0532 0.7444 -0.6656
vn 0.5710 0.8209 -0.0000
vn -0.5418 0.8405 -0.0000
vn 0.0532 0.7444 0.6656
vt 1.000000 1.000000
vt 1.000000 0.872699
vt 0.000000 0.872699
vt 0.000000 1.000000
vt 0.751534 0.123466
vt 0.253067 0.123466
vt 0.253067 0.000000
vt 0.751534 0.000000
vt 0.751534 0.246933
vt 0.253067 0.246933
vt 0.253067 0.745399
vt 0.751534 0.745399
vt 0.751534 0.123466
vt 0.000000 0.745399
vt 0.126534 0.745399
vt 0.126534 0.000000
vt 0.000000 0.000000
vt 0.751534 0.745399
vt 0.875767 0.745399
vt 0.875767 0.246932
vt 0.751534 0.246932
vt 1.000000 0.745399
vt 0.875767 0.246933
vt 1.000000 0.246933
s 0
usemtl concrete06_trim
f 801/337/90 804/338/90 806/339/90 802/340/90
f 802/341/91 811/342/91 803/343/91 801/344/91
f 803/338/92 807/337/92 804/340/92 801/339/92
f 808/345/93 805/346/93 804/347/93 807/348/93
f 805/349/94 812/345/94 806/346/94 804/342/94
f 810/350/95 808/351/95 807/352/95 809/353/95
f 811/354/96 809/355/96 807/356/96 803/357/96
f 812/346/97 810/347/97 809/348/97 806/345/97
f 802/339/98 806/350/98 809/358/98 811/338/98
f 812/338/99 815/337/99 813/340/99 810/339/99
f 810/359/100 813/360/100 814/358/100 808/355/100
f 805/338/101 816/337/101 815/340/101 812/339/101
f 808/350/102 814/339/102 816/338/102 805/358/102
o pillars.005
v -38.348301 28.250622 18.334377
v -38.348301 28.250622 16.665625
v -32.774536 28.250622 17.917189
v -38.507320 28.361225 18.500002
v -39.194187 33.902672 18.500002
v -38.507320 28.361225 16.500000
v -32.602940 28.361225 18.000000
v -33.289806 33.902672 18.000000
v -32.602940 28.361225 17.000000
v -33.289806 33.902672 17.000000
v -32.774536 28.250622 17.082813
v -39.194183 33.902672 16.500000
v -33.448826 34.013275 17.082813
v -33.448826 34.013275 17.917189
v -39.022591 34.013275 16.665625
v -39.022591 34.013275 18.334377
vn -0.5710 -0.8209 -0.0000
vn -0.0000 -1.0000 -0.0000
vn 0.0529 -0.7471 0.6626
vn 0.0844 0.0105 0.9964
vn -0.9924 -0.1230 -0.0000
vn 0.9924 0.1230 -0.0000
vn 0.5418 -0.8405 -0.0000
vn 0.0844 0.0105 -0.9964
vn 0.0529 -0.7471 -0.6626
vn 0.0532 0.7445 -0.6656
vn 0.5710 0.8209 -0.0000
vn -0.5418 0.8405 -0.0000
vn 0.0532 0.7445 0.6656
vt 1.000000 1.000000
vt 1.000000 0.872699
vt 0.000000 0.872699
vt 0.000000 1.000000
vt 0.751534 0.123466
vt 0.253067 0.123466
vt 0.253067 0.000000
vt 0.751534 0.000000
vt 0.751534 0.246933
vt 0.253067 0.246933
vt 0.253067 0.745399
vt 0.751534 0.745399
vt 0.751534 0.123466
vt 0.000000 0.745399
vt 0.126534 0.745399
vt 0.126534 0.000000
vt 0.000000 0.000000
vt 0.751534 0.745399
vt 0.875767 0.745399
vt 0.875767 0.246932
vt 0.751534 0.246932
vt 1.000000 0.745399
vt 0.875767 0.246933
vt 1.000000 0.246933
s 0
usemtl concrete06_trim
f 817/361/103 820/362/103 822/363/103 818/364/103
f 818/365/104 827/366/104 819/367/104 817/368/104
f 819/362/105 823/361/105 820/364/105 817/363/105
f 824/369/106 821/370/106 820/371/106 823/372/106
f 821/373/107 828/369/107 822/370/107 820/366/107
f 826/374/108 824/375/108 823/376/108 825/377/108
f 827/378/109 825/379/109 823/380/109 819/381/109
f 828/370/110 826/371/110 825/372/110 822/369/110
f 818/363/111 822/374/111 825/382/111 827/362/111
f 828/362/112 831/361/112 829/364/112 826/363/112
f 826/383/113 829/384/113 830/382/113 824/379/113
f 821/362/114 832/361/114 831/364/114 828/363/114
f 824/374/115 830/363/115 832/362/115 821/382/115
o pillars.006
v -39.020607 34.013275 18.334377
v -39.020607 34.013275 16.665625
v -33.446842 34.013275 17.917189
v -39.179626 34.123882 18.500002
v -39.866493 39.665325 18.500002
v -39.179626 34.123882 16.500000
v -33.275246 34.123882 18.000000
v -33.962112 39.665325 18.000000
v -33.275246 34.123882 17.000000
v -33.962112 39.665325 17.000000
v -33.446842 34.013275 17.082813
v -39.866493 39.665325 16.500000
v -34.121132 39.775932 17.082813
v -34.121132 39.775932 17.917189
v -39.694897 39.775932 16.665625
v -39.694897 39.775932 18.334377
vn -0.5710 -0.8210 -0.0000
vn -0.0000 -1.0000 -0.0000
vn 0.0529 -0.7471 0.6626
vn 0.0844 0.0105 0.9964
vn -0.9924 -0.1230 -0.0000
vn 0.9924 0.1230 -0.0000
vn 0.5418 -0.8405 -0.0000
vn 0.0844 0.0105 -0.9964
vn 0.0529 -0.7471 -0.6626
vn 0.0532 0.7444 -0.6656
vn 0.5710 0.8209 -0.0000
vn -0.5418 0.8405 -0.0000
vn 0.0532 0.7444 0.6656
vt 1.000000 1.000000
vt 1.000000 0.872699
vt 0.000000 0.872699
vt 0.000000 1.000000
vt 0.751534 0.123466
vt 0.253067 0.123466
vt 0.253067 0.000000
vt 0.751534 0.000000
vt 0.751534 0.246933
vt 0.253067 0.246933
vt 0.253067 0.745399
vt 0.751534 0.745399
vt 0.751534 0.123466
vt 0.000000 0.745399
vt 0.126534 0.745399
vt 0.126534 0.000000
vt 0.000000 0.000000
vt 0.751534 0.745399
vt 0.875767 0.745399
vt 0.875767 0.246932
vt 0.751534 0.246932
vt 1.000000 0.745399
vt 0.875767 0.246933
vt 1.000000 0.246933
s 0
usemtl concrete06_trim
f 833/385/116 836/386/116 838/387/116 834/388/116
f 834/389/117 843/390/117 835/391/117 833/392/117
f 835/386/118 839/385/118 836/388/118 833/387/118
f 840/393/119 837/394/119 836/395/119 839/396/119
f 837/397/120 844/393/120 838/394/120 836/390/120
f 842/398/121 840/399/121 839/400/121 841/401/121
f 843/402/122 841/403/122 839/404/122 835/405/122
f 844/394/123 842/395/123 841/396/123 838/393/123
f 834/387/124 838/398/124 841/406/124 843/386/124
f 844/386/125 847/385/125 845/388/125 842/387/125
f 842/407/126 845/408/126 846/406/126 840/403/126
f 837/386/127 848/385/127 847/388/127 844/387/127
f 840/398/128 846/387/128 848/386/128 837/406/128
o pillars.007
v -39.692913 39.775932 18.334377
v -39.692913 39.775932 16.665625
v -34.119148 39.775932 17.917189
v -39.851933 39.886539 18.500002
v -40.538799 45.427982 18.500002
v -39.851933 39.886536 16.500000
v -33.947552 39.886536 18.000000
v -34.634418 45.427982 18.000000
v -33.947552 39.886536 17.000000
v -34.634418 45.427982 17.000000
v -34.119148 39.775932 17.082813
v -40.538799 45.427982 16.500000
v -34.793438 45.538586 17.082813
v -34.793438 45.538586 17.917189
v -40.367203 45.538586 16.665625
v -40.367203 45.538586 18.334377
vn -0.5710 -0.8209 -0.0000
vn -0.0000 -1.0000 -0.0000
vn 0.0529 -0.7471 0.6626
vn 0.0844 0.0105 0.9964
vn -0.9924 -0.1230 -0.0000
vn 0.9924 0.1230 -0.0000
vn 0.5418 -0.8405 -0.0000
vn 0.0844 0.0105 -0.9964
vn 0.0529 -0.7471 -0.6626
vn 0.0532 0.7445 -0.6656
vn 0.5710 0.8209 -0.0000
vn -0.5418 0.8405 -0.0000
vn 0.0532 0.7445 0.6656
vt 1.000000 1.000000
vt 1.000000 0.872699
vt 0.000000 0.872699
vt 0.000000 1.000000
vt 0.751534 0.123466
vt 0.253067 0.123466
vt 0.253067 0.000000
vt 0.751534 0.000000
vt 0.751534 0.246933
vt 0.253067 0.246933
vt 0.253067 0.745399
vt 0.751534 0.745399
vt 0.751534 0.123466
vt 0.000000 0.745399
vt 0.126534 0.745399
vt 0.126534 0.000000
vt 0.000000 0.000000
vt 0.751534 0.745399
vt 0.875767 0.745399
vt 0.875767 0.246932
vt 0.751534 0.246932
vt 1.000000 0.745399
vt 0.875767 0.246933
vt 1.000000 0.246933
s 0
usemtl concrete06_trim
f 849/409/129 852/410/129 854/411/129 850/412/129
f 850/413/130 859/414/130 851/415/130 849/416/130
f 851/410/131 855/409/131 852/412/131 849/411/131
f 856/417/132 853/418/132 852/419/132 855/420/132
f 853/421/133 860/417/133 854/418/133 852/414/133
f 858/422/134 856/423/134 855/424/134 857/425/134
f 859/426/135 857/427/135 855/428/135 851/429/135
f 860/418/136 858/419/136 857/420/136 854/417/136
f 850/411/137 854/422/137 857/430/137 859/410/137
f 860/410/138 863/409/138 861/412/138 858/411/138
f 858/431/139 861/432/139 862/430/139 856/427/139
f 853/410/140 864/409/140 863/412/140 860/411/140
f 856/422/141 862/411/141 864/410/141 853/430/141
o pillars.008
v -35.659073 5.200000 15.154377
v -35.659073 5.200000 13.485624
v -30.085306 5.200000 14.737188
v -35.818092 5.310606 15.320002
v -36.504959 10.852050 15.320002
v -35.818092 5.310605 13.320001
v -29.913710 5.310605 14.820001
v -30.600576 10.852049 14.820001
v -29.913710 5.310605 13.820001
v -30.600576 10.852049 13.820001
v -30.085306 5.200000 13.902813
v -36.504955 10.852049 13.320001
v -30.759596 10.962654 13.902813
v -30.759596 10.962654 14.737188
v -36.333359 10.962654 13.485624
v -36.333359 10.962655 15.154377
vn -0.5710 -0.8209 -0.0000
vn -0.0000 -1.0000 -0.0000
vn 0.0529 -0.7471 0.6626
vn 0.0844 0.0105 0.9964
vn -0.9924 -0.1230 -0.0000
vn 0.9924 0.1230 -0.0000
vn 0.5418 -0.8405 -0.0000
vn 0.0844 0.0105 -0.9964
vn 0.0529 -0.7471 -0.6626
vn 0.0532 0.7444 -0.6656
vn 0.5710 0.8209 -0.0000
vn -0.5418 0.8405 -0.0000
vn 0.0532 0.7444 0.6656
vt 1.000000 1.000000
vt 1.000000 0.872699
vt 0.000000 0.872699
vt 0.000000 1.000000
vt 0.751534 0.123466
vt 0.253067 0.123466
vt 0.253067 0.000000
vt 0.751534 0.000000
vt 0.751534 0.246933
vt 0.253067 0.246933
vt 0.253067 0.745399
vt 0.751534 0.745399
vt 0.751534 0.123466
vt 0.000000 0.745399
vt 0.126534 0.745399
vt 0.126534 0.000000
vt 0.000000 0.000000
vt 0.751534 0.745399
vt 0.875767 0.745399
vt 0.875767 0.246932
vt 0.751534 0.246932
vt 1.000000 0.745399
vt 0.875767 0.246933
vt 1.000000 0.246933
s 0
usemtl concrete06_trim
f 865/433/142 868/434/142 870/435/142 866/436/142
f 866/437/143 875/438/143 867/439/143 865/440/143
f 867/434/144 871/433/144 868/436/144 865/435/144
f 872/441/145 869/442/145 868/443/145 871/444/145
f 869/445/146 876/441/146 870/442/146 868/438/146
f 874/446/147 872/447/147 871/448/147 873/449/147
f 875/450/148 873/451/148 871/452/148 867/453/148
f 876/442/149 874/443/149 873/444/149 870/441/149
f 866/435/150 870/446/150 873/454/150 875/434/150
f 876/434/151 879/433/151 877/436/151 874/435/151
f 874/455/152 877/456/152 878/454/152 872/451/152
f 869/434/153 880/433/153 879/436/153 876/435/153
f 872/446/154 878/435/154 880/434/154 869/454/154
o pillars.009
v -36.331379 10.962655 15.154377
v -36.331379 10.962655 13.485624
v -30.757614 10.962655 14.737188
v -36.490398 11.073261 15.320002
v -37.177265 16.614704 15.320002
v -36.490398 11.073260 13.320001
v -30.586018 11.073260 14.820001
v -31.272884 16.614704 14.820001
v -30.586018 11.073260 13.820001
v -31.272884 16.614704 13.820001
v -30.757614 10.962655 13.902813
v -37.177265 16.614704 13.320001
v -31.431904 16.725309 13.902813
v -31.431904 16.725309 14.737188
v -37.005669 16.725309 13.485624
v -37.005669 16.725311 15.154377
vn -0.5710 -0.8209 -0.0000
vn -0.0000 -1.0000 -0.0000
vn 0.0529 -0.7471 0.6626
vn 0.0844 0.0105 0.9964
vn -0.9924 -0.1230 -0.0000
vn 0.9924 0.1230 -0.0000
vn 0.5418 -0.8405 -0.0000
vn 0.0844 0.0105 -0.9964
vn 0.0529 -0.7471 -0.6626
vn 0.0532 0.7444 -0.6656
vn 0.5710 0.8209 -0.0000
vn -0.5418 0.8405 -0.0000
vn 0.0532 0.7444 0.6656
vt 1.000000 1.000000
vt 1.000000 0.872699
vt 0.000000 0.872699
vt 0.000000 1.000000
vt 0.751534 0.123466
vt 0.253067 0.123466
vt 0.253067 0.000000
vt 0.751534 0.000000
vt 0.751534 0.246933
vt 0.253067 0.246933
vt 0.253067 0.745399
vt 0.751534 0.745399
vt 0.751534 0.123466
vt 0.000000 0.745399
vt 0.126534 0.745399
vt 0.126534 0.000000
vt 0.000000 0.000000
vt 0.751534 0.745399
vt 0.875767 0.745399
vt 0.875767 0.246932
vt 0.751534 0.246932
vt 1.000000 0.745399
vt 0.875767 0.246933
vt 1.000000 0.246933
s 0
usemtl concrete06_trim
f 881/457/155 884/458/155 886/459/155 882/460/155
f 882/461/156 891/462/156 883/463/156 881/464/156
f 883/458/157 887/457/157 884/460/157 881/459/157
f 888/465/158 885/466/158 884/467/158 887/468/158
f 885/469/159 892/465/159 886/466/159 884/462/159
f 890/470/160 888/471/160 887/472/160 889/473/160
f 891/474/161 889/475/161 887/476/161 883/477/161
f 892/466/162 890/467/162 889/468/162 886/465/162
f 882/459/163 886/470/163 889/478/163 891/458/163
f 892/458/164 895/457/164 893/460/164 890/459/164
f 890/479/165 893/480/165 894/478/165 888/475/165
f 885/458/166 896/457/166 895/460/166 892/459/166
f 888/470/167 894/459/167 896/458/167 885/478/167
o pillars.010
v -37.003685 16.725311 15.154377
v -37.003685 16.725311 13.485624
v -31.429922 16.725311 14.737188
v -37.162704 16.835915 15.320002
v -37.849571 22.377361 15.320002
v -37.162704 16.835915 13.320001
v -31.258324 16.835915 14.820001
v -31.945190 22.377361 14.820001
v -31.258324 16.835915 13.820001
v -31.945190 22.377361 13.820001
v -31.429922 16.725311 13.902813
v -37.849571 22.377361 13.320001
v -32.104210 22.487965 13.902813
v -32.104210 22.487965 14.737188
v -37.677975 22.487965 13.485624
v -37.677975 22.487965 15.154377
vn -0.5710 -0.8209 -0.0000
vn -0.0000 -1.0000 -0.0000
vn 0.0529 -0.7471 0.6626
vn 0.0844 0.0105 0.9964
vn -0.9924 -0.1230 -0.0000
vn 0.9924 0.1230 -0.0000
vn 0.5418 -0.8405 -0.0000
vn 0.0844 0.0105 -0.9964
vn 0.0529 -0.7471 -0.6626
vn 0.0532 0.7445 -0.6656
vn 0.5710 0.8210 -0.0000
vn -0.5418 0.8405 -0.0000
vn 0.0532 0.7445 0.6656
vt 1.000000 1.000000
vt 1.000000 0.872699
vt 0.000000 0.872699
vt 0.000000 1.000000
vt 0.751534 0.123466
vt 0.253067 0.123466
vt 0.253067 0.000000
vt 0.751534 0.000000
vt 0.751534 0.246933
vt 0.253067 0.246933
vt 0.253067 0.745399
vt 0.751534 0.745399
vt 0.751534 0.123466
vt 0.000000 0.745399
vt 0.126534 0.745399
vt 0.126534 0.000000
vt 0.000000 0.000000
vt 0.751534 0.745399
vt 0.875767 0.745399
vt 0.875767 0.246932
vt 0.751534 0.246932
vt 1.000000 0.745399
vt 0.875767 0.246933
vt 1.000000 0.246933
s 0
usemtl concrete06_trim
f 897/481/168 900/482/168 902/483/168 898/484/168
f 898/485/169 907/486/169 899/487/169 897/488/169
f 899/482/170 903/481/170 900/484/170 897/483/170
f 904/489/171 901/490/171 900/491/171 903/492/171
f 901/493/172 908/489/172 902/490/172 900/486/172
f 906/494/173 904/495/173 903/496/173 905/497/173
f 907/498/174 905/499/174 903/500/174 899/501/174
f 908/490/175 906/491/175 905/492/175 902/489/175
f 898/483/176 902/494/176 905/502/176 907/482/176
f 908/482/177 911/481/177 909/484/177 906/483/177
f 906/503/178 909/504/178 910/502/178 904/499/178
f 901/482/179 912/481/179 911/484/179 908/483/179
f 904/494/180 910/483/180 912/482/180 901/502/180
o pillars.011
v -37.675991 22.487965 15.154377
v -37.675991 22.487965 13.485624
v -32.102230 22.487965 14.737188
v -37.835011 22.598572 15.320002
v -38.521881 28.140015 15.320002
v -37.835011 22.598572 13.320001
v -31.930632 22.598572 14.820001
v -32.617496 28.140015 14.820001
v -31.930632 22.598572 13.820001
v -32.617496 28.140015 13.820001
v -32.102230 22.487965 13.902813
v -38.521877 28.140015 13.320001
v -32.776516 28.250622 13.902813
v -32.776516 28.250622 14.737188
v -38.350281 28.250622 13.485624
v -38.350281 28.250622 15.154377
vn -0.5710 -0.8209 -0.0000
vn -0.0000 -1.0000 -0.0000
vn 0.0529 -0.7471 0.6626
vn 0.0844 0.0105 0.9964
vn -0.9924 -0.1230 -0.0000
vn 0.9924 0.1230 -0.0000
vn 0.5418 -0.8405 -0.0000
vn 0.0844 0.0105 -0.9964
vn 0.0529 -0.7471 -0.6626
vn 0.0532 0.7444 -0.6656
vn 0.5710 0.8209 -0.0000
vn -0.5418 0.8405 -0.0000
vn 0.0532 0.7444 0.6656
vt 1.000000 1.000000
vt 1.000000 0.872699
vt 0.000000 0.872699
vt 0.000000 1.000000
vt 0.751534 0.123466
vt 0.253067 0.123466
vt 0.253067 0.000000
vt 0.751534 0.000000
vt 0.751534 0.246933
vt 0.253067 0.246933
vt 0.253067 0.745399
vt 0.751534 0.745399
vt 0.751534 0.123466
vt 0.000000 0.745399
vt 0.126534 0.745399
vt 0.126534 0.000000
vt 0.000000 0.000000
vt 0.751534 0.745399
vt 0.875767 0.745399
vt 0.875767 0.246932
vt 0.751534 0.246932
vt 1.000000 0.745399
vt 0.875767 0.246933
vt 1.000000 0.246933
s 0
usemtl concrete06_trim
f 913/505/181 916/506/181 918/507/181 914/508/181
f 914/509/182 923/510/182 915/511/182 913/512/182
f 915/506/183 919/505/183 916/508/183 913/507/183
f 920/513/184 917/514/184 916/515/184 919/516/184
f 917/517/185 924/513/185 918/514/185 916/510/185
f 922/518/186 920/519/186 919/520/186 921/521/186
f 923/522/187 921/523/187 919/524/187 915/525/187
f 924/514/188 922/515/188 921/516/188 918/513/188
f 914/507/189 918/518/189 921/526/189 923/506/189
f 924/506/190 927/505/190 925/508/190 922/507/190
f 922/527/191 925/528/191 926/526/191 920/523/191
f 917/506/192 928/505/192 927/508/192 924/507/192
f 920/518/193 926/507/193 928/506/193 917/526/193
o pillars.012
v -38.348301 28.250622 15.154377
v -38.348301 28.250622 13.485624
v -32.774536 28.250622 14.737188
v -38.507320 28.361225 15.320002
v -39.194187 33.902672 15.320002
v -38.507320 28.361225 13.320001
v -32.602940 28.361225 14.820001
v -33.289806 33.902672 14.820001
v -32.602940 28.361225 13.820001
v -33.289806 33.902672 13.820001
v -32.774536 28.250622 13.902813
v -39.194183 33.902672 13.320001
v -33.448826 34.013275 13.902813
v -33.448826 34.013275 14.737188
v -39.022591 34.013275 13.485624
v -39.022591 34.013275 15.154377
vn -0.5710 -0.8209 -0.0000
vn -0.0000 -1.0000 -0.0000
vn 0.0529 -0.7471 0.6626
vn 0.0844 0.0105 0.9964
vn -0.9924 -0.1230 -0.0000
vn 0.9924 0.1230 -0.0000
vn 0.5418 -0.8405 -0.0000
vn 0.0844 0.0105 -0.9964
vn 0.0529 -0.7471 -0.6626
vn 0.0532 0.7445 -0.6656
vn 0.5710 0.8210 -0.0000
vn -0.5418 0.8405 -0.0000
vn 0.0532 0.7445 0.6656
vt 1.000000 1.000000
vt 1.000000 0.872699
vt 0.000000 0.872699
vt 0.000000 1.000000
vt 0.751534 0.123466
vt 0.253067 0.123466
vt 0.253067 0.000000
vt 0.751534 0.000000
vt 0.751534 0.246933
vt 0.253067 0.246933
vt 0.253067 0.745399
vt 0.751534 0.745399
vt 0.751534 0.123466
vt 0.000000 0.745399
vt 0.126534 0.745399
vt 0.126534 0.000000
vt 0.000000 0.000000
vt 0.751534 0.745399
vt 0.875767 0.745399
vt 0.875767 0.246932
vt 0.751534 0.246932
vt 1.000000 0.745399
vt 0.875767 0.246933
vt 1.000000 0.246933
s 0
usemtl concrete06_trim
f 929/529/194 932/530/194 934/531/194 930/532/194
f 930/533/195 939/534/195 931/535/195 929/536/195
f 931/530/196 935/529/196 932/532/196 929/531/196
f 936/537/197 933/538/197 932/539/197 935/540/197
f 933/541/198 940/537/198 934/538/198 932/534/198
f 938/542/199 936/543/199 935/544/199 937/545/199
f 939/546/200 937/547/200 935/548/200 931/549/200
f 940/538/201 938/539/201 937/540/201 934/537/201
f 930/531/202 934/542/202 937/550/202 939/530/202
f 940/530/203 943/529/203 941/532/203 938/531/203
f 938/551/204 941/552/204 942/550/204 936/547/204
f 933/530/205 944/529/205 943/532/205 940/531/205
f 936/542/206 942/531/206 944/530/206 933/550/206
o pillars.013
v -39.020607 34.013275 15.154377
v -39.020607 34.013275 13.485624
v -33.446842 34.013275 14.737188
v -39.179626 34.123882 15.320002
v -39.866493 39.665325 15.320002
v -39.179626 34.123882 13.320001
v -33.275246 34.123882 14.820001
v -33.962112 39.665325 14.820001
v -33.275246 34.123882 13.820001
v -33.962112 39.665325 13.820001
v -33.446842 34.013275 13.902813
v -39.866493 39.665325 13.320001
v -34.121132 39.775932 13.902813
v -34.121132 39.775932 14.737188
v -39.694897 39.775932 13.485624
v -39.694897 39.775932 15.154377
vn -0.5710 -0.8210 -0.0000
vn -0.0000 -1.0000 -0.0000
vn 0.0529 -0.7471 0.6626
vn 0.0844 0.0105 0.9964
vn -0.9924 -0.1230 -0.0000
vn 0.9924 0.1230 -0.0000
vn 0.5418 -0.8405 -0.0000
vn 0.0844 0.0105 -0.9964
vn 0.0529 -0.7471 -0.6626
vn 0.0532 0.7444 -0.6656
vn 0.5710 0.8209 -0.0000
vn -0.5418 0.8405 -0.0000
vn 0.0532 0.7444 0.6656
vt 1.000000 1.000000
vt 1.000000 0.872699
vt 0.000000 0.872699
vt 0.000000 1.000000
vt 0.751534 0.123466
vt 0.253067 0.123466
vt 0.253067 0.000000
vt 0.751534 0.000000
vt 0.751534 0.246933
vt 0.253067 0.246933
vt 0.253067 0.745399
vt 0.751534 0.745399
vt 0.751534 0.123466
vt 0.000000 0.745399
vt 0.126534 0.745399
vt 0.126534 0.000000
vt 0.000000 0.000000
vt 0.751534 0.745399
vt 0.875767 0.745399
vt 0.875767 0.246932
vt 0.751534 0.246932
vt 1.000000 0.745399
vt 0.875767 0.246933
vt 1.000000 0.246933
s 0
usemtl concrete06_trim
f 945/553/207 948/554/207 950/555/207 946/556/207
f 946/557/208 955/558/208 947/559/208 945/560/208
f 947/554/209 951/553/209 948/556/209 945/555/209
f 952/561/210 949/562/210 948/563/210 951/564/210
f 949/565/211 956/561/211 950/562/211 948/558/211
f 954/566/212 952/567/212 951/568/212 953/569/212
f 955/570/213 953/571/213 951/572/213 947/573/213
f 956/562/214 954/563/214 953/564/214 950/561/214
f 946/555/215 950/566/215 953/574/215 955/554/215
f 956/554/216 959/553/216 957/556/216 954/555/216
f 954/575/217 957/576/217 958/574/217 952/571/217
f 949/554/218 960/553/218 959/556/218 956/555/218
f 952/566/219 958/555/219 960/554/219 949/574/219
o pillars.014
v -39.692913 39.775932 15.154377
v -39.692913 39.775932 13.485624
v -34.119148 39.775932 14.737188
v -39.851933 39.886539 15.320002
v -40.538799 45.427982 15.320002
v -39.851933 39.886536 13.320001
v -33.947552 39.886536 14.820001
v -34.634418 45.427982 14.820001
v -33.947552 39.886536 13.820001
v -34.634418 45.427982 13.820001
v -34.119148 39.775932 13.902813
v -40.538799 45.427982 13.320001
v -34.793438 45.538586 13.902813
v -34.793438 45.538586 14.737188
v -40.367203 45.538586 13.485624
v -40.367203 45.538586 15.154377
vn -0.5710 -0.8209 -0.0000
vn -0.0000 -1.0000 -0.0000
vn 0.0529 -0.7471 0.6626
vn 0.0844 0.0105 0.9964
vn -0.9924 -0.1230 -0.0000
vn 0.9924 0.1230 -0.0000
vn 0.5418 -0.8405 -0.0000
vn 0.0844 0.0105 -0.9964
vn 0.0529 -0.7471 -0.6626
vn 0.0532 0.7445 -0.6656
vn 0.5710 0.8209 -0.0000
vn -0.5418 0.8405 -0.0000
vn 0.0532 0.7445 0.6656
vt 1.000000 1.000000
vt 1.000000 0.872699
vt 0.000000 0.872699
vt 0.000000 1.000000
vt 0.751534 0.123466
vt 0.253067 0.123466
vt 0.253067 0.000000
vt 0.751534 0.000000
vt 0.751534 0.246933
vt 0.253067 0.246933
vt 0.253067 0.745399
vt 0.751534 0.745399
vt 0.751534 0.123466
vt 0.000000 0.745399
vt 0.126534 0.745399
vt 0.126534 0.000000
vt 0.000000 0.000000
vt 0.751534 0.745399
vt 0.875767 0.745399
vt 0.875767 0.246932
vt 0.751534 0.246932
vt 1.000000 0.745399
vt 0.875767 0.246933
vt 1.000000 0.246933
s 0
usemtl concrete06_trim
f 961/577/220 964/578/220 966/579/220 962/580/220
f 962/581/221 971/582/221 963/583/221 961/584/221
f 963/578/222 967/577/222 964/580/222 961/579/222
f 968/585/223 965/586/223 964/587/223 967/588/223
f 965/589/224 972/585/224 966/586/224 964/582/224
f 970/590/225 968/591/225 967/592/225 969/593/225
f 971/594/226 969/595/226 967/596/226 963/597/226
f 972/586/227 970/587/227 969/588/227 966/585/227
f 962/579/228 966/590/228 969/598/228 971/578/228
f 972/578/229 975/577/229 973/580/229 970/579/229
f 970/599/230 973/600/230 974/598/230 968/595/230
f 965/578/231 976/577/231 975/580/231 972/579/231
f 968/590/232 974/579/232 976/578/232 965/598/232
o pillars.015
v -35.659073 5.200000 11.974377
v -35.659073 5.200000 10.305625
v -30.085306 5.200000 11.557188
v -35.818092 5.310606 12.140001
v -36.504959 10.852050 12.140001
v -35.818092 5.310605 10.140001
v -29.913710 5.310605 11.640001
v -30.600576 10.852049 11.640001
v -29.913710 5.310605 10.640000
v -30.600576 10.852049 10.640000
v -30.085306 5.200000 10.722813
v -36.504955 10.852049 10.140001
v -30.759596 10.962654 10.722813
v -30.759596 10.962654 11.557188
v -36.333359 10.962654 10.305625
v -36.333359 10.962655 11.974377
vn -0.5710 -0.8209 -0.0000
vn -0.0000 -1.0000 -0.0000
vn 0.0529 -0.7471 0.6626
vn 0.0844 0.0105 0.9964
vn -0.9924 -0.1230 -0.0000
vn 0.9924 0.1230 -0.0000
vn 0.5418 -0.8405 -0.0000
vn 0.0844 0.0105 -0.9964
vn 0.0529 -0.7471 -0.6626
vn 0.0532 0.7444 -0.6656
vn 0.5710 0.8209 -0.0000
vn -0.5418 0.8405 -0.0000
vn 0.0532 0.7444 0.6656
vt 1.000000 1.000000
vt 1.000000 0.872699
vt 0.000000 0.872699
vt 0.000000 1.000000
vt 0.751534 0.123466
vt 0.253067 0.123466
vt 0.253067 0.000000
vt 0.751534 0.000000
vt 0.751534 0.246933
vt 0.253067 0.246933
vt 0.253067 0.745399
vt 0.751534 0.745399
vt 0.751534 0.123466
vt 0.000000 0.745399
vt 0.126534 0.745399
vt 0.126534 0.000000
vt 0.000000 0.000000
vt 0.751534 0.745399
vt 0.875767 0.745399
vt 0.875767 0.246932
vt 0.751534 0.246932
vt 1.000000 0.745399
vt 0.875767 0.246933
vt 1.000000 0.246933
s 0
usemtl concrete06_trim
f 977/601/233 980/602/233 982/603/233 978/604/233
f 978/605/234 987/606/234 979/607/234 977/608/234
f 979/602/235 983/601/235 980/604/235 977/603/235
f 984/609/236 981/610/236 980/611/236 983/612/236
f 981/613/237 988/609/237 982/610/237 980/606/237
f 986/614/238 984/615/238 983/616/238 985/617/238
f 987/618/239 985/619/239 983/620/239 979/621/239
f 988/610/240 986/611/240 985/612/240 982/609/240
f 978/603/241 982/614/241 985/622/241 987/602/241
f 988/602/242 991/601/242 989/604/242 986/603/242
f 986/623/243 989/624/243 990/622/243 984/619/243
f 981/602/244 992/601/244 991/604/244 988/603/244
f 984/614/245 990/603/245 992/602/245 981/622/245
o pillars.016
v -36.331379 10.962655 11.974377
v -36.331379 10.962655 10.305625
v -30.757614 10.962655 11.557188
v -36.490398 11.073261 12.140001
v -37.177265 16.614704 12.140001
v -36.490398 11.073260 10.140001
v -30.586018 11.073260 11.640001
v -31.272884 16.614704 11.640001
v -30.586018 11.073260 10.640000
v -31.272884 16.614704 10.640000
v -30.757614 10.962655 10.722813
v -37.177265 16.614704 10.140001
v -31.431904 16.725309 10.722813
v -31.431904 16.725309 11.557188
v -37.005669 16.725309 10.305625
v -37.005669 16.725311 11.974377
vn -0.5710 -0.8209 -0.0000
vn -0.0000 -1.0000 -0.0000
vn 0.0529 -0.7471 0.6626
vn 0.0844 0.0105 0.9964
vn -0.9924 -0.1230 -0.0000
vn 0.9924 0.1230 -0.0000
vn 0.5418 -0.8405 -0.0000
vn 0.0844 0.0105 -0.9964
vn 0.0529 -0.7471 -0.6626
vn 0.0532 0.7444 -0.6656
vn 0.5710 0.8209 -0.0000
vn -0.5418 0.8405 -0.0000
vn 0.0532 0.7444 0.6656
vt 1.000000 1.000000
vt 1.000000 0.872699
vt 0.000000 0.872699
vt 0.000000 1.000000
vt 0.751534 0.123466
vt 0.253067 0.123466
vt 0.253067 0.000000
vt 0.751534 0.000000
vt 0.751534 0.246933
vt 0.253067 0.246933
vt 0.253067 0.745399
vt 0.751534 0.745399
vt 0.751534 0.123466
vt 0.000000 0.745399
vt 0.126534 0.745399
vt 0.126534 0.000000
vt 0.000000 0.000000
vt 0.751534 0.745399
vt 0.875767 0.745399
vt 0.875767 0.246932
vt 0.751534 0.246932
vt 1.000000 0.745399
vt 0.875767 0.246933
vt 1.000000 0.246933
s 0
usemtl concrete06_trim
f 993/625/246 996/626/246 998/627/246 994/628/246
f 994/629/247 1003/630/247 995/631/247 993/632/247
f 995/626/248 999/625/248 996/628/248 993/627/248
f 1000/633/249 997/634/249 996/635/249 999/636/249
f 997/637/250 1004/633/250 998/634/250 996/630/250
f 1002/638/251 1000/639/251 999/640/251 1001/641/251
f 1003/642/252 1001/643/252 999/644/252 995/645/252
f 1004/634/253 1002/635/253 1001/636/253 998/633/253
f 994/627/254 998/638/254 1001/646/254 1003/626/254
f 1004/626/255 1007/625/255 1005/628/255 1002/627/255
f 1002/647/256 1005/648/256 1006/646/256 1000/643/256
f 997/626/257 1008/625/257 1007/628/257 1004/627/257
f 1000/638/258 1006/627/258 1008/626/258 997/646/258
o pillars.017
v -37.003685 16.725311 11.974377
v -37.003685 16.725311 10.305625
v -31.429922 16.725311 11.557188
v -37.162704 16.835915 12.140001
v -37.849571 22.377361 12.140001
v -37.162704 16.835915 10.140001
v -31.258324 16.835915 11.640001
v -31.945190 22.377361 11.640001
v -31.258324 16.835915 10.640000
v -31.945190 22.377361 10.640000
v -31.429922 16.725311 10.722813
v -37.849571 22.377361 10.140001
v -32.104210 22.487965 10.722813
v -32.104210 22.487965 11.557188
v -37.677975 22.487965 10.305625
v -37.677975 22.487965 11.974377
vn -0.5710 -0.8209 -0.0000
vn -0.0000 -1.0000 -0.0000
vn 0.0529 -0.7471 0.6626
vn 0.0844 0.0105 0.9964
vn -0.9924 -0.1230 -0.0000
vn 0.9924 0.1230 -0.0000
vn 0.5418 -0.8405 -0.0000
vn 0.0844 0.0105 -0.9964
vn 0.0529 -0.7471 -0.6626
vn 0.0532 0.7445 -0.6656
vn 0.5710 0.8209 -0.0000
vn -0.5418 0.8405 -0.0000
vn 0.0532 0.7445 0.6656
vt 1.000000 1.000000
vt 1.000000 0.872699
vt 0.000000 0.872699
vt 0.000000 1.000000
vt 0.751534 0.123466
vt 0.253067 0.123466
vt 0.253067 0.000000
vt 0.751534 0.000000
vt 0.751534 0.246933
vt 0.253067 0.246933
vt 0.253067 0.745399
vt 0.751534 0.745399
vt 0.751534 0.123466
vt 0.000000 0.745399
vt 0.126534 0.745399
vt 0.126534 0.000000
vt 0.000000 0.000000
vt 0.751534 0.745399
vt 0.875767 0.745399
vt 0.875767 0.246932
vt 0.751534 0.246932
vt 1.000000 0.745399
vt 0.875767 0.246933
vt 1.000000 0.246933
s 0
usemtl concrete06_trim
f 1009/649/259 1012/650/259 1014/651/259 1010/652/259
f 1010/653/260 1019/654/260 1011/655/260 1009/656/260
f 1011/650/261 1015/649/261 1012/652/261 1009/651/261
f 1016/657/262 1013/658/262 1012/659/262 1015/660/262
f 1013/661/263 1020/657/263 1014/658/263 1012/654/263
f 1018/662/264 1016/663/264 1015/664/264 1017/665/264
f 1019/666/265 1017/667/265 1015/668/265 1011/669/265
f 1020/658/266 1018/659/266 1017/660/266 1014/657/266
f 1010/651/267 1014/662/267 1017/670/267 1019/650/267
f 1020/650/268 1023/649/268 1021/652/268 1018/651/268
f 1018/671/269 1021/672/269 1022/670/269 1016/667/269
f 1013/650/270 1024/649/270 1023/652/270 1020/651/270
f 1016/662/271 1022/651/271 1024/650/271 1013/670/271
o pillars.018
v -37.675991 22.487965 11.974377
v -37.675991 22.487965 10.305625
v -32.102230 22.487965 11.557188
v -37.835011 22.598572 12.140001
v -38.521881 28.140015 12.140001
v -37.835011 22.598572 10.140001
v -31.930632 22.598572 11.640001
v -32.617496 28.140015 11.640001
v -31.930632 22.598572 10.640000
v -32.617496 28.140015 10.640000
v -32.102230 22.487965 10.722813
v -38.521877 28.140015 10.140001
v -32.776516 28.250622 10.722813
v -32.776516 28.250622 11.557188
v -38.350281 28.250622 10.305625
v -38.350281 28.250622 11.974377
vn -0.5710 -0.8209 -0.0000
vn -0.0000 -1.0000 -0.0000
vn 0.0529 -0.7471 0.6626
vn 0.0844 0.0105 0.9964
vn -0.9924 -0.1230 -0.0000
vn 0.9924 0.1230 -0.0000
vn 0.5418 -0.8405 -0.0000
vn 0.0844 0.0105 -0.9964
vn 0.0529 -0.7471 -0.6626
vn 0.0532 0.7444 -0.6656
vn 0.5710 0.8209 -0.0000
vn -0.5418 0.8405 -0.0000
vn 0.0532 0.7444 0.6656
vt 1.000000 1.000000
vt 1.000000 0.872699
vt 0.000000 0.872699
vt 0.000000 1.000000
vt 0.751534 0.123466
vt 0.253067 0.123466
vt 0.253067 0.000000
vt 0.751534 0.000000
vt 0.751534 0.246933
vt 0.253067 0.246933
vt 0.253067 0.745399
vt 0.751534 0.745399
vt 0.751534 0.123466
vt 0.000000 0.745399
vt 0.126534 0.745399
vt 0.126534 0.000000
vt 0.000000 0.000000
vt 0.751534 0.745399
vt 0.875767 0.745399
vt 0.875767 0.246932
vt 0.751534 0.246932
vt 1.000000 0.745399
vt 0.875767 0.246933
vt 1.000000 0.246933
s 0
usemtl concrete06_trim
f 1025/673/272 1028/674/272 1030/675/272 1026/676/272
f 1026/677/273 1035/678/273 1027/679/273 1025/680/273
f 1027/674/274 1031/673/274 1028/676/274 1025/675/274
f 1032/681/275 1029/682/275 1028/683/275 1031/684/275
f 1029/685/276 1036/681/276 1030/682/276 1028/678/276
f 1034/686/277 1032/687/277 1031/688/277 1033/689/277
f 1035/690/278 1033/691/278 1031/692/278 1027/693/278
f 1036/682/279 1034/683/279 1033/684/279 1030/681/279
f 1026/675/280 1030/686/280 1033/694/280 1035/674/280
f 1036/674/281 1039/673/281 1037/676/281 1034/675/281
f 1034/695/282 1037/696/282 1038/694/282 1032/691/282
f 1029/674/283 1040/673/283 1039/676/283 1036/675/283
f 1032/686/284 1038/675/284 1040/674/284 1029/694/284
o pillars.019
v -38.348301 28.250622 11.974377
v -38.348301 28.250622 10.305625
v -32.774536 28.250622 11.557188
v -38.507320 28.361225 12.140001
v -39.194187 33.902672 12.140001
v -38.507320 28.361225 10.140001
v -32.602940 28.361225 11.640001
v -33.289806 33.902672 11.640001
v -32.602940 28.361225 10.640000
v -33.289806 33.902672 10.640000
v -32.774536 28.250622 10.722813
v -39.194183 33.902672 10.140001
v -33.448826 34.013275 10.722813
v -33.448826 34.013275 11.557188
v -39.022591 34.013275 10.305625
v -39.022591 34.013275 11.974377
vn -0.5710 -0.8209 -0.0000
vn -0.0000 -1.0000 -0.0000
vn 0.0529 -0.7471 0.6626
vn 0.0844 0.0105 0.9964
vn -0.9924 -0.1230 -0.0000
vn 0.9924 0.1230 -0.0000
vn 0.5418 -0.8405 -0.0000
vn 0.0844 0.0105 -0.9964
vn 0.0529 -0.7471 -0.6626
vn 0.0532 0.7445 -0.6656
vn 0.5710 0.8209 -0.0000
vn -0.5418 0.8405 -0.0000
vn 0.0532 0.7445 0.6656
vt 1.000000 1.000000
vt 1.000000 0.872699
vt 0.000000 0.872699
vt 0.000000 1.000000
vt 0.751534 0.123466
vt 0.253067 0.123466
vt 0.253067 0.000000
vt 0.751534 0.000000
vt 0.751534 0.246933
vt 0.253067 0.246933
vt 0.253067 0.745399
vt 0.751534 0.745399
vt 0.751534 0.123466
vt 0.000000 0.745399
vt 0.126534 0.745399
vt 0.126534 0.000000
vt 0.000000 0.000000
vt 0.751534 0.745399
vt 0.875767 0.745399
vt 0.875767 0.246932
vt 0.751534 0.246932
vt 1.000000 0.745399
vt 0.875767 0.246933
vt 1.000000 0.246933
s 0
usemtl concrete06_trim
f 1041/697/285 1044/698/285 1046/699/285 1042/700/285
f 1042/701/286 1051/702/286 1043/703/286 1041/704/286
f 1043/698/287 1047/697/287 1044/700/287 1041/699/287
f 1048/705/288 1045/706/288 1044/707/288 1047/708/288
f 1045/709/289 1052/705/289 1046/706/289 1044/702/289
f 1050/710/290 1048/711/290 1047/712/290 1049/713/290
f 1051/714/291 1049/715/291 1047/716/291 1043/717/291
f 1052/706/292 1050/707/292 1049/708/292 1046/705/292
f 1042/699/293 1046/710/293 1049/718/293 1051/698/293
f 1052/698/294 1055/697/294 1053/700/294 1050/699/294
f 1050/719/295 1053/720/295 1054/718/295 1048/715/295
f 1045/698/296 1056/697/296 1055/700/296 1052/699/296
f 1048/710/297 1054/699/297 1056/698/297 1045/718/297
o pillars.020
v -39.020607 34.013275 11.974377
v -39.020607 34.013275 10.305625
v -33.446842 34.013275 11.557188
v -39.179626 34.123882 12.140001
v -39.866493 39.665325 12.140001
v -39.179626 34.123882 10.140001
v -33.275246 34.123882 11.640001
v -33.962112 39.665325 11.640001
v -33.275246 34.123882 10.640000
v -33.962112 39.665325 10.640000
v -33.446842 34.013275 10.722813
v -39.866493 39.665325 10.140001
v -34.121132 39.775932 10.722813
v -34.121132 39.775932 11.557188
v -39.694897 39.775932 10.305625
v -39.694897 39.775932 11.974377
vn -0.5710 -0.8209 -0.0000
vn -0.0000 -1.0000 -0.0000
vn 0.0529 -0.7471 0.6626
vn 0.0844 0.0105 0.9964
vn -0.9924 -0.1230 -0.0000
vn 0.9924 0.1230 -0.0000
vn 0.5418 -0.8405 -0.0000
vn 0.0844 0.0105 -0.9964
vn 0.0529 -0.7471 -0.6626
vn 0.0532 0.7444 -0.6656
vn 0.5710 0.8209 -0.0000
vn -0.5418 0.8405 -0.0000
vn 0.0532 0.7444 0.6656
vt 1.000000 1.000000
vt 1.000000 0.872699
vt 0.000000 0.872699
vt 0.000000 1.000000
vt 0.751534 0.123466
vt 0.253067 0.123466
vt 0.253067 0.000000
vt 0.751534 0.000000
vt 0.751534 0.246933
vt 0.253067 0.246933
vt 0.253067 0.745399
vt 0.751534 0.745399
vt 0.751534 0.123466
vt 0.000000 0.745399
vt 0.126534 0.745399
vt 0.126534 0.000000
vt 0.000000 0.000000
vt 0.751534 0.745399
vt 0.875767 0.745399
vt 0.875767 0.246932
vt 0.751534 0.246932
vt 1.000000 0.745399
vt 0.875767 0.246933
vt 1.000000 0.246933
s 0
usemtl concrete06_trim
f 1057/721/298 1060/722/298 1062/723/298 1058/724/298
f 1058/725/299 1067/726/299 1059/727/299 1057/728/299
f 1059/722/300 1063/721/300 1060/724/300 1057/723/300
f 1064/729/301 1061/730/301 1060/731/301 1063/732/301
f 1061/733/302 1068/729/302 1062/730/302 1060/726/302
f 1066/734/303 1064/735/303 1063/736/303 1065/737/303
f 1067/738/304 1065/739/304 1063/740/304 1059/741/304
f 1068/730/305 1066/731/305 1065/732/305 1062/729/305
f 1058/723/306 1062/734/306 1065/742/306 1067/722/306
f 1068/722/307 1071/721/307 1069/724/307 1066/723/307
f 1066/743/308 1069/744/308 1070/742/308 1064/739/308
f 1061/722/309 1072/721/309 1071/724/309 1068/723/309
f 1064/734/310 1070/723/310 1072/722/310 1061/742/310
o pillars.021
v -39.692913 39.775932 11.974377
v -39.692913 39.775932 10.305625
v -34.119148 39.775932 11.557188
v -39.851933 39.886539 12.140001
v -40.538799 45.427982 12.140001
v -39.851933 39.886536 10.140001
v -33.947552 39.886536 11.640001
v -34.634418 45.427982 11.640001
v -33.947552 39.886536 10.640000
v -34.634418 45.427982 10.640000
v -34.119148 39.775932 10.722813
v -40.538799 45.427982 10.140001
v -34.793438 45.538586 10.722813
v -34.793438 45.538586 11.557188
v -40.367203 45.538586 10.305625
v -40.367203 45.538586 11.974377
vn -0.5710 -0.8209 -0.0000
vn -0.0000 -1.0000 -0.0000
vn 0.0529 -0.7471 0.6626
vn 0.0844 0.0105 0.9964
vn -0.9924 -0.1230 -0.0000
vn 0.9924 0.1230 -0.0000
vn 0.5418 -0.8405 -0.0000
vn 0.0844 0.0105 -0.9964
vn 0.0529 -0.7471 -0.6626
vn 0.0532 0.7445 -0.6656
vn 0.5710 0.8209 -0.0000
vn -0.5418 0.8405 -0.0000
vn 0.0532 0.7445 0.6656
vt 1.000000 1.000000
vt 1.000000 0.872699
vt 0.000000 0.872699
vt 0.000000 1.000000
vt 0.751534 0.123466
vt 0.253067 0.123466
vt 0.253067 0.000000
vt 0.751534 0.000000
vt 0.751534 0.246933
vt 0.253067 0.246933
vt 0.253067 0.745399
vt 0.751534 0.745399
vt 0.751534 0.123466
vt 0.000000 0.745399
vt 0.126534 0.745399
vt 0.126534 0.000000
vt 0.000000 0.000000
vt 0.751534 0.745399
vt 0.875767 0.745399
vt 0.875767 0.246932
vt 0.751534 0.246932
vt 1.000000 0.745399
vt 0.875767 0.246933
vt 1.000000 0.246933
s 0
usemtl concrete06_trim
f 1073/745/311 1076/746/311 1078/747/311 1074/748/311
f 1074/749/312 1083/750/312 1075/751/312 1073/752/312
f 1075/746/313 1079/745/313 1076/748/313 1073/747/313
f 1080/753/314 1077/754/314 1076/755/314 1079/756/314
f 1077/757/315 1084/753/315 1078/754/315 1076/750/315
f 1082/758/316 1080/759/316 1079/760/316 1081/761/316
f 1083/762/317 1081/763/317 1079/764/317 1075/765/317
f 1084/754/318 1082/755/318 1081/756/318 1078/753/318
f 1074/747/319 1078/758/319 1081/766/319 1083/746/319
f 1084/746/320 1087/745/320 1085/748/320 1082/747/320
f 1082/767/321 1085/768/321 1086/766/321 1080/763/321
f 1077/746/322 1088/745/322 1087/748/322 1084/747/322
f 1080/758/323 1086/747/323 1088/746/323 1077/766/323
o pillars.022
v -35.659073 5.200000 8.794377
v -35.659073 5.200000 7.125625
v -30.085306 5.200000 8.377189
v -35.818092 5.310606 8.960002
v -36.504959 10.852050 8.960002
v -35.818092 5.310605 6.960001
v -29.913710 5.310605 8.460001
v -30.600576 10.852049 8.460001
v -29.913710 5.310605 7.460001
v -30.600576 10.852049 7.460001
v -30.085306 5.200000 7.542812
v -36.504955 10.852049 6.960001
v -30.759596 10.962654 7.542812
v -30.759596 10.962654 8.377189
v -36.333359 10.962654 7.125625
v -36.333359 10.962655 8.794377
vn -0.5710 -0.8209 -0.0000
vn -0.0000 -1.0000 -0.0000
vn 0.0529 -0.7471 0.6626
vn 0.0844 0.0105 0.9964
vn -0.9924 -0.1230 -0.0000
vn 0.9924 0.1230 -0.0000
vn 0.5418 -0.8405 -0.0000
vn 0.0844 0.0105 -0.9964
vn 0.0529 -0.7471 -0.6626
vn 0.0532 0.7444 -0.6656
vn 0.5710 0.8209 -0.0000
vn -0.5418 0.8405 -0.0000
vn 0.0532 0.7444 0.6656
vt 1.000000 1.000000
vt 1.000000 0.872699
vt 0.000000 0.872699
vt 0.000000 1.000000
vt 0.751534 0.123466
vt 0.253067 0.123466
vt 0.253067 0.000000
vt 0.751534 0.000000
vt 0.751534 0.246933
vt 0.253067 0.246933
vt 0.253067 0.745399
vt 0.751534 0.745399
vt 0.751534 0.123466
vt 0.000000 0.745399
vt 0.126534 0.745399
vt 0.126534 0.000000
vt 0.000000 0.000000
vt 0.751534 0.745399
vt 0.875767 0.745399
vt 0.875767 0.246932
vt 0.751534 0.246932
vt 1.000000 0.745399
vt 0.875767 0.246933
vt 1.000000 0.246933
s 0
usemtl concrete06_trim
f 1089/769/324 1092/770/324 1094/771/324 1090/772/324
f 1090/773/325 1099/774/325 1091/775/325 1089/776/325
f 1091/770/326 1095/769/326 1092/772/326 1089/771/326
f 1096/777/327 1093/778/327 1092/779/327 1095/780/327
f 1093/781/328 1100/777/328 1094/778/328 1092/774/328
f 1098/782/329 1096/783/329 1095/784/329 1097/785/329
f 1099/786/330 1097/787/330 1095/788/330 1091/789/330
f 1100/778/331 1098/779/331 1097/780/331 1094/777/331
f 1090/771/332 1094/782/332 1097/790/332 1099/770/332
f 1100/770/333 1103/769/333 1101/772/333 1098/771/333
f 1098/791/334 1101/792/334 1102/790/334 1096/787/334
f 1093/770/335 1104/769/335 1103/772/335 1100/771/335
f 1096/782/336 1102/771/336 1104/770/336 1093/790/336
o pillars.023
v -36.331379 10.962655 8.794377
v -36.331379 10.962655 7.125625
v -30.757614 10.962655 8.377189
v -36.490398 11.073261 8.960002
v -37.177265 16.614704 8.960002
v -36.490398 11.073260 6.960001
v -30.586018 11.073260 8.460001
v -31.272884 16.614704 8.460001
v -30.586018 11.073260 7.460001
v -31.272884 16.614704 7.460001
v -30.757614 10.962655 7.542812
v -37.177265 16.614704 6.960001
v -31.431904 16.725309 7.542812
v -31.431904 16.725309 8.377189
v -37.005669 16.725309 7.125625
v -37.005669 16.725311 8.794377
vn -0.5710 -0.8209 -0.0000
vn -0.0000 -1.0000 -0.0000
vn 0.0529 -0.7471 0.6626
vn 0.0844 0.0105 0.9964
vn -0.9924 -0.1230 -0.0000
vn 0.9924 0.1230 -0.0000
vn 0.5418 -0.8405 -0.0000
vn 0.0844 0.0105 -0.9964
vn 0.0529 -0.7471 -0.6626
vn 0.0532 0.7444 -0.6656
vn 0.5710 0.8209 -0.0000
vn -0.5418 0.8405 -0.0000
vn 0.0532 0.7444 0.6656
vt 1.000000 1.000000
vt 1.000000 0.872699
vt 0.000000 0.872699
vt 0.000000 1.000000
vt 0.751534 0.123466
vt 0.253067 0.123466
vt 0.253067 0.000000
vt 0.751534 0.000000
vt 0.751534 0.246933
vt 0.253067 0.246933
vt 0.253067 0.745399
vt 0.751534 0.745399
vt 0.751534 0.123466
vt 0.000000 0.745399
vt 0.126534 0.745399
vt 0.126534 0.000000
vt 0.000000 0.000000
vt 0.751534 0.745399
vt 0.875767 0.745399
vt 0.875767 0.246932
vt 0.751534 0.246932
vt 1.000000 0.745399
vt 0.875767 0.246933
vt 1.000000 0.246933
s 0
usemtl concrete06_trim
f 1105/793/337 1108/794/337 1110/795/337 1106/796/337
f 1106/797/338 1115/798/338 1107/799/338 1105/800/338
f 1107/794/339 1111/793/339 1108/796/339 1105/795/339
f 1112/801/340 1109/802/340 1108/803/340 1111/804/340
f 1109/805/341 1116/801/341 1110/802/341 1108/798/341
f 1114/806/342 1112/807/342 1111/808/342 1113/809/342
f 1115/810/343 1113/811/343 1111/812/343 1107/813/343
f 1116/802/344 1114/803/344 1113/804/344 1110/801/344
f 1106/795/345 1110/806/345 1113/814/345 1115/794/345
f 1116/794/346 1119/793/346 1117/796/346 1114/795/346
f 1114/815/347 1117/816/347 1118/814/347 1112/811/347
f 1109/794/348 1120/793/348 1119/796/348 1116/795/348
f 1112/806/349 1118/795/349 1120/794/349 1109/814/349
o pillars.024
v -37.003685 16.725311 8.794377
v -37.003685 16.725311 7.125625
v -31.429922 16.725311 8.377189
v -37.162704 16.835915 8.960002
v -37.849571 22.377361 8.960002
v -37.162704 16.835915 6.960001
v -31.258324 16.835915 8.460001
v -31.945190 22.377361 8.460001
v -31.258324 16.835915 7.460001
v -31.945190 22.377361 7.460001
v -31.429922 16.725311 7.542812
v -37.849571 22.377361 6.960001
v -32.104210 22.487965 7.542812
v -32.104210 22.487965 8.377189
v -37.677975 22.487965 7.125625
v -37.677975 22.487965 8.794377
vn -0.5710 -0.8209 -0.0000
vn -0.0000 -1.0000 -0.0000
vn 0.0529 -0.7471 0.6626
vn 0.0844 0.0105 0.9964
vn -0.9924 -0.1230 -0.0000
vn 0.9924 0.1230 -0.0000
vn 0.5418 -0.8405 -0.0000
vn 0.0844 0.0105 -0.9964
vn 0.0529 -0.7471 -0.6626
vn 0.0532 0.7445 -0.6656
vn 0.5710 0.8209 -0.0000
vn -0.5418 0.8405 -0.0000
vn 0.0532 0.7444 0.6656
vt 1.000000 1.000000
vt 1.000000 0.872699
vt 0.000000 0.872699
vt 0.000000 1.000000
vt 0.751534 0.123466
vt 0.253067 0.123466
vt 0.253067 0.000000
vt 0.751534 0.000000
vt 0.751534 0.246933
vt 0.253067 0.246933
vt 0.253067 0.745399
vt 0.751534 0.745399
vt 0.751534 0.123466
vt 0.000000 0.745399
vt 0.126534 0.745399
vt 0.126534 0.000000
vt 0.000000 0.000000
vt 0.751534 0.745399
vt 0.875767 0.745399
vt 0.875767 0.246932
vt 0.751534 0.246932
vt 1.000000 0.745399
vt 0.875767 0.246933
vt 1.000000 0.246933
s 0
usemtl concrete06_trim
f 1121/817/350 1124/818/350 1126/819/350 1122/820/350
f 1122/821/351 1131/822/351 1123/823/351 1121/824/351
f 1123/818/352 1127/817/352 1124/820/352 1121/819/352
f 1128/825/353 1125/826/353 1124/827/353 1127/828/353
f 1125/829/354 1132/825/354 1126/826/354 1124/822/354
f 1130/830/355 1128/831/355 1127/832/355 1129/833/355
f 1131/834/356 1129/835/356 1127/836/356 1123/837/356
f 1132/826/357 1130/827/357 1129/828/357 1126/825/357
f 1122/819/358 1126/830/358 1129/838/358 1131/818/358
f 1132/818/359 1135/817/359 1133/820/359 1130/819/359
f 1130/839/360 1133/840/360 1134/838/360 1128/835/360
f 1125/818/361 1136/817/361 1135/820/361 1132/819/361
f 1128/830/362 1134/819/362 1136/818/362 1125/838/362
o pillars.025
v -37.675991 22.487965 8.794377
v -37.675991 22.487965 7.125625
v -32.102230 22.487965 8.377189
v -37.835011 22.598572 8.960002
v -38.521881 28.140015 8.960002
v -37.835011 22.598572 6.960001
v -31.930632 22.598572 8.460001
v -32.617496 28.140015 8.460001
v -31.930632 22.598572 7.460001
v -32.617496 28.140015 7.460001
v -32.102230 22.487965 7.542812
v -38.521877 28.140015 6.960001
v -32.776516 28.250622 7.542812
v -32.776516 28.250622 8.377189
v -38.350281 28.250622 7.125625
v -38.350281 28.250622 8.794377
vn -0.5710 -0.8209 -0.0000
vn -0.0000 -1.0000 -0.0000
vn 0.0529 -0.7471 0.6626
vn 0.0844 0.0105 0.9964
vn -0.9924 -0.1230 -0.0000
vn 0.9924 0.1230 -0.0000
vn 0.5418 -0.8405 -0.0000
vn 0.0844 0.0105 -0.9964
vn 0.0529 -0.7471 -0.6626
vn 0.0532 0.7444 -0.6656
vn 0.5710 0.8209 -0.0000
vn -0.5418 0.8405 -0.0000
vn 0.0532 0.7444 0.6656
vt 1.000000 1.000000
vt 1.000000 0.872699
vt 0.000000 0.872699
vt 0.000000 1.000000
vt 0.751534 0.123466
vt 0.253067 0.123466
vt 0.253067 0.000000
vt 0.751534 0.000000
vt 0.751534 0.246933
vt 0.253067 0.246933
vt 0.253067 0.745399
vt 0.751534 0.745399
vt 0.751534 0.123466
vt 0.000000 0.745399
vt 0.126534 0.745399
vt 0.126534 0.000000
vt 0.000000 0.000000
vt 0.751534 0.745399
vt 0.875767 0.745399
vt 0.875767 0.246932
vt 0.751534 0.246932
vt 1.000000 0.745399
vt 0.875767 0.246933
vt 1.000000 0.246933
s 0
usemtl concrete06_trim
f 1137/841/363 1140/842/363 1142/843/363 1138/844/363
f 1138/845/364 1147/846/364 1139/847/364 1137/848/364
f 1139/842/365 1143/841/365 1140/844/365 1137/843/365
f 1144/849/366 1141/850/366 1140/851/366 1143/852/366
f 1141/853/367 1148/849/367 1142/850/367 1140/846/367
f 1146/854/368 1144/855/368 1143/856/368 1145/857/368
f 1147/858/369 1145/859/369 1143/860/369 1139/861/369
f 1148/850/370 1146/851/370 1145/852/370 1142/849/370
f 1138/843/371 1142/854/371 1145/862/371 1147/842/371
f 1148/842/372 1151/841/372 1149/844/372 1146/843/372
f 1146/863/373 1149/864/373 1150/862/373 1144/859/373
f 1141/842/374 1152/841/374 1151/844/374 1148/843/374
f 1144/854/375 1150/843/375 1152/842/375 1141/862/375
o pillars.026
v -38.348301 28.250622 8.794377
v -38.348301 28.250622 7.125625
v -32.774536 28.250622 8.377189
v -38.507320 28.361225 8.960002
v -39.194187 33.902672 8.960002
v -38.507320 28.361225 6.960001
v -32.602940 28.361225 8.460001
v -33.289806 33.902672 8.460001
v -32.602940 28.361225 7.460001
v -33.289806 33.902672 7.460001
v -32.774536 28.250622 7.542812
v -39.194183 33.902672 6.960001
v -33.448826 34.013275 7.542812
v -33.448826 34.013275 8.377189
v -39.022591 34.013275 7.125625
v -39.022591 34.013275 8.794377
vn -0.5710 -0.8209 -0.0000
vn -0.0000 -1.0000 -0.0000
vn 0.0529 -0.7471 0.6626
vn 0.0844 0.0105 0.9964
vn -0.9924 -0.1230 -0.0000
vn 0.9924 0.1230 -0.0000
vn 0.5418 -0.8405 -0.0000
vn 0.0844 0.0105 -0.9964
vn 0.0529 -0.7471 -0.6626
vn 0.0532 0.7445 -0.6656
vn 0.5710 0.8209 -0.0000
vn -0.5418 0.8405 -0.0000
vn 0.0532 0.7444 0.6656
vt 1.000000 1.000000
vt 1.000000 0.872699
vt 0.000000 0.872699
vt 0.000000 1.000000
vt 0.751534 0.123466
vt 0.253067 0.123466
vt 0.253067 0.000000
vt 0.751534 0.000000
vt 0.751534 0.246933
vt 0.253067 0.246933
vt 0.253067 0.745399
vt 0.751534 0.745399
vt 0.751534 0.123466
vt 0.000000 0.745399
vt 0.126534 0.745399
vt 0.126534 0.000000
vt 0.000000 0.000000
vt 0.751534 0.745399
vt 0.875767 0.745399
vt 0.875767 0.246932
vt 0.751534 0.246932
vt 1.000000 0.745399
vt 0.875767 0.246933
vt 1.000000 0.246933
s 0
usemtl concrete06_trim
f 1153/865/376 1156/866/376 1158/867/376 1154/868/376
f 1154/869/377 1163/870/377 1155/871/377 1153/872/377
f 1155/866/378 1159/865/378 1156/868/378 1153/867/378
f 1160/873/379 1157/874/379 1156/875/379 1159/876/379
f 1157/877/380 1164/873/380 1158/874/380 1156/870/380
f 1162/878/381 1160/879/381 1159/880/381 1161/881/381
f 1163/882/382 1161/883/382 1159/884/382 1155/885/382
f 1164/874/383 1162/875/383 1161/876/383 1158/873/383
f 1154/867/384 1158/878/384 1161/886/384 1163/866/384
f 1164/866/385 1167/865/385 1165/868/385 1162/867/385
f 1162/887/386 1165/888/386 1166/886/386 1160/883/386
f 1157/866/387 1168/865/387 1167/868/387 1164/867/387
f 1160/878/388 1166/867/388 1168/866/388 1157/886/388
o pillars.027
v -39.020607 34.013275 8.794377
v -39.020607 34.013275 7.125625
v -33.446842 34.013275 8.377189
v -39.179626 34.123882 8.960002
v -39.866493 39.665325 8.960002
v -39.179626 34.123882 6.960001
v -33.275246 34.123882 8.460001
v -33.962112 39.665325 8.460001
v -33.275246 34.123882 7.460001
v -33.962112 39.665325 7.460001
v -33.446842 34.013275 7.542812
v -39.866493 39.665325 6.960001
v -34.121132 39.775932 7.542812
v -34.121132 39.775932 8.377189
v -39.694897 39.775932 7.125625
v -39.694897 39.775932 8.794377
vn -0.5710 -0.8210 -0.0000
vn -0.0000 -1.0000 -0.0000
vn 0.0529 -0.7471 0.6626
vn 0.0844 0.0105 0.9964
vn -0.9924 -0.1230 -0.0000
vn 0.9924 0.1230 -0.0000
vn 0.5418 -0.8405 -0.0000
vn 0.0844 0.0105 -0.9964
vn 0.0529 -0.7471 -0.6626
vn 0.0532 0.7444 -0.6656
vn 0.5710 0.8209 -0.0000
vn -0.5418 0.8405 -0.0000
vn 0.0532 0.7444 0.6656
vt 1.000000 1.000000
vt 1.000000 0.872699
vt 0.000000 0.872699
vt 0.000000 1.000000
vt 0.751534 0.123466
vt 0.253067 0.123466
vt 0.253067 0.000000
vt 0.751534 0.000000
vt 0.751534 0.246933
vt 0.253067 0.246933
vt 0.253067 0.745399
vt 0.751534 0.745399
vt 0.751534 0.123466
vt 0.000000 0.745399
vt 0.126534 0.745399
vt 0.126534 0.000000
vt 0.000000 0.000000
vt 0.751534 0.745399
vt 0.875767 0.745399
vt 0.875767 0.246932
vt 0.751534 0.246932
vt 1.000000 0.745399
vt 0.875767 0.246933
vt 1.000000 0.246933
s 0
usemtl concrete06_trim
f 1169/889/389 1172/890/389 1174/891/389 1170/892/389
f 1170/893/390 1179/894/390 1171/895/390 1169/896/390
f 1171/890/391 1175/889/391 1172/892/391 1169/891/391
f 1176/897/392 1173/898/392 1172/899/392 1175/900/392
f 1173/901/393 1180/897/393 1174/898/393 1172/894/393
f 1178/902/394 1176/903/394 1175/904/394 1177/905/394
f 1179/906/395 1177/907/395 1175/908/395 1171/909/395
f 1180/898/396 1178/899/396 1177/900/396 1174/897/396
f 1170/891/397 1174/902/397 1177/910/397 1179/890/397
f 1180/890/398 1183/889/398 1181/892/398 1178/891/398
f 1178/911/399 1181/912/399 1182/910/399 1176/907/399
f 1173/890/400 1184/889/400 1183/892/400 1180/891/400
f 1176/902/401 1182/891/401 1184/890/401 1173/910/401
o pillars.028
v -39.692913 39.775932 8.794377
v -39.692913 39.775932 7.125625
v -34.119148 39.775932 8.377189
v -39.851933 39.886539 8.960002
v -40.538799 45.427982 8.960002
v -39.851933 39.886536 6.960001
v -33.947552 39.886536 8.460001
v -34.634418 45.427982 8.460001
v -33.947552 39.886536 7.460001
v -34.634418 45.427982 7.460001
v -34.119148 39.775932 7.542812
v -40.538799 45.427982 6.960001
v -34.793438 45.538586 7.542812
v -34.793438 45.538586 8.377189
v -40.367203 45.538586 7.125625
v -40.367203 45.538586 8.794377
vn -0.5710 -0.8209 -0.0000
vn -0.0000 -1.0000 -0.0000
vn 0.0529 -0.7471 0.6626
vn 0.0844 0.0105 0.9964
vn -0.9924 -0.1230 -0.0000
vn 0.9924 0.1230 -0.0000
vn 0.5418 -0.8405 -0.0000
vn 0.0844 0.0105 -0.9964
vn 0.0529 -0.7471 -0.6626
vn 0.0532 0.7445 -0.6656
vn 0.5710 0.8209 -0.0000
vn -0.5418 0.8405 -0.0000
vn 0.0532 0.7445 0.6656
vt 1.000000 1.000000
vt 1.000000 0.872699
vt 0.000000 0.872699
vt 0.000000 1.000000
vt 0.751534 0.123466
vt 0.253067 0.123466
vt 0.253067 0.000000
vt 0.751534 0.000000
vt 0.751534 0.246933
vt 0.253067 0.246933
vt 0.253067 0.745399
vt 0.751534 0.745399
vt 0.751534 0.123466
vt 0.000000 0.745399
vt 0.126534 0.745399
vt 0.126534 0.000000
vt 0.000000 0.000000
vt 0.751534 0.745399
vt 0.875767 0.745399
vt 0.875767 0.246932
vt 0.751534 0.246932
vt 1.000000 0.745399
vt 0.875767 0.246933
vt 1.000000 0.246933
s 0
usemtl concrete06_trim
f 1185/913/402 1188/914/402 1190/915/402 1186/916/402
f 1186/917/403 1195/918/403 1187/919/403 1185/920/403
f 1187/914/404 1191/913/404 1188/916/404 1185/915/404
f 1192/921/405 1189/922/405 1188/923/405 1191/924/405
f 1189/925/406 1196/921/406 1190/922/406 1188/918/406
f 1194/926/407 1192/927/407 1191/928/407 1193/929/407
f 1195/930/408 1193/931/408 1191/932/408 1187/933/408
f 1196/922/409 1194/923/409 1193/924/409 1190/921/409
f 1186/915/410 1190/926/410 1193/934/410 1195/914/410
f 1196/914/411 1199/913/411 1197/916/411 1194/915/411
f 1194/935/412 1197/936/412 1198/934/412 1192/931/412
f 1189/914/413 1200/913/413 1199/916/413 1196/915/413
f 1192/926/414 1198/915/414 1200/914/414 1189/934/414
o pillars.029
v -35.659073 5.200000 5.614377
v -35.659073 5.200000 3.945624
v -30.085306 5.200000 5.197188
v -35.818092 5.310606 5.780002
v -36.504959 10.852050 5.780002
v -35.818092 5.310605 3.780001
v -29.913710 5.310605 5.280001
v -30.600576 10.852049 5.280001
v -29.913710 5.310605 4.280001
v -30.600576 10.852049 4.280001
v -30.085306 5.200000 4.362812
v -36.504955 10.852049 3.780001
v -30.759596 10.962654 4.362812
v -30.759596 10.962654 5.197188
v -36.333359 10.962654 3.945624
v -36.333359 10.962655 5.614377
vn -0.5710 -0.8209 -0.0000
vn -0.0000 -1.0000 -0.0000
vn 0.0529 -0.7471 0.6626
vn 0.0844 0.0105 0.9964
vn -0.9924 -0.1230 -0.0000
vn 0.9924 0.1230 -0.0000
vn 0.5418 -0.8405 -0.0000
vn 0.0844 0.0105 -0.9964
vn 0.0529 -0.7471 -0.6626
vn 0.0532 0.7444 -0.6656
vn 0.5710 0.8209 -0.0000
vn -0.5418 0.8405 -0.0000
vn 0.0532 0.7444 0.6656
vt 1.000000 1.000000
vt 1.000000 0.872699
vt 0.000000 0.872699
vt 0.000000 1.000000
vt 0.751534 0.123466
vt 0.253067 0.123466
vt 0.253067 0.000000
vt 0.751534 0.000000
vt 0.751534 0.246933
vt 0.253067 0.246933
vt 0.253067 0.745399
vt 0.751534 0.745399
vt 0.751534 0.123466
vt 0.000000 0.745399
vt 0.126534 0.745399
vt 0.126534 0.000000
vt 0.000000 0.000000
vt 0.751534 0.745399
vt 0.875767 0.745399
vt 0.875767 0.246932
vt 0.751534 0.246932
vt 1.000000 0.745399
vt 0.875767 0.246933
vt 1.000000 0.246933
s 0
usemtl concrete06_trim
f 1201/937/415 1204/938/415 1206/939/415 1202/940/415
f 1202/941/416 1211/942/416 1203/943/416 1201/944/416
f 1203/938/417 1207/937/417 1204/940/417 1201/939/417
f 1208/945/418 1205/946/418 1204/947/418 1207/948/418
f 1205/949/419 1212/945/419 1206/946/419 1204/942/419
f 1210/950/420 1208/951/420 1207/952/420 1209/953/420
f 1211/954/421 1209/955/421 1207/956/421 1203/957/421
f 1212/946/422 1210/947/422 1209/948/422 1206/945/422
f 1202/939/423 1206/950/423 1209/958/423 1211/938/423
f 1212/938/424 1215/937/424 1213/940/424 1210/939/424
f 1210/959/425 1213/960/425 1214/958/425 1208/955/425
f 1205/938/426 1216/937/426 1215/940/426 1212/939/426
f 1208/950/427 1214/939/427 1216/938/427 1205/958/427
o pillars.030
v -36.331379 10.962655 5.614377
v -36.331379 10.962655 3.945624
v -30.757614 10.962655 5.197188
v -36.490398 11.073261 5.780002
v -37.177265 16.614704 5.780002
v -36.490398 11.073260 3.780001
v -30.586018 11.073260 5.280001
v -31.272884 16.614704 5.280001
v -30.586018 11.073260 4.280001
v -31.272884 16.614704 4.280001
v -30.757614 10.962655 4.362812
v -37.177265 16.614704 3.780001
v -31.431904 16.725309 4.362812
v -31.431904 16.725309 5.197188
v -37.005669 16.725309 3.945624
v -37.005669 16.725311 5.614377
vn -0.5710 -0.8209 -0.0000
vn -0.0000 -1.0000 -0.0000
vn 0.0529 -0.7471 0.6626
vn 0.0844 0.0105 0.9964
vn -0.9924 -0.1230 -0.0000
vn 0.9924 0.1230 -0.0000
vn 0.5418 -0.8405 -0.0000
vn 0.0844 0.0105 -0.9964
vn 0.0529 -0.7471 -0.6626
vn 0.0532 0.7444 -0.6656
vn 0.5710 0.8209 -0.0000
vn -0.5418 0.8405 -0.0000
vn 0.0532 0.7444 0.6656
vt 1.000000 1.000000
vt 1.000000 0.872699
vt 0.000000 0.872699
vt 0.000000 1.000000
vt 0.751534 0.123466
vt 0.253067 0.123466
vt 0.253067 0.000000
vt 0.751534 0.000000
vt 0.751534 0.246933
vt 0.253067 0.246933
vt 0.253067 0.745399
vt 0.751534 0.745399
vt 0.751534 0.123466
vt 0.000000 0.745399
vt 0.126534 0.745399
vt 0.126534 0.000000
vt 0.000000 0.000000
vt 0.751534 0.745399
vt 0.875767 0.745399
vt 0.875767 0.246932
vt 0.751534 0.246932
vt 1.000000 0.745399
vt 0.875767 0.246933
vt 1.000000 0.246933
s 0
usemtl concrete06_trim
f 1217/961/428 1220/962/428 1222/963/428 1218/964/428
f 1218/965/429 1227/966/429 1219/967/429 1217/968/429
f 1219/962/430 1223/961/430 1220/964/430 1217/963/430
f 1224/969/431 1221/970/431 1220/971/431 1223/972/431
f 1221/973/432 1228/969/432 1222/970/432 1220/966/432
f 1226/974/433 1224/975/433 1223/976/433 1225/977/433
f 1227/978/434 1225/979/434 1223/980/434 1219/981/434
f 1228/970/435 1226/971/435 1225/972/435 1222/969/435
f 1218/963/436 1222/974/436 1225/982/436 1227/962/436
f 1228/962/437 1231/961/437 1229/964/437 1226/963/437
f 1226/983/438 1229/984/438 1230/982/438 1224/979/438
f 1221/962/439 1232/961/439 1231/964/439 1228/963/439
f 1224/974/440 1230/963/440 1232/962/440 1221/982/440
o pillars.031
v -37.003685 16.725311 5.614377
v -37.003685 16.725311 3.945624
v -31.429922 16.725311 5.197188
v -37.162704 16.835915 5.780002
v -37.849571 22.377361 5.780002
v -37.162704 16.835915 3.780001
v -31.258324 16.835915 5.280001
v -31.945190 22.377361 5.280001
v -31.258324 16.835915 4.280001
v -31.945190 22.377361 4.280001
v -31.429922 16.725311 4.362812
v -37.849571 22.377361 3.780001
v -32.104210 22.487965 4.362812
v -32.104210 22.487965 5.197188
v -37.677975 22.487965 3.945624
v -37.677975 22.487965 5.614377
vn -0.5710 -0.8209 -0.0000
vn -0.0000 -1.0000 -0.0000
vn 0.0529 -0.7471 0.6626
vn 0.0844 0.0105 0.9964
vn -0.9924 -0.1230 -0.0000
vn 0.9924 0.1230 -0.0000
vn 0.5418 -0.8405 -0.0000
vn 0.0844 0.0105 -0.9964
vn 0.0529 -0.7471 -0.6626
vn 0.0532 0.7445 -0.6656
vn 0.5710 0.8210 -0.0000
vn -0.5418 0.8405 -0.0000
vn 0.0532 0.7444 0.6656
vt 1.000000 1.000000
vt 1.000000 0.872699
vt 0.000000 0.872699
vt 0.000000 1.000000
vt 0.751534 0.123466
vt 0.253067 0.123466
vt 0.253067 0.000000
vt 0.751534 0.000000
vt 0.751534 0.246933
vt 0.253067 0.246933
vt 0.253067 0.745399
vt 0.751534 0.745399
vt 0.751534 0.123466
vt 0.000000 0.745399
vt 0.126534 0.745399
vt 0.126534 0.000000
vt 0.000000 0.000000
vt 0.751534 0.745399
vt 0.875767 0.745399
vt 0.875767 0.246932
vt 0.751534 0.246932
vt 1.000000 0.745399
vt 0.875767 0.246933
vt 1.000000 0.246933
s 0
usemtl concrete06_trim
f 1233/985/441 1236/986/441 1238/987/441 1234/988/441
f 1234/989/442 1243/990/442 1235/991/442 1233/992/442
f 1235/986/443 1239/985/443 1236/988/443 1233/987/443
f 1240/993/444 1237/994/444 1236/995/444 1239/996/444
f 1237/997/445 1244/993/445 1238/994/445 1236/990/445
f 1242/998/446 1240/999/446 1239/1000/446 1241/1001/446
f 1243/1002/447 1241/1003/447 1239/1004/447 1235/1005/447
f 1244/994/448 1242/995/448 1241/996/448 1238/993/448
f 1234/987/449 1238/998/449 1241/1006/449 1243/986/449
f 1244/986/450 1247/985/450 1245/988/450 1242/987/450
f 1242/1007/451 1245/1008/451 1246/1006/451 1240/1003/451
f 1237/986/452 1248/985/452 1247/988/452 1244/987/452
f 1240/998/453 1246/987/453 1248/986/453 1237/1006/453
o pillars.032
v -37.675991 22.487965 5.614377
v -37.675991 22.487965 3.945624
v -32.102230 22.487965 5.197188
v -37.835011 22.598572 5.780002
v -38.521881 28.140015 5.780002
v -37.835011 22.598572 3.780001
v -31.930632 22.598572 5.280001
v -32.617496 28.140015 5.280001
v -31.930632 22.598572 4.280001
v -32.617496 28.140015 4.280001
v -32.102230 22.487965 4.362812
v -38.521877 28.140015 3.780001
v -32.776516 28.250622 4.362812
v -32.776516 28.250622 5.197188
v -38.350281 28.250622 3.945624
v -38.350281 28.250622 5.614377
vn -0.5710 -0.8209 -0.0000
vn -0.0000 -1.0000 -0.0000
vn 0.0529 -0.7471 0.6626
vn 0.0844 0.0105 0.9964
vn -0.9924 -0.1230 -0.0000
vn 0.9924 0.1230 -0.0000
vn 0.5418 -0.8405 -0.0000
vn 0.0844 0.0105 -0.9964
vn 0.0529 -0.7471 -0.6626
vn 0.0532 0.7444 -0.6656
vn 0.5710 0.8209 -0.0000
vn -0.5418 0.8405 -0.0000
vn 0.0532 0.7444 0.6656
vt 1.000000 1.000000
vt 1.000000 0.872699
vt 0.000000 0.872699
vt 0.000000 1.000000
vt 0.751534 0.123466
vt 0.253067 0.123466
vt 0.253067 0.000000
vt 0.751534 0.000000
vt 0.751534 0.246933
vt 0.253067 0.246933
vt 0.253067 0.745399
vt 0.751534 0.745399
vt 0.751534 0.123466
vt 0.000000 0.745399
vt 0.126534 0.745399
vt 0.126534 0.000000
vt 0.000000 0.000000
vt 0.751534 0.745399
vt 0.875767 0.745399
vt 0.875767 0.246932
vt 0.751534 0.246932
vt 1.000000 0.745399
vt 0.875767 0.246933
vt 1.000000 0.246933
s 0
usemtl concrete06_trim
f 1249/1009/454 1252/1010/454 1254/1011/454 1250/1012/454
f 1250/1013/455 1259/1014/455 1251/1015/455 1249/1016/455
f 1251/1010/456 1255/1009/456 1252/1012/456 1249/1011/456
f 1256/1017/457 1253/1018/457 1252/1019/457 1255/1020/457
f 1253/1021/458 1260/1017/458 1254/1018/458 1252/1014/458
f 1258/1022/459 1256/1023/459 1255/1024/459 1257/1025/459
f 1259/1026/460 1257/1027/460 1255/1028/460 1251/1029/460
f 1260/1018/461 1258/1019/461 1257/1020/461 1254/1017/461
f 1250/1011/462 1254/1022/462 1257/1030/462 1259/1010/462
f 1260/1010/463 1263/1009/463 1261/1012/463 1258/1011/463
f 1258/1031/464 1261/1032/464 1262/1030/464 1256/1027/464
f 1253/1010/465 1264/1009/465 1263/1012/465 1260/1011/465
f 1256/1022/466 1262/1011/466 1264/1010/466 1253/1030/466
o pillars.033
v -38.348301 28.250622 5.614377
v -38.348301 28.250622 3.945624
v -32.774536 28.250622 5.197188
v -38.507320 28.361225 5.780002
v -39.194187 33.902672 5.780002
v -38.507320 28.361225 3.780001
v -32.602940 28.361225 5.280001
v -33.289806 33.902672 5.280001
v -32.602940 28.361225 4.280001
v -33.289806 33.902672 4.280001
v -32.774536 28.250622 4.362812
v -39.194183 33.902672 3.780001
v -33.448826 34.013275 4.362812
v -33.448826 34.013275 5.197188
v -39.022591 34.013275 3.945624
v -39.022591 34.013275 5.614377
vn -0.5710 -0.8209 -0.0000
vn -0.0000 -1.0000 -0.0000
vn 0.0529 -0.7471 0.6626
vn 0.0844 0.0105 0.9964
vn -0.9924 -0.1230 -0.0000
vn 0.9924 0.1230 -0.0000
vn 0.5418 -0.8405 -0.0000
vn 0.0844 0.0105 -0.9964
vn 0.0529 -0.7471 -0.6626
vn 0.0532 0.7445 -0.6656
vn 0.5710 0.8209 -0.0000
vn -0.5418 0.8405 -0.0000
vn 0.0532 0.7444 0.6656
vt 1.000000 1.000000
vt 1.000000 0.872699
vt 0.000000 0.872699
vt 0.000000 1.000000
vt 0.751534 0.123466
vt 0.253067 0.123466
vt 0.253067 0.000000
vt 0.751534 0.000000
vt 0.751534 0.246933
vt 0.253067 0.246933
vt 0.253067 0.745399
vt 0.751534 0.745399
vt 0.751534 0.123466
vt 0.000000 0.745399
vt 0.126534 0.745399
vt 0.126534 0.000000
vt 0.000000 0.000000
vt 0.751534 0.745399
vt 0.875767 0.745399
vt 0.875767 0.246932
vt 0.751534 0.246932
vt 1.000000 0.745399
vt 0.875767 0.246933
vt 1.000000 0.246933
s 0
usemtl concrete06_trim
f 1265/1033/467 1268/1034/467 1270/1035/467 1266/1036/467
f 1266/1037/468 1275/1038/468 1267/1039/468 1265/1040/468
f 1267/1034/469 1271/1033/469 1268/1036/469 1265/1035/469
f 1272/1041/470 1269/1042/470 1268/1043/470 1271/1044/470
f 1269/1045/471 1276/1041/471 1270/1042/471 1268/1038/471
f 1274/1046/472 1272/1047/472 1271/1048/472 1273/1049/472
f 1275/1050/473 1273/1051/473 1271/1052/473 1267/1053/473
f 1276/1042/474 1274/1043/474 1273/1044/474 1270/1041/474
f 1266/1035/475 1270/1046/475 1273/1054/475 1275/1034/475
f 1276/1034/476 1279/1033/476 1277/1036/476 1274/1035/476
f 1274/1055/477 1277/1056/477 1278/1054/477 1272/1051/477
f 1269/1034/478 1280/1033/478 1279/1036/478 1276/1035/478
f 1272/1046/479 1278/1035/479 1280/1034/479 1269/1054/479
o pillars.034
v -39.020607 34.013275 5.614377
v -39.020607 34.013275 3.945624
v -33.446842 34.013275 5.197188
v -39.179626 34.123882 5.780002
v -39.866493 39.665325 5.780002
v -39.179626 34.123882 3.780001
v -33.275246 34.123882 5.280001
v -33.962112 39.665325 5.280001
v -33.275246 34.123882 4.280001
v -33.962112 39.665325 4.280001
v -33.446842 34.013275 4.362812
v -39.866493 39.665325 3.780001
v -34.121132 39.775932 4.362812
v -34.121132 39.775932 5.197188
v -39.694897 39.775932 3.945624
v -39.694897 39.775932 5.614377
vn -0.5710 -0.8210 -0.0000
vn -0.0000 -1.0000 -0.0000
vn 0.0529 -0.7471 0.6626
vn 0.0844 0.0105 0.9964
vn -0.9924 -0.1230 -0.0000
vn 0.9924 0.1230 -0.0000
vn 0.5418 -0.8405 -0.0000
vn 0.0844 0.0105 -0.9964
vn 0.0529 -0.7471 -0.6626
vn 0.0532 0.7444 -0.6656
vn 0.5710 0.8209 -0.0000
vn -0.5418 0.8405 -0.0000
vn 0.0532 0.7444 0.6656
vt 1.000000 1.000000
vt 1.000000 0.872699
vt 0.000000 0.872699
vt 0.000000 1.000000
vt 0.751534 0.123466
vt 0.253067 0.123466
vt 0.253067 0.000000
vt 0.751534 0.000000
vt 0.751534 0.246933
vt 0.253067 0.246933
vt 0.253067 0.745399
vt 0.751534 0.745399
vt 0.751534 0.123466
vt 0.000000 0.745399
vt 0.126534 0.745399
vt 0.126534 0.000000
vt 0.000000 0.000000
vt 0.751534 0.745399
vt 0.875767 0.745399
vt 0.875767 0.246932
vt 0.751534 0.246932
vt 1.000000 0.745399
vt 0.875767 0.246933
vt 1.000000 0.246933
s 0
usemtl concrete06_trim
f 1281/1057/480 1284/1058/480 1286/1059/480 1282/1060/480
f 1282/1061/481 1291/1062/481 1283/1063/481 1281/1064/481
f 1283/1058/482 1287/1057/482 1284/1060/482 1281/1059/482
f 1288/1065/483 1285/1066/483 1284/1067/483 1287/1068/483
f 1285/1069/484 1292/1065/484 1286/1066/484 1284/1062/484
f 1290/1070/485 1288/1071/485 1287/1072/485 1289/1073/485
f 1291/1074/486 1289/1075/486 1287/1076/486 1283/1077/486
f 1292/1066/487 1290/1067/487 1289/1068/487 1286/1065/487
f 1282/1059/488 1286/1070/488 1289/1078/488 1291/1058/488
f 1292/1058/489 1295/1057/489 1293/1060/489 1290/1059/489
f 1290/1079/490 1293/1080/490 1294/1078/490 1288/1075/490
f 1285/1058/491 1296/1057/491 1295/1060/491 1292/1059/491
f 1288/1070/492 1294/1059/492 1296/1058/492 1285/1078/492
o pillars.035
v -39.692913 39.775932 5.614377
v -39.692913 39.775932 3.945624
v -34.119148 39.775932 5.197188
v -39.851933 39.886539 5.780002
v -40.538799 45.427982 5.780002
v -39.851933 39.886536 3.780001
v -33.947552 39.886536 5.280001
v -34.634418 45.427982 5.280001
v -33.947552 39.886536 4.280001
v -34.634418 45.427982 4.280001
v -34.119148 39.775932 4.362812
v -40.538799 45.427982 3.780001
v -34.793438 45.538586 4.362812
v -34.793438 45.538586 5.197188
v -40.367203 45.538586 3.945624
v -40.367203 45.538586 5.614377
vn -0.5710 -0.8209 -0.0000
vn -0.0000 -1.0000 -0.0000
vn 0.0529 -0.7471 0.6626
vn 0.0844 0.0105 0.9964
vn -0.9924 -0.1230 -0.0000
vn 0.9924 0.1230 -0.0000
vn 0.5418 -0.8405 -0.0000
vn 0.0844 0.0105 -0.9964
vn 0.0529 -0.7471 -0.6626
vn 0.0532 0.7445 -0.6656
vn 0.5710 0.8209 -0.0000
vn -0.5418 0.8405 -0.0000
vn 0.0532 0.7445 0.6656
vt 1.000000 1.000000
vt 1.000000 0.872699
vt 0.000000 0.872699
vt 0.000000 1.000000
vt 0.751534 0.123466
vt 0.253067 0.123466
vt 0.253067 0.000000
vt 0.751534 0.000000
vt 0.751534 0.246933
vt 0.253067 0.246933
vt 0.253067 0.745399
vt 0.751534 0.745399
vt 0.751534 0.123466
vt 0.000000 0.745399
vt 0.126534 0.745399
vt 0.126534 0.000000
vt 0.000000 0.000000
vt 0.751534 0.745399
vt 0.875767 0.745399
vt 0.875767 0.246932
vt 0.751534 0.246932
vt 1.000000 0.745399
vt 0.875767 0.246933
vt 1.000000 0.246933
s 0
usemtl concrete06_trim
f 1297/1081/493 1300/1082/493 1302/1083/493 1298/1084/493
f 1298/1085/494 1307/1086/494 1299/1087/494 1297/1088/494
f 1299/1082/495 1303/1081/495 1300/1084/495 1297/1083/495
f 1304/1089/496 1301/1090/496 1300/1091/496 1303/1092/496
f 1301/1093/497 1308/1089/497 1302/1090/497 1300/1086/497
f 1306/1094/498 1304/1095/498 1303/1096/498 1305/1097/498
f 1307/1098/499 1305/1099/499 1303/1100/499 1299/1101/499
f 1308/1090/500 1306/1091/500 1305/1092/500 1302/1089/500
f 1298/1083/501 1302/1094/501 1305/1102/501 1307/1082/501
f 1308/1082/502 1311/1081/502 1309/1084/502 1306/1083/502
f 1306/1103/503 1309/1104/503 1310/1102/503 1304/1099/503
f 1301/1082/504 1312/1081/504 1311/1084/504 1308/1083/504
f 1304/1094/505 1310/1083/505 1312/1082/505 1301/1102/505
o pillars.036
v -35.659073 5.200000 2.434377
v -35.659073 5.200000 0.765625
v -30.085306 5.200000 2.017188
v -35.818092 5.310606 2.600001
v -36.504959 10.852050 2.600001
v -35.818092 5.310605 0.600000
v -29.913710 5.310605 2.100000
v -30.600576 10.852049 2.100000
v -29.913710 5.310605 1.100000
v -30.600576 10.852049 1.100000
v -30.085306 5.200000 1.182812
v -36.504955 10.852049 0.600000
v -30.759596 10.962654 1.182812
v -30.759596 10.962654 2.017188
v -36.333359 10.962654 0.765625
v -36.333359 10.962655 2.434377
vn -0.5710 -0.8209 -0.0000
vn -0.0000 -1.0000 -0.0000
vn 0.0529 -0.7471 0.6626
vn 0.0844 0.0105 0.9964
vn -0.9924 -0.1230 -0.0000
vn 0.9924 0.1230 -0.0000
vn 0.5418 -0.8405 -0.0000
vn 0.0844 0.0105 -0.9964
vn 0.0529 -0.7471 -0.6626
vn 0.0532 0.7444 -0.6656
vn 0.5710 0.8209 -0.0000
vn -0.5418 0.8405 -0.0000
vn 0.0532 0.7444 0.6656
vt 1.000000 1.000000
vt 1.000000 0.872699
vt 0.000000 0.872699
vt 0.000000 1.000000
vt 0.751534 0.123466
vt 0.253067 0.123466
vt 0.253067 0.000000
vt 0.751534 0.000000
vt 0.751534 0.246933
vt 0.253067 0.246933
vt 0.253067 0.745399
vt 0.751534 0.745399
vt 0.751534 0.123466
vt 0.000000 0.745399
vt 0.126534 0.745399
vt 0.126534 0.000000
vt 0.000000 0.000000
vt 0.751534 0.745399
vt 0.875767 0.745399
vt 0.875767 0.246932
vt 0.751534 0.246932
vt 1.000000 0.745399
vt 0.875767 0.246933
vt 1.000000 0.246933
s 0
usemtl concrete06_trim
f 1313/1105/506 1316/1106/506 1318/1107/506 1314/1108/506
f 1314/1109/507 1323/1110/507 1315/1111/507 1313/1112/507
f 1315/1106/508 1319/1105/508 1316/1108/508 1313/1107/508
f 1320/1113/509 1317/1114/509 1316/1115/509 1319/1116/509
f 1317/1117/510 1324/1113/510 1318/1114/510 1316/1110/510
f 1322/1118/511 1320/1119/511 1319/1120/511 1321/1121/511
f 1323/1122/512 1321/1123/512 1319/1124/512 1315/1125/512
f 1324/1114/513 1322/1115/513 1321/1116/513 1318/1113/513
f 1314/1107/514 1318/1118/514 1321/1126/514 1323/1106/514
f 1324/1106/515 1327/1105/515 1325/1108/515 1322/1107/515
f 1322/1127/516 1325/1128/516 1326/1126/516 1320/1123/516
f 1317/1106/517 1328/1105/517 1327/1108/517 1324/1107/517
f 1320/1118/518 1326/1107/518 1328/1106/518 1317/1126/518
o pillars.037
v -36.331379 10.962655 2.434377
v -36.331379 10.962655 0.765625
v -30.757614 10.962655 2.017188
v -36.490398 11.073261 2.600001
v -37.177265 16.614704 2.600001
v -36.490398 11.073260 0.600000
v -30.586018 11.073260 2.100000
v -31.272884 16.614704 2.100000
v -30.586018 11.073260 1.100000
v -31.272884 16.614704 1.100000
v -30.757614 10.962655 1.182812
v -37.177265 16.614704 0.600000
v -31.431904 16.725309 1.182812
v -31.431904 16.725309 2.017188
v -37.005669 16.725309 0.765625
v -37.005669 16.725311 2.434377
vn -0.5710 -0.8209 -0.0000
vn -0.0000 -1.0000 -0.0000
vn 0.0529 -0.7471 0.6626
vn 0.0844 0.0105 0.9964
vn -0.9924 -0.1230 -0.0000
vn 0.9924 0.1230 -0.0000
vn 0.5418 -0.8405 -0.0000
vn 0.0844 0.0105 -0.9964
vn 0.0529 -0.7471 -0.6626
vn 0.0532 0.7444 -0.6656
vn 0.5710 0.8209 -0.0000
vn -0.5418 0.8405 -0.0000
vn 0.0532 0.7444 0.6656
vt 1.000000 1.000000
vt 1.000000 0.872699
vt 0.000000 0.872699
vt 0.000000 1.000000
vt 0.751534 0.123466
vt 0.253067 0.123466
vt 0.253067 0.000000
vt 0.751534 0.000000
vt 0.751534 0.246933
vt 0.253067 0.246933
vt 0.253067 0.745399
vt 0.751534 0.745399
vt 0.751534 0.123466
vt 0.000000 0.745399
vt 0.126534 0.745399
vt 0.126534 0.000000
vt 0.000000 0.000000
vt 0.751534 0.745399
vt 0.875767 0.745399
vt 0.875767 0.246932
vt 0.751534 0.246932
vt 1.000000 0.745399
vt 0.875767 0.246933
vt 1.000000 0.246933
s 0
usemtl concrete06_trim
f 1329/1129/519 1332/1130/519 1334/1131/519 1330/1132/519
f 1330/1133/520 1339/1134/520 1331/1135/520 1329/1136/520
f 1331/1130/521 1335/1129/521 1332/1132/521 1329/1131/521
f 1336/1137/522 1333/1138/522 1332/1139/522 1335/1140/522
f 1333/1141/523 1340/1137/523 1334/1138/523 1332/1134/523
f 1338/1142/524 1336/1143/524 1335/1144/524 1337/1145/524
f 1339/1146/525 1337/1147/525 1335/1148/525 1331/1149/525
f 1340/1138/526 1338/1139/526 1337/1140/526 1334/1137/526
f 1330/1131/527 1334/1142/527 1337/1150/527 1339/1130/527
f 1340/1130/528 1343/1129/528 1341/1132/528 1338/1131/528
f 1338/1151/529 1341/1152/529 1342/1150/529 1336/1147/529
f 1333/1130/530 1344/1129/530 1343/1132/530 1340/1131/530
f 1336/1142/531 1342/1131/531 1344/1130/531 1333/1150/531
o pillars.038
v -37.003685 16.725311 2.434377
v -37.003685 16.725311 0.765625
v -31.429922 16.725311 2.017188
v -37.162704 16.835915 2.600001
v -37.849571 22.377361 2.600001
v -37.162704 16.835915 0.600000
v -31.258324 16.835915 2.100000
v -31.945190 22.377361 2.100000
v -31.258324 16.835915 1.100000
v -31.945190 22.377361 1.100000
v -31.429922 16.725311 1.182812
v -37.849571 22.377361 0.600000
v -32.104210 22.487965 1.182812
v -32.104210 22.487965 2.017188
v -37.677975 22.487965 0.765625
v -37.677975 22.487965 2.434377
vn -0.5710 -0.8209 -0.0000
vn -0.0000 -1.0000 -0.0000
vn 0.0529 -0.7471 0.6626
vn 0.0844 0.0105 0.9964
vn -0.9924 -0.1230 -0.0000
vn 0.9924 0.1230 -0.0000
vn 0.5418 -0.8405 -0.0000
vn 0.0844 0.0105 -0.9964
vn 0.0529 -0.7471 -0.6626
vn 0.0532 0.7444 -0.6656
vn 0.5710 0.8209 -0.0000
vn -0.5418 0.8405 -0.0000
vn 0.0532 0.7445 0.6656
vt 1.000000 1.000000
vt 1.000000 0.872699
vt 0.000000 0.872699
vt 0.000000 1.000000
vt 0.751534 0.123466
vt 0.253067 0.123466
vt 0.253067 0.000000
vt 0.751534 0.000000
vt 0.751534 0.246933
vt 0.253067 0.246933
vt 0.253067 0.745399
vt 0.751534 0.745399
vt 0.751534 0.123466
vt 0.000000 0.745399
vt 0.126534 0.745399
vt 0.126534 0.000000
vt 0.000000 0.000000
vt 0.751534 0.745399
vt 0.875767 0.745399
vt 0.875767 0.246932
vt 0.751534 0.246932
vt 1.000000 0.745399
vt 0.875767 0.246933
vt 1.000000 0.246933
s 0
usemtl concrete06_trim
f 1345/1153/532 1348/1154/532 1350/1155/532 1346/1156/532
f 1346/1157/533 1355/1158/533 1347/1159/533 1345/1160/533
f 1347/1154/534 1351/1153/534 1348/1156/534 1345/1155/534
f 1352/1161/535 1349/1162/535 1348/1163/535 1351/1164/535
f 1349/1165/536 1356/1161/536 1350/1162/536 1348/1158/536
f 1354/1166/537 1352/1167/537 1351/1168/537 1353/1169/537
f 1355/1170/538 1353/1171/538 1351/1172/538 1347/1173/538
f 1356/1162/539 1354/1163/539 1353/1164/539 1350/1161/539
f 1346/1155/540 1350/1166/540 1353/1174/540 1355/1154/540
f 1356/1154/541 1359/1153/541 1357/1156/541 1354/1155/541
f 1354/1175/542 1357/1176/542 1358/1174/542 1352/1171/542
f 1349/1154/543 1360/1153/543 1359/1156/543 1356/1155/543
f 1352/1166/544 1358/1155/544 1360/1154/544 1349/1174/544
o pillars.039
v -37.675991 22.487965 2.434377
v -37.675991 22.487965 0.765625
v -32.102230 22.487965 2.017188
v -37.835011 22.598572 2.600001
v -38.521881 28.140015 2.600001
v -37.835011 22.598572 0.600000
v -31.930632 22.598572 2.100000
v -32.617496 28.140015 2.100000
v -31.930632 22.598572 1.100000
v -32.617496 28.140015 1.100000
v -32.102230 22.487965 1.182812
v -38.521877 28.140015 0.600000
v -32.776516 28.250622 1.182812
v -32.776516 28.250622 2.017188
v -38.350281 28.250622 0.765625
v -38.350281 28.250622 2.434377
vn -0.5710 -0.8210 -0.0000
vn -0.0000 -1.0000 -0.0000
vn 0.0529 -0.7471 0.6626
vn 0.0844 0.0105 0.9964
vn -0.9924 -0.1230 -0.0000
vn 0.9924 0.1230 -0.0000
vn 0.5418 -0.8405 -0.0000
vn 0.0844 0.0105 -0.9964
vn 0.0529 -0.7471 -0.6626
vn 0.0532 0.7444 -0.6656
vn 0.5710 0.8209 -0.0000
vn -0.5418 0.8405 -0.0000
vn 0.0532 0.7444 0.6656
vt 1.000000 1.000000
vt 1.000000 0.872699
vt 0.000000 0.872699
vt 0.000000 1.000000
vt 0.751534 0.123466
vt 0.253067 0.123466
vt 0.253067 0.000000
vt 0.751534 0.000000
vt 0.751534 0.246933
vt 0.253067 0.246933
vt 0.253067 0.745399
vt 0.751534 0.745399
vt 0.751534 0.123466
vt 0.000000 0.745399
vt 0.126534 0.745399
vt 0.126534 0.000000
vt 0.000000 0.000000
vt 0.751534 0.745399
vt 0.875767 0.745399
vt 0.875767 0.246932
vt 0.751534 0.246932
vt 1.000000 0.745399
vt 0.875767 0.246933
vt 1.000000 0.246933
s 0
usemtl concrete06_trim
f 1361/1177/545 1364/1178/545 1366/1179/545 1362/1180/545
f 1362/1181/546 1371/1182/546 1363/1183/546 1361/1184/546
f 1363/1178/547 1367/1177/547 1364/1180/547 1361/1179/547
f 1368/1185/548 1365/1186/548 1364/1187/548 1367/1188/548
f 1365/1189/549 1372/1185/549 1366/1186/549 1364/1182/549
f 1370/1190/550 1368/1191/550 1367/1192/550 1369/1193/550
f 1371/1194/551 1369/1195/551 1367/1196/551 1363/1197/551
f 1372/1186/552 1370/1187/552 1369/1188/552 1366/1185/552
f 1362/1179/553 1366/1190/553 1369/1198/553 1371/1178/553
f 1372/1178/554 1375/1177/554 1373/1180/554 1370/1179/554
f 1370/1199/555 1373/1200/555 1374/1198/555 1368/1195/555
f 1365/1178/556 1376/1177/556 1375/1180/556 1372/1179/556
f 1368/1190/557 1374/1179/557 1376/1178/557 1365/1198/557
o pillars.040
v -38.348301 28.250622 2.434377
v -38.348301 28.250622 0.765625
v -32.774536 28.250622 2.017188
v -38.507320 28.361225 2.600001
v -39.194187 33.902672 2.600001
v -38.507320 28.361225 0.600000
v -32.602940 28.361225 2.100000
v -33.289806 33.902672 2.100000
v -32.602940 28.361225 1.100000
v -33.289806 33.902672 1.100000
v -32.774536 28.250622 1.182812
v -39.194183 33.902672 0.600000
v -33.448826 34.013275 1.182812
v -33.448826 34.013275 2.017188
v -39.022591 34.013275 0.765625
v -39.022591 34.013275 2.434377
vn -0.5710 -0.8209 -0.0000
vn -0.0000 -1.0000 -0.0000
vn 0.0529 -0.7471 0.6626
vn 0.0844 0.0105 0.9964
vn -0.9924 -0.1230 -0.0000
vn 0.9924 0.1230 -0.0000
vn 0.5418 -0.8405 -0.0000
vn 0.0844 0.0105 -0.9964
vn 0.0529 -0.7471 -0.6626
vn 0.0532 0.7444 -0.6656
vn 0.5710 0.8209 -0.0000
vn -0.5418 0.8405 -0.0000
vn 0.0532 0.7445 0.6656
vt 1.000000 1.000000
vt 1.000000 0.872699
vt 0.000000 0.872699
vt 0.000000 1.000000
vt 0.751534 0.123466
vt 0.253067 0.123466
vt 0.253067 0.000000
vt 0.751534 0.000000
vt 0.751534 0.246933
vt 0.253067 0.246933
vt 0.253067 0.745399
vt 0.751534 0.745399
vt 0.751534 0.123466
vt 0.000000 0.745399
vt 0.126534 0.745399
vt 0.126534 0.000000
vt 0.000000 0.000000
vt 0.751534 0.745399
vt 0.875767 0.745399
vt 0.875767 0.246932
vt 0.751534 0.246932
vt 1.000000 0.745399
vt 0.875767 0.246933
vt 1.000000 0.246933
s 0
usemtl concrete06_trim
f 1377/1201/558 1380/1202/558 1382/1203/558 1378/1204/558
f 1378/1205/559 1387/1206/559 1379/1207/559 1377/1208/559
f 1379/1202/560 1383/1201/560 1380/1204/560 1377/1203/560
f 1384/1209/561 1381/1210/561 1380/1211/561 1383/1212/561
f 1381/1213/562 1388/1209/562 1382/1210/562 1380/1206/562
f 1386/1214/563 1384/1215/563 1383/1216/563 1385/1217/563
f 1387/1218/564 1385/1219/564 1383/1220/564 1379/1221/564
f 1388/1210/565 1386/1211/565 1385/1212/565 1382/1209/565
f 1378/1203/566 1382/1214/566 1385/1222/566 1387/1202/566
f 1388/1202/567 1391/1201/567 1389/1204/567 1386/1203/567
f 1386/1223/568 1389/1224/568 1390/1222/568 1384/1219/568
f 1381/1202/569 1392/1201/569 1391/1204/569 1388/1203/569
f 1384/1214/570 1390/1203/570 1392/1202/570 1381/1222/570
o pillars.041
v -39.020607 34.013275 2.434377
v -39.020607 34.013275 0.765625
v -33.446842 34.013275 2.017188
v -39.179626 34.123882 2.600001
v -39.866493 39.665325 2.600001
v -39.179626 34.123882 0.600000
v -33.275246 34.123882 2.100000
v -33.962112 39.665325 2.100000
v -33.275246 34.123882 1.100000
v -33.962112 39.665325 1.100000
v -33.446842 34.013275 1.182812
v -39.866493 39.665325 0.600000
v -34.121132 39.775932 1.182812
v -34.121132 39.775932 2.017188
v -39.694897 39.775932 0.765625
v -39.694897 39.775932 2.434377
vn -0.5710 -0.8209 -0.0000
vn -0.0000 -1.0000 -0.0000
vn 0.0529 -0.7471 0.6626
vn 0.0844 0.0105 0.9964
vn -0.9924 -0.1230 -0.0000
vn 0.9924 0.1230 -0.0000
vn 0.5418 -0.8405 -0.0000
vn 0.0844 0.0105 -0.9964
vn 0.0529 -0.7471 -0.6626
vn 0.0532 0.7444 -0.6656
vn 0.5710 0.8209 -0.0000
vn -0.5418 0.8405 -0.0000
vn 0.0532 0.7444 0.6656
vt 1.000000 1.000000
vt 1.000000 0.872699
vt 0.000000 0.872699
vt 0.000000 1.000000
vt 0.751534 0.123466
vt 0.253067 0.123466
vt 0.253067 0.000000
vt 0.751534 0.000000
vt 0.751534 0.246933
vt 0.253067 0.246933
vt 0.253067 0.745399
vt 0.751534 0.745399
vt 0.751534 0.123466
vt 0.000000 0.745399
vt 0.126534 0.745399
vt 0.126534 0.000000
vt 0.000000 0.000000
vt 0.751534 0.745399
vt 0.875767 0.745399
vt 0.875767 0.246932
vt 0.751534 0.246932
vt 1.000000 0.745399
vt 0.875767 0.246933
vt 1.000000 0.246933
s 0
usemtl concrete06_trim
f 1393/1225/571 1396/1226/571 1398/1227/571 1394/1228/571
f 1394/1229/572 1403/1230/572 1395/1231/572 1393/1232/572
f 1395/1226/573 1399/1225/573 1396/1228/573 1393/1227/573
f 1400/1233/574 1397/1234/574 1396/1235/574 1399/1236/574
f 1397/1237/575 1404/1233/575 1398/1234/575 1396/1230/575
f 1402/1238/576 1400/1239/576 1399/1240/576 1401/1241/576
f 1403/1242/577 1401/1243/577 1399/1244/577 1395/1245/577
f 1404/1234/578 1402/1235/578 1401/1236/578 1398/1233/578
f 1394/1227/579 1398/1238/579 1401/1246/579 1403/1226/579
f 1404/1226/580 1407/1225/580 1405/1228/580 1402/1227/580
f 1402/1247/581 1405/1248/581 1406/1246/581 1400/1243/581
f 1397/1226/582 1408/1225/582 1407/1228/582 1404/1227/582
f 1400/1238/583 1406/1227/583 1408/1226/583 1397/1246/583
o pillars.042
v -39.692913 39.775932 2.434377
v -39.692913 39.775932 0.765625
v -34.119148 39.775932 2.017188
v -39.851933 39.886539 2.600001
v -40.538799 45.427982 2.600001
v -39.851933 39.886536 0.600000
v -33.947552 39.886536 2.100000
v -34.634418 45.427982 2.100000
v -33.947552 39.886536 1.100000
v -34.634418 45.427982 1.100000
v -34.119148 39.775932 1.182812
v -40.538799 45.427982 0.600000
v -34.793438 45.538586 1.182812
v -34.793438 45.538586 2.017188
v -40.367203 45.538586 0.765625
v -40.367203 45.538586 2.434377
vn -0.5710 -0.8209 -0.0000
vn -0.0000 -1.0000 -0.0000
vn 0.0529 -0.7471 0.6626
vn 0.0844 0.0105 0.9964
vn -0.9924 -0.1230 -0.0000
vn 0.9924 0.1230 -0.0000
vn 0.5418 -0.8405 -0.0000
vn 0.0844 0.0105 -0.9964
vn 0.0529 -0.7471 -0.6626
vn 0.0532 0.7444 -0.6656
vn 0.5710 0.8209 -0.0000
vn -0.5418 0.8405 -0.0000
vn 0.0532 0.7445 0.6656
vt 1.000000 1.000000
vt 1.000000 0.872699
vt 0.000000 0.872699
vt 0.000000 1.000000
vt 0.751534 0.123466
vt 0.253067 0.123466
vt 0.253067 0.000000
vt 0.751534 0.000000
vt 0.751534 0.246933
vt 0.253067 0.246933
vt 0.253067 0.745399
vt 0.751534 0.745399
vt 0.751534 0.123466
vt 0.000000 0.745399
vt 0.126534 0.745399
vt 0.126534 0.000000
vt 0.000000 0.000000
vt 0.751534 0.745399
vt 0.875767 0.745399
vt 0.875767 0.246932
vt 0.751534 0.246932
vt 1.000000 0.745399
vt 0.875767 0.246933
vt 1.000000 0.246933
s 0
usemtl concrete06_trim
f 1409/1249/584 1412/1250/584 1414/1251/584 1410/1252/584
f 1410/1253/585 1419/1254/585 1411/1255/585 1409/1256/585
f 1411/1250/586 1415/1249/586 1412/1252/586 1409/1251/586
f 1416/1257/587 1413/1258/587 1412/1259/587 1415/1260/587
f 1413/1261/588 1420/1257/588 1414/1258/588 1412/1254/588
f 1418/1262/589 1416/1263/589 1415/1264/589 1417/1265/589
f 1419/1266/590 1417/1267/590 1415/1268/590 1411/1269/590
f 1420/1258/591 1418/1259/591 1417/1260/591 1414/1257/591
f 1410/1251/592 1414/1262/592 1417/1270/592 1419/1250/592
f 1420/1250/593 1423/1249/593 1421/1252/593 1418/1251/593
f 1418/1271/594 1421/1272/594 1422/1270/594 1416/1267/594
f 1413/1250/595 1424/1249/595 1423/1252/595 1420/1251/595
f 1416/1262/596 1422/1251/596 1424/1250/596 1413/1270/596
o pillars.043
v -35.659073 5.200000 -0.745623
v -35.659073 5.200000 -2.414375
v -30.085306 5.200000 -1.162811
v -35.818092 5.310606 -0.579998
v -36.504959 10.852050 -0.579998
v -35.818092 5.310605 -2.579998
v -29.913710 5.310605 -1.080000
v -30.600576 10.852049 -1.080000
v -29.913710 5.310605 -2.080000
v -30.600576 10.852049 -2.080000
v -30.085306 5.200000 -1.997187
v -36.504955 10.852049 -2.579998
v -30.759596 10.962654 -1.997187
v -30.759596 10.962654 -1.162811
v -36.333359 10.962654 -2.414375
v -36.333359 10.962655 -0.745623
vn -0.5710 -0.8209 -0.0000
vn -0.0000 -1.0000 -0.0000
vn 0.0529 -0.7471 0.6626
vn 0.0844 0.0105 0.9964
vn -0.9924 -0.1230 -0.0000
vn 0.9924 0.1230 -0.0000
vn 0.5418 -0.8405 -0.0000
vn 0.0844 0.0105 -0.9964
vn 0.0529 -0.7471 -0.6626
vn 0.0532 0.7444 -0.6656
vn 0.5710 0.8209 -0.0000
vn -0.5418 0.8405 -0.0000
vn 0.0532 0.7444 0.6656
vt 1.000000 1.000000
vt 1.000000 0.872699
vt 0.000000 0.872699
vt 0.000000 1.000000
vt 0.751534 0.123466
vt 0.253067 0.123466
vt 0.253067 0.000000
vt 0.751534 0.000000
vt 0.751534 0.246933
vt 0.253067 0.246933
vt 0.253067 0.745399
vt 0.751534 0.745399
vt 0.751534 0.123466
vt 0.000000 0.745399
vt 0.126534 0.745399
vt 0.126534 0.000000
vt 0.000000 0.000000
vt 0.751534 0.745399
vt 0.875767 0.745399
vt 0.875767 0.246932
vt 0.751534 0.246932
vt 1.000000 0.745399
vt 0.875767 0.246933
vt 1.000000 0.246933
s 0
usemtl concrete06_trim
f 1425/1273/597 1428/1274/597 1430/1275/597 1426/1276/597
f 1426/1277/598 1435/1278/598 1427/1279/598 1425/1280/598
f 1427/1274/599 1431/1273/599 1428/1276/599 1425/1275/599
f 1432/1281/600 1429/1282/600 1428/1283/600 1431/1284/600
f 1429/1285/601 1436/1281/601 1430/1282/601 1428/1278/601
f 1434/1286/602 1432/1287/602 1431/1288/602 1433/1289/602
f 1435/1290/603 1433/1291/603 1431/1292/603 1427/1293/603
f 1436/1282/604 1434/1283/604 1433/1284/604 1430/1281/604
f 1426/1275/605 1430/1286/605 1433/1294/605 1435/1274/605
f 1436/1274/606 1439/1273/606 1437/1276/606 1434/1275/606
f 1434/1295/607 1437/1296/607 1438/1294/607 1432/1291/607
f 1429/1274/608 1440/1273/608 1439/1276/608 1436/1275/608
f 1432/1286/609 1438/1275/609 1440/1274/609 1429/1294/609
o pillars.044
v -36.331379 10.962655 -0.745623
v -36.331379 10.962655 -2.414375
v -30.757614 10.962655 -1.162811
v -36.490398 11.073261 -0.579998
v -37.177265 16.614704 -0.579998
v -36.490398 11.073260 -2.579998
v -30.586018 11.073260 -1.080000
v -31.272884 16.614704 -1.080000
v -30.586018 11.073260 -2.080000
v -31.272884 16.614704 -2.080000
v -30.757614 10.962655 -1.997187
v -37.177265 16.614704 -2.579998
v -31.431904 16.725309 -1.997187
v -31.431904 16.725309 -1.162811
v -37.005669 16.725309 -2.414375
v -37.005669 16.725311 -0.745623
vn -0.5710 -0.8209 -0.0000
vn -0.0000 -1.0000 -0.0000
vn 0.0529 -0.7471 0.6626
vn 0.0844 0.0105 0.9964
vn -0.9924 -0.1230 -0.0000
vn 0.9924 0.1230 -0.0000
vn 0.5418 -0.8405 -0.0000
vn 0.0844 0.0105 -0.9964
vn 0.0529 -0.7471 -0.6626
vn 0.0532 0.7444 -0.6656
vn 0.5710 0.8209 -0.0000
vn -0.5418 0.8405 -0.0000
vn 0.0532 0.7444 0.6656
vt 1.000000 1.000000
vt 1.000000 0.872699
vt 0.000000 0.872699
vt 0.000000 1.000000
vt 0.751534 0.123466
vt 0.253067 0.123466
vt 0.253067 0.000000
vt 0.751534 0.000000
vt 0.751534 0.246933
vt 0.253067 0.246933
vt 0.253067 0.745399
vt 0.751534 0.745399
vt 0.751534 0.123466
vt 0.000000 0.745399
vt 0.126534 0.745399
vt 0.126534 0.000000
vt 0.000000 0.000000
vt 0.751534 0.745399
vt 0.875767 0.745399
vt 0.875767 0.246932
vt 0.751534 0.246932
vt 1.000000 0.745399
vt 0.875767 0.246933
vt 1.000000 0.246933
s 0
usemtl concrete06_trim
f 1441/1297/610 1444/1298/610 1446/1299/610 1442/1300/610
f 1442/1301/611 1451/1302/611 1443/1303/611 1441/1304/611
f 1443/1298/612 1447/1297/612 1444/1300/612 1441/1299/612
f 1448/1305/613 1445/1306/613 1444/1307/613 1447/1308/613
f 1445/1309/614 1452/1305/614 1446/1306/614 1444/1302/614
f 1450/1310/615 1448/1311/615 1447/1312/615 1449/1313/615
f 1451/1314/616 1449/1315/616 1447/1316/616 1443/1317/616
f 1452/1306/617 1450/1307/617 1449/1308/617 1446/1305/617
f 1442/1299/618 1446/1310/618 1449/1318/618 1451/1298/618
f 1452/1298/619 1455/1297/619 1453/1300/619 1450/1299/619
f 1450/1319/620 1453/1320/620 1454/1318/620 1448/1315/620
f 1445/1298/621 1456/1297/621 1455/1300/621 1452/1299/621
f 1448/1310/622 1454/1299/622 1456/1298/622 1445/1318/622
o pillars.045
v -37.003685 16.725311 -0.745623
v -37.003685 16.725311 -2.414375
v -31.429922 16.725311 -1.162811
v -37.162704 16.835915 -0.579998
v -37.849571 22.377361 -0.579998
v -37.162704 16.835915 -2.579998
v -31.258324 16.835915 -1.080000
v -31.945190 22.377361 -1.080000
v -31.258324 16.835915 -2.080000
v -31.945190 22.377361 -2.080000
v -31.429922 16.725311 -1.997187
v -37.849571 22.377361 -2.579998
v -32.104210 22.487965 -1.997187
v -32.104210 22.487965 -1.162811
v -37.677975 22.487965 -2.414375
v -37.677975 22.487965 -0.745623
vn -0.5710 -0.8209 -0.0000
vn -0.0000 -1.0000 -0.0000
vn 0.0529 -0.7471 0.6626
vn 0.0844 0.0105 0.9964
vn -0.9924 -0.1230 -0.0000
vn 0.9924 0.1230 -0.0000
vn 0.5418 -0.8405 -0.0000
vn 0.0844 0.0105 -0.9964
vn 0.0529 -0.7471 -0.6626
vn 0.0532 0.7445 -0.6656
vn 0.5710 0.8210 -0.0000
vn -0.5418 0.8405 -0.0000
vn 0.0532 0.7444 0.6656
vt 1.000000 1.000000
vt 1.000000 0.872699
vt 0.000000 0.872699
vt 0.000000 1.000000
vt 0.751534 0.123466
vt 0.253067 0.123466
vt 0.253067 0.000000
vt 0.751534 0.000000
vt 0.751534 0.246933
vt 0.253067 0.246933
vt 0.253067 0.745399
vt 0.751534 0.745399
vt 0.751534 0.123466
vt 0.000000 0.745399
vt 0.126534 0.745399
vt 0.126534 0.000000
vt 0.000000 0.000000
vt 0.751534 0.745399
vt 0.875767 0.745399
vt 0.875767 0.246932
vt 0.751534 0.246932
vt 1.000000 0.745399
vt 0.875767 0.246933
vt 1.000000 0.246933
s 0
usemtl concrete06_trim
f 1457/1321/623 1460/1322/623 1462/1323/623 1458/1324/623
f 1458/1325/624 1467/1326/624 1459/1327/624 1457/1328/624
f 1459/1322/625 1463/1321/625 1460/1324/625 1457/1323/625
f 1464/1329/626 1461/1330/626 1460/1331/626 1463/1332/626
f 1461/1333/627 1468/1329/627 1462/1330/627 1460/1326/627
f 1466/1334/628 1464/1335/628 1463/1336/628 1465/1337/628
f 1467/1338/629 1465/1339/629 1463/1340/629 1459/1341/629
f 1468/1330/630 1466/1331/630 1465/1332/630 1462/1329/630
f 1458/1323/631 1462/1334/631 1465/1342/631 1467/1322/631
f 1468/1322/632 1471/1321/632 1469/1324/632 1466/1323/632
f 1466/1343/633 1469/1344/633 1470/1342/633 1464/1339/633
f 1461/1322/634 1472/1321/634 1471/1324/634 1468/1323/634
f 1464/1334/635 1470/1323/635 1472/1322/635 1461/1342/635
o pillars.046
v -37.675991 22.487965 -0.745623
v -37.675991 22.487965 -2.414375
v -32.102230 22.487965 -1.162811
v -37.835011 22.598572 -0.579998
v -38.521881 28.140015 -0.579998
v -37.835011 22.598572 -2.579998
v -31.930632 22.598572 -1.080000
v -32.617496 28.140015 -1.080000
v -31.930632 22.598572 -2.080000
v -32.617496 28.140015 -2.080000
v -32.102230 22.487965 -1.997187
v -38.521877 28.140015 -2.579998
v -32.776516 28.250622 -1.997187
v -32.776516 28.250622 -1.162811
v -38.350281 28.250622 -2.414375
v -38.350281 28.250622 -0.745623
vn -0.5710 -0.8209 -0.0000
vn -0.0000 -1.0000 -0.0000
vn 0.0529 -0.7471 0.6626
vn 0.0844 0.0105 0.9964
vn -0.9924 -0.1230 -0.0000
vn 0.9924 0.1230 -0.0000
vn 0.5418 -0.8405 -0.0000
vn 0.0844 0.0105 -0.9964
vn 0.0529 -0.7471 -0.6626
vn 0.0532 0.7444 -0.6656
vn 0.5710 0.8209 -0.0000
vn -0.5418 0.8405 -0.0000
vn 0.0532 0.7444 0.6656
vt 1.000000 1.000000
vt 1.000000 0.872699
vt 0.000000 0.872699
vt 0.000000 1.000000
vt 0.751534 0.123466
vt 0.253067 0.123466
vt 0.253067 0.000000
vt 0.751534 0.000000
vt 0.751534 0.246933
vt 0.253067 0.246933
vt 0.253067 0.745399
vt 0.751534 0.745399
vt 0.751534 0.123466
vt 0.000000 0.745399
vt 0.126534 0.745399
vt 0.126534 0.000000
vt 0.000000 0.000000
vt 0.751534 0.745399
vt 0.875767 0.745399
vt 0.875767 0.246932
vt 0.751534 0.246932
vt 1.000000 0.745399
vt 0.875767 0.246933
vt 1.000000 0.246933
s 0
usemtl concrete06_trim
f 1473/1345/636 1476/1346/636 1478/1347/636 1474/1348/636
f 1474/1349/637 1483/1350/637 1475/1351/637 1473/1352/637
f 1475/1346/638 1479/1345/638 1476/1348/638 1473/1347/638
f 1480/1353/639 1477/1354/639 1476/1355/639 1479/1356/639
f 1477/1357/640 1484/1353/640 1478/1354/640 1476/1350/640
f 1482/1358/641 1480/1359/641 1479/1360/641 1481/1361/641
f 1483/1362/642 1481/1363/642 1479/1364/642 1475/1365/642
f 1484/1354/643 1482/1355/643 1481/1356/643 1478/1353/643
f 1474/1347/644 1478/1358/644 1481/1366/644 1483/1346/644
f 1484/1346/645 1487/1345/645 1485/1348/645 1482/1347/645
f 1482/1367/646 1485/1368/646 1486/1366/646 1480/1363/646
f 1477/1346/647 1488/1345/647 1487/1348/647 1484/1347/647
f 1480/1358/648 1486/1347/648 1488/1346/648 1477/1366/648
o pillars.047
v -38.348301 28.250622 -0.745623
v -38.348301 28.250622 -2.414375
v -32.774536 28.250622 -1.162811
v -38.507320 28.361225 -0.579998
v -39.194187 33.902672 -0.579998
v -38.507320 28.361225 -2.579998
v -32.602940 28.361225 -1.080000
v -33.289806 33.902672 -1.080000
v -32.602940 28.361225 -2.080000
v -33.289806 33.902672 -2.080000
v -32.774536 28.250622 -1.997187
v -39.194183 33.902672 -2.579998
v -33.448826 34.013275 -1.997187
v -33.448826 34.013275 -1.162811
v -39.022591 34.013275 -2.414375
v -39.022591 34.013275 -0.745623
vn -0.5710 -0.8209 -0.0000
vn -0.0000 -1.0000 -0.0000
vn 0.0529 -0.7471 0.6626
vn 0.0844 0.0105 0.9964
vn -0.9924 -0.1230 -0.0000
vn 0.9924 0.1230 -0.0000
vn 0.5418 -0.8405 -0.0000
vn 0.0844 0.0105 -0.9964
vn 0.0529 -0.7471 -0.6626
vn 0.0532 0.7445 -0.6655
vn 0.5710 0.8210 -0.0000
vn -0.5418 0.8405 -0.0000
vn 0.0532 0.7444 0.6656
vt 1.000000 1.000000
vt 1.000000 0.872699
vt 0.000000 0.872699
vt 0.000000 1.000000
vt 0.751534 0.123466
vt 0.253067 0.123466
vt 0.253067 0.000000
vt 0.751534 0.000000
vt 0.751534 0.246933
vt 0.253067 0.246933
vt 0.253067 0.745399
vt 0.751534 0.745399
vt 0.751534 0.123466
vt 0.000000 0.745399
vt 0.126534 0.745399
vt 0.126534 0.000000
vt 0.000000 0.000000
vt 0.751534 0.745399
vt 0.875767 0.745399
vt 0.875767 0.246932
vt 0.751534 0.246932
vt 1.000000 0.745399
vt 0.875767 0.246933
vt 1.000000 0.246933
s 0
usemtl concrete06_trim
f 1489/1369/649 1492/1370/649 1494/1371/649 1490/1372/649
f 1490/1373/650 1499/1374/650 1491/1375/650 1489/1376/650
f 1491/1370/651 1495/1369/651 1492/1372/651 1489/1371/651
f 1496/1377/652 1493/1378/652 1492/1379/652 1495/1380/652
f 1493/1381/653 1500/1377/653 1494/1378/653 1492/1374/653
f 1498/1382/654 1496/1383/654 1495/1384/654 1497/1385/654
f 1499/1386/655 1497/1387/655 1495/1388/655 1491/1389/655
f 1500/1378/656 1498/1379/656 1497/1380/656 1494/1377/656
f 1490/1371/657 1494/1382/657 1497/1390/657 1499/1370/657
f 1500/1370/658 1503/1369/658 1501/1372/658 1498/1371/658
f 1498/1391/659 1501/1392/659 1502/1390/659 1496/1387/659
f 1493/1370/660 1504/1369/660 1503/1372/660 1500/1371/660
f 1496/1382/661 1502/1371/661 1504/1370/661 1493/1390/661
o pillars.048
v -39.020607 34.013275 -0.745623
v -39.020607 34.013275 -2.414375
v -33.446842 34.013275 -1.162811
v -39.179626 34.123882 -0.579998
v -39.866493 39.665325 -0.579998
v -39.179626 34.123882 -2.579998
v -33.275246 34.123882 -1.080000
v -33.962112 39.665325 -1.080000
v -33.275246 34.123882 -2.080000
v -33.962112 39.665325 -2.080000
v -33.446842 34.013275 -1.997187
v -39.866493 39.665325 -2.579998
v -34.121132 39.775932 -1.997187
v -34.121132 39.775932 -1.162811
v -39.694897 39.775932 -2.414375
v -39.694897 39.775932 -0.745623
vn -0.5710 -0.8210 -0.0000
vn -0.0000 -1.0000 -0.0000
vn 0.0529 -0.7471 0.6626
vn 0.0844 0.0105 0.9964
vn -0.9924 -0.1230 -0.0000
vn 0.9924 0.1230 -0.0000
vn 0.5418 -0.8405 -0.0000
vn 0.0844 0.0105 -0.9964
vn 0.0529 -0.7471 -0.6626
vn 0.0532 0.7444 -0.6656
vn 0.5710 0.8209 -0.0000
vn -0.5418 0.8405 -0.0000
vn 0.0532 0.7444 0.6656
vt 1.000000 1.000000
vt 1.000000 0.872699
vt 0.000000 0.872699
vt 0.000000 1.000000
vt 0.751534 0.123466
vt 0.253067 0.123466
vt 0.253067 0.000000
vt 0.751534 0.000000
vt 0.751534 0.246933
vt 0.253067 0.246933
vt 0.253067 0.745399
vt 0.751534 0.745399
vt 0.751534 0.123466
vt 0.000000 0.745399
vt 0.126534 0.745399
vt 0.126534 0.000000
vt 0.000000 0.000000
vt 0.751534 0.745399
vt 0.875767 0.745399
vt 0.875767 0.246932
vt 0.751534 0.246932
vt 1.000000 0.745399
vt 0.875767 0.246933
vt 1.000000 0.246933
s 0
usemtl concrete06_trim
f 1505/1393/662 1508/1394/662 1510/1395/662 1506/1396/662
f 1506/1397/663 1515/1398/663 1507/1399/663 1505/1400/663
f 1507/1394/664 1511/1393/664 1508/1396/664 1505/1395/664
f 1512/1401/665 1509/1402/665 1508/1403/665 1511/1404/665
f 1509/1405/666 1516/1401/666 1510/1402/666 1508/1398/666
f 1514/1406/667 1512/1407/667 1511/1408/667 1513/1409/667
f 1515/1410/668 1513/1411/668 1511/1412/668 1507/1413/668
f 1516/1402/669 1514/1403/669 1513/1404/669 1510/1401/669
f 1506/1395/670 1510/1406/670 1513/1414/670 1515/1394/670
f 1516/1394/671 1519/1393/671 1517/1396/671 1514/1395/671
f 1514/1415/672 1517/1416/672 1518/1414/672 1512/1411/672
f 1509/1394/673 1520/1393/673 1519/1396/673 1516/1395/673
f 1512/1406/674 1518/1395/674 1520/1394/674 1509/1414/674
o pillars.049
v -39.692913 39.775932 -0.745623
v -39.692913 39.775932 -2.414375
v -34.119148 39.775932 -1.162811
v -39.851933 39.886539 -0.579998
v -40.538799 45.427982 -0.579998
v -39.851933 39.886536 -2.579998
v -33.947552 39.886536 -1.080000
v -34.634418 45.427982 -1.080000
v -33.947552 39.886536 -2.080000
v -34.634418 45.427982 -2.080000
v -34.119148 39.775932 -1.997187
v -40.538799 45.427982 -2.579998
v -34.793438 45.538586 -1.997187
v -34.793438 45.538586 -1.162811
v -40.367203 45.538586 -2.414375
v -40.367203 45.538586 -0.745623
vn -0.5710 -0.8209 -0.0000
vn -0.0000 -1.0000 -0.0000
vn 0.0529 -0.7471 0.6626
vn 0.0844 0.0105 0.9964
vn -0.9924 -0.1230 -0.0000
vn 0.9924 0.1230 -0.0000
vn 0.5418 -0.8405 -0.0000
vn 0.0844 0.0105 -0.9964
vn 0.0529 -0.7471 -0.6626
vn 0.0532 0.7445 -0.6655
vn 0.5710 0.8210 -0.0000
vn -0.5418 0.8405 -0.0000
vn 0.0532 0.7445 0.6656
vt 1.000000 1.000000
vt 1.000000 0.872699
vt 0.000000 0.872699
vt 0.000000 1.000000
vt 0.751534 0.123466
vt 0.253067 0.123466
vt 0.253067 0.000000
vt 0.751534 0.000000
vt 0.751534 0.246933
vt 0.253067 0.246933
vt 0.253067 0.745399
vt 0.751534 0.745399
vt 0.751534 0.123466
vt 0.000000 0.745399
vt 0.126534 0.745399
vt 0.126534 0.000000
vt 0.000000 0.000000
vt 0.751534 0.745399
vt 0.875767 0.745399
vt 0.875767 0.246932
vt 0.751534 0.246932
vt 1.000000 0.745399
vt 0.875767 0.246933
vt 1.000000 0.246933
s 0
usemtl concrete06_trim
f 1521/1417/675 1524/1418/675 1526/1419/675 1522/1420/675
f 1522/1421/676 1531/1422/676 1523/1423/676 1521/1424/676
f 1523/1418/677 1527/1417/677 1524/1420/677 1521/1419/677
f 1528/1425/678 1525/1426/678 1524/1427/678 1527/1428/678
f 1525/1429/679 1532/1425/679 1526/1426/679 1524/1422/679
f 1530/1430/680 1528/1431/680 1527/1432/680 1529/1433/680
f 1531/1434/681 1529/1435/681 1527/1436/681 1523/1437/681
f 1532/1426/682 1530/1427/682 1529/1428/682 1526/1425/682
f 1522/1419/683 1526/1430/683 1529/1438/683 1531/1418/683
f 1532/1418/684 1535/1417/684 1533/1420/684 1530/1419/684
f 1530/1439/685 1533/1440/685 1534/1438/685 1528/1435/685
f 1525/1418/686 1536/1417/686 1535/1420/686 1532/1419/686
f 1528/1430/687 1534/1419/687 1536/1418/687 1525/1438/687
o pillars.050
v -35.659073 5.200000 -3.925623
v -35.659073 5.200000 -5.594376
v -30.085306 5.200000 -4.342812
v -35.818092 5.310606 -3.759998
v -36.504959 10.852050 -3.759998
v -35.818092 5.310605 -5.759998
v -29.913710 5.310605 -4.260000
v -30.600576 10.852049 -4.260000
v -29.913710 5.310605 -5.260000
v -30.600576 10.852049 -5.260000
v -30.085306 5.200000 -5.177187
v -36.504955 10.852049 -5.759998
v -30.759596 10.962654 -5.177187
v -30.759596 10.962654 -4.342812
v -36.333359 10.962654 -5.594376
v -36.333359 10.962655 -3.925623
vn -0.5710 -0.8209 -0.0000
vn -0.0000 -1.0000 -0.0000
vn 0.0529 -0.7471 0.6626
vn 0.0844 0.0105 0.9964
vn -0.9924 -0.1230 -0.0000
vn 0.9924 0.1230 -0.0000
vn 0.5418 -0.8405 -0.0000
vn 0.0844 0.0105 -0.9964
vn 0.0529 -0.7471 -0.6626
vn 0.0532 0.7444 -0.6656
vn 0.5710 0.8209 -0.0000
vn -0.5418 0.8405 -0.0000
vn 0.0532 0.7444 0.6656
vt 1.000000 1.000000
vt 1.000000 0.872699
vt 0.000000 0.872699
vt 0.000000 1.000000
vt 0.751534 0.123466
vt 0.253067 0.123466
vt 0.253067 0.000000
vt 0.751534 0.000000
vt 0.751534 0.246933
vt 0.253067 0.246933
vt 0.253067 0.745399
vt 0.751534 0.745399
vt 0.751534 0.123466
vt 0.000000 0.745399
vt 0.126534 0.745399
vt 0.126534 0.000000
vt 0.000000 0.000000
vt 0.751534 0.745399
vt 0.875767 0.745399
vt 0.875767 0.246932
vt 0.751534 0.246932
vt 1.000000 0.745399
vt 0.875767 0.246933
vt 1.000000 0.246933
s 0
usemtl concrete06_trim
f 1537/1441/688 1540/1442/688 1542/1443/688 1538/1444/688
f 1538/1445/689 1547/1446/689 1539/1447/689 1537/1448/689
f 1539/1442/690 1543/1441/690 1540/1444/690 1537/1443/690
f 1544/1449/691 1541/1450/691 1540/1451/691 1543/1452/691
f 1541/1453/692 1548/1449/692 1542/1450/692 1540/1446/692
f 1546/1454/693 1544/1455/693 1543/1456/693 1545/1457/693
f 1547/1458/694 1545/1459/694 1543/1460/694 1539/1461/694
f 1548/1450/695 1546/1451/695 1545/1452/695 1542/1449/695
f 1538/1443/696 1542/1454/696 1545/1462/696 1547/1442/696
f 1548/1442/697 1551/1441/697 1549/1444/697 1546/1443/697
f 1546/1463/698 1549/1464/698 1550/1462/698 1544/1459/698
f 1541/1442/699 1552/1441/699 1551/1444/699 1548/1443/699
f 1544/1454/700 1550/1443/700 1552/1442/700 1541/1462/700
o pillars.051
v -36.331379 10.962655 -3.925623
v -36.331379 10.962655 -5.594376
v -30.757614 10.962655 -4.342812
v -36.490398 11.073261 -3.759998
v -37.177265 16.614704 -3.759998
v -36.490398 11.073260 -5.759998
v -30.586018 11.073260 -4.260000
v -31.272884 16.614704 -4.260000
v -30.586018 11.073260 -5.260000
v -31.272884 16.614704 -5.260000
v -30.757614 10.962655 -5.177187
v -37.177265 16.614704 -5.759998
v -31.431904 16.725309 -5.177187
v -31.431904 16.725309 -4.342812
v -37.005669 16.725309 -5.594376
v -37.005669 16.725311 -3.925623
vn -0.5710 -0.8209 -0.0000
vn -0.0000 -1.0000 -0.0000
vn 0.0529 -0.7471 0.6626
vn 0.0844 0.0105 0.9964
vn -0.9924 -0.1230 -0.0000
vn 0.9924 0.1230 -0.0000
vn 0.5418 -0.8405 -0.0000
vn 0.0844 0.0105 -0.9964
vn 0.0529 -0.7471 -0.6626
vn 0.0532 0.7444 -0.6656
vn 0.5710 0.8209 -0.0000
vn -0.5418 0.8405 -0.0000
vn 0.0532 0.7444 0.6656
vt 1.000000 1.000000
vt 1.000000 0.872699
vt 0.000000 0.872699
vt 0.000000 1.000000
vt 0.751534 0.123466
vt 0.253067 0.123466
vt 0.253067 0.000000
vt 0.751534 0.000000
vt 0.751534 0.246933
vt 0.253067 0.246933
vt 0.253067 0.745399
vt 0.751534 0.745399
vt 0.751534 0.123466
vt 0.000000 0.745399
vt 0.126534 0.745399
vt 0.126534 0.000000
vt 0.000000 0.000000
vt 0.751534 0.745399
vt 0.875767 0.745399
vt 0.875767 0.246932
vt 0.751534 0.246932
vt 1.000000 0.745399
vt 0.875767 0.246933
vt 1.000000 0.246933
s 0
usemtl concrete06_trim
f 1553/1465/701 1556/1466/701 1558/1467/701 1554/1468/701
f 1554/1469/702 1563/1470/702 1555/1471/702 1553/1472/702
f 1555/1466/703 1559/1465/703 1556/1468/703 1553/1467/703
f 1560/1473/704 1557/1474/704 1556/1475/704 1559/1476/704
f 1557/1477/705 1564/1473/705 1558/1474/705 1556/1470/705
f 1562/1478/706 1560/1479/706 1559/1480/706 1561/1481/706
f 1563/1482/707 1561/1483/707 1559/1484/707 1555/1485/707
f 1564/1474/708 1562/1475/708 1561/1476/708 1558/1473/708
f 1554/1467/709 1558/1478/709 1561/1486/709 1563/1466/709
f 1564/1466/710 1567/1465/710 1565/1468/710 1562/1467/710
f 1562/1487/711 1565/1488/711 1566/1486/711 1560/1483/711
f 1557/1466/712 1568/1465/712 1567/1468/712 1564/1467/712
f 1560/1478/713 1566/1467/713 1568/1466/713 1557/1486/713
o pillars.052
v -37.003685 16.725311 -3.925623
v -37.003685 16.725311 -5.594376
v -31.429922 16.725311 -4.342812
v -37.162704 16.835915 -3.759998
v -37.849571 22.377361 -3.759998
v -37.162704 16.835915 -5.759998
v -31.258324 16.835915 -4.260000
v -31.945190 22.377361 -4.260000
v -31.258324 16.835915 -5.260000
v -31.945190 22.377361 -5.260000
v -31.429922 16.725311 -5.177187
v -37.849571 22.377361 -5.759998
v -32.104210 22.487965 -5.177187
v -32.104210 22.487965 -4.342812
v -37.677975 22.487965 -5.594376
v -37.677975 22.487965 -3.925623
vn -0.5710 -0.8209 -0.0000
vn -0.0000 -1.0000 -0.0000
vn 0.0529 -0.7471 0.6626
vn 0.0844 0.0105 0.9964
vn -0.9924 -0.1230 -0.0000
vn 0.9924 0.1230 -0.0000
vn 0.5418 -0.8405 -0.0000
vn 0.0844 0.0105 -0.9964
vn 0.0529 -0.7471 -0.6626
vn 0.0532 0.7445 -0.6656
vn 0.5710 0.8210 -0.0000
vn -0.5418 0.8405 -0.0000
vn 0.0532 0.7444 0.6656
vt 1.000000 1.000000
vt 1.000000 0.872699
vt 0.000000 0.872699
vt 0.000000 1.000000
vt 0.751534 0.123466
vt 0.253067 0.123466
vt 0.253067 0.000000
vt 0.751534 0.000000
vt 0.751534 0.246933
vt 0.253067 0.246933
vt 0.253067 0.745399
vt 0.751534 0.745399
vt 0.751534 0.123466
vt 0.000000 0.745399
vt 0.126534 0.745399
vt 0.126534 0.000000
vt 0.000000 0.000000
vt 0.751534 0.745399
vt 0.875767 0.745399
vt 0.875767 0.246932
vt 0.751534 0.246932
vt 1.000000 0.745399
vt 0.875767 0.246933
vt 1.000000 0.246933
s 0
usemtl concrete06_trim
f 1569/1489/714 1572/1490/714 1574/1491/714 1570/1492/714
f 1570/1493/715 1579/1494/715 1571/1495/715 1569/1496/715
f 1571/1490/716 1575/1489/716 1572/1492/716 1569/1491/716
f 1576/1497/717 1573/1498/717 1572/1499/717 1575/1500/717
f 1573/1501/718 1580/1497/718 1574/1498/718 1572/1494/718
f 1578/1502/719 1576/1503/719 1575/1504/719 1577/1505/719
f 1579/1506/720 1577/1507/720 1575/1508/720 1571/1509/720
f 1580/1498/721 1578/1499/721 1577/1500/721 1574/1497/721
f 1570/1491/722 1574/1502/722 1577/1510/722 1579/1490/722
f 1580/1490/723 1583/1489/723 1581/1492/723 1578/1491/723
f 1578/1511/724 1581/1512/724 1582/1510/724 1576/1507/724
f 1573/1490/725 1584/1489/725 1583/1492/725 1580/1491/725
f 1576/1502/726 1582/1491/726 1584/1490/726 1573/1510/726
o pillars.053
v -37.675991 22.487965 -3.925623
v -37.675991 22.487965 -5.594376
v -32.102230 22.487965 -4.342812
v -37.835011 22.598572 -3.759998
v -38.521881 28.140015 -3.759998
v -37.835011 22.598572 -5.759998
v -31.930632 22.598572 -4.260000
v -32.617496 28.140015 -4.260000
v -31.930632 22.598572 -5.260000
v -32.617496 28.140015 -5.260000
v -32.102230 22.487965 -5.177187
v -38.521877 28.140015 -5.759998
v -32.776516 28.250622 -5.177187
v -32.776516 28.250622 -4.342812
v -38.350281 28.250622 -5.594376
v -38.350281 28.250622 -3.925623
vn -0.5710 -0.8209 -0.0000
vn -0.0000 -1.0000 -0.0000
vn 0.0529 -0.7471 0.6626
vn 0.0844 0.0105 0.9964
vn -0.9924 -0.1230 -0.0000
vn 0.9924 0.1230 -0.0000
vn 0.5418 -0.8405 -0.0000
vn 0.0844 0.0105 -0.9964
vn 0.0529 -0.7471 -0.6626
vn 0.0532 0.7444 -0.6656
vn 0.5710 0.8209 -0.0000
vn -0.5418 0.8405 -0.0000
vn 0.0532 0.7444 0.6656
vt 1.000000 1.000000
vt 1.000000 0.872699
vt 0.000000 0.872699
vt 0.000000 1.000000
vt 0.751534 0.123466
vt 0.253067 0.123466
vt 0.253067 0.000000
vt 0.751534 0.000000
vt 0.751534 0.246933
vt 0.253067 0.246933
vt 0.253067 0.745399
vt 0.751534 0.745399
vt 0.751534 0.123466
vt 0.000000 0.745399
vt 0.126534 0.745399
vt 0.126534 0.000000
vt 0.000000 0.000000
vt 0.751534 0.745399
vt 0.875767 0.745399
vt 0.875767 0.246932
vt 0.751534 0.246932
vt 1.000000 0.745399
vt 0.875767 0.246933
vt 1.000000 0.246933
s 0
usemtl concrete06_trim
f 1585/1513/727 1588/1514/727 1590/1515/727 1586/1516/727
f 1586/1517/728 1595/1518/728 1587/1519/728 1585/1520/728
f 1587/1514/729 1591/1513/729 1588/1516/729 1585/1515/729
f 1592/1521/730 1589/1522/730 1588/1523/730 1591/1524/730
f 1589/1525/731 1596/1521/731 1590/1522/731 1588/1518/731
f 1594/1526/732 1592/1527/732 1591/1528/732 1593/1529/732
f 1595/1530/733 1593/1531/733 1591/1532/733 1587/1533/733
f 1596/1522/734 1594/1523/734 1593/1524/734 1590/1521/734
f 1586/1515/735 1590/1526/735 1593/1534/735 1595/1514/735
f 1596/1514/736 1599/1513/736 1597/1516/736 1594/1515/736
f 1594/1535/737 1597/1536/737 1598/1534/737 1592/1531/737
f 1589/1514/738 1600/1513/738 1599/1516/738 1596/1515/738
f 1592/1526/739 1598/1515/739 1600/1514/739 1589/1534/739
o pillars.054
v -38.348301 28.250622 -3.925623
v -38.348301 28.250622 -5.594376
v -32.774536 28.250622 -4.342812
v -38.507320 28.361225 -3.759998
v -39.194187 33.902672 -3.759998
v -38.507320 28.361225 -5.759998
v -32.602940 28.361225 -4.260000
v -33.289806 33.902672 -4.260000
v -32.602940 28.361225 -5.260000
v -33.289806 33.902672 -5.260000
v -32.774536 28.250622 -5.177187
v -39.194183 33.902672 -5.759998
v -33.448826 34.013275 -5.177187
v -33.448826 34.013275 -4.342812
v -39.022591 34.013275 -5.594376
v -39.022591 34.013275 -3.925623
vn -0.5710 -0.8209 -0.0000
vn -0.0000 -1.0000 -0.0000
vn 0.0529 -0.7471 0.6626
vn 0.0844 0.0105 0.9964
vn -0.9924 -0.1230 -0.0000
vn 0.9924 0.1230 -0.0000
vn 0.5418 -0.8405 -0.0000
vn 0.0844 0.0105 -0.9964
vn 0.0529 -0.7471 -0.6626
vn 0.0532 0.7445 -0.6656
vn 0.5710 0.8210 -0.0000
vn -0.5418 0.8405 -0.0000
vn 0.0532 0.7444 0.6656
vt 1.000000 1.000000
vt 1.000000 0.872699
vt 0.000000 0.872699
vt 0.000000 1.000000
vt 0.751534 0.123466
vt 0.253067 0.123466
vt 0.253067 0.000000
vt 0.751534 0.000000
vt 0.751534 0.246933
vt 0.253067 0.246933
vt 0.253067 0.745399
vt 0.751534 0.745399
vt 0.751534 0.123466
vt 0.000000 0.745399
vt 0.126534 0.745399
vt 0.126534 0.000000
vt 0.000000 0.000000
vt 0.751534 0.745399
vt 0.875767 0.745399
vt 0.875767 0.246932
vt 0.751534 0.246932
vt 1.000000 0.745399
vt 0.875767 0.246933
vt 1.000000 0.246933
s 0
usemtl concrete06_trim
f 1601/1537/740 1604/1538/740 1606/1539/740 1602/1540/740
f 1602/1541/741 1611/1542/741 1603/1543/741 1601/1544/741
f 1603/1538/742 1607/1537/742 1604/1540/742 1601/1539/742
f 1608/1545/743 1605/1546/743 1604/1547/743 1607/1548/743
f 1605/1549/744 1612/1545/744 1606/1546/744 1604/1542/744
f 1610/1550/745 1608/1551/745 1607/1552/745 1609/1553/745
f 1611/1554/746 1609/1555/746 1607/1556/746 1603/1557/746
f 1612/1546/747 1610/1547/747 1609/1548/747 1606/1545/747
f 1602/1539/748 1606/1550/748 1609/1558/748 1611/1538/748
f 1612/1538/749 1615/1537/749 1613/1540/749 1610/1539/749
f 1610/1559/750 1613/1560/750 1614/1558/750 1608/1555/750
f 1605/1538/751 1616/1537/751 1615/1540/751 1612/1539/751
f 1608/1550/752 1614/1539/752 1616/1538/752 1605/1558/752
o pillars.055
v -39.020607 34.013275 -3.925623
v -39.020607 34.013275 -5.594376
v -33.446842 34.013275 -4.342812
v -39.179626 34.123882 -3.759998
v -39.866493 39.665325 -3.759998
v -39.179626 34.123882 -5.759998
v -33.275246 34.123882 -4.260000
v -33.962112 39.665325 -4.260000
v -33.275246 34.123882 -5.260000
v -33.962112 39.665325 -5.260000
v -33.446842 34.013275 -5.177187
v -39.866493 39.665325 -5.759998
v -34.121132 39.775932 -5.177187
v -34.121132 39.775932 -4.342812
v -39.694897 39.775932 -5.594376
v -39.694897 39.775932 -3.925623
vn -0.5710 -0.8210 -0.0000
vn -0.0000 -1.0000 -0.0000
vn 0.0529 -0.7471 0.6626
vn 0.0844 0.0105 0.9964
vn -0.9924 -0.1230 -0.0000
vn 0.9924 0.1230 -0.0000
vn 0.5418 -0.8405 -0.0000
vn 0.0844 0.0105 -0.9964
vn 0.0529 -0.7471 -0.6626
vn 0.0532 0.7444 -0.6656
vn 0.5710 0.8209 -0.0000
vn -0.5418 0.8405 -0.0000
vn 0.0532 0.7444 0.6656
vt 1.000000 1.000000
vt 1.000000 0.872699
vt 0.000000 0.872699
vt 0.000000 1.000000
vt 0.751534 0.123466
vt 0.253067 0.123466
vt 0.253067 0.000000
vt 0.751534 0.000000
vt 0.751534 0.246933
vt 0.253067 0.246933
vt 0.253067 0.745399
vt 0.751534 0.745399
vt 0.751534 0.123466
vt 0.000000 0.745399
vt 0.126534 0.745399
vt 0.126534 0.000000
vt 0.000000 0.000000
vt 0.751534 0.745399
vt 0.875767 0.745399
vt 0.875767 0.246932
vt 0.751534 0.246932
vt 1.000000 0.745399
vt 0.875767 0.246933
vt 1.000000 0.246933
s 0
usemtl concrete06_trim
f 1617/1561/753 1620/1562/753 1622/1563/753 1618/1564/753
f 1618/1565/754 1627/1566/754 1619/1567/754 1617/1568/754
f 1619/1562/755 1623/1561/755 1620/1564/755 1617/1563/755
f 1624/1569/756 1621/1570/756 1620/1571/756 1623/1572/756
f 1621/1573/757 1628/1569/757 1622/1570/757 1620/1566/757
f 1626/1574/758 1624/1575/758 1623/1576/758 1625/1577/758
f 1627/1578/759 1625/1579/759 1623/1580/759 1619/1581/759
f 1628/1570/760 1626/1571/760 1625/1572/760 1622/1569/760
f 1618/1563/761 1622/1574/761 1625/1582/761 1627/1562/761
f 1628/1562/762 1631/1561/762 1629/1564/762 1626/1563/762
f 1626/1583/763 1629/1584/763 1630/1582/763 1624/1579/763
f 1621/1562/764 1632/1561/764 1631/1564/764 1628/1563/764
f 1624/1574/765 1630/1563/765 1632/1562/765 1621/1582/765
o pillars.056
v -39.692913 39.775932 -3.925623
v -39.692913 39.775932 -5.594376
v -34.119148 39.775932 -4.342812
v -39.851933 39.886539 -3.759998
v -40.538799 45.427982 -3.759998
v -39.851933 39.886536 -5.759998
v -33.947552 39.886536 -4.260000
v -34.634418 45.427982 -4.260000
v -33.947552 39.886536 -5.260000
v -34.634418 45.427982 -5.260000
v -34.119148 39.775932 -5.177187
v -40.538799 45.427982 -5.759998
v -34.793438 45.538586 -5.177187
v -34.793438 45.538586 -4.342812
v -40.367203 45.538586 -5.594376
v -40.367203 45.538586 -3.925623
vn -0.5710 -0.8209 -0.0000
vn -0.0000 -1.0000 -0.0000
vn 0.0529 -0.7471 0.6626
vn 0.0844 0.0105 0.9964
vn -0.9924 -0.1230 -0.0000
vn 0.9924 0.1230 -0.0000
vn 0.5418 -0.8405 -0.0000
vn 0.0844 0.0105 -0.9964
vn 0.0529 -0.7471 -0.6626
vn 0.0532 0.7445 -0.6656
vn 0.5710 0.8210 -0.0000
vn -0.5418 0.8405 -0.0000
vn 0.0532 0.7445 0.6656
vt 1.000000 1.000000
vt 1.000000 0.872699
vt 0.000000 0.872699
vt 0.000000 1.000000
vt 0.751534 0.123466
vt 0.253067 0.123466
vt 0.253067 0.000000
vt 0.751534 0.000000
vt 0.751534 0.246933
vt 0.253067 0.246933
vt 0.253067 0.745399
vt 0.751534 0.745399
vt 0.751534 0.123466
vt 0.000000 0.745399
vt 0.126534 0.745399
vt 0.126534 0.000000
vt 0.000000 0.000000
vt 0.751534 0.745399
vt 0.875767 0.745399
vt 0.875767 0.246932
vt 0.751534 0.246932
vt 1.000000 0.745399
vt 0.875767 0.246933
vt 1.000000 0.246933
s 0
usemtl concrete06_trim
f 1633/1585/766 1636/1586/766 1638/1587/766 1634/1588/766
f 1634/1589/767 1643/1590/767 1635/1591/767 1633/1592/767
f 1635/1586/768 1639/1585/768 1636/1588/768 1633/1587/768
f 1640/1593/769 1637/1594/769 1636/1595/769 1639/1596/769
f 1637/1597/770 1644/1593/770 1638/1594/770 1636/1590/770
f 1642/1598/771 1640/1599/771 1639/1600/771 1641/1601/771
f 1643/1602/772 1641/1603/772 1639/1604/772 1635/1605/772
f 1644/1594/773 1642/1595/773 1641/1596/773 1638/1593/773
f 1634/1587/774 1638/1598/774 1641/1606/774 1643/1586/774
f 1644/1586/775 1647/1585/775 1645/1588/775 1642/1587/775
f 1642/1607/776 1645/1608/776 1646/1606/776 1640/1603/776
f 1637/1586/777 1648/1585/777 1647/1588/777 1644/1587/777
f 1640/1598/778 1646/1587/778 1648/1586/778 1637/1606/778
o pillars.057
v -35.659073 5.200000 -7.105623
v -35.659073 5.200000 -8.774376
v -30.085306 5.200000 -7.522812
v -35.818092 5.310606 -6.939999
v -36.504959 10.852050 -6.939999
v -35.818092 5.310605 -8.939999
v -29.913710 5.310605 -7.440001
v -30.600576 10.852049 -7.440001
v -29.913710 5.310605 -8.440001
v -30.600576 10.852049 -8.440001
v -30.085306 5.200000 -8.357187
v -36.504955 10.852049 -8.939999
v -30.759596 10.962654 -8.357187
v -30.759596 10.962654 -7.522812
v -36.333359 10.962654 -8.774376
v -36.333359 10.962655 -7.105623
vn -0.5710 -0.8209 -0.0000
vn -0.0000 -1.0000 -0.0000
vn 0.0529 -0.7471 0.6626
vn 0.0844 0.0105 0.9964
vn -0.9924 -0.1230 -0.0000
vn 0.9924 0.1230 -0.0000
vn 0.5418 -0.8405 -0.0000
vn 0.0844 0.0105 -0.9964
vn 0.0529 -0.7471 -0.6626
vn 0.0532 0.7445 -0.6656
vn 0.5710 0.8209 -0.0000
vn -0.5418 0.8405 -0.0000
vn 0.0532 0.7445 0.6656
vt 1.000000 1.000000
vt 1.000000 0.872699
vt 0.000000 0.872699
vt 0.000000 1.000000
vt 0.751534 0.123466
vt 0.253067 0.123466
vt 0.253067 0.000000
vt 0.751534 0.000000
vt 0.751534 0.246933
vt 0.253067 0.246933
vt 0.253067 0.745399
vt 0.751534 0.745399
vt 0.751534 0.123466
vt 0.000000 0.745399
vt 0.126534 0.745399
vt 0.126534 0.000000
vt 0.000000 0.000000
vt 0.751534 0.745399
vt 0.875767 0.745399
vt 0.875767 0.246932
vt 0.751534 0.246932
vt 1.000000 0.745399
vt 0.875767 0.246933
vt 1.000000 0.246933
s 0
usemtl concrete06_trim
f 1649/1609/779 1652/1610/779 1654/1611/779 1650/1612/779
f 1650/1613/780 1659/1614/780 1651/1615/780 1649/1616/780
f 1651/1610/781 1655/1609/781 1652/1612/781 1649/1611/781
f 1656/1617/782 1653/1618/782 1652/1619/782 1655/1620/782
f 1653/1621/783 1660/1617/783 1654/1618/783 1652/1614/783
f 1658/1622/784 1656/1623/784 1655/1624/784 1657/1625/784
f 1659/1626/785 1657/1627/785 1655/1628/785 1651/1629/785
f 1660/1618/786 1658/1619/786 1657/1620/786 1654/1617/786
f 1650/1611/787 1654/1622/787 1657/1630/787 1659/1610/787
f 1660/1610/788 1663/1609/788 1661/1612/788 1658/1611/788
f 1658/1631/789 1661/1632/789 1662/1630/789 1656/1627/789
f 1653/1610/790 1664/1609/790 1663/1612/790 1660/1611/790
f 1656/1622/791 1662/1611/791 1664/1610/791 1653/1630/791
o pillars.058
v -36.331379 10.962655 -7.105623
v -36.331379 10.962655 -8.774376
v -30.757614 10.962655 -7.522812
v -36.490398 11.073261 -6.939999
v -37.177265 16.614704 -6.939999
v -36.490398 11.073260 -8.939999
v -30.586018 11.073260 -7.440001
v -31.272884 16.614704 -7.440001
v -30.586018 11.073260 -8.440001
v -31.272884 16.614704 -8.440001
v -30.757614 10.962655 -8.357187
v -37.177265 16.614704 -8.939999
v -31.431904 16.725309 -8.357187
v -31.431904 16.725309 -7.522812
v -37.005669 16.725309 -8.774376
v -37.005669 16.725311 -7.105623
vn -0.5710 -0.8209 -0.0000
vn -0.0000 -1.0000 -0.0000
vn 0.0529 -0.7471 0.6626
vn 0.0844 0.0105 0.9964
vn -0.9924 -0.1230 -0.0000
vn 0.9924 0.1230 -0.0000
vn 0.5418 -0.8405 -0.0000
vn 0.0844 0.0105 -0.9964
vn 0.0529 -0.7471 -0.6626
vn 0.0532 0.7444 -0.6656
vn 0.5710 0.8209 -0.0000
vn -0.5418 0.8405 -0.0000
vn 0.0532 0.7445 0.6656
vt 1.000000 1.000000
vt 1.000000 0.872699
vt 0.000000 0.872699
vt 0.000000 1.000000
vt 0.751534 0.123466
vt 0.253067 0.123466
vt 0.253067 0.000000
vt 0.751534 0.000000
vt 0.751534 0.246933
vt 0.253067 0.246933
vt 0.253067 0.745399
vt 0.751534 0.745399
vt 0.751534 0.123466
vt 0.000000 0.745399
vt 0.126534 0.745399
vt 0.126534 0.000000
vt 0.000000 0.000000
vt 0.751534 0.745399
vt 0.875767 0.745399
vt 0.875767 0.246932
vt 0.751534 0.246932
vt 1.000000 0.745399
vt 0.875767 0.246933
vt 1.000000 0.246933
s 0
usemtl concrete06_trim
f 1665/1633/792 1668/1634/792 1670/1635/792 1666/1636/792
f 1666/1637/793 1675/1638/793 1667/1639/793 1665/1640/793
f 1667/1634/794 1671/1633/794 1668/1636/794 1665/1635/794
f 1672/1641/795 1669/1642/795 1668/1643/795 1671/1644/795
f 1669/1645/796 1676/1641/796 1670/1642/796 1668/1638/796
f 1674/1646/797 1672/1647/797 1671/1648/797 1673/1649/797
f 1675/1650/798 1673/1651/798 1671/1652/798 1667/1653/798
f 1676/1642/799 1674/1643/799 1673/1644/799 1670/1641/799
f 1666/1635/800 1670/1646/800 1673/1654/800 1675/1634/800
f 1676/1634/801 1679/1633/801 1677/1636/801 1674/1635/801
f 1674/1655/802 1677/1656/802 1678/1654/802 1672/1651/802
f 1669/1634/803 1680/1633/803 1679/1636/803 1676/1635/803
f 1672/1646/804 1678/1635/804 1680/1634/804 1669/1654/804
o pillars.059
v -37.003685 16.725311 -7.105623
v -37.003685 16.725311 -8.774376
v -31.429922 16.725311 -7.522812
v -37.162704 16.835915 -6.939999
v -37.849571 22.377361 -6.939999
v -37.162704 16.835915 -8.939999
v -31.258324 16.835915 -7.440001
v -31.945190 22.377361 -7.440001
v -31.258324 16.835915 -8.440001
v -31.945190 22.377361 -8.440001
v -31.429922 16.725311 -8.357187
v -37.849571 22.377361 -8.939999
v -32.104210 22.487965 -8.357187
v -32.104210 22.487965 -7.522812
v -37.677975 22.487965 -8.774376
v -37.677975 22.487965 -7.105623
vn -0.5710 -0.8209 -0.0000
vn -0.0000 -1.0000 -0.0000
vn 0.0529 -0.7471 0.6626
vn 0.0844 0.0105 0.9964
vn -0.9924 -0.1230 -0.0000
vn 0.9924 0.1230 -0.0000
vn 0.5418 -0.8405 -0.0000
vn 0.0844 0.0105 -0.9964
vn 0.0529 -0.7471 -0.6626
vn 0.0532 0.7445 -0.6655
vn 0.5710 0.8209 -0.0000
vn -0.5418 0.8405 -0.0000
vn 0.0532 0.7445 0.6656
vt 1.000000 1.000000
vt 1.000000 0.872699
vt 0.000000 0.872699
vt 0.000000 1.000000
vt 0.751534 0.123466
vt 0.253067 0.123466
vt 0.253067 0.000000
vt 0.751534 0.000000
vt 0.751534 0.246933
vt 0.253067 0.246933
vt 0.253067 0.745399
vt 0.751534 0.745399
vt 0.751534 0.123466
vt 0.000000 0.745399
vt 0.126534 0.745399
vt 0.126534 0.000000
vt 0.000000 0.000000
vt 0.751534 0.745399
vt 0.875767 0.745399
vt 0.875767 0.246932
vt 0.751534 0.246932
vt 1.000000 0.745399
vt 0.875767 0.246933
vt 1.000000 0.246933
s 0
usemtl concrete06_trim
f 1681/1657/805 1684/1658/805 1686/1659/805 1682/1660/805
f 1682/1661/806 1691/1662/806 1683/1663/806 1681/1664/806
f 1683/1658/807 1687/1657/807 1684/1660/807 1681/1659/807
f 1688/1665/808 1685/1666/808 1684/1667/808 1687/1668/808
f 1685/1669/809 1692/1665/809 1686/1666/809 1684/1662/809
f 1690/1670/810 1688/1671/810 1687/1672/810 1689/1673/810
f 1691/1674/811 1689/1675/811 1687/1676/811 1683/1677/811
f 1692/1666/812 1690/1667/812 1689/1668/812 1686/1665/812
f 1682/1659/813 1686/1670/813 1689/1678/813 1691/1658/813
f 1692/1658/814 1695/1657/814 1693/1660/814 1690/1659/814
f 1690/1679/815 1693/1680/815 1694/1678/815 1688/1675/815
f 1685/1658/816 1696/1657/816 1695/1660/816 1692/1659/816
f 1688/1670/817 1694/1659/817 1696/1658/817 1685/1678/817
o pillars.060
v -37.675991 22.487965 -7.105623
v -37.675991 22.487965 -8.774376
v -32.102230 22.487965 -7.522812
v -37.835011 22.598572 -6.939999
v -38.521881 28.140015 -6.939999
v -37.835011 22.598572 -8.939999
v -31.930632 22.598572 -7.440001
v -32.617496 28.140015 -7.440001
v -31.930632 22.598572 -8.440001
v -32.617496 28.140015 -8.440001
v -32.102230 22.487965 -8.357187
v -38.521877 28.140015 -8.939999
v -32.776516 28.250622 -8.357187
v -32.776516 28.250622 -7.522812
v -38.350281 28.250622 -8.774376
v -38.350281 28.250622 -7.105623
vn -0.5710 -0.8209 -0.0000
vn -0.0000 -1.0000 -0.0000
vn 0.0529 -0.7471 0.6626
vn 0.0844 0.0105 0.9964
vn -0.9924 -0.1230 -0.0000
vn 0.9924 0.1230 -0.0000
vn 0.5418 -0.8405 -0.0000
vn 0.0844 0.0105 -0.9964
vn 0.0529 -0.7471 -0.6626
vn 0.0532 0.7444 -0.6656
vn 0.5710 0.8209 -0.0000
vn -0.5418 0.8405 -0.0000
vn 0.0532 0.7444 0.6656
vt 1.000000 1.000000
vt 1.000000 0.872699
vt 0.000000 0.872699
vt 0.000000 1.000000
vt 0.751534 0.123466
vt 0.253067 0.123466
vt 0.253067 0.000000
vt 0.751534 0.000000
vt 0.751534 0.246933
vt 0.253067 0.246933
vt 0.253067 0.745399
vt 0.751534 0.745399
vt 0.751534 0.123466
vt 0.000000 0.745399
vt 0.126534 0.745399
vt 0.126534 0.000000
vt 0.000000 0.000000
vt 0.751534 0.745399
vt 0.875767 0.745399
vt 0.875767 0.246932
vt 0.751534 0.246932
vt 1.000000 0.745399
vt 0.875767 0.246933
vt 1.000000 0.246933
s 0
usemtl concrete06_trim
f 1697/1681/818 1700/1682/818 1702/1683/818 1698/1684/818
f 1698/1685/819 1707/1686/819 1699/1687/819 1697/1688/819
f 1699/1682/820 1703/1681/820 1700/1684/820 1697/1683/820
f 1704/1689/821 1701/1690/821 1700/1691/821 1703/1692/821
f 1701/1693/822 1708/1689/822 1702/1690/822 1700/1686/822
f 1706/1694/823 1704/1695/823 1703/1696/823 1705/1697/823
f 1707/1698/824 1705/1699/824 1703/1700/824 1699/1701/824
f 1708/1690/825 1706/1691/825 1705/1692/825 1702/1689/825
f 1698/1683/826 1702/1694/826 1705/1702/826 1707/1682/826
f 1708/1682/827 1711/1681/827 1709/1684/827 1706/1683/827
f 1706/1703/828 1709/1704/828 1710/1702/828 1704/1699/828
f 1701/1682/829 1712/1681/829 1711/1684/829 1708/1683/829
f 1704/1694/830 1710/1683/830 1712/1682/830 1701/1702/830
o pillars.061
v -38.348301 28.250622 -7.105623
v -38.348301 28.250622 -8.774376
v -32.774536 28.250622 -7.522812
v -38.507320 28.361225 -6.939999
v -39.194187 33.902672 -6.939999
v -38.507320 28.361225 -8.939999
v -32.602940 28.361225 -7.440001
v -33.289806 33.902672 -7.440001
v -32.602940 28.361225 -8.440001
v -33.289806 33.902672 -8.440001
v -32.774536 28.250622 -8.357187
v -39.194183 33.902672 -8.939999
v -33.448826 34.013275 -8.357187
v -33.448826 34.013275 -7.522812
v -39.022591 34.013275 -8.774376
v -39.022591 34.013275 -7.105623
vn -0.5710 -0.8209 -0.0000
vn -0.0000 -1.0000 -0.0000
vn 0.0529 -0.7471 0.6626
vn 0.0844 0.0105 0.9964
vn -0.9924 -0.1230 -0.0000
vn 0.9924 0.1230 -0.0000
vn 0.5418 -0.8405 -0.0000
vn 0.0844 0.0105 -0.9964
vn 0.0529 -0.7471 -0.6626
vn 0.0532 0.7445 -0.6655
vn 0.5710 0.8209 -0.0000
vn -0.5418 0.8405 -0.0000
vn 0.0532 0.7445 0.6656
vt 1.000000 1.000000
vt 1.000000 0.872699
vt 0.000000 0.872699
vt 0.000000 1.000000
vt 0.751534 0.123466
vt 0.253067 0.123466
vt 0.253067 0.000000
vt 0.751534 0.000000
vt 0.751534 0.246933
vt 0.253067 0.246933
vt 0.253067 0.745399
vt 0.751534 0.745399
vt 0.751534 0.123466
vt 0.000000 0.745399
vt 0.126534 0.745399
vt 0.126534 0.000000
vt 0.000000 0.000000
vt 0.751534 0.745399
vt 0.875767 0.745399
vt 0.875767 0.246932
vt 0.751534 0.246932
vt 1.000000 0.745399
vt 0.875767 0.246933
vt 1.000000 0.246933
s 0
usemtl concrete06_trim
f 1713/1705/831 1716/1706/831 1718/1707/831 1714/1708/831
f 1714/1709/832 1723/1710/832 1715/1711/832 1713/1712/832
f 1715/1706/833 1719/1705/833 1716/1708/833 1713/1707/833
f 1720/1713/834 1717/1714/834 1716/1715/834 1719/1716/834
f 1717/1717/835 1724/1713/835 1718/1714/835 1716/1710/835
f 1722/1718/836 1720/1719/836 1719/1720/836 1721/1721/836
f 1723/1722/837 1721/1723/837 1719/1724/837 1715/1725/837
f 1724/1714/838 1722/1715/838 1721/1716/838 1718/1713/838
f 1714/1707/839 1718/1718/839 1721/1726/839 1723/1706/839
f 1724/1706/840 1727/1705/840 1725/1708/840 1722/1707/840
f 1722/1727/841 1725/1728/841 1726/1726/841 1720/1723/841
f 1717/1706/842 1728/1705/842 1727/1708/842 1724/1707/842
f 1720/1718/843 1726/1707/843 1728/1706/843 1717/1726/843
o pillars.062
v -39.020607 34.013275 -7.105623
v -39.020607 34.013275 -8.774376
v -33.446842 34.013275 -7.522812
v -39.179626 34.123882 -6.939999
v -39.866493 39.665325 -6.939999
v -39.179626 34.123882 -8.939999
v -33.275246 34.123882 -7.440001
v -33.962112 39.665325 -7.440001
v -33.275246 34.123882 -8.440001
v -33.962112 39.665325 -8.440001
v -33.446842 34.013275 -8.357187
v -39.866493 39.665325 -8.939999
v -34.121132 39.775932 -8.357187
v -34.121132 39.775932 -7.522812
v -39.694897 39.775932 -8.774376
v -39.694897 39.775932 -7.105623
vn -0.5710 -0.8210 -0.0000
vn -0.0000 -1.0000 -0.0000
vn 0.0529 -0.7471 0.6626
vn 0.0844 0.0105 0.9964
vn -0.9924 -0.1230 -0.0000
vn 0.9924 0.1230 -0.0000
vn 0.5418 -0.8405 -0.0000
vn 0.0844 0.0105 -0.9964
vn 0.0529 -0.7471 -0.6626
vn 0.0532 0.7444 -0.6656
vn 0.5710 0.8209 -0.0000
vn -0.5418 0.8405 -0.0000
vn 0.0532 0.7444 0.6656
vt 1.000000 1.000000
vt 1.000000 0.872699
vt 0.000000 0.872699
vt 0.000000 1.000000
vt 0.751534 0.123466
vt 0.253067 0.123466
vt 0.253067 0.000000
vt 0.751534 0.000000
vt 0.751534 0.246933
vt 0.253067 0.246933
vt 0.253067 0.745399
vt 0.751534 0.745399
vt 0.751534 0.123466
vt 0.000000 0.745399
vt 0.126534 0.745399
vt 0.126534 0.000000
vt 0.000000 0.000000
vt 0.751534 0.745399
vt 0.875767 0.745399
vt 0.875767 0.246932
vt 0.751534 0.246932
vt 1.000000 0.745399
vt 0.875767 0.246933
vt 1.000000 0.246933
s 0
usemtl concrete06_trim
f 1729/1729/844 1732/1730/844 1734/1731/844 1730/1732/844
f 1730/1733/845 1739/1734/845 1731/1735/845 1729/1736/845
f 1731/1730/846 1735/1729/846 1732/1732/846 1729/1731/846
f 1736/1737/847 1733/1738/847 1732/1739/847 1735/1740/847
f 1733/1741/848 1740/1737/848 1734/1738/848 1732/1734/848
f 1738/1742/849 1736/1743/849 1735/1744/849 1737/1745/849
f 1739/1746/850 1737/1747/850 1735/1748/850 1731/1749/850
f 1740/1738/851 1738/1739/851 1737/1740/851 1734/1737/851
f 1730/1731/852 1734/1742/852 1737/1750/852 1739/1730/852
f 1740/1730/853 1743/1729/853 1741/1732/853 1738/1731/853
f 1738/1751/854 1741/1752/854 1742/1750/854 1736/1747/854
f 1733/1730/855 1744/1729/855 1743/1732/855 1740/1731/855
f 1736/1742/856 1742/1731/856 1744/1730/856 1733/1750/856
o pillars.063
v -39.692913 39.775932 -7.105623
v -39.692913 39.775932 -8.774376
v -34.119148 39.775932 -7.522812
v -39.851933 39.886539 -6.939999
v -40.538799 45.427982 -6.939999
v -39.851933 39.886536 -8.939999
v -33.947552 39.886536 -7.440001
v -34.634418 45.427982 -7.440001
v -33.947552 39.886536 -8.440001
v -34.634418 45.427982 -8.440001
v -34.119148 39.775932 -8.357187
v -40.538799 45.427982 -8.939999
v -34.793438 45.538586 -8.357187
v -34.793438 45.538586 -7.522812
v -40.367203 45.538586 -8.774376
v -40.367203 45.538586 -7.105623
vn -0.5710 -0.8209 -0.0000
vn -0.0000 -1.0000 -0.0000
vn 0.0529 -0.7471 0.6626
vn 0.0844 0.0105 0.9964
vn -0.9924 -0.1230 -0.0000
vn 0.9924 0.1230 -0.0000
vn 0.5418 -0.8405 -0.0000
vn 0.0844 0.0105 -0.9964
vn 0.0529 -0.7471 -0.6626
vn 0.0532 0.7445 -0.6655
vn 0.5710 0.8210 -0.0000
vn -0.5418 0.8405 -0.0000
vn 0.0532 0.7445 0.6655
vt 1.000000 1.000000
vt 1.000000 0.872699
vt 0.000000 0.872699
vt 0.000000 1.000000
vt 0.751534 0.123466
vt 0.253067 0.123466
vt 0.253067 0.000000
vt 0.751534 0.000000
vt 0.751534 0.246933
vt 0.253067 0.246933
vt 0.253067 0.745399
vt 0.751534 0.745399
vt 0.751534 0.123466
vt 0.000000 0.745399
vt 0.126534 0.745399
vt 0.126534 0.000000
vt 0.000000 0.000000
vt 0.751534 0.745399
vt 0.875767 0.745399
vt 0.875767 0.246932
vt 0.751534 0.246932
vt 1.000000 0.745399
vt 0.875767 0.246933
vt 1.000000 0.246933
s 0
usemtl concrete06_trim
f 1745/1753/857 1748/1754/857 1750/1755/857 1746/1756/857
f 1746/1757/858 1755/1758/858 1747/1759/858 1745/1760/858
f 1747/1754/859 1751/1753/859 1748/1756/859 1745/1755/859
f 1752/1761/860 1749/1762/860 1748/1763/860 1751/1764/860
f 1749/1765/861 1756/1761/861 1750/1762/861 1748/1758/861
f 1754/1766/862 1752/1767/862 1751/1768/862 1753/1769/862
f 1755/1770/863 1753/1771/863 1751/1772/863 1747/1773/863
f 1756/1762/864 1754/1763/864 1753/1764/864 1750/1761/864
f 1746/1755/865 1750/1766/865 1753/1774/865 1755/1754/865
f 1756/1754/866 1759/1753/866 1757/1756/866 1754/1755/866
f 1754/1775/867 1757/1776/867 1758/1774/867 1752/1771/867
f 1749/1754/868 1760/1753/868 1759/1756/868 1756/1755/868
f 1752/1766/869 1758/1755/869 1760/1754/869 1749/1774/869
o pillars.064
v -35.659073 5.200000 -10.285624
v -35.659073 5.200000 -11.954376
v -30.085306 5.200000 -10.702812
v -35.818092 5.310606 -10.119999
v -36.504959 10.852050 -10.119999
v -35.818092 5.310605 -12.119999
v -29.913710 5.310605 -10.620001
v -30.600576 10.852049 -10.620001
v -29.913710 5.310605 -11.620001
v -30.600576 10.852049 -11.620001
v -30.085306 5.200000 -11.537188
v -36.504955 10.852049 -12.119999
v -30.759596 10.962654 -11.537188
v -30.759596 10.962654 -10.702812
v -36.333359 10.962654 -11.954376
v -36.333359 10.962655 -10.285624
vn -0.5710 -0.8209 -0.0000
vn -0.0000 -1.0000 -0.0000
vn 0.0529 -0.7471 0.6626
vn 0.0844 0.0105 0.9964
vn -0.9924 -0.1230 -0.0000
vn 0.9924 0.1230 -0.0000
vn 0.5418 -0.8405 -0.0000
vn 0.0844 0.0105 -0.9964
vn 0.0529 -0.7471 -0.6626
vn 0.0532 0.7444 -0.6656
vn 0.5710 0.8209 -0.0000
vn -0.5418 0.8405 -0.0000
vn 0.0532 0.7444 0.6656
vt 1.000000 1.000000
vt 1.000000 0.872699
vt 0.000000 0.872699
vt 0.000000 1.000000
vt 0.751534 0.123466
vt 0.253067 0.123466
vt 0.253067 0.000000
vt 0.751534 0.000000
vt 0.751534 0.246933
vt 0.253067 0.246933
vt 0.253067 0.745399
vt 0.751534 0.745399
vt 0.751534 0.123466
vt 0.000000 0.745399
vt 0.126534 0.745399
vt 0.126534 0.000000
vt 0.000000 0.000000
vt 0.751534 0.745399
vt 0.875767 0.745399
vt 0.875767 0.246932
vt 0.751534 0.246932
vt 1.000000 0.745399
vt 0.875767 0.246933
vt 1.000000 0.246933
s 0
usemtl concrete06_trim
f 1761/1777/870 1764/1778/870 1766/1779/870 1762/1780/870
f 1762/1781/871 1771/1782/871 1763/1783/871 1761/1784/871
f 1763/1778/872 1767/1777/872 1764/1780/872 1761/1779/872
f 1768/1785/873 1765/1786/873 1764/1787/873 1767/1788/873
f 1765/1789/874 1772/1785/874 1766/1786/874 1764/1782/874
f 1770/1790/875 1768/1791/875 1767/1792/875 1769/1793/875
f 1771/1794/876 1769/1795/876 1767/1796/876 1763/1797/876
f 1772/1786/877 1770/1787/877 1769/1788/877 1766/1785/877
f 1762/1779/878 1766/1790/878 1769/1798/878 1771/1778/878
f 1772/1778/879 1775/1777/879 1773/1780/879 1770/1779/879
f 1770/1799/880 1773/1800/880 1774/1798/880 1768/1795/880
f 1765/1778/881 1776/1777/881 1775/1780/881 1772/1779/881
f 1768/1790/882 1774/1779/882 1776/1778/882 1765/1798/882
o pillars.065
v -36.331379 10.962655 -10.285624
v -36.331379 10.962655 -11.954376
v -30.757614 10.962655 -10.702812
v -36.490398 11.073261 -10.119999
v -37.177265 16.614704 -10.119999
v -36.490398 11.073260 -12.119999
v -30.586018 11.073260 -10.620001
v -31.272884 16.614704 -10.620001
v -30.586018 11.073260 -11.620001
v -31.272884 16.614704 -11.620001
v -30.757614 10.962655 -11.537188
v -37.177265 16.614704 -12.119999
v -31.431904 16.725309 -11.537188
v -31.431904 16.725309 -10.702812
v -37.005669 16.725309 -11.954376
v -37.005669 16.725311 -10.285624
vn -0.5710 -0.8209 -0.0000
vn -0.0000 -1.0000 -0.0000
vn 0.0529 -0.7471 0.6626
vn 0.0844 0.0105 0.9964
vn -0.9924 -0.1230 -0.0000
vn 0.9924 0.1230 -0.0000
vn 0.5418 -0.8405 -0.0000
vn 0.0844 0.0105 -0.9964
vn 0.0529 -0.7471 -0.6626
vn 0.0532 0.7444 -0.6656
vn 0.5710 0.8209 -0.0000
vn -0.5418 0.8405 -0.0000
vn 0.0532 0.7444 0.6656
vt 1.000000 1.000000
vt 1.000000 0.872699
vt 0.000000 0.872699
vt 0.000000 1.000000
vt 0.751534 0.123466
vt 0.253067 0.123466
vt 0.253067 0.000000
vt 0.751534 0.000000
vt 0.751534 0.246933
vt 0.253067 0.246933
vt 0.253067 0.745399
vt 0.751534 0.745399
vt 0.751534 0.123466
vt 0.000000 0.745399
vt 0.126534 0.745399
vt 0.126534 0.000000
vt 0.000000 0.000000
vt 0.751534 0.745399
vt 0.875767 0.745399
vt 0.875767 0.246932
vt 0.751534 0.246932
vt 1.000000 0.745399
vt 0.875767 0.246933
vt 1.000000 0.246933
s 0
usemtl concrete06_trim
f 1777/1801/883 1780/1802/883 1782/1803/883 1778/1804/883
f 1778/1805/884 1787/1806/884 1779/1807/884 1777/1808/884
f 1779/1802/885 1783/1801/885 1780/1804/885 1777/1803/885
f 1784/1809/886 1781/1810/886 1780/1811/886 1783/1812/886
f 1781/1813/887 1788/1809/887 1782/1810/887 1780/1806/887
f 1786/1814/888 1784/1815/888 1783/1816/888 1785/1817/888
f 1787/1818/889 1785/1819/889 1783/1820/889 1779/1821/889
f 1788/1810/890 1786/1811/890 1785/1812/890 1782/1809/890
f 1778/1803/891 1782/1814/891 1785/1822/891 1787/1802/891
f 1788/1802/892 1791/1801/892 1789/1804/892 1786/1803/892
f 1786/1823/893 1789/1824/893 1790/1822/893 1784/1819/893
f 1781/1802/894 1792/1801/894 1791/1804/894 1788/1803/894
f 1784/1814/895 1790/1803/895 1792/1802/895 1781/1822/895
o pillars.066
v -37.003685 16.725311 -10.285624
v -37.003685 16.725311 -11.954376
v -31.429922 16.725311 -10.702812
v -37.162704 16.835915 -10.119999
v -37.849571 22.377361 -10.119999
v -37.162704 16.835915 -12.119999
v -31.258324 16.835915 -10.620001
v -31.945190 22.377361 -10.620001
v -31.258324 16.835915 -11.620001
v -31.945190 22.377361 -11.620001
v -31.429922 16.725311 -11.537188
v -37.849571 22.377361 -12.119999
v -32.104210 22.487965 -11.537188
v -32.104210 22.487965 -10.702812
v -37.677975 22.487965 -11.954376
v -37.677975 22.487965 -10.285624
vn -0.5710 -0.8209 -0.0000
vn -0.0000 -1.0000 -0.0000
vn 0.0529 -0.7471 0.6626
vn 0.0844 0.0105 0.9964
vn -0.9924 -0.1230 -0.0000
vn 0.9924 0.1230 -0.0000
vn 0.5418 -0.8405 -0.0000
vn 0.0844 0.0105 -0.9964
vn 0.0529 -0.7471 -0.6626
vn 0.0532 0.7444 -0.6656
vn 0.5710 0.8210 -0.0000
vn -0.5418 0.8405 -0.0000
vn 0.0532 0.7445 0.6656
vt 1.000000 1.000000
vt 1.000000 0.872699
vt 0.000000 0.872699
vt 0.000000 1.000000
vt 0.751534 0.123466
vt 0.253067 0.123466
vt 0.253067 0.000000
vt 0.751534 0.000000
vt 0.751534 0.246933
vt 0.253067 0.246933
vt 0.253067 0.745399
vt 0.751534 0.745399
vt 0.751534 0.123466
vt 0.000000 0.745399
vt 0.126534 0.745399
vt 0.126534 0.000000
vt 0.000000 0.000000
vt 0.751534 0.745399
vt 0.875767 0.745399
vt 0.875767 0.246932
vt 0.751534 0.246932
vt 1.000000 0.745399
vt 0.875767 0.246933
vt 1.000000 0.246933
s 0
usemtl concrete06_trim
f 1793/1825/896 1796/1826/896 1798/1827/896 1794/1828/896
f 1794/1829/897 1803/1830/897 1795/1831/897 1793/1832/897
f 1795/1826/898 1799/1825/898 1796/1828/898 1793/1827/898
f 1800/1833/899 1797/1834/899 1796/1835/899 1799/1836/899
f 1797/1837/900 1804/1833/900 1798/1834/900 1796/1830/900
f 1802/1838/901 1800/1839/901 1799/1840/901 1801/1841/901
f 1803/1842/902 1801/1843/902 1799/1844/902 1795/1845/902
f 1804/1834/903 1802/1835/903 1801/1836/903 1798/1833/903
f 1794/1827/904 1798/1838/904 1801/1846/904 1803/1826/904
f 1804/1826/905 1807/1825/905 1805/1828/905 1802/1827/905
f 1802/1847/906 1805/1848/906 1806/1846/906 1800/1843/906
f 1797/1826/907 1808/1825/907 1807/1828/907 1804/1827/907
f 1800/1838/908 1806/1827/908 1808/1826/908 1797/1846/908
o pillars.067
v -37.675991 22.487965 -10.285624
v -37.675991 22.487965 -11.954376
v -32.102230 22.487965 -10.702812
v -37.835011 22.598572 -10.119999
v -38.521881 28.140015 -10.119999
v -37.835011 22.598572 -12.119999
v -31.930632 22.598572 -10.620001
v -32.617496 28.140015 -10.620001
v -31.930632 22.598572 -11.620001
v -32.617496 28.140015 -11.620001
v -32.102230 22.487965 -11.537188
v -38.521877 28.140015 -12.119999
v -32.776516 28.250622 -11.537188
v -32.776516 28.250622 -10.702812
v -38.350281 28.250622 -11.954376
v -38.350281 28.250622 -10.285624
vn -0.5710 -0.8209 -0.0000
vn -0.0000 -1.0000 -0.0000
vn 0.0529 -0.7471 0.6626
vn 0.0844 0.0105 0.9964
vn -0.9924 -0.1230 -0.0000
vn 0.9924 0.1230 -0.0000
vn 0.5418 -0.8405 -0.0000
vn 0.0844 0.0105 -0.9964
vn 0.0529 -0.7471 -0.6626
vn 0.0532 0.7444 -0.6656
vn 0.5710 0.8209 -0.0000
vn -0.5418 0.8405 -0.0000
vn 0.0532 0.7444 0.6656
vt 1.000000 1.000000
vt 1.000000 0.872699
vt 0.000000 0.872699
vt 0.000000 1.000000
vt 0.751534 0.123466
vt 0.253067 0.123466
vt 0.253067 0.000000
vt 0.751534 0.000000
vt 0.751534 0.246933
vt 0.253067 0.246933
vt 0.253067 0.745399
vt 0.751534 0.745399
vt 0.751534 0.123466
vt 0.000000 0.745399
vt 0.126534 0.745399
vt 0.126534 0.000000
vt 0.000000 0.000000
vt 0.751534 0.745399
vt 0.875767 0.745399
vt 0.875767 0.246932
vt 0.751534 0.246932
vt 1.000000 0.745399
vt 0.875767 0.246933
vt 1.000000 0.246933
s 0
usemtl concrete06_trim
f 1809/1849/909 1812/1850/909 1814/1851/909 1810/1852/909
f 1810/1853/910 1819/1854/910 1811/1855/910 1809/1856/910
f 1811/1850/911 1815/1849/911 1812/1852/911 1809/1851/911
f 1816/1857/912 1813/1858/912 1812/1859/912 1815/1860/912
f 1813/1861/913 1820/1857/913 1814/1858/913 1812/1854/913
f 1818/1862/914 1816/1863/914 1815/1864/914 1817/1865/914
f 1819/1866/915 1817/1867/915 1815/1868/915 1811/1869/915
f 1820/1858/916 1818/1859/916 1817/1860/916 1814/1857/916
f 1810/1851/917 1814/1862/917 1817/1870/917 1819/1850/917
f 1820/1850/918 1823/1849/918 1821/1852/918 1818/1851/918
f 1818/1871/919 1821/1872/919 1822/1870/919 1816/1867/919
f 1813/1850/920 1824/1849/920 1823/1852/920 1820/1851/920
f 1816/1862/921 1822/1851/921 1824/1850/921 1813/1870/921
o pillars.068
v -38.348301 28.250622 -10.285624
v -38.348301 28.250622 -11.954376
v -32.774536 28.250622 -10.702812
v -38.507320 28.361225 -10.119999
v -39.194187 33.902672 -10.119999
v -38.507320 28.361225 -12.119999
v -32.602940 28.361225 -10.620001
v -33.289806 33.902672 -10.620001
v -32.602940 28.361225 -11.620001
v -33.289806 33.902672 -11.620001
v -32.774536 28.250622 -11.537188
v -39.194183 33.902672 -12.119999
v -33.448826 34.013275 -11.537188
v -33.448826 34.013275 -10.702812
v -39.022591 34.013275 -11.954376
v -39.022591 34.013275 -10.285624
vn -0.5710 -0.8209 -0.0000
vn -0.0000 -1.0000 -0.0000
vn 0.0529 -0.7471 0.6626
vn 0.0844 0.0105 0.9964
vn -0.9924 -0.1230 -0.0000
vn 0.9924 0.1230 -0.0000
vn 0.5418 -0.8405 -0.0000
vn 0.0844 0.0105 -0.9964
vn 0.0529 -0.7471 -0.6626
vn 0.0532 0.7444 -0.6656
vn 0.5710 0.8210 -0.0000
vn -0.5418 0.8405 -0.0000
vn 0.0532 0.7445 0.6656
vt 1.000000 1.000000
vt 1.000000 0.872699
vt 0.000000 0.872699
vt 0.000000 1.000000
vt 0.751534 0.123466
vt 0.253067 0.123466
vt 0.253067 0.000000
vt 0.751534 0.000000
vt 0.751534 0.246933
vt 0.253067 0.246933
vt 0.253067 0.745399
vt 0.751534 0.745399
vt 0.751534 0.123466
vt 0.000000 0.745399
vt 0.126534 0.745399
vt 0.126534 0.000000
vt 0.000000 0.000000
vt 0.751534 0.745399
vt 0.875767 0.745399
vt 0.875767 0.246932
vt 0.751534 0.246932
vt 1.000000 0.745399
vt 0.875767 0.246933
vt 1.000000 0.246933
s 0
usemtl concrete06_trim
f 1825/1873/922 1828/1874/922 1830/1875/922 1826/1876/922
f 1826/1877/923 1835/1878/923 1827/1879/923 1825/1880/923
f 1827/1874/924 1831/1873/924 1828/1876/924 1825/1875/924
f 1832/1881/925 1829/1882/925 1828/1883/925 1831/1884/925
f 1829/1885/926 1836/1881/926 1830/1882/926 1828/1878/926
f 1834/1886/927 1832/1887/927 1831/1888/927 1833/1889/927
f 1835/1890/928 1833/1891/928 1831/1892/928 1827/1893/928
f 1836/1882/929 1834/1883/929 1833/1884/929 1830/1881/929
f 1826/1875/930 1830/1886/930 1833/1894/930 1835/1874/930
f 1836/1874/931 1839/1873/931 1837/1876/931 1834/1875/931
f 1834/1895/932 1837/1896/932 1838/1894/932 1832/1891/932
f 1829/1874/933 1840/1873/933 1839/1876/933 1836/1875/933
f 1832/1886/934 1838/1875/934 1840/1874/934 1829/1894/934
o pillars.069
v -39.020607 34.013275 -10.285624
v -39.020607 34.013275 -11.954376
v -33.446842 34.013275 -10.702812
v -39.179626 34.123882 -10.119999
v -39.866493 39.665325 -10.119999
v -39.179626 34.123882 -12.119999
v -33.275246 34.123882 -10.620001
v -33.962112 39.665325 -10.620001
v -33.275246 34.123882 -11.620001
v -33.962112 39.665325 -11.620001
v -33.446842 34.013275 -11.537188
v -39.866493 39.665325 -12.119999
v -34.121132 39.775932 -11.537188
v -34.121132 39.775932 -10.702812
v -39.694897 39.775932 -11.954376
v -39.694897 39.775932 -10.285624
vn -0.5710 -0.8210 -0.0000
vn -0.0000 -1.0000 -0.0000
vn 0.0529 -0.7471 0.6626
vn 0.0844 0.0105 0.9964
vn -0.9924 -0.1230 -0.0000
vn 0.9924 0.1230 -0.0000
vn 0.5418 -0.8405 -0.0000
vn 0.0844 0.0105 -0.9964
vn 0.0529 -0.7471 -0.6626
vn 0.0532 0.7444 -0.6656
vn 0.5710 0.8209 -0.0000
vn -0.5418 0.8405 -0.0000
vn 0.0532 0.7444 0.6656
vt 1.000000 1.000000
vt 1.000000 0.872699
vt 0.000000 0.872699
vt 0.000000 1.000000
vt 0.751534 0.123466
vt 0.253067 0.123466
vt 0.253067 0.000000
vt 0.751534 0.000000
vt 0.751534 0.246933
vt 0.253067 0.246933
vt 0.253067 0.745399
vt 0.751534 0.745399
vt 0.751534 0.123466
vt 0.000000 0.745399
vt 0.126534 0.745399
vt 0.126534 0.000000
vt 0.000000 0.000000
vt 0.751534 0.745399
vt 0.875767 0.745399
vt 0.875767 0.246932
vt 0.751534 0.246932
vt 1.000000 0.745399
vt 0.875767 0.246933
vt 1.000000 0.246933
s 0
usemtl concrete06_trim
f 1841/1897/935 1844/1898/935 1846/1899/935 1842/1900/935
f 1842/1901/936 1851/1902/936 1843/1903/936 1841/1904/936
f 1843/1898/937 1847/1897/937 1844/1900/937 1841/1899/937
f 1848/1905/938 1845/1906/938 1844/1907/938 1847/1908/938
f 1845/1909/939 1852/1905/939 1846/1906/939 1844/1902/939
f 1850/1910/940 1848/1911/940 1847/1912/940 1849/1913/940
f 1851/1914/941 1849/1915/941 1847/1916/941 1843/1917/941
f 1852/1906/942 1850/1907/942 1849/1908/942 1846/1905/942
f 1842/1899/943 1846/1910/943 1849/1918/943 1851/1898/943
f 1852/1898/944 1855/1897/944 1853/1900/944 1850/1899/944
f 1850/1919/945 1853/1920/945 1854/1918/945 1848/1915/945
f 1845/1898/946 1856/1897/946 1855/1900/946 1852/1899/946
f 1848/1910/947 1854/1899/947 1856/1898/947 1845/1918/947
o pillars.070
v -39.692913 39.775932 -10.285624
v -39.692913 39.775932 -11.954376
v -34.119148 39.775932 -10.702812
v -39.851933 39.886539 -10.119999
v -40.538799 45.427982 -10.119999
v -39.851933 39.886536 -12.119999
v -33.947552 39.886536 -10.620001
v -34.634418 45.427982 -10.620001
v -33.947552 39.886536 -11.620001
v -34.634418 45.427982 -11.620001
v -34.119148 39.775932 -11.537188
v -40.538799 45.427982 -12.119999
v -34.793438 45.538586 -11.537188
v -34.793438 45.538586 -10.702812
v -40.367203 45.538586 -11.954376
v -40.367203 45.538586 -10.285624
vn -0.5710 -0.8209 -0.0000
vn -0.0000 -1.0000 -0.0000
vn 0.0529 -0.7471 0.6626
vn 0.0844 0.0105 0.9964
vn -0.9924 -0.1230 -0.0000
vn 0.9924 0.1230 -0.0000
vn 0.5418 -0.8405 -0.0000
vn 0.0844 0.0105 -0.9964
vn 0.0529 -0.7471 -0.6626
vn 0.0532 0.7444 -0.6656
vn 0.5710 0.8210 -0.0000
vn -0.5418 0.8405 -0.0000
vn 0.0532 0.7445 0.6656
vt 1.000000 1.000000
vt 1.000000 0.872699
vt 0.000000 0.872699
vt 0.000000 1.000000
vt 0.751534 0.123466
vt 0.253067 0.123466
vt 0.253067 0.000000
vt 0.751534 0.000000
vt 0.751534 0.246933
vt 0.253067 0.246933
vt 0.253067 0.745399
vt 0.751534 0.745399
vt 0.751534 0.123466
vt 0.000000 0.745399
vt 0.126534 0.745399
vt 0.126534 0.000000
vt 0.000000 0.000000
vt 0.751534 0.745399
vt 0.875767 0.745399
vt 0.875767 0.246932
vt 0.751534 0.246932
vt 1.000000 0.745399
vt 0.875767 0.246933
vt 1.000000 0.246933
s 0
usemtl concrete06_trim
f 1857/1921/948 1860/1922/948 1862/1923/948 1858/1924/948
f 1858/1925/949 1867/1926/949 1859/1927/949 1857/1928/949
f 1859/1922/950 1863/1921/950 1860/1924/950 1857/1923/950
f 1864/1929/951 1861/1930/951 1860/1931/951 1863/1932/951
f 1861/1933/952 1868/1929/952 1862/1930/952 1860/1926/952
f 1866/1934/953 1864/1935/953 1863/1936/953 1865/1937/953
f 1867/1938/954 1865/1939/954 1863/1940/954 1859/1941/954
f 1868/1930/955 1866/1931/955 1865/1932/955 1862/1929/955
f 1858/1923/956 1862/1934/956 1865/1942/956 1867/1922/956
f 1868/1922/957 1871/1921/957 1869/1924/957 1866/1923/957
f 1866/1943/958 1869/1944/958 1870/1942/958 1864/1939/958
f 1861/1922/959 1872/1921/959 1871/1924/959 1868/1923/959
f 1864/1934/960 1870/1923/960 1872/1922/960 1861/1942/960
o pillars.071
v -35.659073 5.200000 -13.465624
v -35.659073 5.200000 -15.134377
v -30.085306 5.200000 -13.882812
v -35.818092 5.310606 -13.299999
v -36.504959 10.852050 -13.299999
v -35.818092 5.310605 -15.299999
v -29.913710 5.310605 -13.800001
v -30.600576 10.852049 -13.800001
v -29.913710 5.310605 -14.799999
v -30.600576 10.852049 -14.799999
v -30.085306 5.200000 -14.717190
v -36.504955 10.852049 -15.299999
v -30.759596 10.962654 -14.717190
v -30.759596 10.962654 -13.882812
v -36.333359 10.962654 -15.134377
v -36.333359 10.962655 -13.465624
vn -0.5710 -0.8209 -0.0000
vn -0.0000 -1.0000 -0.0000
vn 0.0529 -0.7471 0.6626
vn 0.0844 0.0105 0.9964
vn -0.9924 -0.1230 -0.0000
vn 0.9924 0.1230 -0.0000
vn 0.5418 -0.8405 -0.0000
vn 0.0844 0.0105 -0.9964
vn 0.0529 -0.7471 -0.6626
vn 0.0532 0.7445 -0.6656
vn 0.5710 0.8209 -0.0000
vn -0.5418 0.8405 -0.0000
vn 0.0532 0.7444 0.6656
vt 1.000000 1.000000
vt 1.000000 0.872699
vt 0.000000 0.872699
vt 0.000000 1.000000
vt 0.751534 0.123466
vt 0.253067 0.123466
vt 0.253067 0.000000
vt 0.751534 0.000000
vt 0.751534 0.246933
vt 0.253067 0.246933
vt 0.253067 0.745399
vt 0.751534 0.745399
vt 0.751534 0.123466
vt 0.000000 0.745399
vt 0.126534 0.745399
vt 0.126534 0.000000
vt 0.000000 0.000000
vt 0.751534 0.745399
vt 0.875767 0.745399
vt 0.875767 0.246932
vt 0.751534 0.246932
vt 1.000000 0.745399
vt 0.875767 0.246933
vt 1.000000 0.246933
s 0
usemtl concrete06_trim
f 1873/1945/961 1876/1946/961 1878/1947/961 1874/1948/961
f 1874/1949/962 1883/1950/962 1875/1951/962 1873/1952/962
f 1875/1946/963 1879/1945/963 1876/1948/963 1873/1947/963
f 1880/1953/964 1877/1954/964 1876/1955/964 1879/1956/964
f 1877/1957/965 1884/1953/965 1878/1954/965 1876/1950/965
f 1882/1958/966 1880/1959/966 1879/1960/966 1881/1961/966
f 1883/1962/967 1881/1963/967 1879/1964/967 1875/1965/967
f 1884/1954/968 1882/1955/968 1881/1956/968 1878/1953/968
f 1874/1947/969 1878/1958/969 1881/1966/969 1883/1946/969
f 1884/1946/970 1887/1945/970 1885/1948/970 1882/1947/970
f 1882/1967/971 1885/1968/971 1886/1966/971 1880/1963/971
f 1877/1946/972 1888/1945/972 1887/1948/972 1884/1947/972
f 1880/1958/973 1886/1947/973 1888/1946/973 1877/1966/973
o pillars.072
v -36.331379 10.962655 -13.465624
v -36.331379 10.962655 -15.134377
v -30.757614 10.962655 -13.882812
v -36.490398 11.073261 -13.299999
v -37.177265 16.614704 -13.299999
v -36.490398 11.073260 -15.299999
v -30.586018 11.073260 -13.800001
v -31.272884 16.614704 -13.800001
v -30.586018 11.073260 -14.799999
v -31.272884 16.614704 -14.799999
v -30.757614 10.962655 -14.717190
v -37.177265 16.614704 -15.299999
v -31.431904 16.725309 -14.717190
v -31.431904 16.725309 -13.882812
v -37.005669 16.725309 -15.134377
v -37.005669 16.725311 -13.465624
vn -0.5710 -0.8209 -0.0000
vn -0.0000 -1.0000 -0.0000
vn 0.0529 -0.7471 0.6626
vn 0.0844 0.0105 0.9964
vn -0.9924 -0.1230 -0.0000
vn 0.9924 0.1230 -0.0000
vn 0.5418 -0.8405 -0.0000
vn 0.0844 0.0105 -0.9964
vn 0.0529 -0.7471 -0.6626
vn 0.0532 0.7444 -0.6656
vn 0.5710 0.8209 -0.0000
vn -0.5418 0.8405 -0.0000
vn 0.0532 0.7444 0.6656
vt 1.000000 1.000000
vt 1.000000 0.872699
vt 0.000000 0.872699
vt 0.000000 1.000000
vt 0.751534 0.123466
vt 0.253067 0.123466
vt 0.253067 0.000000
vt 0.751534 0.000000
vt 0.751534 0.246933
vt 0.253067 0.246933
vt 0.253067 0.745399
vt 0.751534 0.745399
vt 0.751534 0.123466
vt 0.000000 0.745399
vt 0.126534 0.745399
vt 0.126534 0.000000
vt 0.000000 0.000000
vt 0.751534 0.745399
vt 0.875767 0.745399
vt 0.875767 0.246932
vt 0.751534 0.246932
vt 1.000000 0.745399
vt 0.875767 0.246933
vt 1.000000 0.246933
s 0
usemtl concrete06_trim
f 1889/1969/974 1892/1970/974 1894/1971/974 1890/1972/974
f 1890/1973/975 1899/1974/975 1891/1975/975 1889/1976/975
f 1891/1970/976 1895/1969/976 1892/1972/976 1889/1971/976
f 1896/1977/977 1893/1978/977 1892/1979/977 1895/1980/977
f 1893/1981/978 1900/1977/978 1894/1978/978 1892/1974/978
f 1898/1982/979 1896/1983/979 1895/1984/979 1897/1985/979
f 1899/1986/980 1897/1987/980 1895/1988/980 1891/1989/980
f 1900/1978/981 1898/1979/981 1897/1980/981 1894/1977/981
f 1890/1971/982 1894/1982/982 1897/1990/982 1899/1970/982
f 1900/1970/983 1903/1969/983 1901/1972/983 1898/1971/983
f 1898/1991/984 1901/1992/984 1902/1990/984 1896/1987/984
f 1893/1970/985 1904/1969/985 1903/1972/985 1900/1971/985
f 1896/1982/986 1902/1971/986 1904/1970/986 1893/1990/986
o pillars.073
v -37.003685 16.725311 -13.465624
v -37.003685 16.725311 -15.134377
v -31.429922 16.725311 -13.882812
v -37.162704 16.835915 -13.299999
v -37.849571 22.377361 -13.299999
v -37.162704 16.835915 -15.299999
v -31.258324 16.835915 -13.800001
v -31.945190 22.377361 -13.800001
v -31.258324 16.835915 -14.799999
v -31.945190 22.377361 -14.799999
v -31.429922 16.725311 -14.717190
v -37.849571 22.377361 -15.299999
v -32.104210 22.487965 -14.717190
v -32.104210 22.487965 -13.882812
v -37.677975 22.487965 -15.134377
v -37.677975 22.487965 -13.465624
vn -0.5710 -0.8209 -0.0000
vn -0.0000 -1.0000 -0.0000
vn 0.0529 -0.7471 0.6626
vn 0.0844 0.0105 0.9964
vn -0.9924 -0.1230 -0.0000
vn 0.9924 0.1230 -0.0000
vn 0.5418 -0.8405 -0.0000
vn 0.0844 0.0105 -0.9964
vn 0.0529 -0.7471 -0.6626
vn 0.0532 0.7445 -0.6655
vn 0.5710 0.8210 -0.0000
vn -0.5418 0.8405 -0.0000
vn 0.0532 0.7445 0.6656
vt 1.000000 1.000000
vt 1.000000 0.872699
vt 0.000000 0.872699
vt 0.000000 1.000000
vt 0.751534 0.123466
vt 0.253067 0.123466
vt 0.253067 0.000000
vt 0.751534 0.000000
vt 0.751534 0.246933
vt 0.253067 0.246933
vt 0.253067 0.745399
vt 0.751534 0.745399
vt 0.751534 0.123466
vt 0.000000 0.745399
vt 0.126534 0.745399
vt 0.126534 0.000000
vt 0.000000 0.000000
vt 0.751534 0.745399
vt 0.875767 0.745399
vt 0.875767 0.246932
vt 0.751534 0.246932
vt 1.000000 0.745399
vt 0.875767 0.246933
vt 1.000000 0.246933
s 0
usemtl concrete06_trim
f 1905/1993/987 1908/1994/987 1910/1995/987 1906/1996/987
f 1906/1997/988 1915/1998/988 1907/1999/988 1905/2000/988
f 1907/1994/989 1911/1993/989 1908/1996/989 1905/1995/989
f 1912/2001/990 1909/2002/990 1908/2003/990 1911/2004/990
f 1909/2005/991 1916/2001/991 1910/2002/991 1908/1998/991
f 1914/2006/992 1912/2007/992 1911/2008/992 1913/2009/992
f 1915/2010/993 1913/2011/993 1911/2012/993 1907/2013/993
f 1916/2002/994 1914/2003/994 1913/2004/994 1910/2001/994
f 1906/1995/995 1910/2006/995 1913/2014/995 1915/1994/995
f 1916/1994/996 1919/1993/996 1917/1996/996 1914/1995/996
f 1914/2015/997 1917/2016/997 1918/2014/997 1912/2011/997
f 1909/1994/998 1920/1993/998 1919/1996/998 1916/1995/998
f 1912/2006/999 1918/1995/999 1920/1994/999 1909/2014/999
o pillars.074
v -37.675991 22.487965 -13.465624
v -37.675991 22.487965 -15.134377
v -32.102230 22.487965 -13.882812
v -37.835011 22.598572 -13.299999
v -38.521881 28.140015 -13.299999
v -37.835011 22.598572 -15.299999
v -31.930632 22.598572 -13.800001
v -32.617496 28.140015 -13.800001
v -31.930632 22.598572 -14.799999
v -32.617496 28.140015 -14.799999
v -32.102230 22.487965 -14.717190
v -38.521877 28.140015 -15.299999
v -32.776516 28.250622 -14.717190
v -32.776516 28.250622 -13.882812
v -38.350281 28.250622 -15.134377
v -38.350281 28.250622 -13.465624
vn -0.5710 -0.8209 -0.0000
vn -0.0000 -1.0000 -0.0000
vn 0.0529 -0.7471 0.6626
vn 0.0844 0.0105 0.9964
vn -0.9924 -0.1230 -0.0000
vn 0.9924 0.1230 -0.0000
vn 0.5418 -0.8405 -0.0000
vn 0.0844 0.0105 -0.9964
vn 0.0529 -0.7471 -0.6626
vn 0.0532 0.7444 -0.6656
vn 0.5710 0.8209 -0.0000
vn -0.5418 0.8405 -0.0000
vn 0.0532 0.7444 0.6656
vt 1.000000 1.000000
vt 1.000000 0.872699
vt 0.000000 0.872699
vt 0.000000 1.000000
vt 0.751534 0.123466
vt 0.253067 0.123466
vt 0.253067 0.000000
vt 0.751534 0.000000
vt 0.751534 0.246933
vt 0.253067 0.246933
vt 0.253067 0.745399
vt 0.751534 0.745399
vt 0.751534 0.123466
vt 0.000000 0.745399
vt 0.126534 0.745399
vt 0.126534 0.000000
vt 0.000000 0.000000
vt 0.751534 0.745399
vt 0.875767 0.745399
vt 0.875767 0.246932
vt 0.751534 0.246932
vt 1.000000 0.745399
vt 0.875767 0.246933
vt 1.000000 0.246933
s 0
usemtl concrete06_trim
f 1921/2017/1000 1924/2018/1000 1926/2019/1000 1922/2020/1000
f 1922/2021/1001 1931/2022/1001 1923/2023/1001 1921/2024/1001
f 1923/2018/1002 1927/2017/1002 1924/2020/1002 1921/2019/1002
f 1928/2025/1003 1925/2026/1003 1924/2027/1003 1927/2028/1003
f 1925/2029/1004 1932/2025/1004 1926/2026/1004 1924/2022/1004
f 1930/2030/1005 1928/2031/1005 1927/2032/1005 1929/2033/1005
f 1931/2034/1006 1929/2035/1006 1927/2036/1006 1923/2037/1006
f 1932/2026/1007 1930/2027/1007 1929/2028/1007 1926/2025/1007
f 1922/2019/1008 1926/2030/1008 1929/2038/1008 1931/2018/1008
f 1932/2018/1009 1935/2017/1009 1933/2020/1009 1930/2019/1009
f 1930/2039/1010 1933/2040/1010 1934/2038/1010 1928/2035/1010
f 1925/2018/1011 1936/2017/1011 1935/2020/1011 1932/2019/1011
f 1928/2030/1012 1934/2019/1012 1936/2018/1012 1925/2038/1012
o pillars.075
v -38.348301 28.250622 -13.465624
v -38.348301 28.250622 -15.134377
v -32.774536 28.250622 -13.882812
v -38.507320 28.361225 -13.299999
v -39.194187 33.902672 -13.299999
v -38.507320 28.361225 -15.299999
v -32.602940 28.361225 -13.800001
v -33.289806 33.902672 -13.800001
v -32.602940 28.361225 -14.799999
v -33.289806 33.902672 -14.799999
v -32.774536 28.250622 -14.717190
v -39.194183 33.902672 -15.299999
v -33.448826 34.013275 -14.717190
v -33.448826 34.013275 -13.882812
v -39.022591 34.013275 -15.134377
v -39.022591 34.013275 -13.465624
vn -0.5710 -0.8209 -0.0000
vn -0.0000 -1.0000 -0.0000
vn 0.0529 -0.7471 0.6626
vn 0.0844 0.0105 0.9964
vn -0.9924 -0.1230 -0.0000
vn 0.9924 0.1230 -0.0000
vn 0.5418 -0.8405 -0.0000
vn 0.0844 0.0105 -0.9964
vn 0.0529 -0.7471 -0.6626
vn 0.0532 0.7445 -0.6655
vn 0.5710 0.8210 -0.0000
vn -0.5418 0.8405 -0.0000
vn 0.0532 0.7445 0.6656
vt 1.000000 1.000000
vt 1.000000 0.872699
vt 0.000000 0.872699
vt 0.000000 1.000000
vt 0.751534 0.123466
vt 0.253067 0.123466
vt 0.253067 0.000000
vt 0.751534 0.000000
vt 0.751534 0.246933
vt 0.253067 0.246933
vt 0.253067 0.745399
vt 0.751534 0.745399
vt 0.751534 0.123466
vt 0.000000 0.745399
vt 0.126534 0.745399
vt 0.126534 0.000000
vt 0.000000 0.000000
vt 0.751534 0.745399
vt 0.875767 0.745399
vt 0.875767 0.246932
vt 0.751534 0.246932
vt 1.000000 0.745399
vt 0.875767 0.246933
vt 1.000000 0.246933
s 0
usemtl concrete06_trim
f 1937/2041/1013 1940/2042/1013 1942/2043/1013 1938/2044/1013
f 1938/2045/1014 1947/2046/1014 1939/2047/1014 1937/2048/1014
f 1939/2042/1015 1943/2041/1015 1940/2044/1015 1937/2043/1015
f 1944/2049/1016 1941/2050/1016 1940/2051/1016 1943/2052/1016
f 1941/2053/1017 1948/2049/1017 1942/2050/1017 1940/2046/1017
f 1946/2054/1018 1944/2055/1018 1943/2056/1018 1945/2057/1018
f 1947/2058/1019 1945/2059/1019 1943/2060/1019 1939/2061/1019
f 1948/2050/1020 1946/2051/1020 1945/2052/1020 1942/2049/1020
f 1938/2043/1021 1942/2054/1021 1945/2062/1021 1947/2042/1021
f 1948/2042/1022 1951/2041/1022 1949/2044/1022 1946/2043/1022
f 1946/2063/1023 1949/2064/1023 1950/2062/1023 1944/2059/1023
f 1941/2042/1024 1952/2041/1024 1951/2044/1024 1948/2043/1024
f 1944/2054/1025 1950/2043/1025 1952/2042/1025 1941/2062/1025
o pillars.076
v -39.020607 34.013275 -13.465624
v -39.020607 34.013275 -15.134377
v -33.446842 34.013275 -13.882812
v -39.179626 34.123882 -13.299999
v -39.866493 39.665325 -13.299999
v -39.179626 34.123882 -15.299999
v -33.275246 34.123882 -13.800001
v -33.962112 39.665325 -13.800001
v -33.275246 34.123882 -14.799999
v -33.962112 39.665325 -14.799999
v -33.446842 34.013275 -14.717190
v -39.866493 39.665325 -15.299999
v -34.121132 39.775932 -14.717190
v -34.121132 39.775932 -13.882812
v -39.694897 39.775932 -15.134377
v -39.694897 39.775932 -13.465624
vn -0.5710 -0.8210 -0.0000
vn -0.0000 -1.0000 -0.0000
vn 0.0529 -0.7471 0.6626
vn 0.0844 0.0105 0.9964
vn -0.9924 -0.1230 -0.0000
vn 0.9924 0.1230 -0.0000
vn 0.5418 -0.8405 -0.0000
vn 0.0844 0.0105 -0.9964
vn 0.0529 -0.7471 -0.6626
vn 0.0532 0.7444 -0.6656
vn 0.5710 0.8209 -0.0000
vn -0.5418 0.8405 -0.0000
vn 0.0532 0.7444 0.6656
vt 1.000000 1.000000
vt 1.000000 0.872699
vt 0.000000 0.872699
vt 0.000000 1.000000
vt 0.751534 0.123466
vt 0.253067 0.123466
vt 0.253067 0.000000
vt 0.751534 0.000000
vt 0.751534 0.246933
vt 0.253067 0.246933
vt 0.253067 0.745399
vt 0.751534 0.745399
vt 0.751534 0.123466
vt 0.000000 0.745399
vt 0.126534 0.745399
vt 0.126534 0.000000
vt 0.000000 0.000000
vt 0.751534 0.745399
vt 0.875767 0.745399
vt 0.875767 0.246932
vt 0.751534 0.246932
vt 1.000000 0.745399
vt 0.875767 0.246933
vt 1.000000 0.246933
s 0
usemtl concrete06_trim
f 1953/2065/1026 1956/2066/1026 1958/2067/1026 1954/2068/1026
f 1954/2069/1027 1963/2070/1027 1955/2071/1027 1953/2072/1027
f 1955/2066/1028 1959/2065/1028 1956/2068/1028 1953/2067/1028
f 1960/2073/1029 1957/2074/1029 1956/2075/1029 1959/2076/1029
f 1957/2077/1030 1964/2073/1030 1958/2074/1030 1956/2070/1030
f 1962/2078/1031 1960/2079/1031 1959/2080/1031 1961/2081/1031
f 1963/2082/1032 1961/2083/1032 1959/2084/1032 1955/2085/1032
f 1964/2074/1033 1962/2075/1033 1961/2076/1033 1958/2073/1033
f 1954/2067/1034 1958/2078/1034 1961/2086/1034 1963/2066/1034
f 1964/2066/1035 1967/2065/1035 1965/2068/1035 1962/2067/1035
f 1962/2087/1036 1965/2088/1036 1966/2086/1036 1960/2083/1036
f 1957/2066/1037 1968/2065/1037 1967/2068/1037 1964/2067/1037
f 1960/2078/1038 1966/2067/1038 1968/2066/1038 1957/2086/1038
o pillars.077
v -39.692913 39.775932 -13.465624
v -39.692913 39.775932 -15.134377
v -34.119148 39.775932 -13.882812
v -39.851933 39.886539 -13.299999
v -40.538799 45.427982 -13.299999
v -39.851933 39.886536 -15.299999
v -33.947552 39.886536 -13.800001
v -34.634418 45.427982 -13.800001
v -33.947552 39.886536 -14.799999
v -34.634418 45.427982 -14.799999
v -34.119148 39.775932 -14.717190
v -40.538799 45.427982 -15.299999
v -34.793438 45.538586 -14.717190
v -34.793438 45.538586 -13.882812
v -40.367203 45.538586 -15.134377
v -40.367203 45.538586 -13.465624
vn -0.5710 -0.8209 -0.0000
vn -0.0000 -1.0000 -0.0000
vn 0.0529 -0.7471 0.6626
vn 0.0844 0.0105 0.9964
vn -0.9924 -0.1230 -0.0000
vn 0.9924 0.1230 -0.0000
vn 0.5418 -0.8405 -0.0000
vn 0.0844 0.0105 -0.9964
vn 0.0529 -0.7471 -0.6626
vn 0.0532 0.7445 -0.6655
vn 0.5710 0.8209 -0.0000
vn -0.5418 0.8405 -0.0000
vn 0.0532 0.7445 0.6656
vt 1.000000 1.000000
vt 1.000000 0.872699
vt 0.000000 0.872699
vt 0.000000 1.000000
vt 0.751534 0.123466
vt 0.253067 0.123466
vt 0.253067 0.000000
vt 0.751534 0.000000
vt 0.751534 0.246933
vt 0.253067 0.246933
vt 0.253067 0.745399
vt 0.751534 0.745399
vt 0.751534 0.123466
vt 0.000000 0.745399
vt 0.126534 0.745399
vt 0.126534 0.000000
vt 0.000000 0.000000
vt 0.751534 0.745399
vt 0.875767 0.745399
vt 0.875767 0.246932
vt 0.751534 0.246932
vt 1.000000 0.745399
vt 0.875767 0.246933
vt 1.000000 0.246933
s 0
usemtl concrete06_trim
f 1969/2089/1039 1972/2090/1039 1974/2091/1039 1970/2092/1039
f 1970/2093/1040 1979/2094/1040 1971/2095/1040 1969/2096/1040
f 1971/2090/1041 1975/2089/1041 1972/2092/1041 1969/2091/1041
f 1976/2097/1042 1973/2098/1042 1972/2099/1042 1975/2100/1042
f 1973/2101/1043 1980/2097/1043 1974/2098/1043 1972/2094/1043
f 1978/2102/1044 1976/2103/1044 1975/2104/1044 1977/2105/1044
f 1979/2106/1045 1977/2107/1045 1975/2108/1045 1971/2109/1045
f 1980/2098/1046 1978/2099/1046 1977/2100/1046 1974/2097/1046
f 1970/2091/1047 1974/2102/1047 1977/2110/1047 1979/2090/1047
f 1980/2090/1048 1983/2089/1048 1981/2092/1048 1978/2091/1048
f 1978/2111/1049 1981/2112/1049 1982/2110/1049 1976/2107/1049
f 1973/2090/1050 1984/2089/1050 1983/2092/1050 1980/2091/1050
f 1976/2102/1051 1982/2091/1051 1984/2090/1051 1973/2110/1051
o pillars.078
v -35.659073 5.200000 -16.645622
v -35.659073 5.200000 -18.314373
v -30.085306 5.200000 -17.062813
v -35.818092 5.310606 -16.480000
v -36.504959 10.852050 -16.480000
v -35.818092 5.310605 -18.480000
v -29.913710 5.310605 -16.980000
v -30.600576 10.852049 -16.980000
v -29.913710 5.310605 -17.980000
v -30.600576 10.852049 -17.980000
v -30.085306 5.200000 -17.897186
v -36.504955 10.852049 -18.480000
v -30.759596 10.962654 -17.897186
v -30.759596 10.962654 -17.062813
v -36.333359 10.962654 -18.314373
v -36.333359 10.962655 -16.645622
vn -0.5710 -0.8209 -0.0000
vn -0.0000 -1.0000 -0.0000
vn 0.0529 -0.7471 0.6626
vn 0.0844 0.0105 0.9964
vn -0.9924 -0.1230 -0.0000
vn 0.9924 0.1230 -0.0000
vn 0.5418 -0.8405 -0.0000
vn 0.0844 0.0105 -0.9964
vn 0.0529 -0.7471 -0.6626
vn 0.0532 0.7444 -0.6656
vn 0.5710 0.8209 -0.0000
vn -0.5418 0.8405 -0.0000
vn 0.0532 0.7445 0.6656
vt 1.000000 1.000000
vt 1.000000 0.872699
vt 0.000000 0.872699
vt 0.000000 1.000000
vt 0.751534 0.123466
vt 0.253067 0.123466
vt 0.253067 0.000000
vt 0.751534 0.000000
vt 0.751534 0.246933
vt 0.253067 0.246933
vt 0.253067 0.745399
vt 0.751534 0.745399
vt 0.751534 0.123466
vt 0.000000 0.745399
vt 0.126534 0.745399
vt 0.126534 0.000000
vt 0.000000 0.000000
vt 0.751534 0.745399
vt 0.875767 0.745399
vt 0.875767 0.246932
vt 0.751534 0.246932
vt 1.000000 0.745399
vt 0.875767 0.246933
vt 1.000000 0.246933
s 0
usemtl concrete06_trim
f 1985/2113/1052 1988/2114/1052 1990/2115/1052 1986/2116/1052
f 1986/2117/1053 1995/2118/1053 1987/2119/1053 1985/2120/1053
f 1987/2114/1054 1991/2113/1054 1988/2116/1054 1985/2115/1054
f 1992/2121/1055 1989/2122/1055 1988/2123/1055 1991/2124/1055
f 1989/2125/1056 1996/2121/1056 1990/2122/1056 1988/2118/1056
f 1994/2126/1057 1992/2127/1057 1991/2128/1057 1993/2129/1057
f 1995/2130/1058 1993/2131/1058 1991/2132/1058 1987/2133/1058
f 1996/2122/1059 1994/2123/1059 1993/2124/1059 1990/2121/1059
f 1986/2115/1060 1990/2126/1060 1993/2134/1060 1995/2114/1060
f 1996/2114/1061 1999/2113/1061 1997/2116/1061 1994/2115/1061
f 1994/2135/1062 1997/2136/1062 1998/2134/1062 1992/2131/1062
f 1989/2114/1063 2000/2113/1063 1999/2116/1063 1996/2115/1063
f 1992/2126/1064 1998/2115/1064 2000/2114/1064 1989/2134/1064
o pillars.079
v -36.331379 10.962655 -16.645622
v -36.331379 10.962655 -18.314373
v -30.757614 10.962655 -17.062813
v -36.490398 11.073261 -16.480000
v -37.177265 16.614704 -16.480000
v -36.490398 11.073260 -18.480000
v -30.586018 11.073260 -16.980000
v -31.272884 16.614704 -16.980000
v -30.586018 11.073260 -17.980000
v -31.272884 16.614704 -17.980000
v -30.757614 10.962655 -17.897186
v -37.177265 16.614704 -18.480000
v -31.431904 16.725309 -17.897186
v -31.431904 16.725309 -17.062813
v -37.005669 16.725309 -18.314373
v -37.005669 16.725311 -16.645622
vn -0.5710 -0.8209 -0.0000
vn -0.0000 -1.0000 -0.0000
vn 0.0529 -0.7471 0.6626
vn 0.0844 0.0105 0.9964
vn -0.9924 -0.1230 -0.0000
vn 0.9924 0.1230 -0.0000
vn 0.5418 -0.8405 -0.0000
vn 0.0844 0.0105 -0.9964
vn 0.0529 -0.7471 -0.6626
vn 0.0532 0.7444 -0.6656
vn 0.5710 0.8209 -0.0000
vn -0.5418 0.8405 -0.0000
vn 0.0532 0.7445 0.6656
vt 1.000000 1.000000
vt 1.000000 0.872699
vt 0.000000 0.872699
vt 0.000000 1.000000
vt 0.751534 0.123466
vt 0.253067 0.123466
vt 0.253067 0.000000
vt 0.751534 0.000000
vt 0.751534 0.246933
vt 0.253067 0.246933
vt 0.253067 0.745399
vt 0.751534 0.745399
vt 0.751534 0.123466
vt 0.000000 0.745399
vt 0.126534 0.745399
vt 0.126534 0.000000
vt 0.000000 0.000000
vt 0.751534 0.745399
vt 0.875767 0.745399
vt 0.875767 0.246932
vt 0.751534 0.246932
vt 1.000000 0.745399
vt 0.875767 0.246933
vt 1.000000 0.246933
s 0
usemtl concrete06_trim
f 2001/2137/1065 2004/2138/1065 2006/2139/1065 2002/2140/1065
f 2002/2141/1066 2011/2142/1066 2003/2143/1066 2001/2144/1066
f 2003/2138/1067 2007/2137/1067 2004/2140/1067 2001/2139/1067
f 2008/2145/1068 2005/2146/1068 2004/2147/1068 2007/2148/1068
f 2005/2149/1069 2012/2145/1069 2006/2146/1069 2004/2142/1069
f 2010/2150/1070 2008/2151/1070 2007/2152/1070 2009/2153/1070
f 2011/2154/1071 2009/2155/1071 2007/2156/1071 2003/2157/1071
f 2012/2146/1072 2010/2147/1072 2009/2148/1072 2006/2145/1072
f 2002/2139/1073 2006/2150/1073 2009/2158/1073 2011/2138/1073
f 2012/2138/1074 2015/2137/1074 2013/2140/1074 2010/2139/1074
f 2010/2159/1075 2013/2160/1075 2014/2158/1075 2008/2155/1075
f 2005/2138/1076 2016/2137/1076 2015/2140/1076 2012/2139/1076
f 2008/2150/1077 2014/2139/1077 2016/2138/1077 2005/2158/1077
o pillars.080
v -37.003685 16.725311 -16.645622
v -37.003685 16.725311 -18.314373
v -31.429922 16.725311 -17.062813
v -37.162704 16.835915 -16.480000
v -37.849571 22.377361 -16.480000
v -37.162704 16.835915 -18.480000
v -31.258324 16.835915 -16.980000
v -31.945190 22.377361 -16.980000
v -31.258324 16.835915 -17.980000
v -31.945190 22.377361 -17.980000
v -31.429922 16.725311 -17.897186
v -37.849571 22.377361 -18.480000
v -32.104210 22.487965 -17.897186
v -32.104210 22.487965 -17.062813
v -37.677975 22.487965 -18.314373
v -37.677975 22.487965 -16.645622
vn -0.5710 -0.8209 -0.0000
vn -0.0000 -1.0000 -0.0000
vn 0.0529 -0.7471 0.6626
vn 0.0844 0.0105 0.9964
vn -0.9924 -0.1230 -0.0000
vn 0.9924 0.1230 -0.0000
vn 0.5418 -0.8405 -0.0000
vn 0.0844 0.0105 -0.9964
vn 0.0529 -0.7471 -0.6626
vn 0.0532 0.7445 -0.6656
vn 0.5710 0.8209 -0.0000
vn -0.5418 0.8405 -0.0000
vn 0.0532 0.7445 0.6656
vt 1.000000 1.000000
vt 1.000000 0.872699
vt 0.000000 0.872699
vt 0.000000 1.000000
vt 0.751534 0.123466
vt 0.253067 0.123466
vt 0.253067 0.000000
vt 0.751534 0.000000
vt 0.751534 0.246933
vt 0.253067 0.246933
vt 0.253067 0.745399
vt 0.751534 0.745399
vt 0.751534 0.123466
vt 0.000000 0.745399
vt 0.126534 0.745399
vt 0.126534 0.000000
vt 0.000000 0.000000
vt 0.751534 0.745399
vt 0.875767 0.745399
vt 0.875767 0.246932
vt 0.751534 0.246932
vt 1.000000 0.745399
vt 0.875767 0.246933
vt 1.000000 0.246933
s 0
usemtl concrete06_trim
f 2017/2161/1078 2020/2162/1078 2022/2163/1078 2018/2164/1078
f 2018/2165/1079 2027/2166/1079 2019/2167/1079 2017/2168/1079
f 2019/2162/1080 2023/2161/1080 2020/2164/1080 2017/2163/1080
f 2024/2169/1081 2021/2170/1081 2020/2171/1081 2023/2172/1081
f 2021/2173/1082 2028/2169/1082 2022/2170/1082 2020/2166/1082
f 2026/2174/1083 2024/2175/1083 2023/2176/1083 2025/2177/1083
f 2027/2178/1084 2025/2179/1084 2023/2180/1084 2019/2181/1084
f 2028/2170/1085 2026/2171/1085 2025/2172/1085 2022/2169/1085
f 2018/2163/1086 2022/2174/1086 2025/2182/1086 2027/2162/1086
f 2028/2162/1087 2031/2161/1087 2029/2164/1087 2026/2163/1087
f 2026/2183/1088 2029/2184/1088 2030/2182/1088 2024/2179/1088
f 2021/2162/1089 2032/2161/1089 2031/2164/1089 2028/2163/1089
f 2024/2174/1090 2030/2163/1090 2032/2162/1090 2021/2182/1090
o pillars.081
v -37.675991 22.487965 -16.645622
v -37.675991 22.487965 -18.314373
v -32.102230 22.487965 -17.062813
v -37.835011 22.598572 -16.480000
v -38.521881 28.140015 -16.480000
v -37.835011 22.598572 -18.480000
v -31.930632 22.598572 -16.980000
v -32.617496 28.140015 -16.980000
v -31.930632 22.598572 -17.980000
v -32.617496 28.140015 -17.980000
v -32.102230 22.487965 -17.897186
v -38.521877 28.140015 -18.480000
v -32.776516 28.250622 -17.897186
v -32.776516 28.250622 -17.062813
v -38.350281 28.250622 -18.314373
v -38.350281 28.250622 -16.645622
vn -0.5710 -0.8209 -0.0000
vn -0.0000 -1.0000 -0.0000
vn 0.0529 -0.7471 0.6626
vn 0.0844 0.0105 0.9964
vn -0.9924 -0.1230 -0.0000
vn 0.9924 0.1230 -0.0000
vn 0.5418 -0.8405 -0.0000
vn 0.0844 0.0105 -0.9964
vn 0.0529 -0.7471 -0.6626
vn 0.0532 0.7444 -0.6656
vn 0.5710 0.8209 -0.0000
vn -0.5418 0.8405 -0.0000
vn 0.0532 0.7445 0.6656
vt 1.000000 1.000000
vt 1.000000 0.872699
vt 0.000000 0.872699
vt 0.000000 1.000000
vt 0.751534 0.123466
vt 0.253067 0.123466
vt 0.253067 0.000000
vt 0.751534 0.000000
vt 0.751534 0.246933
vt 0.253067 0.246933
vt 0.253067 0.745399
vt 0.751534 0.745399
vt 0.751534 0.123466
vt 0.000000 0.745399
vt 0.126534 0.745399
vt 0.126534 0.000000
vt 0.000000 0.000000
vt 0.751534 0.745399
vt 0.875767 0.745399
vt 0.875767 0.246932
vt 0.751534 0.246932
vt 1.000000 0.745399
vt 0.875767 0.246933
vt 1.000000 0.246933
s 0
usemtl concrete06_trim
f 2033/2185/1091 2036/2186/1091 2038/2187/1091 2034/2188/1091
f 2034/2189/1092 2043/2190/1092 2035/2191/1092 2033/2192/1092
f 2035/2186/1093 2039/2185/1093 2036/2188/1093 2033/2187/1093
f 2040/2193/1094 2037/2194/1094 2036/2195/1094 2039/2196/1094
f 2037/2197/1095 2044/2193/1095 2038/2194/1095 2036/2190/1095
f 2042/2198/1096 2040/2199/1096 2039/2200/1096 2041/2201/1096
f 2043/2202/1097 2041/2203/1097 2039/2204/1097 2035/2205/1097
f 2044/2194/1098 2042/2195/1098 2041/2196/1098 2038/2193/1098
f 2034/2187/1099 2038/2198/1099 2041/2206/1099 2043/2186/1099
f 2044/2186/1100 2047/2185/1100 2045/2188/1100 2042/2187/1100
f 2042/2207/1101 2045/2208/1101 2046/2206/1101 2040/2203/1101
f 2037/2186/1102 2048/2185/1102 2047/2188/1102 2044/2187/1102
f 2040/2198/1103 2046/2187/1103 2048/2186/1103 2037/2206/1103
o pillars.082
v -38.348301 28.250622 -16.645622
v -38.348301 28.250622 -18.314373
v -32.774536 28.250622 -17.062813
v -38.507320 28.361225 -16.480000
v -39.194187 33.902672 -16.480000
v -38.507320 28.361225 -18.480000
v -32.602940 28.361225 -16.980000
v -33.289806 33.902672 -16.980000
v -32.602940 28.361225 -17.980000
v -33.289806 33.902672 -17.980000
v -32.774536 28.250622 -17.897186
v -39.194183 33.902672 -18.480000
v -33.448826 34.013275 -17.897186
v -33.448826 34.013275 -17.062813
v -39.022591 34.013275 -18.314373
v -39.022591 34.013275 -16.645622
vn -0.5710 -0.8209 -0.0000
vn -0.0000 -1.0000 -0.0000
vn 0.0529 -0.7471 0.6626
vn 0.0844 0.0105 0.9964
vn -0.9924 -0.1230 -0.0000
vn 0.9924 0.1230 -0.0000
vn 0.5418 -0.8405 -0.0000
vn 0.0844 0.0105 -0.9964
vn 0.0529 -0.7471 -0.6626
vn 0.0532 0.7445 -0.6656
vn 0.5710 0.8209 -0.0000
vn -0.5418 0.8405 -0.0000
vn 0.0532 0.7445 0.6656
vt 1.000000 1.000000
vt 1.000000 0.872699
vt 0.000000 0.872699
vt 0.000000 1.000000
vt 0.751534 0.123466
vt 0.253067 0.123466
vt 0.253067 0.000000
vt 0.751534 0.000000
vt 0.751534 0.246933
vt 0.253067 0.246933
vt 0.253067 0.745399
vt 0.751534 0.745399
vt 0.751534 0.123466
vt 0.000000 0.745399
vt 0.126534 0.745399
vt 0.126534 0.000000
vt 0.000000 0.000000
vt 0.751534 0.745399
vt 0.875767 0.745399
vt 0.875767 0.246932
vt 0.751534 0.246932
vt 1.000000 0.745399
vt 0.875767 0.246933
vt 1.000000 0.246933
s 0
usemtl concrete06_trim
f 2049/2209/1104 2052/2210/1104 2054/2211/1104 2050/2212/1104
f 2050/2213/1105 2059/2214/1105 2051/2215/1105 2049/2216/1105
f 2051/2210/1106 2055/2209/1106 2052/2212/1106 2049/2211/1106
f 2056/2217/1107 2053/2218/1107 2052/2219/1107 2055/2220/1107
f 2053/2221/1108 2060/2217/1108 2054/2218/1108 2052/2214/1108
f 2058/2222/1109 2056/2223/1109 2055/2224/1109 2057/2225/1109
f 2059/2226/1110 2057/2227/1110 2055/2228/1110 2051/2229/1110
f 2060/2218/1111 2058/2219/1111 2057/2220/1111 2054/2217/1111
f 2050/2211/1112 2054/2222/1112 2057/2230/1112 2059/2210/1112
f 2060/2210/1113 2063/2209/1113 2061/2212/1113 2058/2211/1113
f 2058/2231/1114 2061/2232/1114 2062/2230/1114 2056/2227/1114
f 2053/2210/1115 2064/2209/1115 2063/2212/1115 2060/2211/1115
f 2056/2222/1116 2062/2211/1116 2064/2210/1116 2053/2230/1116
o pillars.083
v -39.020607 34.013275 -16.645622
v -39.020607 34.013275 -18.314373
v -33.446842 34.013275 -17.062813
v -39.179626 34.123882 -16.480000
v -39.866493 39.665325 -16.480000
v -39.179626 34.123882 -18.480000
v -33.275246 34.123882 -16.980000
v -33.962112 39.665325 -16.980000
v -33.275246 34.123882 -17.980000
v -33.962112 39.665325 -17.980000
v -33.446842 34.013275 -17.897186
v -39.866493 39.665325 -18.480000
v -34.121132 39.775932 -17.897186
v -34.121132 39.775932 -17.062813
v -39.694897 39.775932 -18.314373
v -39.694897 39.775932 -16.645622
vn -0.5710 -0.8209 -0.0000
vn -0.0000 -1.0000 -0.0000
vn 0.0529 -0.7471 0.6626
vn 0.0844 0.0105 0.9964
vn -0.9924 -0.1230 -0.0000
vn 0.9924 0.1230 -0.0000
vn 0.5418 -0.8405 -0.0000
vn 0.0844 0.0105 -0.9964
vn 0.0529 -0.7471 -0.6626
vn 0.0532 0.7444 -0.6656
vn 0.5710 0.8209 -0.0000
vn -0.5418 0.8405 -0.0000
vn 0.0532 0.7444 0.6656
vt 1.000000 1.000000
vt 1.000000 0.872699
vt 0.000000 0.872699
vt 0.000000 1.000000
vt 0.751534 0.123466
vt 0.253067 0.123466
vt 0.253067 0.000000
vt 0.751534 0.000000
vt 0.751534 0.246933
vt 0.253067 0.246933
vt 0.253067 0.745399
vt 0.751534 0.745399
vt 0.751534 0.123466
vt 0.000000 0.745399
vt 0.126534 0.745399
vt 0.126534 0.000000
vt 0.000000 0.000000
vt 0.751534 0.745399
vt 0.875767 0.745399
vt 0.875767 0.246932
vt 0.751534 0.246932
vt 1.000000 0.745399
vt 0.875767 0.246933
vt 1.000000 0.246933
s 0
usemtl concrete06_trim
f 2065/2233/1117 2068/2234/1117 2070/2235/1117 2066/2236/1117
f 2066/2237/1118 2075/2238/1118 2067/2239/1118 2065/2240/1118
f 2067/2234/1119 2071/2233/1119 2068/2236/1119 2065/2235/1119
f 2072/2241/1120 2069/2242/1120 2068/2243/1120 2071/2244/1120
f 2069/2245/1121 2076/2241/1121 2070/2242/1121 2068/2238/1121
f 2074/2246/1122 2072/2247/1122 2071/2248/1122 2073/2249/1122
f 2075/2250/1123 2073/2251/1123 2071/2252/1123 2067/2253/1123
f 2076/2242/1124 2074/2243/1124 2073/2244/1124 2070/2241/1124
f 2066/2235/1125 2070/2246/1125 2073/2254/1125 2075/2234/1125
f 2076/2234/1126 2079/2233/1126 2077/2236/1126 2074/2235/1126
f 2074/2255/1127 2077/2256/1127 2078/2254/1127 2072/2251/1127
f 2069/2234/1128 2080/2233/1128 2079/2236/1128 2076/2235/1128
f 2072/2246/1129 2078/2235/1129 2080/2234/1129 2069/2254/1129
o pillars.084
v -39.692913 39.775932 -16.645622
v -39.692913 39.775932 -18.314373
v -34.119148 39.775932 -17.062813
v -39.851933 39.886539 -16.480000
v -40.538799 45.427982 -16.480000
v -39.851933 39.886536 -18.480000
v -33.947552 39.886536 -16.980000
v -34.634418 45.427982 -16.980000
v -33.947552 39.886536 -17.980000
v -34.634418 45.427982 -17.980000
v -34.119148 39.775932 -17.897186
v -40.538799 45.427982 -18.480000
v -34.793438 45.538586 -17.897186
v -34.793438 45.538586 -17.062813
v -40.367203 45.538586 -18.314373
v -40.367203 45.538586 -16.645622
vn -0.5710 -0.8209 -0.0000
vn -0.0000 -1.0000 -0.0000
vn 0.0529 -0.7471 0.6626
vn 0.0844 0.0105 0.9964
vn -0.9924 -0.1230 -0.0000
vn 0.9924 0.1230 -0.0000
vn 0.5418 -0.8405 -0.0000
vn 0.0844 0.0105 -0.9964
vn 0.0529 -0.7471 -0.6626
vn 0.0532 0.7445 -0.6656
vn 0.5710 0.8210 -0.0000
vn -0.5418 0.8405 -0.0000
vn 0.0532 0.7445 0.6655
vt 1.000000 1.000000
vt 1.000000 0.872699
vt 0.000000 0.872699
vt 0.000000 1.000000
vt 0.751534 0.123466
vt 0.253067 0.123466
vt 0.253067 0.000000
vt 0.751534 0.000000
vt 0.751534 0.246933
vt 0.253067 0.246933
vt 0.253067 0.745399
vt 0.751534 0.745399
vt 0.751534 0.123466
vt 0.000000 0.745399
vt 0.126534 0.745399
vt 0.126534 0.000000
vt 0.000000 0.000000
vt 0.751534 0.745399
vt 0.875767 0.745399
vt 0.875767 0.246932
vt 0.751534 0.246932
vt 1.000000 0.745399
vt 0.875767 0.246933
vt 1.000000 0.246933
s 0
usemtl concrete06_trim
f 2081/2257/1130 2084/2258/1130 2086/2259/1130 2082/2260/1130
f 2082/2261/1131 2091/2262/1131 2083/2263/1131 2081/2264/1131
f 2083/2258/1132 2087/2257/1132 2084/2260/1132 2081/2259/1132
f 2088/2265/1133 2085/2266/1133 2084/2267/1133 2087/2268/1133
f 2085/2269/1134 2092/2265/1134 2086/2266/1134 2084/2262/1134
f 2090/2270/1135 2088/2271/1135 2087/2272/1135 2089/2273/1135
f 2091/2274/1136 2089/2275/1136 2087/2276/1136 2083/2277/1136
f 2092/2266/1137 2090/2267/1137 2089/2268/1137 2086/2265/1137
f 2082/2259/1138 2086/2270/1138 2089/2278/1138 2091/2258/1138
f 2092/2258/1139 2095/2257/1139 2093/2260/1139 2090/2259/1139
f 2090/2279/1140 2093/2280/1140 2094/2278/1140 2088/2275/1140
f 2085/2258/1141 2096/2257/1141 2095/2260/1141 2092/2259/1141
f 2088/2270/1142 2094/2259/1142 2096/2258/1142 2085/2278/1142
o pillars.085
v -35.123199 48.667774 18.334377
v -35.123199 48.667774 16.665625
v -35.827431 43.138680 17.917189
v -34.993385 48.811546 18.500002
v -29.409569 48.792759 18.500002
v -34.993389 48.811546 16.500000
v -35.739391 42.954483 18.000000
v -30.155573 42.935696 18.000000
v -35.739391 42.954483 17.000000
v -30.155573 42.935696 17.000000
v -35.827431 43.138680 17.082813
v -29.409569 48.792759 16.500000
v -30.025761 43.079468 17.082813
v -30.025761 43.079468 17.917189
v -29.321531 48.608562 16.665625
v -29.321529 48.608562 18.334377
vn -0.7422 0.6702 -0.0000
vn -0.9920 0.1263 -0.0000
vn -0.7478 0.0419 0.6626
vn -0.0003 -0.0850 0.9964
vn 0.0034 1.0000 -0.0000
vn -0.0034 -1.0000 -0.0000
vn -0.9022 -0.4312 -0.0000
vn -0.0003 -0.0850 -0.9964
vn -0.7478 0.0419 -0.6626
vn 0.7318 -0.1468 -0.6656
vn 0.7422 -0.6702 -0.0000
vn 0.9022 0.4312 -0.0000
vn 0.7318 -0.1468 0.6656
vt 0.000000 0.872699
vt 0.000000 0.745399
vt 1.000000 0.745399
vt 1.000000 0.872699
vt 0.875767 0.246933
vt 0.875767 0.745399
vt 0.751534 0.745399
vt 0.751534 0.246933
vt 0.751534 0.745399
vt 0.253067 0.246933
vt 0.253067 0.745399
vt 0.126534 0.745399
vt 0.253068 0.745399
vt 0.253068 0.000000
vt 0.126534 0.000000
vt 0.751534 0.246933
vt 0.751534 0.123466
vt 0.253067 0.123466
vt 0.000000 1.000000
vt 1.000000 1.000000
s 0
usemtl concrete06_trim
f 2097/2281/1143 2100/2282/1143 2102/2283/1143 2098/2284/1143
f 2098/2285/1144 2107/2286/1144 2099/2287/1144 2097/2288/1144
f 2099/2284/1145 2103/2283/1145 2100/2282/1145 2097/2281/1145
f 2104/2289/1146 2101/2288/1146 2100/2290/1146 2103/2291/1146
f 2101/2288/1147 2108/2285/1147 2102/2286/1147 2100/2287/1147
f 2106/2292/1148 2104/2293/1148 2103/2294/1148 2105/2295/1148
f 2107/2296/1149 2105/2297/1149 2103/2298/1149 2099/2290/1149
f 2108/2289/1150 2106/2291/1150 2105/2290/1150 2102/2296/1150
f 2098/2299/1151 2102/2281/1151 2105/2284/1151 2107/2300/1151
f 2108/2281/1152 2111/2299/1152 2109/2300/1152 2106/2284/1152
f 2106/2297/1153 2109/2296/1153 2110/2290/1153 2104/2298/1153
f 2101/2284/1154 2112/2300/1154 2111/2299/1154 2108/2281/1154
f 2104/2299/1155 2110/2281/1155 2112/2284/1155 2101/2300/1155
o pillars.086
v -29.321781 48.606598 18.334377
v -29.321781 48.606598 16.665625
v -30.026012 43.077499 17.917189
v -29.191971 48.750366 18.500002
v -23.608150 48.731583 18.500002
v -29.191971 48.750366 16.500000
v -29.937973 42.893303 18.000000
v -24.354155 42.874519 18.000000
v -29.937973 42.893303 17.000000
v -24.354155 42.874519 17.000000
v -30.026012 43.077499 17.082813
v -23.608150 48.731583 16.500000
v -24.224346 43.018291 17.082813
v -24.224346 43.018291 17.917189
v -23.520115 48.547386 16.665625
v -23.520113 48.547386 18.334377
vn -0.7422 0.6702 -0.0000
vn -0.9920 0.1263 -0.0000
vn -0.7478 0.0419 0.6626
vn -0.0003 -0.0850 0.9964
vn 0.0034 1.0000 -0.0000
vn -0.0034 -1.0000 -0.0000
vn -0.9022 -0.4312 -0.0000
vn -0.0003 -0.0850 -0.9964
vn -0.7478 0.0419 -0.6626
vn 0.7318 -0.1468 -0.6656
vn 0.7422 -0.6701 -0.0000
vn 0.9022 0.4312 -0.0000
vn 0.7318 -0.1468 0.6656
vt 0.000000 0.872699
vt 0.000000 0.745399
vt 1.000000 0.745399
vt 1.000000 0.872699
vt 0.875767 0.246933
vt 0.875767 0.745399
vt 0.751534 0.745399
vt 0.751534 0.246933
vt 0.751534 0.745399
vt 0.253067 0.246933
vt 0.253067 0.745399
vt 0.126534 0.745399
vt 0.253068 0.745399
vt 0.253068 0.000000
vt 0.126534 0.000000
vt 0.751534 0.246933
vt 0.751534 0.123466
vt 0.253067 0.123466
vt 0.000000 1.000000
vt 1.000000 1.000000
s 0
usemtl concrete06_trim
f 2113/2301/1156 2116/2302/1156 2118/2303/1156 2114/2304/1156
f 2114/2305/1157 2123/2306/1157 2115/2307/1157 2113/2308/1157
f 2115/2304/1158 2119/2303/1158 2116/2302/1158 2113/2301/1158
f 2120/2309/1159 2117/2308/1159 2116/2310/1159 2119/2311/1159
f 2117/2308/1160 2124/2305/1160 2118/2306/1160 2116/2307/1160
f 2122/2312/1161 2120/2313/1161 2119/2314/1161 2121/2315/1161
f 2123/2316/1162 2121/2317/1162 2119/2318/1162 2115/2310/1162
f 2124/2309/1163 2122/2311/1163 2121/2310/1163 2118/2316/1163
f 2114/2319/1164 2118/2301/1164 2121/2304/1164 2123/2320/1164
f 2124/2301/1165 2127/2319/1165 2125/2320/1165 2122/2304/1165
f 2122/2317/1166 2125/2316/1166 2126/2310/1166 2120/2318/1166
f 2117/2304/1167 2128/2320/1167 2127/2319/1167 2124/2301/1167
f 2120/2319/1168 2126/2301/1168 2128/2304/1168 2117/2320/1168
o pillars.087
v -23.520363 48.545418 18.334377
v -23.520363 48.545418 16.665625
v -24.224594 43.016323 17.917189
v -23.390551 48.689190 18.500002
v -17.806732 48.670406 18.500002
v -23.390551 48.689190 16.500000
v -24.136555 42.832127 18.000000
v -18.552736 42.813343 18.000000
v -24.136555 42.832127 17.000000
v -18.552736 42.813343 17.000000
v -24.224594 43.016323 17.082813
v -17.806734 48.670403 16.500000
v -18.422924 42.957111 17.082813
v -18.422924 42.957111 17.917189
v -17.718695 48.486206 16.665625
v -17.718695 48.486206 18.334377
vn -0.7422 0.6702 -0.0000
vn -0.9920 0.1263 -0.0000
vn -0.7478 0.0419 0.6626
vn -0.0003 -0.0850 0.9964
vn 0.0034 1.0000 -0.0000
vn -0.0034 -1.0000 -0.0000
vn -0.9022 -0.4312 -0.0000
vn -0.0003 -0.0850 -0.9964
vn -0.7478 0.0419 -0.6626
vn 0.7318 -0.1468 -0.6656
vn 0.7422 -0.6702 -0.0000
vn 0.9022 0.4312 -0.0000
vn 0.7318 -0.1468 0.6656
vt 0.000000 0.872699
vt 0.000000 0.745399
vt 1.000000 0.745399
vt 1.000000 0.872699
vt 0.875767 0.246933
vt 0.875767 0.745399
vt 0.751534 0.745399
vt 0.751534 0.246933
vt 0.751534 0.745399
vt 0.253067 0.246933
vt 0.253067 0.745399
vt 0.126534 0.745399
vt 0.253068 0.745399
vt 0.253068 0.000000
vt 0.126534 0.000000
vt 0.751534 0.246933
vt 0.751534 0.123466
vt 0.253067 0.123466
vt 0.000000 1.000000
vt 1.000000 1.000000
s 0
usemtl concrete06_trim
f 2129/2321/1169 2132/2322/1169 2134/2323/1169 2130/2324/1169
f 2130/2325/1170 2139/2326/1170 2131/2327/1170 2129/2328/1170
f 2131/2324/1171 2135/2323/1171 2132/2322/1171 2129/2321/1171
f 2136/2329/1172 2133/2328/1172 2132/2330/1172 2135/2331/1172
f 2133/2328/1173 2140/2325/1173 2134/2326/1173 2132/2327/1173
f 2138/2332/1174 2136/2333/1174 2135/2334/1174 2137/2335/1174
f 2139/2336/1175 2137/2337/1175 2135/2338/1175 2131/2330/1175
f 2140/2329/1176 2138/2331/1176 2137/2330/1176 2134/2336/1176
f 2130/2339/1177 2134/2321/1177 2137/2324/1177 2139/2340/1177
f 2140/2321/1178 2143/2339/1178 2141/2340/1178 2138/2324/1178
f 2138/2337/1179 2141/2336/1179 2142/2330/1179 2136/2338/1179
f 2133/2324/1180 2144/2340/1180 2143/2339/1180 2140/2321/1180
f 2136/2339/1181 2142/2321/1181 2144/2324/1181 2133/2340/1181
o pillars.088
v -17.718945 48.484241 18.334377
v -17.718945 48.484241 16.665625
v -18.423176 42.955147 17.917189
v -17.589134 48.628014 18.500002
v -12.005314 48.609230 18.500002
v -17.589134 48.628014 16.500000
v -18.335138 42.770950 18.000000
v -12.751318 42.752163 18.000000
v -18.335138 42.770950 17.000000
v -12.751318 42.752163 17.000000
v -18.423176 42.955147 17.082813
v -12.005314 48.609226 16.500000
v -12.621510 42.895935 17.082813
v -12.621510 42.895935 17.917189
v -11.917278 48.425034 16.665625
v -11.917276 48.425034 18.334377
vn -0.7422 0.6701 -0.0000
vn -0.9920 0.1263 -0.0000
vn -0.7478 0.0419 0.6626
vn -0.0003 -0.0850 0.9964
vn 0.0034 1.0000 -0.0000
vn -0.0034 -1.0000 -0.0000
vn -0.9022 -0.4312 -0.0000
vn -0.0003 -0.0850 -0.9964
vn -0.7478 0.0419 -0.6626
vn 0.7318 -0.1468 -0.6656
vn 0.7422 -0.6702 -0.0000
vn 0.9022 0.4312 -0.0000
vn 0.7318 -0.1468 0.6656
vt 0.000000 0.872699
vt 0.000000 0.745399
vt 1.000000 0.745399
vt 1.000000 0.872699
vt 0.875767 0.246933
vt 0.875767 0.745399
vt 0.751534 0.745399
vt 0.751534 0.246933
vt 0.751534 0.745399
vt 0.253067 0.246933
vt 0.253067 0.745399
vt 0.126534 0.745399
vt 0.253068 0.745399
vt 0.253068 0.000000
vt 0.126534 0.000000
vt 0.751534 0.246933
vt 0.751534 0.123466
vt 0.253067 0.123466
vt 0.000000 1.000000
vt 1.000000 1.000000
s 0
usemtl concrete06_trim
f 2145/2341/1182 2148/2342/1182 2150/2343/1182 2146/2344/1182
f 2146/2345/1183 2155/2346/1183 2147/2347/1183 2145/2348/1183
f 2147/2344/1184 2151/2343/1184 2148/2342/1184 2145/2341/1184
f 2152/2349/1185 2149/2348/1185 2148/2350/1185 2151/2351/1185
f 2149/2348/1186 2156/2345/1186 2150/2346/1186 2148/2347/1186
f 2154/2352/1187 2152/2353/1187 2151/2354/1187 2153/2355/1187
f 2155/2356/1188 2153/2357/1188 2151/2358/1188 2147/2350/1188
f 2156/2349/1189 2154/2351/1189 2153/2350/1189 2150/2356/1189
f 2146/2359/1190 2150/2341/1190 2153/2344/1190 2155/2360/1190
f 2156/2341/1191 2159/2359/1191 2157/2360/1191 2154/2344/1191
f 2154/2357/1192 2157/2356/1192 2158/2350/1192 2152/2358/1192
f 2149/2344/1193 2160/2360/1193 2159/2359/1193 2156/2341/1193
f 2152/2359/1194 2158/2341/1194 2160/2344/1194 2149/2360/1194
o pillars.089
v -11.917528 48.423065 18.334377
v -11.917528 48.423065 16.665625
v -12.621758 42.893970 17.917189
v -11.787716 48.566833 18.500002
v -6.203899 48.548050 18.500002
v -11.787716 48.566833 16.500000
v -12.533718 42.709774 18.000000
v -6.949902 42.690987 18.000000
v -12.533718 42.709774 17.000000
v -6.949902 42.690987 17.000000
v -12.621758 42.893970 17.082813
v -6.203899 48.548050 16.500000
v -6.820091 42.834759 17.082813
v -6.820091 42.834759 17.917189
v -6.115860 48.363853 16.665625
v -6.115860 48.363853 18.334377
vn -0.7422 0.6701 -0.0000
vn -0.9920 0.1263 -0.0000
vn -0.7478 0.0419 0.6626
vn -0.0003 -0.0850 0.9964
vn 0.0034 1.0000 -0.0000
vn -0.0034 -1.0000 -0.0000
vn -0.9022 -0.4312 -0.0000
vn -0.0003 -0.0850 -0.9964
vn -0.7478 0.0419 -0.6626
vn 0.7318 -0.1468 -0.6656
vn 0.7422 -0.6702 -0.0000
vn 0.9022 0.4312 -0.0000
vn 0.7318 -0.1468 0.6656
vt 0.000000 0.872699
vt 0.000000 0.745399
vt 1.000000 0.745399
vt 1.000000 0.872699
vt 0.875767 0.246933
vt 0.875767 0.745399
vt 0.751534 0.745399
vt 0.751534 0.246933
vt 0.751534 0.745399
vt 0.253067 0.246933
vt 0.253067 0.745399
vt 0.126534 0.745399
vt 0.253068 0.745399
vt 0.253068 0.000000
vt 0.126534 0.000000
vt 0.751534 0.246933
vt 0.751534 0.123466
vt 0.253067 0.123466
vt 0.000000 1.000000
vt 1.000000 1.000000
s 0
usemtl concrete06_trim
f 2161/2361/1195 2164/2362/1195 2166/2363/1195 2162/2364/1195
f 2162/2365/1196 2171/2366/1196 2163/2367/1196 2161/2368/1196
f 2163/2364/1197 2167/2363/1197 2164/2362/1197 2161/2361/1197
f 2168/2369/1198 2165/2368/1198 2164/2370/1198 2167/2371/1198
f 2165/2368/1199 2172/2365/1199 2166/2366/1199 2164/2367/1199
f 2170/2372/1200 2168/2373/1200 2167/2374/1200 2169/2375/1200
f 2171/2376/1201 2169/2377/1201 2167/2378/1201 2163/2370/1201
f 2172/2369/1202 2170/2371/1202 2169/2370/1202 2166/2376/1202
f 2162/2379/1203 2166/2361/1203 2169/2364/1203 2171/2380/1203
f 2172/2361/1204 2175/2379/1204 2173/2380/1204 2170/2364/1204
f 2170/2377/1205 2173/2376/1205 2174/2370/1205 2168/2378/1205
f 2165/2364/1206 2176/2380/1206 2175/2379/1206 2172/2361/1206
f 2168/2379/1207 2174/2361/1207 2176/2364/1207 2165/2380/1207
o pillars.090
v -6.116112 48.361889 18.334377
v -6.116112 48.361889 16.665625
v -6.820343 42.832790 17.917189
v -5.986298 48.505657 18.500002
v -0.402477 48.486874 18.500002
v -5.986301 48.505657 16.500000
v -6.732304 42.648598 18.000000
v -1.148479 42.629810 18.000000
v -6.732304 42.648598 17.000000
v -1.148479 42.629810 17.000000
v -6.820343 42.832790 17.082813
v -0.402477 48.486874 16.500000
v -1.018673 42.773579 17.082813
v -1.018673 42.773579 17.917189
v -0.314442 48.302677 16.665625
v -0.314442 48.302677 18.334377
vn -0.7422 0.6702 -0.0000
vn -0.9920 0.1263 -0.0000
vn -0.7478 0.0419 0.6626
vn -0.0003 -0.0850 0.9964
vn 0.0034 1.0000 -0.0000
vn -0.0034 -1.0000 -0.0000
vn -0.9022 -0.4312 -0.0000
vn -0.0003 -0.0850 -0.9964
vn -0.7478 0.0419 -0.6626
vn 0.7318 -0.1468 -0.6656
vn 0.7422 -0.6702 -0.0000
vn 0.9022 0.4312 -0.0000
vn 0.7318 -0.1468 0.6656
vt 0.000000 0.872699
vt 0.000000 0.745399
vt 1.000000 0.745399
vt 1.000000 0.872699
vt 0.875767 0.246933
vt 0.875767 0.745399
vt 0.751534 0.745399
vt 0.751534 0.246933
vt 0.751534 0.745399
vt 0.253067 0.246933
vt 0.253067 0.745399
vt 0.126534 0.745399
vt 0.253068 0.745399
vt 0.253068 0.000000
vt 0.126534 0.000000
vt 0.751534 0.246933
vt 0.751534 0.123466
vt 0.253067 0.123466
vt 0.000000 1.000000
vt 1.000000 1.000000
s 0
usemtl concrete06_trim
f 2177/2381/1208 2180/2382/1208 2182/2383/1208 2178/2384/1208
f 2178/2385/1209 2187/2386/1209 2179/2387/1209 2177/2388/1209
f 2179/2384/1210 2183/2383/1210 2180/2382/1210 2177/2381/1210
f 2184/2389/1211 2181/2388/1211 2180/2390/1211 2183/2391/1211
f 2181/2388/1212 2188/2385/1212 2182/2386/1212 2180/2387/1212
f 2186/2392/1213 2184/2393/1213 2183/2394/1213 2185/2395/1213
f 2187/2396/1214 2185/2397/1214 2183/2398/1214 2179/2390/1214
f 2188/2389/1215 2186/2391/1215 2185/2390/1215 2182/2396/1215
f 2178/2399/1216 2182/2381/1216 2185/2384/1216 2187/2400/1216
f 2188/2381/1217 2191/2399/1217 2189/2400/1217 2186/2384/1217
f 2186/2397/1218 2189/2396/1218 2190/2390/1218 2184/2398/1218
f 2181/2384/1219 2192/2400/1219 2191/2399/1219 2188/2381/1219
f 2184/2399/1220 2190/2381/1220 2192/2384/1220 2181/2400/1220
o pillars.091
v -0.314693 48.300709 18.334377
v -0.314693 48.300709 16.665625
v -1.018925 42.771614 17.917189
v -0.184879 48.444481 18.500002
v 5.398937 48.425697 18.500002
v -0.184883 48.444481 16.500000
v -0.930885 42.587418 18.000000
v 4.652931 42.568634 18.000000
v -0.930885 42.587418 17.000000
v 4.652931 42.568634 17.000000
v -1.018925 42.771614 17.082813
v 5.398937 48.425697 16.500000
v 4.782742 42.712402 17.082813
v 4.782742 42.712402 17.917189
v 5.486973 48.241501 16.665625
v 5.486977 48.241501 18.334377
vn -0.7422 0.6702 -0.0000
vn -0.9920 0.1263 -0.0000
vn -0.7478 0.0419 0.6626
vn -0.0003 -0.0850 0.9964
vn 0.0034 1.0000 -0.0000
vn -0.0034 -1.0000 -0.0000
vn -0.9022 -0.4312 -0.0000
vn -0.0003 -0.0850 -0.9964
vn -0.7478 0.0419 -0.6626
vn 0.7318 -0.1468 -0.6656
vn 0.7422 -0.6701 -0.0000
vn 0.9022 0.4312 -0.0000
vn 0.7318 -0.1468 0.6656
vt 0.000000 0.872699
vt 0.000000 0.745399
vt 1.000000 0.745399
vt 1.000000 0.872699
vt 0.875767 0.246933
vt 0.875767 0.745399
vt 0.751534 0.745399
vt 0.751534 0.246933
vt 0.751534 0.745399
vt 0.253067 0.246933
vt 0.253067 0.745399
vt 0.126534 0.745399
vt 0.253068 0.745399
vt 0.253068 0.000000
vt 0.126534 0.000000
vt 0.751534 0.246933
vt 0.751534 0.123466
vt 0.253067 0.123466
vt 0.000000 1.000000
vt 1.000000 1.000000
s 0
usemtl concrete06_trim
f 2193/2401/1221 2196/2402/1221 2198/2403/1221 2194/2404/1221
f 2194/2405/1222 2203/2406/1222 2195/2407/1222 2193/2408/1222
f 2195/2404/1223 2199/2403/1223 2196/2402/1223 2193/2401/1223
f 2200/2409/1224 2197/2408/1224 2196/2410/1224 2199/2411/1224
f 2197/2408/1225 2204/2405/1225 2198/2406/1225 2196/2407/1225
f 2202/2412/1226 2200/2413/1226 2199/2414/1226 2201/2415/1226
f 2203/2416/1227 2201/2417/1227 2199/2418/1227 2195/2410/1227
f 2204/2409/1228 2202/2411/1228 2201/2410/1228 2198/2416/1228
f 2194/2419/1229 2198/2401/1229 2201/2404/1229 2203/2420/1229
f 2204/2401/1230 2207/2419/1230 2205/2420/1230 2202/2404/1230
f 2202/2417/1231 2205/2416/1231 2206/2410/1231 2200/2418/1231
f 2197/2404/1232 2208/2420/1232 2207/2419/1232 2204/2401/1232
f 2200/2419/1233 2206/2401/1233 2208/2404/1233 2197/2420/1233
o pillars.092
v 5.486729 48.239532 18.334377
v 5.486729 48.239532 16.665625
v 4.782497 42.710438 17.917189
v 5.616539 48.383305 18.500002
v 11.200356 48.364517 18.500002
v 5.616535 48.383305 16.500000
v 4.870533 42.526241 18.000000
v 10.454353 42.507454 18.000000
v 4.870533 42.526241 17.000000
v 10.454353 42.507454 17.000000
v 4.782497 42.710438 17.082813
v 11.200356 48.364517 16.500000
v 10.584164 42.651226 17.082813
v 10.584164 42.651226 17.917189
v 11.288395 48.180321 16.665625
v 11.288399 48.180321 18.334377
vn -0.7422 0.6701 -0.0000
vn -0.9920 0.1263 -0.0000
vn -0.7478 0.0419 0.6626
vn -0.0003 -0.0850 0.9964
vn 0.0034 1.0000 -0.0000
vn -0.0034 -1.0000 -0.0000
vn -0.9022 -0.4312 -0.0000
vn -0.0003 -0.0850 -0.9964
vn -0.7478 0.0419 -0.6626
vn 0.7318 -0.1468 -0.6656
vn 0.7422 -0.6701 -0.0000
vn 0.9022 0.4312 -0.0000
vn 0.7318 -0.1468 0.6656
vt 0.000000 0.872699
vt 0.000000 0.745399
vt 1.000000 0.745399
vt 1.000000 0.872699
vt 0.875767 0.246933
vt 0.875767 0.745399
vt 0.751534 0.745399
vt 0.751534 0.246933
vt 0.751534 0.745399
vt 0.253067 0.246933
vt 0.253067 0.745399
vt 0.126534 0.745399
vt 0.253068 0.745399
vt 0.253068 0.000000
vt 0.126534 0.000000
vt 0.751534 0.246933
vt 0.751534 0.123466
vt 0.253067 0.123466
vt 0.000000 1.000000
vt 1.000000 1.000000
s 0
usemtl concrete06_trim
f 2209/2421/1234 2212/2422/1234 2214/2423/1234 2210/2424/1234
f 2210/2425/1235 2219/2426/1235 2211/2427/1235 2209/2428/1235
f 2211/2424/1236 2215/2423/1236 2212/2422/1236 2209/2421/1236
f 2216/2429/1237 2213/2428/1237 2212/2430/1237 2215/2431/1237
f 2213/2428/1238 2220/2425/1238 2214/2426/1238 2212/2427/1238
f 2218/2432/1239 2216/2433/1239 2215/2434/1239 2217/2435/1239
f 2219/2436/1240 2217/2437/1240 2215/2438/1240 2211/2430/1240
f 2220/2429/1241 2218/2431/1241 2217/2430/1241 2214/2436/1241
f 2210/2439/1242 2214/2421/1242 2217/2424/1242 2219/2440/1242
f 2220/2421/1243 2223/2439/1243 2221/2440/1243 2218/2424/1243
f 2218/2437/1244 2221/2436/1244 2222/2430/1244 2216/2438/1244
f 2213/2424/1245 2224/2440/1245 2223/2439/1245 2220/2421/1245
f 2216/2439/1246 2222/2421/1246 2224/2424/1246 2213/2440/1246
o pillars.093
v 11.288147 48.178356 18.334377
v 11.288147 48.178356 16.665625
v 10.583916 42.649258 17.917189
v 11.417957 48.322124 18.500002
v 17.001778 48.303341 18.500002
v 11.417953 48.322124 16.500000
v 10.671951 42.465065 18.000000
v 16.255775 42.446278 18.000000
v 10.671951 42.465065 17.000000
v 16.255775 42.446278 17.000000
v 10.583916 42.649258 17.082813
v 17.001778 48.303341 16.500000
v 16.385582 42.590050 17.082813
v 16.385582 42.590050 17.917189
v 17.089809 48.119144 16.665625
v 17.089813 48.119144 18.334377
vn -0.7422 0.6702 -0.0000
vn -0.9920 0.1263 -0.0000
vn -0.7478 0.0419 0.6626
vn -0.0003 -0.0850 0.9964
vn 0.0034 1.0000 -0.0000
vn -0.0034 -1.0000 -0.0000
vn -0.9022 -0.4312 -0.0000
vn -0.0003 -0.0850 -0.9964
vn -0.7478 0.0419 -0.6626
vn 0.7318 -0.1468 -0.6656
vn 0.7422 -0.6701 -0.0000
vn 0.9022 0.4312 -0.0000
vn 0.7318 -0.1468 0.6656
vt 0.000000 0.872699
vt 0.000000 0.745399
vt 1.000000 0.745399
vt 1.000000 0.872699
vt 0.875767 0.246933
vt 0.875767 0.745399
vt 0.751534 0.745399
vt 0.751534 0.246933
vt 0.751534 0.745399
vt 0.253067 0.246933
vt 0.253067 0.745399
vt 0.126534 0.745399
vt 0.253068 0.745399
vt 0.253068 0.000000
vt 0.126534 0.000000
vt 0.751534 0.246933
vt 0.751534 0.123466
vt 0.253067 0.123466
vt 0.000000 1.000000
vt 1.000000 1.000000
s 0
usemtl concrete06_trim
f 2225/2441/1247 2228/2442/1247 2230/2443/1247 2226/2444/1247
f 2226/2445/1248 2235/2446/1248 2227/2447/1248 2225/2448/1248
f 2227/2444/1249 2231/2443/1249 2228/2442/1249 2225/2441/1249
f 2232/2449/1250 2229/2448/1250 2228/2450/1250 2231/2451/1250
f 2229/2448/1251 2236/2445/1251 2230/2446/1251 2228/2447/1251
f 2234/2452/1252 2232/2453/1252 2231/2454/1252 2233/2455/1252
f 2235/2456/1253 2233/2457/1253 2231/2458/1253 2227/2450/1253
f 2236/2449/1254 2234/2451/1254 2233/2450/1254 2230/2456/1254
f 2226/2459/1255 2230/2441/1255 2233/2444/1255 2235/2460/1255
f 2236/2441/1256 2239/2459/1256 2237/2460/1256 2234/2444/1256
f 2234/2457/1257 2237/2456/1257 2238/2450/1257 2232/2458/1257
f 2229/2444/1258 2240/2460/1258 2239/2459/1258 2236/2441/1258
f 2232/2459/1259 2238/2441/1259 2240/2444/1259 2229/2460/1259
o pillars.094
v 17.089561 48.117180 18.334377
v 17.089561 48.117180 16.665625
v 16.385330 42.588081 17.917189
v 17.219376 48.260948 18.500002
v 22.803192 48.242165 18.500002
v 17.219372 48.260948 16.500000
v 16.473366 42.403885 18.000000
v 22.057190 42.385101 18.000000
v 16.473366 42.403885 17.000000
v 22.057190 42.385101 17.000000
v 16.385330 42.588081 17.082813
v 22.803192 48.242165 16.500000
v 22.186996 42.528870 17.082813
v 22.186996 42.528870 17.917189
v 22.891228 48.057968 16.665625
v 22.891228 48.057968 18.334377
vn -0.7422 0.6702 -0.0000
vn -0.9920 0.1263 -0.0000
vn -0.7478 0.0419 0.6626
vn -0.0003 -0.0850 0.9964
vn 0.0034 1.0000 -0.0000
vn -0.0034 -1.0000 -0.0000
vn -0.9023 -0.4312 -0.0000
vn -0.0003 -0.0850 -0.9964
vn -0.7478 0.0419 -0.6626
vn 0.7318 -0.1468 -0.6656
vn 0.7422 -0.6701 -0.0000
vn 0.9022 0.4312 -0.0000
vn 0.7318 -0.1468 0.6656
vt 0.000000 0.872699
vt 0.000000 0.745399
vt 1.000000 0.745399
vt 1.000000 0.872699
vt 0.875767 0.246933
vt 0.875767 0.745399
vt 0.751534 0.745399
vt 0.751534 0.246933
vt 0.751534 0.745399
vt 0.253067 0.246933
vt 0.253067 0.745399
vt 0.126534 0.745399
vt 0.253068 0.745399
vt 0.253068 0.000000
vt 0.126534 0.000000
vt 0.751534 0.246933
vt 0.751534 0.123466
vt 0.253067 0.123466
vt 0.000000 1.000000
vt 1.000000 1.000000
s 0
usemtl concrete06_trim
f 2241/2461/1260 2244/2462/1260 2246/2463/1260 2242/2464/1260
f 2242/2465/1261 2251/2466/1261 2243/2467/1261 2241/2468/1261
f 2243/2464/1262 2247/2463/1262 2244/2462/1262 2241/2461/1262
f 2248/2469/1263 2245/2468/1263 2244/2470/1263 2247/2471/1263
f 2245/2468/1264 2252/2465/1264 2246/2466/1264 2244/2467/1264
f 2250/2472/1265 2248/2473/1265 2247/2474/1265 2249/2475/1265
f 2251/2476/1266 2249/2477/1266 2247/2478/1266 2243/2470/1266
f 2252/2469/1267 2250/2471/1267 2249/2470/1267 2246/2476/1267
f 2242/2479/1268 2246/2461/1268 2249/2464/1268 2251/2480/1268
f 2252/2461/1269 2255/2479/1269 2253/2480/1269 2250/2464/1269
f 2250/2477/1270 2253/2476/1270 2254/2470/1270 2248/2478/1270
f 2245/2464/1271 2256/2480/1271 2255/2479/1271 2252/2461/1271
f 2248/2479/1272 2254/2461/1272 2256/2464/1272 2245/2480/1272
o pillars.095
v -40.924618 48.728951 15.154377
v -40.924618 48.728951 13.485624
v -41.628845 43.199856 14.737188
v -40.794804 48.872723 15.320002
v -35.210987 48.853935 15.320002
v -40.794807 48.872723 13.320001
v -41.540810 43.015659 14.820001
v -35.956989 42.996872 14.820001
v -41.540810 43.015659 13.820001
v -35.956989 42.996872 13.820001
v -41.628845 43.199856 13.902813
v -35.210987 48.853935 13.320001
v -35.827179 43.140644 13.902813
v -35.827179 43.140644 14.737188
v -35.122948 48.669739 13.485624
v -35.122948 48.669739 15.154377
vn -0.7422 0.6702 -0.0000
vn -0.9920 0.1263 -0.0000
vn -0.7478 0.0419 0.6626
vn -0.0003 -0.0850 0.9964
vn 0.0034 1.0000 -0.0000
vn -0.0034 -1.0000 -0.0000
vn -0.9022 -0.4312 -0.0000
vn -0.0003 -0.0850 -0.9964
vn -0.7478 0.0419 -0.6626
vn 0.7318 -0.1468 -0.6656
vn 0.7422 -0.6702 -0.0000
vn 0.9022 0.4312 -0.0000
vn 0.7318 -0.1468 0.6656
vt 0.000000 0.872699
vt 0.000000 0.745399
vt 1.000000 0.745399
vt 1.000000 0.872699
vt 0.875767 0.246933
vt 0.875767 0.745399
vt 0.751534 0.745399
vt 0.751534 0.246933
vt 0.751534 0.745399
vt 0.253067 0.246933
vt 0.253067 0.745399
vt 0.126534 0.745399
vt 0.253068 0.745399
vt 0.253068 0.000000
vt 0.126534 0.000000
vt 0.751534 0.246933
vt 0.751534 0.123466
vt 0.253067 0.123466
vt 0.000000 1.000000
vt 1.000000 1.000000
s 0
usemtl concrete06_trim
f 2257/2481/1273 2260/2482/1273 2262/2483/1273 2258/2484/1273
f 2258/2485/1274 2267/2486/1274 2259/2487/1274 2257/2488/1274
f 2259/2484/1275 2263/2483/1275 2260/2482/1275 2257/2481/1275
f 2264/2489/1276 2261/2488/1276 2260/2490/1276 2263/2491/1276
f 2261/2488/1277 2268/2485/1277 2262/2486/1277 2260/2487/1277
f 2266/2492/1278 2264/2493/1278 2263/2494/1278 2265/2495/1278
f 2267/2496/1279 2265/2497/1279 2263/2498/1279 2259/2490/1279
f 2268/2489/1280 2266/2491/1280 2265/2490/1280 2262/2496/1280
f 2258/2499/1281 2262/2481/1281 2265/2484/1281 2267/2500/1281
f 2268/2481/1282 2271/2499/1282 2269/2500/1282 2266/2484/1282
f 2266/2497/1283 2269/2496/1283 2270/2490/1283 2264/2498/1283
f 2261/2484/1284 2272/2500/1284 2271/2499/1284 2268/2481/1284
f 2264/2499/1285 2270/2481/1285 2272/2484/1285 2261/2500/1285
o pillars.096
v -35.123199 48.667774 15.154377
v -35.123199 48.667774 13.485624
v -35.827431 43.138680 14.737188
v -34.993385 48.811546 15.320002
v -29.409569 48.792759 15.320002
v -34.993389 48.811546 13.320001
v -35.739391 42.954483 14.820001
v -30.155573 42.935696 14.820001
v -35.739391 42.954483 13.820001
v -30.155573 42.935696 13.820001
v -35.827431 43.138680 13.902813
v -29.409569 48.792759 13.320001
v -30.025761 43.079468 13.902813
v -30.025761 43.079468 14.737188
v -29.321531 48.608562 13.485624
v -29.321529 48.608562 15.154377
vn -0.7422 0.6702 -0.0000
vn -0.9920 0.1263 -0.0000
vn -0.7478 0.0419 0.6626
vn -0.0003 -0.0850 0.9964
vn 0.0034 1.0000 -0.0000
vn -0.0034 -1.0000 -0.0000
vn -0.9022 -0.4312 -0.0000
vn -0.0003 -0.0850 -0.9964
vn -0.7478 0.0419 -0.6626
vn 0.7318 -0.1468 -0.6656
vn 0.7422 -0.6702 -0.0000
vn 0.9022 0.4312 -0.0000
vn 0.7318 -0.1468 0.6656
vt 0.000000 0.872699
vt 0.000000 0.745399
vt 1.000000 0.745399
vt 1.000000 0.872699
vt 0.875767 0.246933
vt 0.875767 0.745399
vt 0.751534 0.745399
vt 0.751534 0.246933
vt 0.751534 0.745399
vt 0.253067 0.246933
vt 0.253067 0.745399
vt 0.126534 0.745399
vt 0.253068 0.745399
vt 0.253068 0.000000
vt 0.126534 0.000000
vt 0.751534 0.246933
vt 0.751534 0.123466
vt 0.253067 0.123466
vt 0.000000 1.000000
vt 1.000000 1.000000
s 0
usemtl concrete06_trim
f 2273/2501/1286 2276/2502/1286 2278/2503/1286 2274/2504/1286
f 2274/2505/1287 2283/2506/1287 2275/2507/1287 2273/2508/1287
f 2275/2504/1288 2279/2503/1288 2276/2502/1288 2273/2501/1288
f 2280/2509/1289 2277/2508/1289 2276/2510/1289 2279/2511/1289
f 2277/2508/1290 2284/2505/1290 2278/2506/1290 2276/2507/1290
f 2282/2512/1291 2280/2513/1291 2279/2514/1291 2281/2515/1291
f 2283/2516/1292 2281/2517/1292 2279/2518/1292 2275/2510/1292
f 2284/2509/1293 2282/2511/1293 2281/2510/1293 2278/2516/1293
f 2274/2519/1294 2278/2501/1294 2281/2504/1294 2283/2520/1294
f 2284/2501/1295 2287/2519/1295 2285/2520/1295 2282/2504/1295
f 2282/2517/1296 2285/2516/1296 2286/2510/1296 2280/2518/1296
f 2277/2504/1297 2288/2520/1297 2287/2519/1297 2284/2501/1297
f 2280/2519/1298 2286/2501/1298 2288/2504/1298 2277/2520/1298
o pillars.097
v -29.321781 48.606598 15.154377
v -29.321781 48.606598 13.485624
v -30.026012 43.077499 14.737188
v -29.191971 48.750366 15.320002
v -23.608150 48.731583 15.320002
v -29.191971 48.750366 13.320001
v -29.937973 42.893303 14.820001
v -24.354155 42.874519 14.820001
v -29.937973 42.893303 13.820001
v -24.354155 42.874519 13.820001
v -30.026012 43.077499 13.902813
v -23.608150 48.731583 13.320001
v -24.224346 43.018291 13.902813
v -24.224346 43.018291 14.737188
v -23.520115 48.547386 13.485624
v -23.520113 48.547386 15.154377
vn -0.7422 0.6702 -0.0000
vn -0.9920 0.1263 -0.0000
vn -0.7478 0.0419 0.6626
vn -0.0003 -0.0850 0.9964
vn 0.0034 1.0000 -0.0000
vn -0.0034 -1.0000 -0.0000
vn -0.9022 -0.4312 -0.0000
vn -0.0003 -0.0850 -0.9964
vn -0.7478 0.0419 -0.6626
vn 0.7318 -0.1468 -0.6656
vn 0.7422 -0.6701 -0.0000
vn 0.9022 0.4312 -0.0000
vn 0.7318 -0.1468 0.6656
vt 0.000000 0.872699
vt 0.000000 0.745399
vt 1.000000 0.745399
vt 1.000000 0.872699
vt 0.875767 0.246933
vt 0.875767 0.745399
vt 0.751534 0.745399
vt 0.751534 0.246933
vt 0.751534 0.745399
vt 0.253067 0.246933
vt 0.253067 0.745399
vt 0.126534 0.745399
vt 0.253068 0.745399
vt 0.253068 0.000000
vt 0.126534 0.000000
vt 0.751534 0.246933
vt 0.751534 0.123466
vt 0.253067 0.123466
vt 0.000000 1.000000
vt 1.000000 1.000000
s 0
usemtl concrete06_trim
f 2289/2521/1299 2292/2522/1299 2294/2523/1299 2290/2524/1299
f 2290/2525/1300 2299/2526/1300 2291/2527/1300 2289/2528/1300
f 2291/2524/1301 2295/2523/1301 2292/2522/1301 2289/2521/1301
f 2296/2529/1302 2293/2528/1302 2292/2530/1302 2295/2531/1302
f 2293/2528/1303 2300/2525/1303 2294/2526/1303 2292/2527/1303
f 2298/2532/1304 2296/2533/1304 2295/2534/1304 2297/2535/1304
f 2299/2536/1305 2297/2537/1305 2295/2538/1305 2291/2530/1305
f 2300/2529/1306 2298/2531/1306 2297/2530/1306 2294/2536/1306
f 2290/2539/1307 2294/2521/1307 2297/2524/1307 2299/2540/1307
f 2300/2521/1308 2303/2539/1308 2301/2540/1308 2298/2524/1308
f 2298/2537/1309 2301/2536/1309 2302/2530/1309 2296/2538/1309
f 2293/2524/1310 2304/2540/1310 2303/2539/1310 2300/2521/1310
f 2296/2539/1311 2302/2521/1311 2304/2524/1311 2293/2540/1311
o pillars.098
v -23.520363 48.545418 15.154377
v -23.520363 48.545418 13.485624
v -24.224594 43.016323 14.737188
v -23.390551 48.689190 15.320002
v -17.806732 48.670406 15.320002
v -23.390551 48.689190 13.320001
v -24.136555 42.832127 14.820001
v -18.552736 42.813343 14.820001
v -24.136555 42.832127 13.820001
v -18.552736 42.813343 13.820001
v -24.224594 43.016323 13.902813
v -17.806734 48.670403 13.320001
v -18.422924 42.957111 13.902813
v -18.422924 42.957111 14.737188
v -17.718695 48.486206 13.485624
v -17.718695 48.486206 15.154377
vn -0.7422 0.6702 -0.0000
vn -0.9920 0.1263 -0.0000
vn -0.7478 0.0419 0.6626
vn -0.0003 -0.0850 0.9964
vn 0.0034 1.0000 -0.0000
vn -0.0034 -1.0000 -0.0000
vn -0.9022 -0.4312 -0.0000
vn -0.0003 -0.0850 -0.9964
vn -0.7478 0.0419 -0.6626
vn 0.7318 -0.1468 -0.6656
vn 0.7422 -0.6702 -0.0000
vn 0.9022 0.4312 -0.0000
vn 0.7318 -0.1468 0.6656
vt 0.000000 0.872699
vt 0.000000 0.745399
vt 1.000000 0.745399
vt 1.000000 0.872699
vt 0.875767 0.246933
vt 0.875767 0.745399
vt 0.751534 0.745399
vt 0.751534 0.246933
vt 0.751534 0.745399
vt 0.253067 0.246933
vt 0.253067 0.745399
vt 0.126534 0.745399
vt 0.253068 0.745399
vt 0.253068 0.000000
vt 0.126534 0.000000
vt 0.751534 0.246933
vt 0.751534 0.123466
vt 0.253067 0.123466
vt 0.000000 1.000000
vt 1.000000 1.000000
s 0
usemtl concrete06_trim
f 2305/2541/1312 2308/2542/1312 2310/2543/1312 2306/2544/1312
f 2306/2545/1313 2315/2546/1313 2307/2547/1313 2305/2548/1313
f 2307/2544/1314 2311/2543/1314 2308/2542/1314 2305/2541/1314
f 2312/2549/1315 2309/2548/1315 2308/2550/1315 2311/2551/1315
f 2309/2548/1316 2316/2545/1316 2310/2546/1316 2308/2547/1316
f 2314/2552/1317 2312/2553/1317 2311/2554/1317 2313/2555/1317
f 2315/2556/1318 2313/2557/1318 2311/2558/1318 2307/2550/1318
f 2316/2549/1319 2314/2551/1319 2313/2550/1319 2310/2556/1319
f 2306/2559/1320 2310/2541/1320 2313/2544/1320 2315/2560/1320
f 2316/2541/1321 2319/2559/1321 2317/2560/1321 2314/2544/1321
f 2314/2557/1322 2317/2556/1322 2318/2550/1322 2312/2558/1322
f 2309/2544/1323 2320/2560/1323 2319/2559/1323 2316/2541/1323
f 2312/2559/1324 2318/2541/1324 2320/2544/1324 2309/2560/1324
o pillars.099
v -17.718945 48.484241 15.154377
v -17.718945 48.484241 13.485624
v -18.423176 42.955147 14.737188
v -17.589134 48.628014 15.320002
v -12.005314 48.609230 15.320002
v -17.589134 48.628014 13.320001
v -18.335138 42.770950 14.820001
v -12.751318 42.752163 14.820001
v -18.335138 42.770950 13.820001
v -12.751318 42.752163 13.820001
v -18.423176 42.955147 13.902813
v -12.005314 48.609226 13.320001
v -12.621510 42.895935 13.902813
v -12.621510 42.895935 14.737188
v -11.917278 48.425034 13.485624
v -11.917276 48.425034 15.154377
vn -0.7422 0.6702 -0.0000
vn -0.9920 0.1263 -0.0000
vn -0.7478 0.0419 0.6626
vn -0.0003 -0.0850 0.9964
vn 0.0034 1.0000 -0.0000
vn -0.0034 -1.0000 -0.0000
vn -0.9022 -0.4312 -0.0000
vn -0.0003 -0.0850 -0.9964
vn -0.7478 0.0419 -0.6626
vn 0.7318 -0.1468 -0.6656
vn 0.7422 -0.6701 -0.0000
vn 0.9022 0.4312 -0.0000
vn 0.7318 -0.1468 0.6656
vt 0.000000 0.872699
vt 0.000000 0.745399
vt 1.000000 0.745399
vt 1.000000 0.872699
vt 0.875767 0.246933
vt 0.875767 0.745399
vt 0.751534 0.745399
vt 0.751534 0.246933
vt 0.751534 0.745399
vt 0.253067 0.246933
vt 0.253067 0.745399
vt 0.126534 0.745399
vt 0.253068 0.745399
vt 0.253068 0.000000
vt 0.126534 0.000000
vt 0.751534 0.246933
vt 0.751534 0.123466
vt 0.253067 0.123466
vt 0.000000 1.000000
vt 1.000000 1.000000
s 0
usemtl concrete06_trim
f 2321/2561/1325 2324/2562/1325 2326/2563/1325 2322/2564/1325
f 2322/2565/1326 2331/2566/1326 2323/2567/1326 2321/2568/1326
f 2323/2564/1327 2327/2563/1327 2324/2562/1327 2321/2561/1327
f 2328/2569/1328 2325/2568/1328 2324/2570/1328 2327/2571/1328
f 2325/2568/1329 2332/2565/1329 2326/2566/1329 2324/2567/1329
f 2330/2572/1330 2328/2573/1330 2327/2574/1330 2329/2575/1330
f 2331/2576/1331 2329/2577/1331 2327/2578/1331 2323/2570/1331
f 2332/2569/1332 2330/2571/1332 2329/2570/1332 2326/2576/1332
f 2322/2579/1333 2326/2561/1333 2329/2564/1333 2331/2580/1333
f 2332/2561/1334 2335/2579/1334 2333/2580/1334 2330/2564/1334
f 2330/2577/1335 2333/2576/1335 2334/2570/1335 2328/2578/1335
f 2325/2564/1336 2336/2580/1336 2335/2579/1336 2332/2561/1336
f 2328/2579/1337 2334/2561/1337 2336/2564/1337 2325/2580/1337
o pillars.100
v -11.917528 48.423065 15.154377
v -11.917528 48.423065 13.485624
v -12.621758 42.893970 14.737188
v -11.787716 48.566833 15.320002
v -6.203899 48.548050 15.320002
v -11.787716 48.566833 13.320001
v -12.533718 42.709774 14.820001
v -6.949902 42.690987 14.820001
v -12.533718 42.709774 13.820001
v -6.949902 42.690987 13.820001
v -12.621758 42.893970 13.902813
v -6.203899 48.548050 13.320001
v -6.820091 42.834759 13.902813
v -6.820091 42.834759 14.737188
v -6.115860 48.363853 13.485624
v -6.115860 48.363853 15.154377
vn -0.7422 0.6701 -0.0000
vn -0.9920 0.1263 -0.0000
vn -0.7478 0.0419 0.6626
vn -0.0003 -0.0850 0.9964
vn 0.0034 1.0000 -0.0000
vn -0.0034 -1.0000 -0.0000
vn -0.9022 -0.4312 -0.0000
vn -0.0003 -0.0850 -0.9964
vn -0.7478 0.0419 -0.6626
vn 0.7318 -0.1468 -0.6656
vn 0.7422 -0.6702 -0.0000
vn 0.9022 0.4312 -0.0000
vn 0.7318 -0.1468 0.6656
vt 0.000000 0.872699
vt 0.000000 0.745399
vt 1.000000 0.745399
vt 1.000000 0.872699
vt 0.875767 0.246933
vt 0.875767 0.745399
vt 0.751534 0.745399
vt 0.751534 0.246933
vt 0.751534 0.745399
vt 0.253067 0.246933
vt 0.253067 0.745399
vt 0.126534 0.745399
vt 0.253068 0.745399
vt 0.253068 0.000000
vt 0.126534 0.000000
vt 0.751534 0.246933
vt 0.751534 0.123466
vt 0.253067 0.123466
vt 0.000000 1.000000
vt 1.000000 1.000000
s 0
usemtl concrete06_trim
f 2337/2581/1338 2340/2582/1338 2342/2583/1338 2338/2584/1338
f 2338/2585/1339 2347/2586/1339 2339/2587/1339 2337/2588/1339
f 2339/2584/1340 2343/2583/1340 2340/2582/1340 2337/2581/1340
f 2344/2589/1341 2341/2588/1341 2340/2590/1341 2343/2591/1341
f 2341/2588/1342 2348/2585/1342 2342/2586/1342 2340/2587/1342
f 2346/2592/1343 2344/2593/1343 2343/2594/1343 2345/2595/1343
f 2347/2596/1344 2345/2597/1344 2343/2598/1344 2339/2590/1344
f 2348/2589/1345 2346/2591/1345 2345/2590/1345 2342/2596/1345
f 2338/2599/1346 2342/2581/1346 2345/2584/1346 2347/2600/1346
f 2348/2581/1347 2351/2599/1347 2349/2600/1347 2346/2584/1347
f 2346/2597/1348 2349/2596/1348 2350/2590/1348 2344/2598/1348
f 2341/2584/1349 2352/2600/1349 2351/2599/1349 2348/2581/1349
f 2344/2599/1350 2350/2581/1350 2352/2584/1350 2341/2600/1350
o pillars.101
v -6.116112 48.361889 15.154377
v -6.116112 48.361889 13.485624
v -6.820343 42.832790 14.737188
v -5.986298 48.505657 15.320002
v -0.402477 48.486874 15.320002
v -5.986301 48.505657 13.320001
v -6.732304 42.648598 14.820001
v -1.148479 42.629810 14.820001
v -6.732304 42.648598 13.820001
v -1.148479 42.629810 13.820001
v -6.820343 42.832790 13.902813
v -0.402477 48.486874 13.320001
v -1.018673 42.773579 13.902813
v -1.018673 42.773579 14.737188
v -0.314442 48.302677 13.485624
v -0.314442 48.302677 15.154377
vn -0.7422 0.6702 -0.0000
vn -0.9920 0.1263 -0.0000
vn -0.7478 0.0419 0.6626
vn -0.0003 -0.0850 0.9964
vn 0.0034 1.0000 -0.0000
vn -0.0034 -1.0000 -0.0000
vn -0.9022 -0.4312 -0.0000
vn -0.0003 -0.0850 -0.9964
vn -0.7478 0.0419 -0.6626
vn 0.7318 -0.1468 -0.6656
vn 0.7422 -0.6702 -0.0000
vn 0.9022 0.4312 -0.0000
vn 0.7318 -0.1468 0.6656
vt 0.000000 0.872699
vt 0.000000 0.745399
vt 1.000000 0.745399
vt 1.000000 0.872699
vt 0.875767 0.246933
vt 0.875767 0.745399
vt 0.751534 0.745399
vt 0.751534 0.246933
vt 0.751534 0.745399
vt 0.253067 0.246933
vt 0.253067 0.745399
vt 0.126534 0.745399
vt 0.253068 0.745399
vt 0.253068 0.000000
vt 0.126534 0.000000
vt 0.751534 0.246933
vt 0.751534 0.123466
vt 0.253067 0.123466
vt 0.000000 1.000000
vt 1.000000 1.000000
s 0
usemtl concrete06_trim
f 2353/2601/1351 2356/2602/1351 2358/2603/1351 2354/2604/1351
f 2354/2605/1352 2363/2606/1352 2355/2607/1352 2353/2608/1352
f 2355/2604/1353 2359/2603/1353 2356/2602/1353 2353/2601/1353
f 2360/2609/1354 2357/2608/1354 2356/2610/1354 2359/2611/1354
f 2357/2608/1355 2364/2605/1355 2358/2606/1355 2356/2607/1355
f 2362/2612/1356 2360/2613/1356 2359/2614/1356 2361/2615/1356
f 2363/2616/1357 2361/2617/1357 2359/2618/1357 2355/2610/1357
f 2364/2609/1358 2362/2611/1358 2361/2610/1358 2358/2616/1358
f 2354/2619/1359 2358/2601/1359 2361/2604/1359 2363/2620/1359
f 2364/2601/1360 2367/2619/1360 2365/2620/1360 2362/2604/1360
f 2362/2617/1361 2365/2616/1361 2366/2610/1361 2360/2618/1361
f 2357/2604/1362 2368/2620/1362 2367/2619/1362 2364/2601/1362
f 2360/2619/1363 2366/2601/1363 2368/2604/1363 2357/2620/1363
o pillars.102
v -0.314693 48.300709 15.154377
v -0.314693 48.300709 13.485624
v -1.018925 42.771614 14.737188
v -0.184879 48.444481 15.320002
v 5.398937 48.425697 15.320002
v -0.184883 48.444481 13.320001
v -0.930885 42.587418 14.820001
v 4.652931 42.568634 14.820001
v -0.930885 42.587418 13.820001
v 4.652931 42.568634 13.820001
v -1.018925 42.771614 13.902813
v 5.398937 48.425697 13.320001
v 4.782742 42.712402 13.902813
v 4.782742 42.712402 14.737188
v 5.486973 48.241501 13.485624
v 5.486977 48.241501 15.154377
vn -0.7422 0.6701 -0.0000
vn -0.9920 0.1263 -0.0000
vn -0.7478 0.0419 0.6626
vn -0.0003 -0.0850 0.9964
vn 0.0034 1.0000 -0.0000
vn -0.0034 -1.0000 -0.0000
vn -0.9022 -0.4312 -0.0000
vn -0.0003 -0.0850 -0.9964
vn -0.7478 0.0419 -0.6626
vn 0.7318 -0.1468 -0.6656
vn 0.7422 -0.6701 -0.0000
vn 0.9022 0.4312 -0.0000
vn 0.7318 -0.1468 0.6656
vt 0.000000 0.872699
vt 0.000000 0.745399
vt 1.000000 0.745399
vt 1.000000 0.872699
vt 0.875767 0.246933
vt 0.875767 0.745399
vt 0.751534 0.745399
vt 0.751534 0.246933
vt 0.751534 0.745399
vt 0.253067 0.246933
vt 0.253067 0.745399
vt 0.126534 0.745399
vt 0.253068 0.745399
vt 0.253068 0.000000
vt 0.126534 0.000000
vt 0.751534 0.246933
vt 0.751534 0.123466
vt 0.253067 0.123466
vt 0.000000 1.000000
vt 1.000000 1.000000
s 0
usemtl concrete06_trim
f 2369/2621/1364 2372/2622/1364 2374/2623/1364 2370/2624/1364
f 2370/2625/1365 2379/2626/1365 2371/2627/1365 2369/2628/1365
f 2371/2624/1366 2375/2623/1366 2372/2622/1366 2369/2621/1366
f 2376/2629/1367 2373/2628/1367 2372/2630/1367 2375/2631/1367
f 2373/2628/1368 2380/2625/1368 2374/2626/1368 2372/2627/1368
f 2378/2632/1369 2376/2633/1369 2375/2634/1369 2377/2635/1369
f 2379/2636/1370 2377/2637/1370 2375/2638/1370 2371/2630/1370
f 2380/2629/1371 2378/2631/1371 2377/2630/1371 2374/2636/1371
f 2370/2639/1372 2374/2621/1372 2377/2624/1372 2379/2640/1372
f 2380/2621/1373 2383/2639/1373 2381/2640/1373 2378/2624/1373
f 2378/2637/1374 2381/2636/1374 2382/2630/1374 2376/2638/1374
f 2373/2624/1375 2384/2640/1375 2383/2639/1375 2380/2621/1375
f 2376/2639/1376 2382/2621/1376 2384/2624/1376 2373/2640/1376
o pillars.103
v 5.486729 48.239532 15.154377
v 5.486729 48.239532 13.485624
v 4.782497 42.710438 14.737188
v 5.616539 48.383305 15.320002
v 11.200356 48.364517 15.320002
v 5.616535 48.383305 13.320001
v 4.870533 42.526241 14.820001
v 10.454353 42.507454 14.820001
v 4.870533 42.526241 13.820001
v 10.454353 42.507454 13.820001
v 4.782497 42.710438 13.902813
v 11.200356 48.364517 13.320001
v 10.584164 42.651226 13.902813
v 10.584164 42.651226 14.737188
v 11.288395 48.180321 13.485624
v 11.288399 48.180321 15.154377
vn -0.7422 0.6701 -0.0000
vn -0.9920 0.1263 -0.0000
vn -0.7478 0.0419 0.6626
vn -0.0003 -0.0850 0.9964
vn 0.0034 1.0000 -0.0000
vn -0.0034 -1.0000 -0.0000
vn -0.9022 -0.4312 -0.0000
vn -0.0003 -0.0850 -0.9964
vn -0.7478 0.0419 -0.6626
vn 0.7318 -0.1468 -0.6656
vn 0.7422 -0.6701 -0.0000
vn 0.9022 0.4312 -0.0000
vn 0.7318 -0.1468 0.6656
vt 0.000000 0.872699
vt 0.000000 0.745399
vt 1.000000 0.745399
vt 1.000000 0.872699
vt 0.875767 0.246933
vt 0.875767 0.745399
vt 0.751534 0.745399
vt 0.751534 0.246933
vt 0.751534 0.745399
vt 0.253067 0.246933
vt 0.253067 0.745399
vt 0.126534 0.745399
vt 0.253068 0.745399
vt 0.253068 0.000000
vt 0.126534 0.000000
vt 0.751534 0.246933
vt 0.751534 0.123466
vt 0.253067 0.123466
vt 0.000000 1.000000
vt 1.000000 1.000000
s 0
usemtl concrete06_trim
f 2385/2641/1377 2388/2642/1377 2390/2643/1377 2386/2644/1377
f 2386/2645/1378 2395/2646/1378 2387/2647/1378 2385/2648/1378
f 2387/2644/1379 2391/2643/1379 2388/2642/1379 2385/2641/1379
f 2392/2649/1380 2389/2648/1380 2388/2650/1380 2391/2651/1380
f 2389/2648/1381 2396/2645/1381 2390/2646/1381 2388/2647/1381
f 2394/2652/1382 2392/2653/1382 2391/2654/1382 2393/2655/1382
f 2395/2656/1383 2393/2657/1383 2391/2658/1383 2387/2650/1383
f 2396/2649/1384 2394/2651/1384 2393/2650/1384 2390/2656/1384
f 2386/2659/1385 2390/2641/1385 2393/2644/1385 2395/2660/1385
f 2396/2641/1386 2399/2659/1386 2397/2660/1386 2394/2644/1386
f 2394/2657/1387 2397/2656/1387 2398/2650/1387 2392/2658/1387
f 2389/2644/1388 2400/2660/1388 2399/2659/1388 2396/2641/1388
f 2392/2659/1389 2398/2641/1389 2400/2644/1389 2389/2660/1389
o pillars.104
v 11.288147 48.178356 15.154377
v 11.288147 48.178356 13.485624
v 10.583916 42.649258 14.737188
v 11.417957 48.322124 15.320002
v 17.001778 48.303341 15.320002
v 11.417953 48.322124 13.320001
v 10.671951 42.465065 14.820001
v 16.255775 42.446278 14.820001
v 10.671951 42.465065 13.820001
v 16.255775 42.446278 13.820001
v 10.583916 42.649258 13.902813
v 17.001778 48.303341 13.320001
v 16.385582 42.590050 13.902813
v 16.385582 42.590050 14.737188
v 17.089809 48.119144 13.485624
v 17.089813 48.119144 15.154377
vn -0.7422 0.6701 -0.0000
vn -0.9920 0.1263 -0.0000
vn -0.7478 0.0419 0.6626
vn -0.0003 -0.0850 0.9964
vn 0.0034 1.0000 -0.0000
vn -0.0034 -1.0000 -0.0000
vn -0.9022 -0.4312 -0.0000
vn -0.0003 -0.0850 -0.9964
vn -0.7478 0.0419 -0.6626
vn 0.7318 -0.1468 -0.6656
vn 0.7422 -0.6702 -0.0000
vn 0.9022 0.4312 -0.0000
vn 0.7318 -0.1468 0.6656
vt 0.000000 0.872699
vt 0.000000 0.745399
vt 1.000000 0.745399
vt 1.000000 0.872699
vt 0.875767 0.246933
vt 0.875767 0.745399
vt 0.751534 0.745399
vt 0.751534 0.246933
vt 0.751534 0.745399
vt 0.253067 0.246933
vt 0.253067 0.745399
vt 0.126534 0.745399
vt 0.253068 0.745399
vt 0.253068 0.000000
vt 0.126534 0.000000
vt 0.751534 0.246933
vt 0.751534 0.123466
vt 0.253067 0.123466
vt 0.000000 1.000000
vt 1.000000 1.000000
s 0
usemtl concrete06_trim
f 2401/2661/1390 2404/2662/1390 2406/2663/1390 2402/2664/1390
f 2402/2665/1391 2411/2666/1391 2403/2667/1391 2401/2668/1391
f 2403/2664/1392 2407/2663/1392 2404/2662/1392 2401/2661/1392
f 2408/2669/1393 2405/2668/1393 2404/2670/1393 2407/2671/1393
f 2405/2668/1394 2412/2665/1394 2406/2666/1394 2404/2667/1394
f 2410/2672/1395 2408/2673/1395 2407/2674/1395 2409/2675/1395
f 2411/2676/1396 2409/2677/1396 2407/2678/1396 2403/2670/1396
f 2412/2669/1397 2410/2671/1397 2409/2670/1397 2406/2676/1397
f 2402/2679/1398 2406/2661/1398 2409/2664/1398 2411/2680/1398
f 2412/2661/1399 2415/2679/1399 2413/2680/1399 2410/2664/1399
f 2410/2677/1400 2413/2676/1400 2414/2670/1400 2408/2678/1400
f 2405/2664/1401 2416/2680/1401 2415/2679/1401 2412/2661/1401
f 2408/2679/1402 2414/2661/1402 2416/2664/1402 2405/2680/1402
o pillars.105
v 17.089561 48.117180 15.154377
v 17.089561 48.117180 13.485624
v 16.385330 42.588081 14.737188
v 17.219376 48.260948 15.320002
v 22.803192 48.242165 15.320002
v 17.219372 48.260948 13.320001
v 16.473366 42.403885 14.820001
v 22.057190 42.385101 14.820001
v 16.473366 42.403885 13.820001
v 22.057190 42.385101 13.820001
v 16.385330 42.588081 13.902813
v 22.803192 48.242165 13.320001
v 22.186996 42.528870 13.902813
v 22.186996 42.528870 14.737188
v 22.891228 48.057968 13.485624
v 22.891228 48.057968 15.154377
vn -0.7422 0.6702 -0.0000
vn -0.9920 0.1263 -0.0000
vn -0.7478 0.0419 0.6626
vn -0.0003 -0.0850 0.9964
vn 0.0034 1.0000 -0.0000
vn -0.0034 -1.0000 -0.0000
vn -0.9022 -0.4312 -0.0000
vn -0.0003 -0.0850 -0.9964
vn -0.7478 0.0419 -0.6626
vn 0.7318 -0.1468 -0.6656
vn 0.7422 -0.6701 -0.0000
vn 0.9022 0.4312 -0.0000
vn 0.7318 -0.1468 0.6656
vt 0.000000 0.872699
vt 0.000000 0.745399
vt 1.000000 0.745399
vt 1.000000 0.872699
vt 0.875767 0.246933
vt 0.875767 0.745399
vt 0.751534 0.745399
vt 0.751534 0.246933
vt 0.751534 0.745399
vt 0.253067 0.246933
vt 0.253067 0.745399
vt 0.126534 0.745399
vt 0.253068 0.745399
vt 0.253068 0.000000
vt 0.126534 0.000000
vt 0.751534 0.246933
vt 0.751534 0.123466
vt 0.253067 0.123466
vt 0.000000 1.000000
vt 1.000000 1.000000
s 0
usemtl concrete06_trim
f 2417/2681/1403 2420/2682/1403 2422/2683/1403 2418/2684/1403
f 2418/2685/1404 2427/2686/1404 2419/2687/1404 2417/2688/1404
f 2419/2684/1405 2423/2683/1405 2420/2682/1405 2417/2681/1405
f 2424/2689/1406 2421/2688/1406 2420/2690/1406 2423/2691/1406
f 2421/2688/1407 2428/2685/1407 2422/2686/1407 2420/2687/1407
f 2426/2692/1408 2424/2693/1408 2423/2694/1408 2425/2695/1408
f 2427/2696/1409 2425/2697/1409 2423/2698/1409 2419/2690/1409
f 2428/2689/1410 2426/2691/1410 2425/2690/1410 2422/2696/1410
f 2418/2699/1411 2422/2681/1411 2425/2684/1411 2427/2700/1411
f 2428/2681/1412 2431/2699/1412 2429/2700/1412 2426/2684/1412
f 2426/2697/1413 2429/2696/1413 2430/2690/1413 2424/2698/1413
f 2421/2684/1414 2432/2700/1414 2431/2699/1414 2428/2681/1414
f 2424/2699/1415 2430/2681/1415 2432/2684/1415 2421/2700/1415
o pillars.106
v -40.924618 48.728951 11.974377
v -40.924618 48.728951 10.305625
v -41.628845 43.199856 11.557188
v -40.794804 48.872723 12.140001
v -35.210987 48.853935 12.140001
v -40.794807 48.872723 10.140001
v -41.540810 43.015659 11.640001
v -35.956989 42.996872 11.640001
v -41.540810 43.015659 10.640000
v -35.956989 42.996872 10.640000
v -41.628845 43.199856 10.722813
v -35.210987 48.853935 10.140001
v -35.827179 43.140644 10.722813
v -35.827179 43.140644 11.557188
v -35.122948 48.669739 10.305625
v -35.122948 48.669739 11.974377
vn -0.7422 0.6702 -0.0000
vn -0.9920 0.1263 -0.0000
vn -0.7478 0.0419 0.6626
vn -0.0003 -0.0850 0.9964
vn 0.0034 1.0000 -0.0000
vn -0.0034 -1.0000 -0.0000
vn -0.9022 -0.4312 -0.0000
vn -0.0003 -0.0850 -0.9964
vn -0.7478 0.0419 -0.6626
vn 0.7318 -0.1468 -0.6656
vn 0.7422 -0.6702 -0.0000
vn 0.9022 0.4312 -0.0000
vn 0.7318 -0.1468 0.6656
vt 0.000000 0.872699
vt 0.000000 0.745399
vt 1.000000 0.745399
vt 1.000000 0.872699
vt 0.875767 0.246933
vt 0.875767 0.745399
vt 0.751534 0.745399
vt 0.751534 0.246933
vt 0.751534 0.745399
vt 0.253067 0.246933
vt 0.253067 0.745399
vt 0.126534 0.745399
vt 0.253068 0.745399
vt 0.253068 0.000000
vt 0.126534 0.000000
vt 0.751534 0.246933
vt 0.751534 0.123466
vt 0.253067 0.123466
vt 0.000000 1.000000
vt 1.000000 1.000000
s 0
usemtl concrete06_trim
f 2433/2701/1416 2436/2702/1416 2438/2703/1416 2434/2704/1416
f 2434/2705/1417 2443/2706/1417 2435/2707/1417 2433/2708/1417
f 2435/2704/1418 2439/2703/1418 2436/2702/1418 2433/2701/1418
f 2440/2709/1419 2437/2708/1419 2436/2710/1419 2439/2711/1419
f 2437/2708/1420 2444/2705/1420 2438/2706/1420 2436/2707/1420
f 2442/2712/1421 2440/2713/1421 2439/2714/1421 2441/2715/1421
f 2443/2716/1422 2441/2717/1422 2439/2718/1422 2435/2710/1422
f 2444/2709/1423 2442/2711/1423 2441/2710/1423 2438/2716/1423
f 2434/2719/1424 2438/2701/1424 2441/2704/1424 2443/2720/1424
f 2444/2701/1425 2447/2719/1425 2445/2720/1425 2442/2704/1425
f 2442/2717/1426 2445/2716/1426 2446/2710/1426 2440/2718/1426
f 2437/2704/1427 2448/2720/1427 2447/2719/1427 2444/2701/1427
f 2440/2719/1428 2446/2701/1428 2448/2704/1428 2437/2720/1428
o pillars.107
v -35.123199 48.667774 11.974377
v -35.123199 48.667774 10.305625
v -35.827431 43.138680 11.557188
v -34.993385 48.811546 12.140001
v -29.409569 48.792759 12.140001
v -34.993389 48.811546 10.140001
v -35.739391 42.954483 11.640001
v -30.155573 42.935696 11.640001
v -35.739391 42.954483 10.640000
v -30.155573 42.935696 10.640000
v -35.827431 43.138680 10.722813
v -29.409569 48.792759 10.140001
v -30.025761 43.079468 10.722813
v -30.025761 43.079468 11.557188
v -29.321531 48.608562 10.305625
v -29.321529 48.608562 11.974377
vn -0.7422 0.6702 -0.0000
vn -0.9920 0.1263 -0.0000
vn -0.7478 0.0419 0.6626
vn -0.0003 -0.0850 0.9964
vn 0.0034 1.0000 -0.0000
vn -0.0034 -1.0000 -0.0000
vn -0.9022 -0.4312 -0.0000
vn -0.0003 -0.0850 -0.9964
vn -0.7478 0.0419 -0.6626
vn 0.7318 -0.1468 -0.6656
vn 0.7422 -0.6702 -0.0000
vn 0.9022 0.4312 -0.0000
vn 0.7318 -0.1468 0.6656
vt 0.000000 0.872699
vt 0.000000 0.745399
vt 1.000000 0.745399
vt 1.000000 0.872699
vt 0.875767 0.246933
vt 0.875767 0.745399
vt 0.751534 0.745399
vt 0.751534 0.246933
vt 0.751534 0.745399
vt 0.253067 0.246933
vt 0.253067 0.745399
vt 0.126534 0.745399
vt 0.253068 0.745399
vt 0.253068 0.000000
vt 0.126534 0.000000
vt 0.751534 0.246933
vt 0.751534 0.123466
vt 0.253067 0.123466
vt 0.000000 1.000000
vt 1.000000 1.000000
s 0
usemtl concrete06_trim
f 2449/2721/1429 2452/2722/1429 2454/2723/1429 2450/2724/1429
f 2450/2725/1430 2459/2726/1430 2451/2727/1430 2449/2728/1430
f 2451/2724/1431 2455/2723/1431 2452/2722/1431 2449/2721/1431
f 2456/2729/1432 2453/2728/1432 2452/2730/1432 2455/2731/1432
f 2453/2728/1433 2460/2725/1433 2454/2726/1433 2452/2727/1433
f 2458/2732/1434 2456/2733/1434 2455/2734/1434 2457/2735/1434
f 2459/2736/1435 2457/2737/1435 2455/2738/1435 2451/2730/1435
f 2460/2729/1436 2458/2731/1436 2457/2730/1436 2454/2736/1436
f 2450/2739/1437 2454/2721/1437 2457/2724/1437 2459/2740/1437
f 2460/2721/1438 2463/2739/1438 2461/2740/1438 2458/2724/1438
f 2458/2737/1439 2461/2736/1439 2462/2730/1439 2456/2738/1439
f 2453/2724/1440 2464/2740/1440 2463/2739/1440 2460/2721/1440
f 2456/2739/1441 2462/2721/1441 2464/2724/1441 2453/2740/1441
o pillars.108
v -29.321781 48.606598 11.974377
v -29.321781 48.606598 10.305625
v -30.026012 43.077499 11.557188
v -29.191971 48.750366 12.140001
v -23.608150 48.731583 12.140001
v -29.191971 48.750366 10.140001
v -29.937973 42.893303 11.640001
v -24.354155 42.874519 11.640001
v -29.937973 42.893303 10.640000
v -24.354155 42.874519 10.640000
v -30.026012 43.077499 10.722813
v -23.608150 48.731583 10.140001
v -24.224346 43.018291 10.722813
v -24.224346 43.018291 11.557188
v -23.520115 48.547386 10.305625
v -23.520113 48.547386 11.974377
vn -0.7422 0.6702 -0.0000
vn -0.9920 0.1263 -0.0000
vn -0.7478 0.0419 0.6626
vn -0.0003 -0.0850 0.9964
vn 0.0034 1.0000 -0.0000
vn -0.0034 -1.0000 -0.0000
vn -0.9022 -0.4312 -0.0000
vn -0.0003 -0.0850 -0.9964
vn -0.7478 0.0419 -0.6626
vn 0.7318 -0.1468 -0.6656
vn 0.7422 -0.6702 -0.0000
vn 0.9022 0.4312 -0.0000
vn 0.7318 -0.1468 0.6656
vt 0.000000 0.872699
vt 0.000000 0.745399
vt 1.000000 0.745399
vt 1.000000 0.872699
vt 0.875767 0.246933
vt 0.875767 0.745399
vt 0.751534 0.745399
vt 0.751534 0.246933
vt 0.751534 0.745399
vt 0.253067 0.246933
vt 0.253067 0.745399
vt 0.126534 0.745399
vt 0.253068 0.745399
vt 0.253068 0.000000
vt 0.126534 0.000000
vt 0.751534 0.246933
vt 0.751534 0.123466
vt 0.253067 0.123466
vt 0.000000 1.000000
vt 1.000000 1.000000
s 0
usemtl concrete06_trim
f 2465/2741/1442 2468/2742/1442 2470/2743/1442 2466/2744/1442
f 2466/2745/1443 2475/2746/1443 2467/2747/1443 2465/2748/1443
f 2467/2744/1444 2471/2743/1444 2468/2742/1444 2465/2741/1444
f 2472/2749/1445 2469/2748/1445 2468/2750/1445 2471/2751/1445
f 2469/2748/1446 2476/2745/1446 2470/2746/1446 2468/2747/1446
f 2474/2752/1447 2472/2753/1447 2471/2754/1447 2473/2755/1447
f 2475/2756/1448 2473/2757/1448 2471/2758/1448 2467/2750/1448
f 2476/2749/1449 2474/2751/1449 2473/2750/1449 2470/2756/1449
f 2466/2759/1450 2470/2741/1450 2473/2744/1450 2475/2760/1450
f 2476/2741/1451 2479/2759/1451 2477/2760/1451 2474/2744/1451
f 2474/2757/1452 2477/2756/1452 2478/2750/1452 2472/2758/1452
f 2469/2744/1453 2480/2760/1453 2479/2759/1453 2476/2741/1453
f 2472/2759/1454 2478/2741/1454 2480/2744/1454 2469/2760/1454
o pillars.109
v -23.520363 48.545418 11.974377
v -23.520363 48.545418 10.305625
v -24.224594 43.016323 11.557188
v -23.390551 48.689190 12.140001
v -17.806732 48.670406 12.140001
v -23.390551 48.689190 10.140001
v -24.136555 42.832127 11.640001
v -18.552736 42.813343 11.640001
v -24.136555 42.832127 10.640000
v -18.552736 42.813343 10.640000
v -24.224594 43.016323 10.722813
v -17.806734 48.670403 10.140001
v -18.422924 42.957111 10.722813
v -18.422924 42.957111 11.557188
v -17.718695 48.486206 10.305625
v -17.718695 48.486206 11.974377
vn -0.7422 0.6702 -0.0000
vn -0.9920 0.1263 -0.0000
vn -0.7478 0.0419 0.6626
vn -0.0003 -0.0850 0.9964
vn 0.0034 1.0000 -0.0000
vn -0.0034 -1.0000 -0.0000
vn -0.9022 -0.4312 -0.0000
vn -0.0003 -0.0850 -0.9964
vn -0.7478 0.0419 -0.6626
vn 0.7318 -0.1468 -0.6656
vn 0.7422 -0.6702 -0.0000
vn 0.9022 0.4312 -0.0000
vn 0.7318 -0.1468 0.6656
vt 0.000000 0.872699
vt 0.000000 0.745399
vt 1.000000 0.745399
vt 1.000000 0.872699
vt 0.875767 0.246933
vt 0.875767 0.745399
vt 0.751534 0.745399
vt 0.751534 0.246933
vt 0.751534 0.745399
vt 0.253067 0.246933
vt 0.253067 0.745399
vt 0.126534 0.745399
vt 0.253068 0.745399
vt 0.253068 0.000000
vt 0.126534 0.000000
vt 0.751534 0.246933
vt 0.751534 0.123466
vt 0.253067 0.123466
vt 0.000000 1.000000
vt 1.000000 1.000000
s 0
usemtl concrete06_trim
f 2481/2761/1455 2484/2762/1455 2486/2763/1455 2482/2764/1455
f 2482/2765/1456 2491/2766/1456 2483/2767/1456 2481/2768/1456
f 2483/2764/1457 2487/2763/1457 2484/2762/1457 2481/2761/1457
f 2488/2769/1458 2485/2768/1458 2484/2770/1458 2487/2771/1458
f 2485/2768/1459 2492/2765/1459 2486/2766/1459 2484/2767/1459
f 2490/2772/1460 2488/2773/1460 2487/2774/1460 2489/2775/1460
f 2491/2776/1461 2489/2777/1461 2487/2778/1461 2483/2770/1461
f 2492/2769/1462 2490/2771/1462 2489/2770/1462 2486/2776/1462
f 2482/2779/1463 2486/2761/1463 2489/2764/1463 2491/2780/1463
f 2492/2761/1464 2495/2779/1464 2493/2780/1464 2490/2764/1464
f 2490/2777/1465 2493/2776/1465 2494/2770/1465 2488/2778/1465
f 2485/2764/1466 2496/2780/1466 2495/2779/1466 2492/2761/1466
f 2488/2779/1467 2494/2761/1467 2496/2764/1467 2485/2780/1467
o pillars.110
v -17.718945 48.484241 11.974377
v -17.718945 48.484241 10.305625
v -18.423176 42.955147 11.557188
v -17.589134 48.628014 12.140001
v -12.005314 48.609230 12.140001
v -17.589134 48.628014 10.140001
v -18.335138 42.770950 11.640001
v -12.751318 42.752163 11.640001
v -18.335138 42.770950 10.640000
v -12.751318 42.752163 10.640000
v -18.423176 42.955147 10.722813
v -12.005314 48.609226 10.140001
v -12.621510 42.895935 10.722813
v -12.621510 42.895935 11.557188
v -11.917278 48.425034 10.305625
v -11.917276 48.425034 11.974377
vn -0.7422 0.6702 -0.0000
vn -0.9920 0.1263 -0.0000
vn -0.7478 0.0419 0.6626
vn -0.0003 -0.0850 0.9964
vn 0.0034 1.0000 -0.0000
vn -0.0034 -1.0000 -0.0000
vn -0.9022 -0.4312 -0.0000
vn -0.0003 -0.0850 -0.9964
vn -0.7478 0.0419 -0.6626
vn 0.7318 -0.1468 -0.6656
vn 0.7422 -0.6701 -0.0000
vn 0.9022 0.4312 -0.0000
vn 0.7318 -0.1468 0.6656
vt 0.000000 0.872699
vt 0.000000 0.745399
vt 1.000000 0.745399
vt 1.000000 0.872699
vt 0.875767 0.246933
vt 0.875767 0.745399
vt 0.751534 0.745399
vt 0.751534 0.246933
vt 0.751534 0.745399
vt 0.253067 0.246933
vt 0.253067 0.745399
vt 0.126534 0.745399
vt 0.253068 0.745399
vt 0.253068 0.000000
vt 0.126534 0.000000
vt 0.751534 0.246933
vt 0.751534 0.123466
vt 0.253067 0.123466
vt 0.000000 1.000000
vt 1.000000 1.000000
s 0
usemtl concrete06_trim
f 2497/2781/1468 2500/2782/1468 2502/2783/1468 2498/2784/1468
f 2498/2785/1469 2507/2786/1469 2499/2787/1469 2497/2788/1469
f 2499/2784/1470 2503/2783/1470 2500/2782/1470 2497/2781/1470
f 2504/2789/1471 2501/2788/1471 2500/2790/1471 2503/2791/1471
f 2501/2788/1472 2508/2785/1472 2502/2786/1472 2500/2787/1472
f 2506/2792/1473 2504/2793/1473 2503/2794/1473 2505/2795/1473
f 2507/2796/1474 2505/2797/1474 2503/2798/1474 2499/2790/1474
f 2508/2789/1475 2506/2791/1475 2505/2790/1475 2502/2796/1475
f 2498/2799/1476 2502/2781/1476 2505/2784/1476 2507/2800/1476
f 2508/2781/1477 2511/2799/1477 2509/2800/1477 2506/2784/1477
f 2506/2797/1478 2509/2796/1478 2510/2790/1478 2504/2798/1478
f 2501/2784/1479 2512/2800/1479 2511/2799/1479 2508/2781/1479
f 2504/2799/1480 2510/2781/1480 2512/2784/1480 2501/2800/1480
o pillars.111
v -11.917528 48.423065 11.974377
v -11.917528 48.423065 10.305625
v -12.621758 42.893970 11.557188
v -11.787716 48.566833 12.140001
v -6.203899 48.548050 12.140001
v -11.787716 48.566833 10.140001
v -12.533718 42.709774 11.640001
v -6.949902 42.690987 11.640001
v -12.533718 42.709774 10.640000
v -6.949902 42.690987 10.640000
v -12.621758 42.893970 10.722813
v -6.203899 48.548050 10.140001
v -6.820091 42.834759 10.722813
v -6.820091 42.834759 11.557188
v -6.115860 48.363853 10.305625
v -6.115860 48.363853 11.974377
vn -0.7422 0.6702 -0.0000
vn -0.9920 0.1263 -0.0000
vn -0.7478 0.0419 0.6626
vn -0.0003 -0.0850 0.9964
vn 0.0034 1.0000 -0.0000
vn -0.0034 -1.0000 -0.0000
vn -0.9022 -0.4312 -0.0000
vn -0.0003 -0.0850 -0.9964
vn -0.7478 0.0419 -0.6626
vn 0.7318 -0.1468 -0.6656
vn 0.7422 -0.6702 -0.0000
vn 0.9022 0.4312 -0.0000
vn 0.7318 -0.1468 0.6656
vt 0.000000 0.872699
vt 0.000000 0.745399
vt 1.000000 0.745399
vt 1.000000 0.872699
vt 0.875767 0.246933
vt 0.875767 0.745399
vt 0.751534 0.745399
vt 0.751534 0.246933
vt 0.751534 0.745399
vt 0.253067 0.246933
vt 0.253067 0.745399
vt 0.126534 0.745399
vt 0.253068 0.745399
vt 0.253068 0.000000
vt 0.126534 0.000000
vt 0.751534 0.246933
vt 0.751534 0.123466
vt 0.253067 0.123466
vt 0.000000 1.000000
vt 1.000000 1.000000
s 0
usemtl concrete06_trim
f 2513/2801/1481 2516/2802/1481 2518/2803/1481 2514/2804/1481
f 2514/2805/1482 2523/2806/1482 2515/2807/1482 2513/2808/1482
f 2515/2804/1483 2519/2803/1483 2516/2802/1483 2513/2801/1483
f 2520/2809/1484 2517/2808/1484 2516/2810/1484 2519/2811/1484
f 2517/2808/1485 2524/2805/1485 2518/2806/1485 2516/2807/1485
f 2522/2812/1486 2520/2813/1486 2519/2814/1486 2521/2815/1486
f 2523/2816/1487 2521/2817/1487 2519/2818/1487 2515/2810/1487
f 2524/2809/1488 2522/2811/1488 2521/2810/1488 2518/2816/1488
f 2514/2819/1489 2518/2801/1489 2521/2804/1489 2523/2820/1489
f 2524/2801/1490 2527/2819/1490 2525/2820/1490 2522/2804/1490
f 2522/2817/1491 2525/2816/1491 2526/2810/1491 2520/2818/1491
f 2517/2804/1492 2528/2820/1492 2527/2819/1492 2524/2801/1492
f 2520/2819/1493 2526/2801/1493 2528/2804/1493 2517/2820/1493
o pillars.112
v -6.116112 48.361889 11.974377
v -6.116112 48.361889 10.305625
v -6.820343 42.832790 11.557188
v -5.986298 48.505657 12.140001
v -0.402477 48.486874 12.140001
v -5.986301 48.505657 10.140001
v -6.732304 42.648598 11.640001
v -1.148479 42.629810 11.640001
v -6.732304 42.648598 10.640000
v -1.148479 42.629810 10.640000
v -6.820343 42.832790 10.722813
v -0.402477 48.486874 10.140001
v -1.018673 42.773579 10.722813
v -1.018673 42.773579 11.557188
v -0.314442 48.302677 10.305625
v -0.314442 48.302677 11.974377
vn -0.7422 0.6702 -0.0000
vn -0.9920 0.1263 -0.0000
vn -0.7478 0.0419 0.6626
vn -0.0003 -0.0850 0.9964
vn 0.0034 1.0000 -0.0000
vn -0.0034 -1.0000 -0.0000
vn -0.9022 -0.4312 -0.0000
vn -0.0003 -0.0850 -0.9964
vn -0.7478 0.0419 -0.6626
vn 0.7318 -0.1468 -0.6656
vn 0.7422 -0.6702 -0.0000
vn 0.9022 0.4312 -0.0000
vn 0.7318 -0.1468 0.6656
vt 0.000000 0.872699
vt 0.000000 0.745399
vt 1.000000 0.745399
vt 1.000000 0.872699
vt 0.875767 0.246933
vt 0.875767 0.745399
vt 0.751534 0.745399
vt 0.751534 0.246933
vt 0.751534 0.745399
vt 0.253067 0.246933
vt 0.253067 0.745399
vt 0.126534 0.745399
vt 0.253068 0.745399
vt 0.253068 0.000000
vt 0.126534 0.000000
vt 0.751534 0.246933
vt 0.751534 0.123466
vt 0.253067 0.123466
vt 0.000000 1.000000
vt 1.000000 1.000000
s 0
usemtl concrete06_trim
f 2529/2821/1494 2532/2822/1494 2534/2823/1494 2530/2824/1494
f 2530/2825/1495 2539/2826/1495 2531/2827/1495 2529/2828/1495
f 2531/2824/1496 2535/2823/1496 2532/2822/1496 2529/2821/1496
f 2536/2829/1497 2533/2828/1497 2532/2830/1497 2535/2831/1497
f 2533/2828/1498 2540/2825/1498 2534/2826/1498 2532/2827/1498
f 2538/2832/1499 2536/2833/1499 2535/2834/1499 2537/2835/1499
f 2539/2836/1500 2537/2837/1500 2535/2838/1500 2531/2830/1500
f 2540/2829/1501 2538/2831/1501 2537/2830/1501 2534/2836/1501
f 2530/2839/1502 2534/2821/1502 2537/2824/1502 2539/2840/1502
f 2540/2821/1503 2543/2839/1503 2541/2840/1503 2538/2824/1503
f 2538/2837/1504 2541/2836/1504 2542/2830/1504 2536/2838/1504
f 2533/2824/1505 2544/2840/1505 2543/2839/1505 2540/2821/1505
f 2536/2839/1506 2542/2821/1506 2544/2824/1506 2533/2840/1506
o pillars.113
v -0.314693 48.300709 11.974377
v -0.314693 48.300709 10.305625
v -1.018925 42.771614 11.557188
v -0.184879 48.444481 12.140001
v 5.398937 48.425697 12.140001
v -0.184883 48.444481 10.140001
v -0.930885 42.587418 11.640001
v 4.652931 42.568634 11.640001
v -0.930885 42.587418 10.640000
v 4.652931 42.568634 10.640000
v -1.018925 42.771614 10.722813
v 5.398937 48.425697 10.140001
v 4.782742 42.712402 10.722813
v 4.782742 42.712402 11.557188
v 5.486973 48.241501 10.305625
v 5.486977 48.241501 11.974377
vn -0.7422 0.6702 -0.0000
vn -0.9920 0.1263 -0.0000
vn -0.7478 0.0419 0.6626
vn -0.0003 -0.0850 0.9964
vn 0.0034 1.0000 -0.0000
vn -0.0034 -1.0000 -0.0000
vn -0.9022 -0.4312 -0.0000
vn -0.0003 -0.0850 -0.9964
vn -0.7478 0.0419 -0.6626
vn 0.7318 -0.1468 -0.6656
vn 0.7422 -0.6701 -0.0000
vn 0.9022 0.4312 -0.0000
vn 0.7318 -0.1468 0.6656
vt 0.000000 0.872699
vt 0.000000 0.745399
vt 1.000000 0.745399
vt 1.000000 0.872699
vt 0.875767 0.246933
vt 0.875767 0.745399
vt 0.751534 0.745399
vt 0.751534 0.246933
vt 0.751534 0.745399
vt 0.253067 0.246933
vt 0.253067 0.745399
vt 0.126534 0.745399
vt 0.253068 0.745399
vt 0.253068 0.000000
vt 0.126534 0.000000
vt 0.751534 0.246933
vt 0.751534 0.123466
vt 0.253067 0.123466
vt 0.000000 1.000000
vt 1.000000 1.000000
s 0
usemtl concrete06_trim
f 2545/2841/1507 2548/2842/1507 2550/2843/1507 2546/2844/1507
f 2546/2845/1508 2555/2846/1508 2547/2847/1508 2545/2848/1508
f 2547/2844/1509 2551/2843/1509 2548/2842/1509 2545/2841/1509
f 2552/2849/1510 2549/2848/1510 2548/2850/1510 2551/2851/1510
f 2549/2848/1511 2556/2845/1511 2550/2846/1511 2548/2847/1511
f 2554/2852/1512 2552/2853/1512 2551/2854/1512 2553/2855/1512
f 2555/2856/1513 2553/2857/1513 2551/2858/1513 2547/2850/1513
f 2556/2849/1514 2554/2851/1514 2553/2850/1514 2550/2856/1514
f 2546/2859/1515 2550/2841/1515 2553/2844/1515 2555/2860/1515
f 2556/2841/1516 2559/2859/1516 2557/2860/1516 2554/2844/1516
f 2554/2857/1517 2557/2856/1517 2558/2850/1517 2552/2858/1517
f 2549/2844/1518 2560/2860/1518 2559/2859/1518 2556/2841/1518
f 2552/2859/1519 2558/2841/1519 2560/2844/1519 2549/2860/1519
o pillars.114
v 5.486729 48.239532 11.974377
v 5.486729 48.239532 10.305625
v 4.782497 42.710438 11.557188
v 5.616539 48.383305 12.140001
v 11.200356 48.364517 12.140001
v 5.616535 48.383305 10.140001
v 4.870533 42.526241 11.640001
v 10.454353 42.507454 11.640001
v 4.870533 42.526241 10.640000
v 10.454353 42.507454 10.640000
v 4.782497 42.710438 10.722813
v 11.200356 48.364517 10.140001
v 10.584164 42.651226 10.722813
v 10.584164 42.651226 11.557188
v 11.288395 48.180321 10.305625
v 11.288399 48.180321 11.974377
vn -0.7422 0.6701 -0.0000
vn -0.9920 0.1263 -0.0000
vn -0.7478 0.0419 0.6626
vn -0.0003 -0.0850 0.9964
vn 0.0034 1.0000 -0.0000
vn -0.0034 -1.0000 -0.0000
vn -0.9022 -0.4312 -0.0000
vn -0.0003 -0.0850 -0.9964
vn -0.7478 0.0419 -0.6626
vn 0.7318 -0.1468 -0.6656
vn 0.7422 -0.6701 -0.0000
vn 0.9022 0.4312 -0.0000
vn 0.7318 -0.1468 0.6656
vt 0.000000 0.872699
vt 0.000000 0.745399
vt 1.000000 0.745399
vt 1.000000 0.872699
vt 0.875767 0.246933
vt 0.875767 0.745399
vt 0.751534 0.745399
vt 0.751534 0.246933
vt 0.751534 0.745399
vt 0.253067 0.246933
vt 0.253067 0.745399
vt 0.126534 0.745399
vt 0.253068 0.745399
vt 0.253068 0.000000
vt 0.126534 0.000000
vt 0.751534 0.246933
vt 0.751534 0.123466
vt 0.253067 0.123466
vt 0.000000 1.000000
vt 1.000000 1.000000
s 0
usemtl concrete06_trim
f 2561/2861/1520 2564/2862/1520 2566/2863/1520 2562/2864/1520
f 2562/2865/1521 2571/2866/1521 2563/2867/1521 2561/2868/1521
f 2563/2864/1522 2567/2863/1522 2564/2862/1522 2561/2861/1522
f 2568/2869/1523 2565/2868/1523 2564/2870/1523 2567/2871/1523
f 2565/2868/1524 2572/2865/1524 2566/2866/1524 2564/2867/1524
f 2570/2872/1525 2568/2873/1525 2567/2874/1525 2569/2875/1525
f 2571/2876/1526 2569/2877/1526 2567/2878/1526 2563/2870/1526
f 2572/2869/1527 2570/2871/1527 2569/2870/1527 2566/2876/1527
f 2562/2879/1528 2566/2861/1528 2569/2864/1528 2571/2880/1528
f 2572/2861/1529 2575/2879/1529 2573/2880/1529 2570/2864/1529
f 2570/2877/1530 2573/2876/1530 2574/2870/1530 2568/2878/1530
f 2565/2864/1531 2576/2880/1531 2575/2879/1531 2572/2861/1531
f 2568/2879/1532 2574/2861/1532 2576/2864/1532 2565/2880/1532
o pillars.115
v 11.288147 48.178356 11.974377
v 11.288147 48.178356 10.305625
v 10.583916 42.649258 11.557188
v 11.417957 48.322124 12.140001
v 17.001778 48.303341 12.140001
v 11.417953 48.322124 10.140001
v 10.671951 42.465065 11.640001
v 16.255775 42.446278 11.640001
v 10.671951 42.465065 10.640000
v 16.255775 42.446278 10.640000
v 10.583916 42.649258 10.722813
v 17.001778 48.303341 10.140001
v 16.385582 42.590050 10.722813
v 16.385582 42.590050 11.557188
v 17.089809 48.119144 10.305625
v 17.089813 48.119144 11.974377
vn -0.7422 0.6701 -0.0000
vn -0.9920 0.1263 -0.0000
vn -0.7478 0.0419 0.6626
vn -0.0003 -0.0850 0.9964
vn 0.0034 1.0000 -0.0000
vn -0.0034 -1.0000 -0.0000
vn -0.9022 -0.4312 -0.0000
vn -0.0003 -0.0850 -0.9964
vn -0.7478 0.0419 -0.6626
vn 0.7318 -0.1468 -0.6656
vn 0.7422 -0.6702 -0.0000
vn 0.9022 0.4312 -0.0000
vn 0.7318 -0.1468 0.6656
vt 0.000000 0.872699
vt 0.000000 0.745399
vt 1.000000 0.745399
vt 1.000000 0.872699
vt 0.875767 0.246933
vt 0.875767 0.745399
vt 0.751534 0.745399
vt 0.751534 0.246933
vt 0.751534 0.745399
vt 0.253067 0.246933
vt 0.253067 0.745399
vt 0.126534 0.745399
vt 0.253068 0.745399
vt 0.253068 0.000000
vt 0.126534 0.000000
vt 0.751534 0.246933
vt 0.751534 0.123466
vt 0.253067 0.123466
vt 0.000000 1.000000
vt 1.000000 1.000000
s 0
usemtl concrete06_trim
f 2577/2881/1533 2580/2882/1533 2582/2883/1533 2578/2884/1533
f 2578/2885/1534 2587/2886/1534 2579/2887/1534 2577/2888/1534
f 2579/2884/1535 2583/2883/1535 2580/2882/1535 2577/2881/1535
f 2584/2889/1536 2581/2888/1536 2580/2890/1536 2583/2891/1536
f 2581/2888/1537 2588/2885/1537 2582/2886/1537 2580/2887/1537
f 2586/2892/1538 2584/2893/1538 2583/2894/1538 2585/2895/1538
f 2587/2896/1539 2585/2897/1539 2583/2898/1539 2579/2890/1539
f 2588/2889/1540 2586/2891/1540 2585/2890/1540 2582/2896/1540
f 2578/2899/1541 2582/2881/1541 2585/2884/1541 2587/2900/1541
f 2588/2881/1542 2591/2899/1542 2589/2900/1542 2586/2884/1542
f 2586/2897/1543 2589/2896/1543 2590/2890/1543 2584/2898/1543
f 2581/2884/1544 2592/2900/1544 2591/2899/1544 2588/2881/1544
f 2584/2899/1545 2590/2881/1545 2592/2884/1545 2581/2900/1545
o pillars.116
v 17.089561 48.117180 11.974377
v 17.089561 48.117180 10.305625
v 16.385330 42.588081 11.557188
v 17.219376 48.260948 12.140001
v 22.803192 48.242165 12.140001
v 17.219372 48.260948 10.140001
v 16.473366 42.403885 11.640001
v 22.057190 42.385101 11.640001
v 16.473366 42.403885 10.640000
v 22.057190 42.385101 10.640000
v 16.385330 42.588081 10.722813
v 22.803192 48.242165 10.140001
v 22.186996 42.528870 10.722813
v 22.186996 42.528870 11.557188
v 22.891228 48.057968 10.305625
v 22.891228 48.057968 11.974377
vn -0.7422 0.6702 -0.0000
vn -0.9920 0.1263 -0.0000
vn -0.7478 0.0419 0.6626
vn -0.0003 -0.0850 0.9964
vn 0.0034 1.0000 -0.0000
vn -0.0034 -1.0000 -0.0000
vn -0.9023 -0.4312 -0.0000
vn -0.0003 -0.0850 -0.9964
vn -0.7478 0.0419 -0.6626
vn 0.7318 -0.1468 -0.6656
vn 0.7422 -0.6701 -0.0000
vn 0.9022 0.4312 -0.0000
vn 0.7318 -0.1468 0.6656
vt 0.000000 0.872699
vt 0.000000 0.745399
vt 1.000000 0.745399
vt 1.000000 0.872699
vt 0.875767 0.246933
vt 0.875767 0.745399
vt 0.751534 0.745399
vt 0.751534 0.246933
vt 0.751534 0.745399
vt 0.253067 0.246933
vt 0.253067 0.745399
vt 0.126534 0.745399
vt 0.253068 0.745399
vt 0.253068 0.000000
vt 0.126534 0.000000
vt 0.751534 0.246933
vt 0.751534 0.123466
vt 0.253067 0.123466
vt 0.000000 1.000000
vt 1.000000 1.000000
s 0
usemtl concrete06_trim
f 2593/2901/1546 2596/2902/1546 2598/2903/1546 2594/2904/1546
f 2594/2905/1547 2603/2906/1547 2595/2907/1547 2593/2908/1547
f 2595/2904/1548 2599/2903/1548 2596/2902/1548 2593/2901/1548
f 2600/2909/1549 2597/2908/1549 2596/2910/1549 2599/2911/1549
f 2597/2908/1550 2604/2905/1550 2598/2906/1550 2596/2907/1550
f 2602/2912/1551 2600/2913/1551 2599/2914/1551 2601/2915/1551
f 2603/2916/1552 2601/2917/1552 2599/2918/1552 2595/2910/1552
f 2604/2909/1553 2602/2911/1553 2601/2910/1553 2598/2916/1553
f 2594/2919/1554 2598/2901/1554 2601/2904/1554 2603/2920/1554
f 2604/2901/1555 2607/2919/1555 2605/2920/1555 2602/2904/1555
f 2602/2917/1556 2605/2916/1556 2606/2910/1556 2600/2918/1556
f 2597/2904/1557 2608/2920/1557 2607/2919/1557 2604/2901/1557
f 2600/2919/1558 2606/2901/1558 2608/2904/1558 2597/2920/1558
o pillars.117
v -40.924618 48.728951 8.794377
v -40.924618 48.728951 7.125625
v -41.628845 43.199856 8.377189
v -40.794804 48.872723 8.960002
v -35.210987 48.853935 8.960002
v -40.794807 48.872723 6.960001
v -41.540810 43.015659 8.460001
v -35.956989 42.996872 8.460001
v -41.540810 43.015659 7.460001
v -35.956989 42.996872 7.460001
v -41.628845 43.199856 7.542812
v -35.210987 48.853935 6.960001
v -35.827179 43.140644 7.542812
v -35.827179 43.140644 8.377189
v -35.122948 48.669739 7.125625
v -35.122948 48.669739 8.794377
vn -0.7422 0.6702 -0.0000
vn -0.9920 0.1263 -0.0000
vn -0.7478 0.0419 0.6626
vn -0.0003 -0.0850 0.9964
vn 0.0034 1.0000 -0.0000
vn -0.0034 -1.0000 -0.0000
vn -0.9022 -0.4312 -0.0000
vn -0.0003 -0.0850 -0.9964
vn -0.7478 0.0419 -0.6626
vn 0.7318 -0.1468 -0.6656
vn 0.7422 -0.6702 -0.0000
vn 0.9022 0.4312 -0.0000
vn 0.7318 -0.1468 0.6656
vt 0.000000 0.872699
vt 0.000000 0.745399
vt 1.000000 0.745399
vt 1.000000 0.872699
vt 0.875767 0.246933
vt 0.875767 0.745399
vt 0.751534 0.745399
vt 0.751534 0.246933
vt 0.751534 0.745399
vt 0.253067 0.246933
vt 0.253067 0.745399
vt 0.126534 0.745399
vt 0.253068 0.745399
vt 0.253068 0.000000
vt 0.126534 0.000000
vt 0.751534 0.246933
vt 0.751534 0.123466
vt 0.253067 0.123466
vt 0.000000 1.000000
vt 1.000000 1.000000
s 0
usemtl concrete06_trim
f 2609/2921/1559 2612/2922/1559 2614/2923/1559 2610/2924/1559
f 2610/2925/1560 2619/2926/1560 2611/2927/1560 2609/2928/1560
f 2611/2924/1561 2615/2923/1561 2612/2922/1561 2609/2921/1561
f 2616/2929/1562 2613/2928/1562 2612/2930/1562 2615/2931/1562
f 2613/2928/1563 2620/2925/1563 2614/2926/1563 2612/2927/1563
f 2618/2932/1564 2616/2933/1564 2615/2934/1564 2617/2935/1564
f 2619/2936/1565 2617/2937/1565 2615/2938/1565 2611/2930/1565
f 2620/2929/1566 2618/2931/1566 2617/2930/1566 2614/2936/1566
f 2610/2939/1567 2614/2921/1567 2617/2924/1567 2619/2940/1567
f 2620/2921/1568 2623/2939/1568 2621/2940/1568 2618/2924/1568
f 2618/2937/1569 2621/2936/1569 2622/2930/1569 2616/2938/1569
f 2613/2924/1570 2624/2940/1570 2623/2939/1570 2620/2921/1570
f 2616/2939/1571 2622/2921/1571 2624/2924/1571 2613/2940/1571
o pillars.118
v -35.123199 48.667774 8.794377
v -35.123199 48.667774 7.125625
v -35.827431 43.138680 8.377189
v -34.993385 48.811546 8.960002
v -29.409569 48.792759 8.960002
v -34.993389 48.811546 6.960001
v -35.739391 42.954483 8.460001
v -30.155573 42.935696 8.460001
v -35.739391 42.954483 7.460001
v -30.155573 42.935696 7.460001
v -35.827431 43.138680 7.542812
v -29.409569 48.792759 6.960001
v -30.025761 43.079468 7.542812
v -30.025761 43.079468 8.377189
v -29.321531 48.608562 7.125625
v -29.321529 48.608562 8.794377
vn -0.7422 0.6702 -0.0000
vn -0.9920 0.1263 -0.0000
vn -0.7478 0.0419 0.6626
vn -0.0003 -0.0850 0.9964
vn 0.0034 1.0000 -0.0000
vn -0.0034 -1.0000 -0.0000
vn -0.9022 -0.4312 -0.0000
vn -0.0003 -0.0850 -0.9964
vn -0.7478 0.0419 -0.6626
vn 0.7318 -0.1468 -0.6656
vn 0.7422 -0.6702 -0.0000
vn 0.9022 0.4312 -0.0000
vn 0.7318 -0.1468 0.6656
vt 0.000000 0.872699
vt 0.000000 0.745399
vt 1.000000 0.745399
vt 1.000000 0.872699
vt 0.875767 0.246933
vt 0.875767 0.745399
vt 0.751534 0.745399
vt 0.751534 0.246933
vt 0.751534 0.745399
vt 0.253067 0.246933
vt 0.253067 0.745399
vt 0.126534 0.745399
vt 0.253068 0.745399
vt 0.253068 0.000000
vt 0.126534 0.000000
vt 0.751534 0.246933
vt 0.751534 0.123466
vt 0.253067 0.123466
vt 0.000000 1.000000
vt 1.000000 1.000000
s 0
usemtl concrete06_trim
f 2625/2941/1572 2628/2942/1572 2630/2943/1572 2626/2944/1572
f 2626/2945/1573 2635/2946/1573 2627/2947/1573 2625/2948/1573
f 2627/2944/1574 2631/2943/1574 2628/2942/1574 2625/2941/1574
f 2632/2949/1575 2629/2948/1575 2628/2950/1575 2631/2951/1575
f 2629/2948/1576 2636/2945/1576 2630/2946/1576 2628/2947/1576
f 2634/2952/1577 2632/2953/1577 2631/2954/1577 2633/2955/1577
f 2635/2956/1578 2633/2957/1578 2631/2958/1578 2627/2950/1578
f 2636/2949/1579 2634/2951/1579 2633/2950/1579 2630/2956/1579
f 2626/2959/1580 2630/2941/1580 2633/2944/1580 2635/2960/1580
f 2636/2941/1581 2639/2959/1581 2637/2960/1581 2634/2944/1581
f 2634/2957/1582 2637/2956/1582 2638/2950/1582 2632/2958/1582
f 2629/2944/1583 2640/2960/1583 2639/2959/1583 2636/2941/1583
f 2632/2959/1584 2638/2941/1584 2640/2944/1584 2629/2960/1584
o pillars.119
v -29.321781 48.606598 8.794377
v -29.321781 48.606598 7.125625
v -30.026012 43.077499 8.377189
v -29.191971 48.750366 8.960002
v -23.608150 48.731583 8.960002
v -29.191971 48.750366 6.960001
v -29.937973 42.893303 8.460001
v -24.354155 42.874519 8.460001
v -29.937973 42.893303 7.460001
v -24.354155 42.874519 7.460001
v -30.026012 43.077499 7.542812
v -23.608150 48.731583 6.960001
v -24.224346 43.018291 7.542812
v -24.224346 43.018291 8.377189
v -23.520115 48.547386 7.125625
v -23.520113 48.547386 8.794377
vn -0.7422 0.6702 -0.0000
vn -0.9920 0.1263 -0.0000
vn -0.7478 0.0419 0.6626
vn -0.0003 -0.0850 0.9964
vn 0.0034 1.0000 -0.0000
vn -0.0034 -1.0000 -0.0000
vn -0.9022 -0.4312 -0.0000
vn -0.0003 -0.0850 -0.9964
vn -0.7478 0.0419 -0.6626
vn 0.7318 -0.1468 -0.6656
vn 0.7422 -0.6701 -0.0000
vn 0.9022 0.4312 -0.0000
vn 0.7318 -0.1468 0.6656
vt 0.000000 0.872699
vt 0.000000 0.745399
vt 1.000000 0.745399
vt 1.000000 0.872699
vt 0.875767 0.246933
vt 0.875767 0.745399
vt 0.751534 0.745399
vt 0.751534 0.246933
vt 0.751534 0.745399
vt 0.253067 0.246933
vt 0.253067 0.745399
vt 0.126534 0.745399
vt 0.253068 0.745399
vt 0.253068 0.000000
vt 0.126534 0.000000
vt 0.751534 0.246933
vt 0.751534 0.123466
vt 0.253067 0.123466
vt 0.000000 1.000000
vt 1.000000 1.000000
s 0
usemtl concrete06_trim
f 2641/2961/1585 2644/2962/1585 2646/2963/1585 2642/2964/1585
f 2642/2965/1586 2651/2966/1586 2643/2967/1586 2641/2968/1586
f 2643/2964/1587 2647/2963/1587 2644/2962/1587 2641/2961/1587
f 2648/2969/1588 2645/2968/1588 2644/2970/1588 2647/2971/1588
f 2645/2968/1589 2652/2965/1589 2646/2966/1589 2644/2967/1589
f 2650/2972/1590 2648/2973/1590 2647/2974/1590 2649/2975/1590
f 2651/2976/1591 2649/2977/1591 2647/2978/1591 2643/2970/1591
f 2652/2969/1592 2650/2971/1592 2649/2970/1592 2646/2976/1592
f 2642/2979/1593 2646/2961/1593 2649/2964/1593 2651/2980/1593
f 2652/2961/1594 2655/2979/1594 2653/2980/1594 2650/2964/1594
f 2650/2977/1595 2653/2976/1595 2654/2970/1595 2648/2978/1595
f 2645/2964/1596 2656/2980/1596 2655/2979/1596 2652/2961/1596
f 2648/2979/1597 2654/2961/1597 2656/2964/1597 2645/2980/1597
o pillars.120
v -23.520363 48.545418 8.794377
v -23.520363 48.545418 7.125625
v -24.224594 43.016323 8.377189
v -23.390551 48.689190 8.960002
v -17.806732 48.670406 8.960002
v -23.390551 48.689190 6.960001
v -24.136555 42.832127 8.460001
v -18.552736 42.813343 8.460001
v -24.136555 42.832127 7.460001
v -18.552736 42.813343 7.460001
v -24.224594 43.016323 7.542812
v -17.806734 48.670403 6.960001
v -18.422924 42.957111 7.542812
v -18.422924 42.957111 8.377189
v -17.718695 48.486206 7.125625
v -17.718695 48.486206 8.794377
vn -0.7422 0.6702 -0.0000
vn -0.9920 0.1263 -0.0000
vn -0.7478 0.0419 0.6626
vn -0.0003 -0.0850 0.9964
vn 0.0034 1.0000 -0.0000
vn -0.0034 -1.0000 -0.0000
vn -0.9022 -0.4312 -0.0000
vn -0.0003 -0.0850 -0.9964
vn -0.7478 0.0419 -0.6626
vn 0.7318 -0.1468 -0.6656
vn 0.7422 -0.6702 -0.0000
vn 0.9022 0.4312 -0.0000
vn 0.7318 -0.1468 0.6656
vt 0.000000 0.872699
vt 0.000000 0.745399
vt 1.000000 0.745399
vt 1.000000 0.872699
vt 0.875767 0.246933
vt 0.875767 0.745399
vt 0.751534 0.745399
vt 0.751534 0.246933
vt 0.751534 0.745399
vt 0.253067 0.246933
vt 0.253067 0.745399
vt 0.126534 0.745399
vt 0.253068 0.745399
vt 0.253068 0.000000
vt 0.126534 0.000000
vt 0.751534 0.246933
vt 0.751534 0.123466
vt 0.253067 0.123466
vt 0.000000 1.000000
vt 1.000000 1.000000
s 0
usemtl concrete06_trim
f 2657/2981/1598 2660/2982/1598 2662/2983/1598 2658/2984/1598
f 2658/2985/1599 2667/2986/1599 2659/2987/1599 2657/2988/1599
f 2659/2984/1600 2663/2983/1600 2660/2982/1600 2657/2981/1600
f 2664/2989/1601 2661/2988/1601 2660/2990/1601 2663/2991/1601
f 2661/2988/1602 2668/2985/1602 2662/2986/1602 2660/2987/1602
f 2666/2992/1603 2664/2993/1603 2663/2994/1603 2665/2995/1603
f 2667/2996/1604 2665/2997/1604 2663/2998/1604 2659/2990/1604
f 2668/2989/1605 2666/2991/1605 2665/2990/1605 2662/2996/1605
f 2658/2999/1606 2662/2981/1606 2665/2984/1606 2667/3000/1606
f 2668/2981/1607 2671/2999/1607 2669/3000/1607 2666/2984/1607
f 2666/2997/1608 2669/2996/1608 2670/2990/1608 2664/2998/1608
f 2661/2984/1609 2672/3000/1609 2671/2999/1609 2668/2981/1609
f 2664/2999/1610 2670/2981/1610 2672/2984/1610 2661/3000/1610
o pillars.121
v -17.718945 48.484241 8.794377
v -17.718945 48.484241 7.125625
v -18.423176 42.955147 8.377189
v -17.589134 48.628014 8.960002
v -12.005314 48.609230 8.960002
v -17.589134 48.628014 6.960001
v -18.335138 42.770950 8.460001
v -12.751318 42.752163 8.460001
v -18.335138 42.770950 7.460001
v -12.751318 42.752163 7.460001
v -18.423176 42.955147 7.542812
v -12.005314 48.609226 6.960001
v -12.621510 42.895935 7.542812
v -12.621510 42.895935 8.377189
v -11.917278 48.425034 7.125625
v -11.917276 48.425034 8.794377
vn -0.7422 0.6702 -0.0000
vn -0.9920 0.1263 -0.0000
vn -0.7478 0.0419 0.6626
vn -0.0003 -0.0850 0.9964
vn 0.0034 1.0000 -0.0000
vn -0.0034 -1.0000 -0.0000
vn -0.9022 -0.4312 -0.0000
vn -0.0003 -0.0850 -0.9964
vn -0.7478 0.0419 -0.6626
vn 0.7318 -0.1468 -0.6656
vn 0.7422 -0.6702 -0.0000
vn 0.9022 0.4312 -0.0000
vn 0.7318 -0.1468 0.6656
vt 0.000000 0.872699
vt 0.000000 0.745399
vt 1.000000 0.745399
vt 1.000000 0.872699
vt 0.875767 0.246933
vt 0.875767 0.745399
vt 0.751534 0.745399
vt 0.751534 0.246933
vt 0.751534 0.745399
vt 0.253067 0.246933
vt 0.253067 0.745399
vt 0.126534 0.745399
vt 0.253068 0.745399
vt 0.253068 0.000000
vt 0.126534 0.000000
vt 0.751534 0.246933
vt 0.751534 0.123466
vt 0.253067 0.123466
vt 0.000000 1.000000
vt 1.000000 1.000000
s 0
usemtl concrete06_trim
f 2673/3001/1611 2676/3002/1611 2678/3003/1611 2674/3004/1611
f 2674/3005/1612 2683/3006/1612 2675/3007/1612 2673/3008/1612
f 2675/3004/1613 2679/3003/1613 2676/3002/1613 2673/3001/1613
f 2680/3009/1614 2677/3008/1614 2676/3010/1614 2679/3011/1614
f 2677/3008/1615 2684/3005/1615 2678/3006/1615 2676/3007/1615
f 2682/3012/1616 2680/3013/1616 2679/3014/1616 2681/3015/1616
f 2683/3016/1617 2681/3017/1617 2679/3018/1617 2675/3010/1617
f 2684/3009/1618 2682/3011/1618 2681/3010/1618 2678/3016/1618
f 2674/3019/1619 2678/3001/1619 2681/3004/1619 2683/3020/1619
f 2684/3001/1620 2687/3019/1620 2685/3020/1620 2682/3004/1620
f 2682/3017/1621 2685/3016/1621 2686/3010/1621 2680/3018/1621
f 2677/3004/1622 2688/3020/1622 2687/3019/1622 2684/3001/1622
f 2680/3019/1623 2686/3001/1623 2688/3004/1623 2677/3020/1623
o pillars.122
v -11.917528 48.423065 8.794377
v -11.917528 48.423065 7.125625
v -12.621758 42.893970 8.377189
v -11.787716 48.566833 8.960002
v -6.203899 48.548050 8.960002
v -11.787716 48.566833 6.960001
v -12.533718 42.709774 8.460001
v -6.949902 42.690987 8.460001
v -12.533718 42.709774 7.460001
v -6.949902 42.690987 7.460001
v -12.621758 42.893970 7.542812
v -6.203899 48.548050 6.960001
v -6.820091 42.834759 7.542812
v -6.820091 42.834759 8.377189
v -6.115860 48.363853 7.125625
v -6.115860 48.363853 8.794377
vn -0.7422 0.6701 -0.0000
vn -0.9920 0.1263 -0.0000
vn -0.7478 0.0419 0.6626
vn -0.0003 -0.0850 0.9964
vn 0.0034 1.0000 -0.0000
vn -0.0034 -1.0000 -0.0000
vn -0.9022 -0.4312 -0.0000
vn -0.0003 -0.0850 -0.9964
vn -0.7478 0.0419 -0.6626
vn 0.7318 -0.1468 -0.6656
vn 0.7422 -0.6702 -0.0000
vn 0.9022 0.4312 -0.0000
vn 0.7318 -0.1468 0.6656
vt 0.000000 0.872699
vt 0.000000 0.745399
vt 1.000000 0.745399
vt 1.000000 0.872699
vt 0.875767 0.246933
vt 0.875767 0.745399
vt 0.751534 0.745399
vt 0.751534 0.246933
vt 0.751534 0.745399
vt 0.253067 0.246933
vt 0.253067 0.745399
vt 0.126534 0.745399
vt 0.253068 0.745399
vt 0.253068 0.000000
vt 0.126534 0.000000
vt 0.751534 0.246933
vt 0.751534 0.123466
vt 0.253067 0.123466
vt 0.000000 1.000000
vt 1.000000 1.000000
s 0
usemtl concrete06_trim
f 2689/3021/1624 2692/3022/1624 2694/3023/1624 2690/3024/1624
f 2690/3025/1625 2699/3026/1625 2691/3027/1625 2689/3028/1625
f 2691/3024/1626 2695/3023/1626 2692/3022/1626 2689/3021/1626
f 2696/3029/1627 2693/3028/1627 2692/3030/1627 2695/3031/1627
f 2693/3028/1628 2700/3025/1628 2694/3026/1628 2692/3027/1628
f 2698/3032/1629 2696/3033/1629 2695/3034/1629 2697/3035/1629
f 2699/3036/1630 2697/3037/1630 2695/3038/1630 2691/3030/1630
f 2700/3029/1631 2698/3031/1631 2697/3030/1631 2694/3036/1631
f 2690/3039/1632 2694/3021/1632 2697/3024/1632 2699/3040/1632
f 2700/3021/1633 2703/3039/1633 2701/3040/1633 2698/3024/1633
f 2698/3037/1634 2701/3036/1634 2702/3030/1634 2696/3038/1634
f 2693/3024/1635 2704/3040/1635 2703/3039/1635 2700/3021/1635
f 2696/3039/1636 2702/3021/1636 2704/3024/1636 2693/3040/1636
o pillars.123
v -6.116112 48.361889 8.794377
v -6.116112 48.361889 7.125625
v -6.820343 42.832790 8.377189
v -5.986298 48.505657 8.960002
v -0.402477 48.486874 8.960002
v -5.986301 48.505657 6.960001
v -6.732304 42.648598 8.460001
v -1.148479 42.629810 8.460001
v -6.732304 42.648598 7.460001
v -1.148479 42.629810 7.460001
v -6.820343 42.832790 7.542812
v -0.402477 48.486874 6.960001
v -1.018673 42.773579 7.542812
v -1.018673 42.773579 8.377189
v -0.314442 48.302677 7.125625
v -0.314442 48.302677 8.794377
vn -0.7422 0.6702 -0.0000
vn -0.9920 0.1263 -0.0000
vn -0.7478 0.0419 0.6626
vn -0.0003 -0.0850 0.9964
vn 0.0034 1.0000 -0.0000
vn -0.0034 -1.0000 -0.0000
vn -0.9022 -0.4312 -0.0000
vn -0.0003 -0.0850 -0.9964
vn -0.7478 0.0419 -0.6626
vn 0.7318 -0.1468 -0.6656
vn 0.7422 -0.6702 -0.0000
vn 0.9022 0.4312 -0.0000
vn 0.7318 -0.1468 0.6656
vt 0.000000 0.872699
vt 0.000000 0.745399
vt 1.000000 0.745399
vt 1.000000 0.872699
vt 0.875767 0.246933
vt 0.875767 0.745399
vt 0.751534 0.745399
vt 0.751534 0.246933
vt 0.751534 0.745399
vt 0.253067 0.246933
vt 0.253067 0.745399
vt 0.126534 0.745399
vt 0.253068 0.745399
vt 0.253068 0.000000
vt 0.126534 0.000000
vt 0.751534 0.246933
vt 0.751534 0.123466
vt 0.253067 0.123466
vt 0.000000 1.000000
vt 1.000000 1.000000
s 0
usemtl concrete06_trim
f 2705/3041/1637 2708/3042/1637 2710/3043/1637 2706/3044/1637
f 2706/3045/1638 2715/3046/1638 2707/3047/1638 2705/3048/1638
f 2707/3044/1639 2711/3043/1639 2708/3042/1639 2705/3041/1639
f 2712/3049/1640 2709/3048/1640 2708/3050/1640 2711/3051/1640
f 2709/3048/1641 2716/3045/1641 2710/3046/1641 2708/3047/1641
f 2714/3052/1642 2712/3053/1642 2711/3054/1642 2713/3055/1642
f 2715/3056/1643 2713/3057/1643 2711/3058/1643 2707/3050/1643
f 2716/3049/1644 2714/3051/1644 2713/3050/1644 2710/3056/1644
f 2706/3059/1645 2710/3041/1645 2713/3044/1645 2715/3060/1645
f 2716/3041/1646 2719/3059/1646 2717/3060/1646 2714/3044/1646
f 2714/3057/1647 2717/3056/1647 2718/3050/1647 2712/3058/1647
f 2709/3044/1648 2720/3060/1648 2719/3059/1648 2716/3041/1648
f 2712/3059/1649 2718/3041/1649 2720/3044/1649 2709/3060/1649
o pillars.124
v -0.314693 48.300709 8.794377
v -0.314693 48.300709 7.125625
v -1.018925 42.771614 8.377189
v -0.184879 48.444481 8.960002
v 5.398937 48.425697 8.960002
v -0.184883 48.444481 6.960001
v -0.930885 42.587418 8.460001
v 4.652931 42.568634 8.460001
v -0.930885 42.587418 7.460001
v 4.652931 42.568634 7.460001
v -1.018925 42.771614 7.542812
v 5.398937 48.425697 6.960001
v 4.782742 42.712402 7.542812
v 4.782742 42.712402 8.377189
v 5.486973 48.241501 7.125625
v 5.486977 48.241501 8.794377
vn -0.7422 0.6701 -0.0000
vn -0.9920 0.1263 -0.0000
vn -0.7478 0.0419 0.6626
vn -0.0003 -0.0850 0.9964
vn 0.0034 1.0000 -0.0000
vn -0.0034 -1.0000 -0.0000
vn -0.9022 -0.4312 -0.0000
vn -0.0003 -0.0850 -0.9964
vn -0.7478 0.0419 -0.6626
vn 0.7318 -0.1468 -0.6656
vn 0.7422 -0.6701 -0.0000
vn 0.9022 0.4312 -0.0000
vn 0.7318 -0.1468 0.6656
vt 0.000000 0.872699
vt 0.000000 0.745399
vt 1.000000 0.745399
vt 1.000000 0.872699
vt 0.875767 0.246933
vt 0.875767 0.745399
vt 0.751534 0.745399
vt 0.751534 0.246933
vt 0.751534 0.745399
vt 0.253067 0.246933
vt 0.253067 0.745399
vt 0.126534 0.745399
vt 0.253068 0.745399
vt 0.253068 0.000000
vt 0.126534 0.000000
vt 0.751534 0.246933
vt 0.751534 0.123466
vt 0.253067 0.123466
vt 0.000000 1.000000
vt 1.000000 1.000000
s 0
usemtl concrete06_trim
f 2721/3061/1650 2724/3062/1650 2726/3063/1650 2722/3064/1650
f 2722/3065/1651 2731/3066/1651 2723/3067/1651 2721/3068/1651
f 2723/3064/1652 2727/3063/1652 2724/3062/1652 2721/3061/1652
f 2728/3069/1653 2725/3068/1653 2724/3070/1653 2727/3071/1653
f 2725/3068/1654 2732/3065/1654 2726/3066/1654 2724/3067/1654
f 2730/3072/1655 2728/3073/1655 2727/3074/1655 2729/3075/1655
f 2731/3076/1656 2729/3077/1656 2727/3078/1656 2723/3070/1656
f 2732/3069/1657 2730/3071/1657 2729/3070/1657 2726/3076/1657
f 2722/3079/1658 2726/3061/1658 2729/3064/1658 2731/3080/1658
f 2732/3061/1659 2735/3079/1659 2733/3080/1659 2730/3064/1659
f 2730/3077/1660 2733/3076/1660 2734/3070/1660 2728/3078/1660
f 2725/3064/1661 2736/3080/1661 2735/3079/1661 2732/3061/1661
f 2728/3079/1662 2734/3061/1662 2736/3064/1662 2725/3080/1662
o pillars.125
v 5.486729 48.239532 8.794377
v 5.486729 48.239532 7.125625
v 4.782497 42.710438 8.377189
v 5.616539 48.383305 8.960002
v 11.200356 48.364517 8.960002
v 5.616535 48.383305 6.960001
v 4.870533 42.526241 8.460001
v 10.454353 42.507454 8.460001
v 4.870533 42.526241 7.460001
v 10.454353 42.507454 7.460001
v 4.782497 42.710438 7.542812
v 11.200356 48.364517 6.960001
v 10.584164 42.651226 7.542812
v 10.584164 42.651226 8.377189
v 11.288395 48.180321 7.125625
v 11.288399 48.180321 8.794377
vn -0.7422 0.6701 -0.0000
vn -0.9920 0.1263 -0.0000
vn -0.7478 0.0419 0.6626
vn -0.0003 -0.0850 0.9964
vn 0.0034 1.0000 -0.0000
vn -0.0034 -1.0000 -0.0000
vn -0.9022 -0.4312 -0.0000
vn -0.0003 -0.0850 -0.9964
vn -0.7478 0.0419 -0.6626
vn 0.7318 -0.1468 -0.6656
vn 0.7422 -0.6701 -0.0000
vn 0.9022 0.4312 -0.0000
vn 0.7318 -0.1468 0.6656
vt 0.000000 0.872699
vt 0.000000 0.745399
vt 1.000000 0.745399
vt 1.000000 0.872699
vt 0.875767 0.246933
vt 0.875767 0.745399
vt 0.751534 0.745399
vt 0.751534 0.246933
vt 0.751534 0.745399
vt 0.253067 0.246933
vt 0.253067 0.745399
vt 0.126534 0.745399
vt 0.253068 0.745399
vt 0.253068 0.000000
vt 0.126534 0.000000
vt 0.751534 0.246933
vt 0.751534 0.123466
vt 0.253067 0.123466
vt 0.000000 1.000000
vt 1.000000 1.000000
s 0
usemtl concrete06_trim
f 2737/3081/1663 2740/3082/1663 2742/3083/1663 2738/3084/1663
f 2738/3085/1664 2747/3086/1664 2739/3087/1664 2737/3088/1664
f 2739/3084/1665 2743/3083/1665 2740/3082/1665 2737/3081/1665
f 2744/3089/1666 2741/3088/1666 2740/3090/1666 2743/3091/1666
f 2741/3088/1667 2748/3085/1667 2742/3086/1667 2740/3087/1667
f 2746/3092/1668 2744/3093/1668 2743/3094/1668 2745/3095/1668
f 2747/3096/1669 2745/3097/1669 2743/3098/1669 2739/3090/1669
f 2748/3089/1670 2746/3091/1670 2745/3090/1670 2742/3096/1670
f 2738/3099/1671 2742/3081/1671 2745/3084/1671 2747/3100/1671
f 2748/3081/1672 2751/3099/1672 2749/3100/1672 2746/3084/1672
f 2746/3097/1673 2749/3096/1673 2750/3090/1673 2744/3098/1673
f 2741/3084/1674 2752/3100/1674 2751/3099/1674 2748/3081/1674
f 2744/3099/1675 2750/3081/1675 2752/3084/1675 2741/3100/1675
o pillars.126
v 11.288147 48.178356 8.794377
v 11.288147 48.178356 7.125625
v 10.583916 42.649258 8.377189
v 11.417957 48.322124 8.960002
v 17.001778 48.303341 8.960002
v 11.417953 48.322124 6.960001
v 10.671951 42.465065 8.460001
v 16.255775 42.446278 8.460001
v 10.671951 42.465065 7.460001
v 16.255775 42.446278 7.460001
v 10.583916 42.649258 7.542812
v 17.001778 48.303341 6.960001
v 16.385582 42.590050 7.542812
v 16.385582 42.590050 8.377189
v 17.089809 48.119144 7.125625
v 17.089813 48.119144 8.794377
vn -0.7422 0.6701 -0.0000
vn -0.9920 0.1263 -0.0000
vn -0.7478 0.0419 0.6626
vn -0.0003 -0.0850 0.9964
vn 0.0034 1.0000 -0.0000
vn -0.0034 -1.0000 -0.0000
vn -0.9022 -0.4312 -0.0000
vn -0.0003 -0.0850 -0.9964
vn -0.7478 0.0419 -0.6626
vn 0.7318 -0.1468 -0.6656
vn 0.7422 -0.6701 -0.0000
vn 0.9022 0.4312 -0.0000
vn 0.7318 -0.1468 0.6656
vt 0.000000 0.872699
vt 0.000000 0.745399
vt 1.000000 0.745399
vt 1.000000 0.872699
vt 0.875767 0.246933
vt 0.875767 0.745399
vt 0.751534 0.745399
vt 0.751534 0.246933
vt 0.751534 0.745399
vt 0.253067 0.246933
vt 0.253067 0.745399
vt 0.126534 0.745399
vt 0.253068 0.745399
vt 0.253068 0.000000
vt 0.126534 0.000000
vt 0.751534 0.246933
vt 0.751534 0.123466
vt 0.253067 0.123466
vt 0.000000 1.000000
vt 1.000000 1.000000
s 0
usemtl concrete06_trim
f 2753/3101/1676 2756/3102/1676 2758/3103/1676 2754/3104/1676
f 2754/3105/1677 2763/3106/1677 2755/3107/1677 2753/3108/1677
f 2755/3104/1678 2759/3103/1678 2756/3102/1678 2753/3101/1678
f 2760/3109/1679 2757/3108/1679 2756/3110/1679 2759/3111/1679
f 2757/3108/1680 2764/3105/1680 2758/3106/1680 2756/3107/1680
f 2762/3112/1681 2760/3113/1681 2759/3114/1681 2761/3115/1681
f 2763/3116/1682 2761/3117/1682 2759/3118/1682 2755/3110/1682
f 2764/3109/1683 2762/3111/1683 2761/3110/1683 2758/3116/1683
f 2754/3119/1684 2758/3101/1684 2761/3104/1684 2763/3120/1684
f 2764/3101/1685 2767/3119/1685 2765/3120/1685 2762/3104/1685
f 2762/3117/1686 2765/3116/1686 2766/3110/1686 2760/3118/1686
f 2757/3104/1687 2768/3120/1687 2767/3119/1687 2764/3101/1687
f 2760/3119/1688 2766/3101/1688 2768/3104/1688 2757/3120/1688
o pillars.127
v 17.089561 48.117180 8.794377
v 17.089561 48.117180 7.125625
v 16.385330 42.588081 8.377189
v 17.219376 48.260948 8.960002
v 22.803192 48.242165 8.960002
v 17.219372 48.260948 6.960001
v 16.473366 42.403885 8.460001
v 22.057190 42.385101 8.460001
v 16.473366 42.403885 7.460001
v 22.057190 42.385101 7.460001
v 16.385330 42.588081 7.542812
v 22.803192 48.242165 6.960001
v 22.186996 42.528870 7.542812
v 22.186996 42.528870 8.377189
v 22.891228 48.057968 7.125625
v 22.891228 48.057968 8.794377
vn -0.7422 0.6702 -0.0000
vn -0.9920 0.1263 -0.0000
vn -0.7478 0.0419 0.6626
vn -0.0003 -0.0850 0.9964
vn 0.0034 1.0000 -0.0000
vn -0.0034 -1.0000 -0.0000
vn -0.9023 -0.4312 -0.0000
vn -0.0003 -0.0850 -0.9964
vn -0.7478 0.0419 -0.6626
vn 0.7318 -0.1468 -0.6656
vn 0.7422 -0.6701 -0.0000
vn 0.9022 0.4312 -0.0000
vn 0.7318 -0.1468 0.6656
vt 0.000000 0.872699
vt 0.000000 0.745399
vt 1.000000 0.745399
vt 1.000000 0.872699
vt 0.875767 0.246933
vt 0.875767 0.745399
vt 0.751534 0.745399
vt 0.751534 0.246933
vt 0.751534 0.745399
vt 0.253067 0.246933
vt 0.253067 0.745399
vt 0.126534 0.745399
vt 0.253068 0.745399
vt 0.253068 0.000000
vt 0.126534 0.000000
vt 0.751534 0.246933
vt 0.751534 0.123466
vt 0.253067 0.123466
vt 0.000000 1.000000
vt 1.000000 1.000000
s 0
usemtl concrete06_trim
f 2769/3121/1689 2772/3122/1689 2774/3123/1689 2770/3124/1689
f 2770/3125/1690 2779/3126/1690 2771/3127/1690 2769/3128/1690
f 2771/3124/1691 2775/3123/1691 2772/3122/1691 2769/3121/1691
f 2776/3129/1692 2773/3128/1692 2772/3130/1692 2775/3131/1692
f 2773/3128/1693 2780/3125/1693 2774/3126/1693 2772/3127/1693
f 2778/3132/1694 2776/3133/1694 2775/3134/1694 2777/3135/1694
f 2779/3136/1695 2777/3137/1695 2775/3138/1695 2771/3130/1695
f 2780/3129/1696 2778/3131/1696 2777/3130/1696 2774/3136/1696
f 2770/3139/1697 2774/3121/1697 2777/3124/1697 2779/3140/1697
f 2780/3121/1698 2783/3139/1698 2781/3140/1698 2778/3124/1698
f 2778/3137/1699 2781/3136/1699 2782/3130/1699 2776/3138/1699
f 2773/3124/1700 2784/3140/1700 2783/3139/1700 2780/3121/1700
f 2776/3139/1701 2782/3121/1701 2784/3124/1701 2773/3140/1701
o pillars.128
v -40.924618 48.728951 5.614377
v -40.924618 48.728951 3.945624
v -41.628845 43.199856 5.197188
v -40.794804 48.872723 5.780002
v -35.210987 48.853935 5.780002
v -40.794807 48.872723 3.780001
v -41.540810 43.015659 5.280001
v -35.956989 42.996872 5.280001
v -41.540810 43.015659 4.280001
v -35.956989 42.996872 4.280001
v -41.628845 43.199856 4.362812
v -35.210987 48.853935 3.780001
v -35.827179 43.140644 4.362812
v -35.827179 43.140644 5.197188
v -35.122948 48.669739 3.945624
v -35.122948 48.669739 5.614377
vn -0.7422 0.6702 -0.0000
vn -0.9920 0.1263 -0.0000
vn -0.7478 0.0419 0.6626
vn -0.0003 -0.0850 0.9964
vn 0.0034 1.0000 -0.0000
vn -0.0034 -1.0000 -0.0000
vn -0.9022 -0.4312 -0.0000
vn -0.0003 -0.0850 -0.9964
vn -0.7478 0.0419 -0.6626
vn 0.7318 -0.1468 -0.6656
vn 0.7422 -0.6702 -0.0000
vn 0.9022 0.4312 -0.0000
vn 0.7318 -0.1468 0.6656
vt 0.000000 0.872699
vt 0.000000 0.745399
vt 1.000000 0.745399
vt 1.000000 0.872699
vt 0.875767 0.246933
vt 0.875767 0.745399
vt 0.751534 0.745399
vt 0.751534 0.246933
vt 0.751534 0.745399
vt 0.253067 0.246933
vt 0.253067 0.745399
vt 0.126534 0.745399
vt 0.253068 0.745399
vt 0.253068 0.000000
vt 0.126534 0.000000
vt 0.751534 0.246933
vt 0.751534 0.123466
vt 0.253067 0.123466
vt 0.000000 1.000000
vt 1.000000 1.000000
s 0
usemtl concrete06_trim
f 2785/3141/1702 2788/3142/1702 2790/3143/1702 2786/3144/1702
f 2786/3145/1703 2795/3146/1703 2787/3147/1703 2785/3148/1703
f 2787/3144/1704 2791/3143/1704 2788/3142/1704 2785/3141/1704
f 2792/3149/1705 2789/3148/1705 2788/3150/1705 2791/3151/1705
f 2789/3148/1706 2796/3145/1706 2790/3146/1706 2788/3147/1706
f 2794/3152/1707 2792/3153/1707 2791/3154/1707 2793/3155/1707
f 2795/3156/1708 2793/3157/1708 2791/3158/1708 2787/3150/1708
f 2796/3149/1709 2794/3151/1709 2793/3150/1709 2790/3156/1709
f 2786/3159/1710 2790/3141/1710 2793/3144/1710 2795/3160/1710
f 2796/3141/1711 2799/3159/1711 2797/3160/1711 2794/3144/1711
f 2794/3157/1712 2797/3156/1712 2798/3150/1712 2792/3158/1712
f 2789/3144/1713 2800/3160/1713 2799/3159/1713 2796/3141/1713
f 2792/3159/1714 2798/3141/1714 2800/3144/1714 2789/3160/1714
o pillars.129
v -35.123199 48.667774 5.614377
v -35.123199 48.667774 3.945624
v -35.827431 43.138680 5.197188
v -34.993385 48.811546 5.780002
v -29.409569 48.792759 5.780002
v -34.993389 48.811546 3.780001
v -35.739391 42.954483 5.280001
v -30.155573 42.935696 5.280001
v -35.739391 42.954483 4.280001
v -30.155573 42.935696 4.280001
v -35.827431 43.138680 4.362812
v -29.409569 48.792759 3.780001
v -30.025761 43.079468 4.362812
v -30.025761 43.079468 5.197188
v -29.321531 48.608562 3.945624
v -29.321529 48.608562 5.614377
vn -0.7422 0.6702 -0.0000
vn -0.9920 0.1263 -0.0000
vn -0.7478 0.0419 0.6626
vn -0.0003 -0.0850 0.9964
vn 0.0034 1.0000 -0.0000
vn -0.0034 -1.0000 -0.0000
vn -0.9022 -0.4312 -0.0000
vn -0.0003 -0.0850 -0.9964
vn -0.7478 0.0419 -0.6626
vn 0.7318 -0.1468 -0.6656
vn 0.7422 -0.6702 -0.0000
vn 0.9022 0.4312 -0.0000
vn 0.7318 -0.1468 0.6656
vt 0.000000 0.872699
vt 0.000000 0.745399
vt 1.000000 0.745399
vt 1.000000 0.872699
vt 0.875767 0.246933
vt 0.875767 0.745399
vt 0.751534 0.745399
vt 0.751534 0.246933
vt 0.751534 0.745399
vt 0.253067 0.246933
vt 0.253067 0.745399
vt 0.126534 0.745399
vt 0.253068 0.745399
vt 0.253068 0.000000
vt 0.126534 0.000000
vt 0.751534 0.246933
vt 0.751534 0.123466
vt 0.253067 0.123466
vt 0.000000 1.000000
vt 1.000000 1.000000
s 0
usemtl concrete06_trim
f 2801/3161/1715 2804/3162/1715 2806/3163/1715 2802/3164/1715
f 2802/3165/1716 2811/3166/1716 2803/3167/1716 2801/3168/1716
f 2803/3164/1717 2807/3163/1717 2804/3162/1717 2801/3161/1717
f 2808/3169/1718 2805/3168/1718 2804/3170/1718 2807/3171/1718
f 2805/3168/1719 2812/3165/1719 2806/3166/1719 2804/3167/1719
f 2810/3172/1720 2808/3173/1720 2807/3174/1720 2809/3175/1720
f 2811/3176/1721 2809/3177/1721 2807/3178/1721 2803/3170/1721
f 2812/3169/1722 2810/3171/1722 2809/3170/1722 2806/3176/1722
f 2802/3179/1723 2806/3161/1723 2809/3164/1723 2811/3180/1723
f 2812/3161/1724 2815/3179/1724 2813/3180/1724 2810/3164/1724
f 2810/3177/1725 2813/3176/1725 2814/3170/1725 2808/3178/1725
f 2805/3164/1726 2816/3180/1726 2815/3179/1726 2812/3161/1726
f 2808/3179/1727 2814/3161/1727 2816/3164/1727 2805/3180/1727
o pillars.130
v -29.321781 48.606598 5.614377
v -29.321781 48.606598 3.945624
v -30.026012 43.077499 5.197188
v -29.191971 48.750366 5.780002
v -23.608150 48.731583 5.780002
v -29.191971 48.750366 3.780001
v -29.937973 42.893303 5.280001
v -24.354155 42.874519 5.280001
v -29.937973 42.893303 4.280001
v -24.354155 42.874519 4.280001
v -30.026012 43.077499 4.362812
v -23.608150 48.731583 3.780001
v -24.224346 43.018291 4.362812
v -24.224346 43.018291 5.197188
v -23.520115 48.547386 3.945624
v -23.520113 48.547386 5.614377
vn -0.7422 0.6702 -0.0000
vn -0.9920 0.1263 -0.0000
vn -0.7478 0.0419 0.6626
vn -0.0003 -0.0850 0.9964
vn 0.0034 1.0000 -0.0000
vn -0.0034 -1.0000 -0.0000
vn -0.9022 -0.4312 -0.0000
vn -0.0003 -0.0850 -0.9964
vn -0.7478 0.0419 -0.6626
vn 0.7318 -0.1468 -0.6656
vn 0.7422 -0.6701 -0.0000
vn 0.9022 0.4312 -0.0000
vn 0.7318 -0.1468 0.6656
vt 0.000000 0.872699
vt 0.000000 0.745399
vt 1.000000 0.745399
vt 1.000000 0.872699
vt 0.875767 0.246933
vt 0.875767 0.745399
vt 0.751534 0.745399
vt 0.751534 0.246933
vt 0.751534 0.745399
vt 0.253067 0.246933
vt 0.253067 0.745399
vt 0.126534 0.745399
vt 0.253068 0.745399
vt 0.253068 0.000000
vt 0.126534 0.000000
vt 0.751534 0.246933
vt 0.751534 0.123466
vt 0.253067 0.123466
vt 0.000000 1.000000
vt 1.000000 1.000000
s 0
usemtl concrete06_trim
f 2817/3181/1728 2820/3182/1728 2822/3183/1728 2818/3184/1728
f 2818/3185/1729 2827/3186/1729 2819/3187/1729 2817/3188/1729
f 2819/3184/1730 2823/3183/1730 2820/3182/1730 2817/3181/1730
f 2824/3189/1731 2821/3188/1731 2820/3190/1731 2823/3191/1731
f 2821/3188/1732 2828/3185/1732 2822/3186/1732 2820/3187/1732
f 2826/3192/1733 2824/3193/1733 2823/3194/1733 2825/3195/1733
f 2827/3196/1734 2825/3197/1734 2823/3198/1734 2819/3190/1734
f 2828/3189/1735 2826/3191/1735 2825/3190/1735 2822/3196/1735
f 2818/3199/1736 2822/3181/1736 2825/3184/1736 2827/3200/1736
f 2828/3181/1737 2831/3199/1737 2829/3200/1737 2826/3184/1737
f 2826/3197/1738 2829/3196/1738 2830/3190/1738 2824/3198/1738
f 2821/3184/1739 2832/3200/1739 2831/3199/1739 2828/3181/1739
f 2824/3199/1740 2830/3181/1740 2832/3184/1740 2821/3200/1740
o pillars.131
v -23.520363 48.545418 5.614377
v -23.520363 48.545418 3.945624
v -24.224594 43.016323 5.197188
v -23.390551 48.689190 5.780002
v -17.806732 48.670406 5.780002
v -23.390551 48.689190 3.780001
v -24.136555 42.832127 5.280001
v -18.552736 42.813343 5.280001
v -24.136555 42.832127 4.280001
v -18.552736 42.813343 4.280001
v -24.224594 43.016323 4.362812
v -17.806734 48.670403 3.780001
v -18.422924 42.957111 4.362812
v -18.422924 42.957111 5.197188
v -17.718695 48.486206 3.945624
v -17.718695 48.486206 5.614377
vn -0.7422 0.6702 -0.0000
vn -0.9920 0.1263 -0.0000
vn -0.7478 0.0419 0.6626
vn -0.0003 -0.0850 0.9964
vn 0.0034 1.0000 -0.0000
vn -0.0034 -1.0000 -0.0000
vn -0.9022 -0.4312 -0.0000
vn -0.0003 -0.0850 -0.9964
vn -0.7478 0.0419 -0.6626
vn 0.7318 -0.1468 -0.6656
vn 0.7422 -0.6702 -0.0000
vn 0.9022 0.4312 -0.0000
vn 0.7318 -0.1468 0.6656
vt 0.000000 0.872699
vt 0.000000 0.745399
vt 1.000000 0.745399
vt 1.000000 0.872699
vt 0.875767 0.246933
vt 0.875767 0.745399
vt 0.751534 0.745399
vt 0.751534 0.246933
vt 0.751534 0.745399
vt 0.253067 0.246933
vt 0.253067 0.745399
vt 0.126534 0.745399
vt 0.253068 0.745399
vt 0.253068 0.000000
vt 0.126534 0.000000
vt 0.751534 0.246933
vt 0.751534 0.123466
vt 0.253067 0.123466
vt 0.000000 1.000000
vt 1.000000 1.000000
s 0
usemtl concrete06_trim
f 2833/3201/1741 2836/3202/1741 2838/3203/1741 2834/3204/1741
f 2834/3205/1742 2843/3206/1742 2835/3207/1742 2833/3208/1742
f 2835/3204/1743 2839/3203/1743 2836/3202/1743 2833/3201/1743
f 2840/3209/1744 2837/3208/1744 2836/3210/1744 2839/3211/1744
f 2837/3208/1745 2844/3205/1745 2838/3206/1745 2836/3207/1745
f 2842/3212/1746 2840/3213/1746 2839/3214/1746 2841/3215/1746
f 2843/3216/1747 2841/3217/1747 2839/3218/1747 2835/3210/1747
f 2844/3209/1748 2842/3211/1748 2841/3210/1748 2838/3216/1748
f 2834/3219/1749 2838/3201/1749 2841/3204/1749 2843/3220/1749
f 2844/3201/1750 2847/3219/1750 2845/3220/1750 2842/3204/1750
f 2842/3217/1751 2845/3216/1751 2846/3210/1751 2840/3218/1751
f 2837/3204/1752 2848/3220/1752 2847/3219/1752 2844/3201/1752
f 2840/3219/1753 2846/3201/1753 2848/3204/1753 2837/3220/1753
o pillars.132
v -17.718945 48.484241 5.614377
v -17.718945 48.484241 3.945624
v -18.423176 42.955147 5.197188
v -17.589134 48.628014 5.780002
v -12.005314 48.609230 5.780002
v -17.589134 48.628014 3.780001
v -18.335138 42.770950 5.280001
v -12.751318 42.752163 5.280001
v -18.335138 42.770950 4.280001
v -12.751318 42.752163 4.280001
v -18.423176 42.955147 4.362812
v -12.005314 48.609226 3.780001
v -12.621510 42.895935 4.362812
v -12.621510 42.895935 5.197188
v -11.917278 48.425034 3.945624
v -11.917276 48.425034 5.614377
vn -0.7422 0.6702 -0.0000
vn -0.9920 0.1263 -0.0000
vn -0.7478 0.0419 0.6626
vn -0.0003 -0.0850 0.9964
vn 0.0034 1.0000 -0.0000
vn -0.0034 -1.0000 -0.0000
vn -0.9022 -0.4312 -0.0000
vn -0.0003 -0.0850 -0.9964
vn -0.7478 0.0419 -0.6626
vn 0.7318 -0.1468 -0.6656
vn 0.7422 -0.6701 -0.0000
vn 0.9022 0.4312 -0.0000
vn 0.7318 -0.1468 0.6656
vt 0.000000 0.872699
vt 0.000000 0.745399
vt 1.000000 0.745399
vt 1.000000 0.872699
vt 0.875767 0.246933
vt 0.875767 0.745399
vt 0.751534 0.745399
vt 0.751534 0.246933
vt 0.751534 0.745399
vt 0.253067 0.246933
vt 0.253067 0.745399
vt 0.126534 0.745399
vt 0.253068 0.745399
vt 0.253068 0.000000
vt 0.126534 0.000000
vt 0.751534 0.246933
vt 0.751534 0.123466
vt 0.253067 0.123466
vt 0.000000 1.000000
vt 1.000000 1.000000
s 0
usemtl concrete06_trim
f 2849/3221/1754 2852/3222/1754 2854/3223/1754 2850/3224/1754
f 2850/3225/1755 2859/3226/1755 2851/3227/1755 2849/3228/1755
f 2851/3224/1756 2855/3223/1756 2852/3222/1756 2849/3221/1756
f 2856/3229/1757 2853/3228/1757 2852/3230/1757 2855/3231/1757
f 2853/3228/1758 2860/3225/1758 2854/3226/1758 2852/3227/1758
f 2858/3232/1759 2856/3233/1759 2855/3234/1759 2857/3235/1759
f 2859/3236/1760 2857/3237/1760 2855/3238/1760 2851/3230/1760
f 2860/3229/1761 2858/3231/1761 2857/3230/1761 2854/3236/1761
f 2850/3239/1762 2854/3221/1762 2857/3224/1762 2859/3240/1762
f 2860/3221/1763 2863/3239/1763 2861/3240/1763 2858/3224/1763
f 2858/3237/1764 2861/3236/1764 2862/3230/1764 2856/3238/1764
f 2853/3224/1765 2864/3240/1765 2863/3239/1765 2860/3221/1765
f 2856/3239/1766 2862/3221/1766 2864/3224/1766 2853/3240/1766
o pillars.133
v -11.917528 48.423065 5.614377
v -11.917528 48.423065 3.945624
v -12.621758 42.893970 5.197188
v -11.787716 48.566833 5.780002
v -6.203899 48.548050 5.780002
v -11.787716 48.566833 3.780001
v -12.533718 42.709774 5.280001
v -6.949902 42.690987 5.280001
v -12.533718 42.709774 4.280001
v -6.949902 42.690987 4.280001
v -12.621758 42.893970 4.362812
v -6.203899 48.548050 3.780001
v -6.820091 42.834759 4.362812
v -6.820091 42.834759 5.197188
v -6.115860 48.363853 3.945624
v -6.115860 48.363853 5.614377
vn -0.7422 0.6701 -0.0000
vn -0.9920 0.1263 -0.0000
vn -0.7478 0.0419 0.6626
vn -0.0003 -0.0850 0.9964
vn 0.0034 1.0000 -0.0000
vn -0.0034 -1.0000 -0.0000
vn -0.9022 -0.4312 -0.0000
vn -0.0003 -0.0850 -0.9964
vn -0.7478 0.0419 -0.6626
vn 0.7318 -0.1468 -0.6656
vn 0.7422 -0.6702 -0.0000
vn 0.9022 0.4312 -0.0000
vn 0.7318 -0.1468 0.6656
vt 0.000000 0.872699
vt 0.000000 0.745399
vt 1.000000 0.745399
vt 1.000000 0.872699
vt 0.875767 0.246933
vt 0.875767 0.745399
vt 0.751534 0.745399
vt 0.751534 0.246933
vt 0.751534 0.745399
vt 0.253067 0.246933
vt 0.253067 0.745399
vt 0.126534 0.745399
vt 0.253068 0.745399
vt 0.253068 0.000000
vt 0.126534 0.000000
vt 0.751534 0.246933
vt 0.751534 0.123466
vt 0.253067 0.123466
vt 0.000000 1.000000
vt 1.000000 1.000000
s 0
usemtl concrete06_trim
f 2865/3241/1767 2868/3242/1767 2870/3243/1767 2866/3244/1767
f 2866/3245/1768 2875/3246/1768 2867/3247/1768 2865/3248/1768
f 2867/3244/1769 2871/3243/1769 2868/3242/1769 2865/3241/1769
f 2872/3249/1770 2869/3248/1770 2868/3250/1770 2871/3251/1770
f 2869/3248/1771 2876/3245/1771 2870/3246/1771 2868/3247/1771
f 2874/3252/1772 2872/3253/1772 2871/3254/1772 2873/3255/1772
f 2875/3256/1773 2873/3257/1773 2871/3258/1773 2867/3250/1773
f 2876/3249/1774 2874/3251/1774 2873/3250/1774 2870/3256/1774
f 2866/3259/1775 2870/3241/1775 2873/3244/1775 2875/3260/1775
f 2876/3241/1776 2879/3259/1776 2877/3260/1776 2874/3244/1776
f 2874/3257/1777 2877/3256/1777 2878/3250/1777 2872/3258/1777
f 2869/3244/1778 2880/3260/1778 2879/3259/1778 2876/3241/1778
f 2872/3259/1779 2878/3241/1779 2880/3244/1779 2869/3260/1779
o pillars.134
v -6.116112 48.361889 5.614377
v -6.116112 48.361889 3.945624
v -6.820343 42.832790 5.197188
v -5.986298 48.505657 5.780002
v -0.402477 48.486874 5.780002
v -5.986301 48.505657 3.780001
v -6.732304 42.648598 5.280001
v -1.148479 42.629810 5.280001
v -6.732304 42.648598 4.280001
v -1.148479 42.629810 4.280001
v -6.820343 42.832790 4.362812
v -0.402477 48.486874 3.780001
v -1.018673 42.773579 4.362812
v -1.018673 42.773579 5.197188
v -0.314442 48.302677 3.945624
v -0.314442 48.302677 5.614377
vn -0.7422 0.6702 -0.0000
vn -0.9920 0.1263 -0.0000
vn -0.7478 0.0419 0.6626
vn -0.0003 -0.0850 0.9964
vn 0.0034 1.0000 -0.0000
vn -0.0034 -1.0000 -0.0000
vn -0.9022 -0.4312 -0.0000
vn -0.0003 -0.0850 -0.9964
vn -0.7478 0.0419 -0.6626
vn 0.7318 -0.1468 -0.6656
vn 0.7422 -0.6702 -0.0000
vn 0.9022 0.4312 -0.0000
vn 0.7318 -0.1468 0.6656
vt 0.000000 0.872699
vt 0.000000 0.745399
vt 1.000000 0.745399
vt 1.000000 0.872699
vt 0.875767 0.246933
vt 0.875767 0.745399
vt 0.751534 0.745399
vt 0.751534 0.246933
vt 0.751534 0.745399
vt 0.253067 0.246933
vt 0.253067 0.745399
vt 0.126534 0.745399
vt 0.253068 0.745399
vt 0.253068 0.000000
vt 0.126534 0.000000
vt 0.751534 0.246933
vt 0.751534 0.123466
vt 0.253067 0.123466
vt 0.000000 1.000000
vt 1.000000 1.000000
s 0
usemtl concrete06_trim
f 2881/3261/1780 2884/3262/1780 2886/3263/1780 2882/3264/1780
f 2882/3265/1781 2891/3266/1781 2883/3267/1781 2881/3268/1781
f 2883/3264/1782 2887/3263/1782 2884/3262/1782 2881/3261/1782
f 2888/3269/1783 2885/3268/1783 2884/3270/1783 2887/3271/1783
f 2885/3268/1784 2892/3265/1784 2886/3266/1784 2884/3267/1784
f 2890/3272/1785 2888/3273/1785 2887/3274/1785 2889/3275/1785
f 2891/3276/1786 2889/3277/1786 2887/3278/1786 2883/3270/1786
f 2892/3269/1787 2890/3271/1787 2889/3270/1787 2886/3276/1787
f 2882/3279/1788 2886/3261/1788 2889/3264/1788 2891/3280/1788
f 2892/3261/1789 2895/3279/1789 2893/3280/1789 2890/3264/1789
f 2890/3277/1790 2893/3276/1790 2894/3270/1790 2888/3278/1790
f 2885/3264/1791 2896/3280/1791 2895/3279/1791 2892/3261/1791
f 2888/3279/1792 2894/3261/1792 2896/3264/1792 2885/3280/1792
o pillars.135
v -0.314693 48.300709 5.614377
v -0.314693 48.300709 3.945624
v -1.018925 42.771614 5.197188
v -0.184879 48.444481 5.780002
v 5.398937 48.425697 5.780002
v -0.184883 48.444481 3.780001
v -0.930885 42.587418 5.280001
v 4.652931 42.568634 5.280001
v -0.930885 42.587418 4.280001
v 4.652931 42.568634 4.280001
v -1.018925 42.771614 4.362812
v 5.398937 48.425697 3.780001
v 4.782742 42.712402 4.362812
v 4.782742 42.712402 5.197188
v 5.486973 48.241501 3.945624
v 5.486977 48.241501 5.614377
vn -0.7422 0.6701 -0.0000
vn -0.9920 0.1263 -0.0000
vn -0.7478 0.0419 0.6626
vn -0.0003 -0.0850 0.9964
vn 0.0034 1.0000 -0.0000
vn -0.0034 -1.0000 -0.0000
vn -0.9022 -0.4312 -0.0000
vn -0.0003 -0.0850 -0.9964
vn -0.7478 0.0419 -0.6626
vn 0.7318 -0.1468 -0.6656
vn 0.7422 -0.6701 -0.0000
vn 0.9022 0.4312 -0.0000
vn 0.7318 -0.1468 0.6656
vt 0.000000 0.872699
vt 0.000000 0.745399
vt 1.000000 0.745399
vt 1.000000 0.872699
vt 0.875767 0.246933
vt 0.875767 0.745399
vt 0.751534 0.745399
vt 0.751534 0.246933
vt 0.751534 0.745399
vt 0.253067 0.246933
vt 0.253067 0.745399
vt 0.126534 0.745399
vt 0.253068 0.745399
vt 0.253068 0.000000
vt 0.126534 0.000000
vt 0.751534 0.246933
vt 0.751534 0.123466
vt 0.253067 0.123466
vt 0.000000 1.000000
vt 1.000000 1.000000
s 0
usemtl concrete06_trim
f 2897/3281/1793 2900/3282/1793 2902/3283/1793 2898/3284/1793
f 2898/3285/1794 2907/3286/1794 2899/3287/1794 2897/3288/1794
f 2899/3284/1795 2903/3283/1795 2900/3282/1795 2897/3281/1795
f 2904/3289/1796 2901/3288/1796 2900/3290/1796 2903/3291/1796
f 2901/3288/1797 2908/3285/1797 2902/3286/1797 2900/3287/1797
f 2906/3292/1798 2904/3293/1798 2903/3294/1798 2905/3295/1798
f 2907/3296/1799 2905/3297/1799 2903/3298/1799 2899/3290/1799
f 2908/3289/1800 2906/3291/1800 2905/3290/1800 2902/3296/1800
f 2898/3299/1801 2902/3281/1801 2905/3284/1801 2907/3300/1801
f 2908/3281/1802 2911/3299/1802 2909/3300/1802 2906/3284/1802
f 2906/3297/1803 2909/3296/1803 2910/3290/1803 2904/3298/1803
f 2901/3284/1804 2912/3300/1804 2911/3299/1804 2908/3281/1804
f 2904/3299/1805 2910/3281/1805 2912/3284/1805 2901/3300/1805
o pillars.136
v 5.486729 48.239532 5.614377
v 5.486729 48.239532 3.945624
v 4.782497 42.710438 5.197188
v 5.616539 48.383305 5.780002
v 11.200356 48.364517 5.780002
v 5.616535 48.383305 3.780001
v 4.870533 42.526241 5.280001
v 10.454353 42.507454 5.280001
v 4.870533 42.526241 4.280001
v 10.454353 42.507454 4.280001
v 4.782497 42.710438 4.362812
v 11.200356 48.364517 3.780001
v 10.584164 42.651226 4.362812
v 10.584164 42.651226 5.197188
v 11.288395 48.180321 3.945624
v 11.288399 48.180321 5.614377
vn -0.7422 0.6701 -0.0000
vn -0.9920 0.1263 -0.0000
vn -0.7478 0.0419 0.6626
vn -0.0003 -0.0850 0.9964
vn 0.0034 1.0000 -0.0000
vn -0.0034 -1.0000 -0.0000
vn -0.9022 -0.4312 -0.0000
vn -0.0003 -0.0850 -0.9964
vn -0.7478 0.0419 -0.6626
vn 0.7318 -0.1468 -0.6656
vn 0.7422 -0.6701 -0.0000
vn 0.9022 0.4312 -0.0000
vn 0.7318 -0.1468 0.6656
vt 0.000000 0.872699
vt 0.000000 0.745399
vt 1.000000 0.745399
vt 1.000000 0.872699
vt 0.875767 0.246933
vt 0.875767 0.745399
vt 0.751534 0.745399
vt 0.751534 0.246933
vt 0.751534 0.745399
vt 0.253067 0.246933
vt 0.253067 0.745399
vt 0.126534 0.745399
vt 0.253068 0.745399
vt 0.253068 0.000000
vt 0.126534 0.000000
vt 0.751534 0.246933
vt 0.751534 0.123466
vt 0.253067 0.123466
vt 0.000000 1.000000
vt 1.000000 1.000000
s 0
usemtl concrete06_trim
f 2913/3301/1806 2916/3302/1806 2918/3303/1806 2914/3304/1806
f 2914/3305/1807 2923/3306/1807 2915/3307/1807 2913/3308/1807
f 2915/3304/1808 2919/3303/1808 2916/3302/1808 2913/3301/1808
f 2920/3309/1809 2917/3308/1809 2916/3310/1809 2919/3311/1809
f 2917/3308/1810 2924/3305/1810 2918/3306/1810 2916/3307/1810
f 2922/3312/1811 2920/3313/1811 2919/3314/1811 2921/3315/1811
f 2923/3316/1812 2921/3317/1812 2919/3318/1812 2915/3310/1812
f 2924/3309/1813 2922/3311/1813 2921/3310/1813 2918/3316/1813
f 2914/3319/1814 2918/3301/1814 2921/3304/1814 2923/3320/1814
f 2924/3301/1815 2927/3319/1815 2925/3320/1815 2922/3304/1815
f 2922/3317/1816 2925/3316/1816 2926/3310/1816 2920/3318/1816
f 2917/3304/1817 2928/3320/1817 2927/3319/1817 2924/3301/1817
f 2920/3319/1818 2926/3301/1818 2928/3304/1818 2917/3320/1818
o pillars.137
v 11.288147 48.178356 5.614377
v 11.288147 48.178356 3.945624
v 10.583916 42.649258 5.197188
v 11.417957 48.322124 5.780002
v 17.001778 48.303341 5.780002
v 11.417953 48.322124 3.780001
v 10.671951 42.465065 5.280001
v 16.255775 42.446278 5.280001
v 10.671951 42.465065 4.280001
v 16.255775 42.446278 4.280001
v 10.583916 42.649258 4.362812
v 17.001778 48.303341 3.780001
v 16.385582 42.590050 4.362812
v 16.385582 42.590050 5.197188
v 17.089809 48.119144 3.945624
v 17.089813 48.119144 5.614377
vn -0.7422 0.6701 -0.0000
vn -0.9920 0.1263 -0.0000
vn -0.7478 0.0419 0.6626
vn -0.0003 -0.0850 0.9964
vn 0.0034 1.0000 -0.0000
vn -0.0034 -1.0000 -0.0000
vn -0.9022 -0.4312 -0.0000
vn -0.0003 -0.0850 -0.9964
vn -0.7478 0.0419 -0.6626
vn 0.7318 -0.1468 -0.6656
vn 0.7422 -0.6701 -0.0000
vn 0.9022 0.4312 -0.0000
vn 0.7318 -0.1468 0.6656
vt 0.000000 0.872699
vt 0.000000 0.745399
vt 1.000000 0.745399
vt 1.000000 0.872699
vt 0.875767 0.246933
vt 0.875767 0.745399
vt 0.751534 0.745399
vt 0.751534 0.246933
vt 0.751534 0.745399
vt 0.253067 0.246933
vt 0.253067 0.745399
vt 0.126534 0.745399
vt 0.253068 0.745399
vt 0.253068 0.000000
vt 0.126534 0.000000
vt 0.751534 0.246933
vt 0.751534 0.123466
vt 0.253067 0.123466
vt 0.000000 1.000000
vt 1.000000 1.000000
s 0
usemtl concrete06_trim
f 2929/3321/1819 2932/3322/1819 2934/3323/1819 2930/3324/1819
f 2930/3325/1820 2939/3326/1820 2931/3327/1820 2929/3328/1820
f 2931/3324/1821 2935/3323/1821 2932/3322/1821 2929/3321/1821
f 2936/3329/1822 2933/3328/1822 2932/3330/1822 2935/3331/1822
f 2933/3328/1823 2940/3325/1823 2934/3326/1823 2932/3327/1823
f 2938/3332/1824 2936/3333/1824 2935/3334/1824 2937/3335/1824
f 2939/3336/1825 2937/3337/1825 2935/3338/1825 2931/3330/1825
f 2940/3329/1826 2938/3331/1826 2937/3330/1826 2934/3336/1826
f 2930/3339/1827 2934/3321/1827 2937/3324/1827 2939/3340/1827
f 2940/3321/1828 2943/3339/1828 2941/3340/1828 2938/3324/1828
f 2938/3337/1829 2941/3336/1829 2942/3330/1829 2936/3338/1829
f 2933/3324/1830 2944/3340/1830 2943/3339/1830 2940/3321/1830
f 2936/3339/1831 2942/3321/1831 2944/3324/1831 2933/3340/1831
o pillars.138
v 17.089561 48.117180 5.614377
v 17.089561 48.117180 3.945624
v 16.385330 42.588081 5.197188
v 17.219376 48.260948 5.780002
v 22.803192 48.242165 5.780002
v 17.219372 48.260948 3.780001
v 16.473366 42.403885 5.280001
v 22.057190 42.385101 5.280001
v 16.473366 42.403885 4.280001
v 22.057190 42.385101 4.280001
v 16.385330 42.588081 4.362812
v 22.803192 48.242165 3.780001
v 22.186996 42.528870 4.362812
v 22.186996 42.528870 5.197188
v 22.891228 48.057968 3.945624
v 22.891228 48.057968 5.614377
vn -0.7422 0.6702 -0.0000
vn -0.9920 0.1263 -0.0000
vn -0.7478 0.0419 0.6626
vn -0.0003 -0.0850 0.9964
vn 0.0034 1.0000 -0.0000
vn -0.0034 -1.0000 -0.0000
vn -0.9023 -0.4312 -0.0000
vn -0.0003 -0.0850 -0.9964
vn -0.7478 0.0419 -0.6626
vn 0.7318 -0.1468 -0.6656
vn 0.7422 -0.6701 -0.0000
vn 0.9022 0.4312 -0.0000
vn 0.7318 -0.1468 0.6656
vt 0.000000 0.872699
vt 0.000000 0.745399
vt 1.000000 0.745399
vt 1.000000 0.872699
vt 0.875767 0.246933
vt 0.875767 0.745399
vt 0.751534 0.745399
vt 0.751534 0.246933
vt 0.751534 0.745399
vt 0.253067 0.246933
vt 0.253067 0.745399
vt 0.126534 0.745399
vt 0.253068 0.745399
vt 0.253068 0.000000
vt 0.126534 0.000000
vt 0.751534 0.246933
vt 0.751534 0.123466
vt 0.253067 0.123466
vt 0.000000 1.000000
vt 1.000000 1.000000
s 0
usemtl concrete06_trim
f 2945/3341/1832 2948/3342/1832 2950/3343/1832 2946/3344/1832
f 2946/3345/1833 2955/3346/1833 2947/3347/1833 2945/3348/1833
f 2947/3344/1834 2951/3343/1834 2948/3342/1834 2945/3341/1834
f 2952/3349/1835 2949/3348/1835 2948/3350/1835 2951/3351/1835
f 2949/3348/1836 2956/3345/1836 2950/3346/1836 2948/3347/1836
f 2954/3352/1837 2952/3353/1837 2951/3354/1837 2953/3355/1837
f 2955/3356/1838 2953/3357/1838 2951/3358/1838 2947/3350/1838
f 2956/3349/1839 2954/3351/1839 2953/3350/1839 2950/3356/1839
f 2946/3359/1840 2950/3341/1840 2953/3344/1840 2955/3360/1840
f 2956/3341/1841 2959/3359/1841 2957/3360/1841 2954/3344/1841
f 2954/3357/1842 2957/3356/1842 2958/3350/1842 2952/3358/1842
f 2949/3344/1843 2960/3360/1843 2959/3359/1843 2956/3341/1843
f 2952/3359/1844 2958/3341/1844 2960/3344/1844 2949/3360/1844
o pillars.139
v -40.924618 48.728951 2.434377
v -40.924618 48.728951 0.765625
v -41.628845 43.199856 2.017188
v -40.794804 48.872723 2.600001
v -35.210987 48.853935 2.600001
v -40.794807 48.872723 0.600000
v -41.540810 43.015659 2.100000
v -35.956989 42.996872 2.100000
v -41.540810 43.015659 1.100000
v -35.956989 42.996872 1.100000
v -41.628845 43.199856 1.182812
v -35.210987 48.853935 0.600000
v -35.827179 43.140644 1.182812
v -35.827179 43.140644 2.017188
v -35.122948 48.669739 0.765625
v -35.122948 48.669739 2.434377
vn -0.7422 0.6702 -0.0000
vn -0.9920 0.1263 -0.0000
vn -0.7478 0.0419 0.6626
vn -0.0003 -0.0850 0.9964
vn 0.0034 1.0000 -0.0000
vn -0.0034 -1.0000 -0.0000
vn -0.9022 -0.4312 -0.0000
vn -0.0003 -0.0850 -0.9964
vn -0.7478 0.0419 -0.6626
vn 0.7318 -0.1468 -0.6656
vn 0.7422 -0.6702 -0.0000
vn 0.9022 0.4312 -0.0000
vn 0.7318 -0.1468 0.6656
vt 0.000000 0.872699
vt 0.000000 0.745399
vt 1.000000 0.745399
vt 1.000000 0.872699
vt 0.875767 0.246933
vt 0.875767 0.745399
vt 0.751534 0.745399
vt 0.751534 0.246933
vt 0.751534 0.745399
vt 0.253067 0.246933
vt 0.253067 0.745399
vt 0.126534 0.745399
vt 0.253068 0.745399
vt 0.253068 0.000000
vt 0.126534 0.000000
vt 0.751534 0.246933
vt 0.751534 0.123466
vt 0.253067 0.123466
vt 0.000000 1.000000
vt 1.000000 1.000000
s 0
usemtl concrete06_trim
f 2961/3361/1845 2964/3362/1845 2966/3363/1845 2962/3364/1845
f 2962/3365/1846 2971/3366/1846 2963/3367/1846 2961/3368/1846
f 2963/3364/1847 2967/3363/1847 2964/3362/1847 2961/3361/1847
f 2968/3369/1848 2965/3368/1848 2964/3370/1848 2967/3371/1848
f 2965/3368/1849 2972/3365/1849 2966/3366/1849 2964/3367/1849
f 2970/3372/1850 2968/3373/1850 2967/3374/1850 2969/3375/1850
f 2971/3376/1851 2969/3377/1851 2967/3378/1851 2963/3370/1851
f 2972/3369/1852 2970/3371/1852 2969/3370/1852 2966/3376/1852
f 2962/3379/1853 2966/3361/1853 2969/3364/1853 2971/3380/1853
f 2972/3361/1854 2975/3379/1854 2973/3380/1854 2970/3364/1854
f 2970/3377/1855 2973/3376/1855 2974/3370/1855 2968/3378/1855
f 2965/3364/1856 2976/3380/1856 2975/3379/1856 2972/3361/1856
f 2968/3379/1857 2974/3361/1857 2976/3364/1857 2965/3380/1857
o pillars.140
v -35.123199 48.667774 2.434377
v -35.123199 48.667774 0.765625
v -35.827431 43.138680 2.017188
v -34.993385 48.811546 2.600001
v -29.409569 48.792759 2.600001
v -34.993389 48.811546 0.600000
v -35.739391 42.954483 2.100000
v -30.155573 42.935696 2.100000
v -35.739391 42.954483 1.100000
v -30.155573 42.935696 1.100000
v -35.827431 43.138680 1.182812
v -29.409569 48.792759 0.600000
v -30.025761 43.079468 1.182812
v -30.025761 43.079468 2.017188
v -29.321531 48.608562 0.765625
v -29.321529 48.608562 2.434377
vn -0.7422 0.6702 -0.0000
vn -0.9920 0.1263 -0.0000
vn -0.7478 0.0419 0.6626
vn -0.0003 -0.0850 0.9964
vn 0.0034 1.0000 -0.0000
vn -0.0034 -1.0000 -0.0000
vn -0.9022 -0.4312 -0.0000
vn -0.0003 -0.0850 -0.9964
vn -0.7478 0.0419 -0.6626
vn 0.7318 -0.1468 -0.6656
vn 0.7422 -0.6702 -0.0000
vn 0.9022 0.4312 -0.0000
vn 0.7318 -0.1468 0.6656
vt 0.000000 0.872699
vt 0.000000 0.745399
vt 1.000000 0.745399
vt 1.000000 0.872699
vt 0.875767 0.246933
vt 0.875767 0.745399
vt 0.751534 0.745399
vt 0.751534 0.246933
vt 0.751534 0.745399
vt 0.253067 0.246933
vt 0.253067 0.745399
vt 0.126534 0.745399
vt 0.253068 0.745399
vt 0.253068 0.000000
vt 0.126534 0.000000
vt 0.751534 0.246933
vt 0.751534 0.123466
vt 0.253067 0.123466
vt 0.000000 1.000000
vt 1.000000 1.000000
s 0
usemtl concrete06_trim
f 2977/3381/1858 2980/3382/1858 2982/3383/1858 2978/3384/1858
f 2978/3385/1859 2987/3386/1859 2979/3387/1859 2977/3388/1859
f 2979/3384/1860 2983/3383/1860 2980/3382/1860 2977/3381/1860
f 2984/3389/1861 2981/3388/1861 2980/3390/1861 2983/3391/1861
f 2981/3388/1862 2988/3385/1862 2982/3386/1862 2980/3387/1862
f 2986/3392/1863 2984/3393/1863 2983/3394/1863 2985/3395/1863
f 2987/3396/1864 2985/3397/1864 2983/3398/1864 2979/3390/1864
f 2988/3389/1865 2986/3391/1865 2985/3390/1865 2982/3396/1865
f 2978/3399/1866 2982/3381/1866 2985/3384/1866 2987/3400/1866
f 2988/3381/1867 2991/3399/1867 2989/3400/1867 2986/3384/1867
f 2986/3397/1868 2989/3396/1868 2990/3390/1868 2984/3398/1868
f 2981/3384/1869 2992/3400/1869 2991/3399/1869 2988/3381/1869
f 2984/3399/1870 2990/3381/1870 2992/3384/1870 2981/3400/1870
o pillars.141
v -29.321781 48.606598 2.434377
v -29.321781 48.606598 0.765625
v -30.026012 43.077499 2.017188
v -29.191971 48.750366 2.600001
v -23.608150 48.731583 2.600001
v -29.191971 48.750366 0.600000
v -29.937973 42.893303 2.100000
v -24.354155 42.874519 2.100000
v -29.937973 42.893303 1.100000
v -24.354155 42.874519 1.100000
v -30.026012 43.077499 1.182812
v -23.608150 48.731583 0.600000
v -24.224346 43.018291 1.182812
v -24.224346 43.018291 2.017188
v -23.520115 48.547386 0.765625
v -23.520113 48.547386 2.434377
vn -0.7422 0.6702 -0.0000
vn -0.9920 0.1263 -0.0000
vn -0.7478 0.0419 0.6626
vn -0.0003 -0.0850 0.9964
vn 0.0034 1.0000 -0.0000
vn -0.0034 -1.0000 -0.0000
vn -0.9022 -0.4312 -0.0000
vn -0.0003 -0.0850 -0.9964
vn -0.7478 0.0419 -0.6626
vn 0.7318 -0.1468 -0.6656
vn 0.7422 -0.6701 -0.0000
vn 0.9022 0.4312 -0.0000
vn 0.7318 -0.1468 0.6656
vt 0.000000 0.872699
vt 0.000000 0.745399
vt 1.000000 0.745399
vt 1.000000 0.872699
vt 0.875767 0.246933
vt 0.875767 0.745399
vt 0.751534 0.745399
vt 0.751534 0.246933
vt 0.751534 0.745399
vt 0.253067 0.246933
vt 0.253067 0.745399
vt 0.126534 0.745399
vt 0.253068 0.745399
vt 0.253068 0.000000
vt 0.126534 0.000000
vt 0.751534 0.246933
vt 0.751534 0.123466
vt 0.253067 0.123466
vt 0.000000 1.000000
vt 1.000000 1.000000
s 0
usemtl concrete06_trim
f 2993/3401/1871 2996/3402/1871 2998/3403/1871 2994/3404/1871
f 2994/3405/1872 3003/3406/1872 2995/3407/1872 2993/3408/1872
f 2995/3404/1873 2999/3403/1873 2996/3402/1873 2993/3401/1873
f 3000/3409/1874 2997/3408/1874 2996/3410/1874 2999/3411/1874
f 2997/3408/1875 3004/3405/1875 2998/3406/1875 2996/3407/1875
f 3002/3412/1876 3000/3413/1876 2999/3414/1876 3001/3415/1876
f 3003/3416/1877 3001/3417/1877 2999/3418/1877 2995/3410/1877
f 3004/3409/1878 3002/3411/1878 3001/3410/1878 2998/3416/1878
f 2994/3419/1879 2998/3401/1879 3001/3404/1879 3003/3420/1879
f 3004/3401/1880 3007/3419/1880 3005/3420/1880 3002/3404/1880
f 3002/3417/1881 3005/3416/1881 3006/3410/1881 3000/3418/1881
f 2997/3404/1882 3008/3420/1882 3007/3419/1882 3004/3401/1882
f 3000/3419/1883 3006/3401/1883 3008/3404/1883 2997/3420/1883
o pillars.142
v -23.520363 48.545418 2.434377
v -23.520363 48.545418 0.765625
v -24.224594 43.016323 2.017188
v -23.390551 48.689190 2.600001
v -17.806732 48.670406 2.600001
v -23.390551 48.689190 0.600000
v -24.136555 42.832127 2.100000
v -18.552736 42.813343 2.100000
v -24.136555 42.832127 1.100000
v -18.552736 42.813343 1.100000
v -24.224594 43.016323 1.182812
v -17.806734 48.670403 0.600000
v -18.422924 42.957111 1.182812
v -18.422924 42.957111 2.017188
v -17.718695 48.486206 0.765625
v -17.718695 48.486206 2.434377
vn -0.7422 0.6701 -0.0000
vn -0.9920 0.1263 -0.0000
vn -0.7478 0.0419 0.6626
vn -0.0003 -0.0850 0.9964
vn 0.0034 1.0000 -0.0000
vn -0.0034 -1.0000 -0.0000
vn -0.9022 -0.4312 -0.0000
vn -0.0003 -0.0850 -0.9964
vn -0.7478 0.0419 -0.6626
vn 0.7318 -0.1468 -0.6656
vn 0.7422 -0.6702 -0.0000
vn 0.9022 0.4312 -0.0000
vn 0.7318 -0.1468 0.6656
vt 0.000000 0.872699
vt 0.000000 0.745399
vt 1.000000 0.745399
vt 1.000000 0.872699
vt 0.875767 0.246933
vt 0.875767 0.745399
vt 0.751534 0.745399
vt 0.751534 0.246933
vt 0.751534 0.745399
vt 0.253067 0.246933
vt 0.253067 0.745399
vt 0.126534 0.745399
vt 0.253068 0.745399
vt 0.253068 0.000000
vt 0.126534 0.000000
vt 0.751534 0.246933
vt 0.751534 0.123466
vt 0.253067 0.123466
vt 0.000000 1.000000
vt 1.000000 1.000000
s 0
usemtl concrete06_trim
f 3009/3421/1884 3012/3422/1884 3014/3423/1884 3010/3424/1884
f 3010/3425/1885 3019/3426/1885 3011/3427/1885 3009/3428/1885
f 3011/3424/1886 3015/3423/1886 3012/3422/1886 3009/3421/1886
f 3016/3429/1887 3013/3428/1887 3012/3430/1887 3015/3431/1887
f 3013/3428/1888 3020/3425/1888 3014/3426/1888 3012/3427/1888
f 3018/3432/1889 3016/3433/1889 3015/3434/1889 3017/3435/1889
f 3019/3436/1890 3017/3437/1890 3015/3438/1890 3011/3430/1890
f 3020/3429/1891 3018/3431/1891 3017/3430/1891 3014/3436/1891
f 3010/3439/1892 3014/3421/1892 3017/3424/1892 3019/3440/1892
f 3020/3421/1893 3023/3439/1893 3021/3440/1893 3018/3424/1893
f 3018/3437/1894 3021/3436/1894 3022/3430/1894 3016/3438/1894
f 3013/3424/1895 3024/3440/1895 3023/3439/1895 3020/3421/1895
f 3016/3439/1896 3022/3421/1896 3024/3424/1896 3013/3440/1896
o pillars.143
v -17.718945 48.484241 2.434377
v -17.718945 48.484241 0.765625
v -18.423176 42.955147 2.017188
v -17.589134 48.628014 2.600001
v -12.005314 48.609230 2.600001
v -17.589134 48.628014 0.600000
v -18.335138 42.770950 2.100000
v -12.751318 42.752163 2.100000
v -18.335138 42.770950 1.100000
v -12.751318 42.752163 1.100000
v -18.423176 42.955147 1.182812
v -12.005314 48.609226 0.600000
v -12.621510 42.895935 1.182812
v -12.621510 42.895935 2.017188
v -11.917278 48.425034 0.765625
v -11.917276 48.425034 2.434377
vn -0.7422 0.6702 -0.0000
vn -0.9920 0.1263 -0.0000
vn -0.7478 0.0419 0.6626
vn -0.0003 -0.0850 0.9964
vn 0.0034 1.0000 -0.0000
vn -0.0034 -1.0000 -0.0000
vn -0.9022 -0.4312 -0.0000
vn -0.0003 -0.0850 -0.9964
vn -0.7478 0.0419 -0.6626
vn 0.7318 -0.1468 -0.6656
vn 0.7422 -0.6702 -0.0000
vn 0.9022 0.4312 -0.0000
vn 0.7318 -0.1468 0.6656
vt 0.000000 0.872699
vt 0.000000 0.745399
vt 1.000000 0.745399
vt 1.000000 0.872699
vt 0.875767 0.246933
vt 0.875767 0.745399
vt 0.751534 0.745399
vt 0.751534 0.246933
vt 0.751534 0.745399
vt 0.253067 0.246933
vt 0.253067 0.745399
vt 0.126534 0.745399
vt 0.253068 0.745399
vt 0.253068 0.000000
vt 0.126534 0.000000
vt 0.751534 0.246933
vt 0.751534 0.123466
vt 0.253067 0.123466
vt 0.000000 1.000000
vt 1.000000 1.000000
s 0
usemtl concrete06_trim
f 3025/3441/1897 3028/3442/1897 3030/3443/1897 3026/3444/1897
f 3026/3445/1898 3035/3446/1898 3027/3447/1898 3025/3448/1898
f 3027/3444/1899 3031/3443/1899 3028/3442/1899 3025/3441/1899
f 3032/3449/1900 3029/3448/1900 3028/3450/1900 3031/3451/1900
f 3029/3448/1901 3036/3445/1901 3030/3446/1901 3028/3447/1901
f 3034/3452/1902 3032/3453/1902 3031/3454/1902 3033/3455/1902
f 3035/3456/1903 3033/3457/1903 3031/3458/1903 3027/3450/1903
f 3036/3449/1904 3034/3451/1904 3033/3450/1904 3030/3456/1904
f 3026/3459/1905 3030/3441/1905 3033/3444/1905 3035/3460/1905
f 3036/3441/1906 3039/3459/1906 3037/3460/1906 3034/3444/1906
f 3034/3457/1907 3037/3456/1907 3038/3450/1907 3032/3458/1907
f 3029/3444/1908 3040/3460/1908 3039/3459/1908 3036/3441/1908
f 3032/3459/1909 3038/3441/1909 3040/3444/1909 3029/3460/1909
o pillars.144
v -11.917528 48.423065 2.434377
v -11.917528 48.423065 0.765625
v -12.621758 42.893970 2.017188
v -11.787716 48.566833 2.600001
v -6.203899 48.548050 2.600001
v -11.787716 48.566833 0.600000
v -12.533718 42.709774 2.100000
v -6.949902 42.690987 2.100000
v -12.533718 42.709774 1.100000
v -6.949902 42.690987 1.100000
v -12.621758 42.893970 1.182812
v -6.203899 48.548050 0.600000
v -6.820091 42.834759 1.182812
v -6.820091 42.834759 2.017188
v -6.115860 48.363853 0.765625
v -6.115860 48.363853 2.434377
vn -0.7422 0.6702 -0.0000
vn -0.9920 0.1263 -0.0000
vn -0.7478 0.0419 0.6626
vn -0.0003 -0.0850 0.9964
vn 0.0034 1.0000 -0.0000
vn -0.0034 -1.0000 -0.0000
vn -0.9022 -0.4312 -0.0000
vn -0.0003 -0.0850 -0.9964
vn -0.7478 0.0419 -0.6626
vn 0.7318 -0.1468 -0.6656
vn 0.7422 -0.6702 -0.0000
vn 0.9022 0.4313 -0.0000
vn 0.7318 -0.1468 0.6656
vt 0.000000 0.872699
vt 0.000000 0.745399
vt 1.000000 0.745399
vt 1.000000 0.872699
vt 0.875767 0.246933
vt 0.875767 0.745399
vt 0.751534 0.745399
vt 0.751534 0.246933
vt 0.751534 0.745399
vt 0.253067 0.246933
vt 0.253067 0.745399
vt 0.126534 0.745399
vt 0.253068 0.745399
vt 0.253068 0.000000
vt 0.126534 0.000000
vt 0.751534 0.246933
vt 0.751534 0.123466
vt 0.253067 0.123466
vt 0.000000 1.000000
vt 1.000000 1.000000
s 0
usemtl concrete06_trim
f 3041/3461/1910 3044/3462/1910 3046/3463/1910 3042/3464/1910
f 3042/3465/1911 3051/3466/1911 3043/3467/1911 3041/3468/1911
f 3043/3464/1912 3047/3463/1912 3044/3462/1912 3041/3461/1912
f 3048/3469/1913 3045/3468/1913 3044/3470/1913 3047/3471/1913
f 3045/3468/1914 3052/3465/1914 3046/3466/1914 3044/3467/1914
f 3050/3472/1915 3048/3473/1915 3047/3474/1915 3049/3475/1915
f 3051/3476/1916 3049/3477/1916 3047/3478/1916 3043/3470/1916
f 3052/3469/1917 3050/3471/1917 3049/3470/1917 3046/3476/1917
f 3042/3479/1918 3046/3461/1918 3049/3464/1918 3051/3480/1918
f 3052/3461/1919 3055/3479/1919 3053/3480/1919 3050/3464/1919
f 3050/3477/1920 3053/3476/1920 3054/3470/1920 3048/3478/1920
f 3045/3464/1921 3056/3480/1921 3055/3479/1921 3052/3461/1921
f 3048/3479/1922 3054/3461/1922 3056/3464/1922 3045/3480/1922
o pillars.145
v -6.116112 48.361889 2.434377
v -6.116112 48.361889 0.765625
v -6.820343 42.832790 2.017188
v -5.986298 48.505657 2.600001
v -0.402477 48.486874 2.600001
v -5.986301 48.505657 0.600000
v -6.732304 42.648598 2.100000
v -1.148479 42.629810 2.100000
v -6.732304 42.648598 1.100000
v -1.148479 42.629810 1.100000
v -6.820343 42.832790 1.182812
v -0.402477 48.486874 0.600000
v -1.018673 42.773579 1.182812
v -1.018673 42.773579 2.017188
v -0.314442 48.302677 0.765625
v -0.314442 48.302677 2.434377
vn -0.7422 0.6702 -0.0000
vn -0.9920 0.1263 -0.0000
vn -0.7478 0.0419 0.6626
vn -0.0003 -0.0850 0.9964
vn 0.0034 1.0000 -0.0000
vn -0.0034 -1.0000 -0.0000
vn -0.9022 -0.4312 -0.0000
vn -0.0003 -0.0850 -0.9964
vn -0.7478 0.0419 -0.6626
vn 0.7318 -0.1468 -0.6656
vn 0.7422 -0.6702 -0.0000
vn 0.9022 0.4312 -0.0000
vn 0.7318 -0.1468 0.6656
vt 0.000000 0.872699
vt 0.000000 0.745399
vt 1.000000 0.745399
vt 1.000000 0.872699
vt 0.875767 0.246933
vt 0.875767 0.745399
vt 0.751534 0.745399
vt 0.751534 0.246933
vt 0.751534 0.745399
vt 0.253067 0.246933
vt 0.253067 0.745399
vt 0.126534 0.745399
vt 0.253068 0.745399
vt 0.253068 0.000000
vt 0.126534 0.000000
vt 0.751534 0.246933
vt 0.751534 0.123466
vt 0.253067 0.123466
vt 0.000000 1.000000
vt 1.000000 1.000000
s 0
usemtl concrete06_trim
f 3057/3481/1923 3060/3482/1923 3062/3483/1923 3058/3484/1923
f 3058/3485/1924 3067/3486/1924 3059/3487/1924 3057/3488/1924
f 3059/3484/1925 3063/3483/1925 3060/3482/1925 3057/3481/1925
f 3064/3489/1926 3061/3488/1926 3060/3490/1926 3063/3491/1926
f 3061/3488/1927 3068/3485/1927 3062/3486/1927 3060/3487/1927
f 3066/3492/1928 3064/3493/1928 3063/3494/1928 3065/3495/1928
f 3067/3496/1929 3065/3497/1929 3063/3498/1929 3059/3490/1929
f 3068/3489/1930 3066/3491/1930 3065/3490/1930 3062/3496/1930
f 3058/3499/1931 3062/3481/1931 3065/3484/1931 3067/3500/1931
f 3068/3481/1932 3071/3499/1932 3069/3500/1932 3066/3484/1932
f 3066/3497/1933 3069/3496/1933 3070/3490/1933 3064/3498/1933
f 3061/3484/1934 3072/3500/1934 3071/3499/1934 3068/3481/1934
f 3064/3499/1935 3070/3481/1935 3072/3484/1935 3061/3500/1935
o pillars.146
v -0.314693 48.300709 2.434377
v -0.314693 48.300709 0.765625
v -1.018925 42.771614 2.017188
v -0.184879 48.444481 2.600001
v 5.398937 48.425697 2.600001
v -0.184883 48.444481 0.600000
v -0.930885 42.587418 2.100000
v 4.652931 42.568634 2.100000
v -0.930885 42.587418 1.100000
v 4.652931 42.568634 1.100000
v -1.018925 42.771614 1.182812
v 5.398937 48.425697 0.600000
v 4.782742 42.712402 1.182812
v 4.782742 42.712402 2.017188
v 5.486973 48.241501 0.765625
v 5.486977 48.241501 2.434377
vn -0.7422 0.6701 -0.0000
vn -0.9920 0.1263 -0.0000
vn -0.7478 0.0419 0.6626
vn -0.0003 -0.0850 0.9964
vn 0.0034 1.0000 -0.0000
vn -0.0034 -1.0000 -0.0000
vn -0.9022 -0.4312 -0.0000
vn -0.0003 -0.0850 -0.9964
vn -0.7478 0.0419 -0.6626
vn 0.7318 -0.1468 -0.6656
vn 0.7422 -0.6701 -0.0000
vn 0.9022 0.4312 -0.0000
vn 0.7318 -0.1468 0.6656
vt 0.000000 0.872699
vt 0.000000 0.745399
vt 1.000000 0.745399
vt 1.000000 0.872699
vt 0.875767 0.246933
vt 0.875767 0.745399
vt 0.751534 0.745399
vt 0.751534 0.246933
vt 0.751534 0.745399
vt 0.253067 0.246933
vt 0.253067 0.745399
vt 0.126534 0.745399
vt 0.253068 0.745399
vt 0.253068 0.000000
vt 0.126534 0.000000
vt 0.751534 0.246933
vt 0.751534 0.123466
vt 0.253067 0.123466
vt 0.000000 1.000000
vt 1.000000 1.000000
s 0
usemtl concrete06_trim
f 3073/3501/1936 3076/3502/1936 3078/3503/1936 3074/3504/1936
f 3074/3505/1937 3083/3506/1937 3075/3507/1937 3073/3508/1937
f 3075/3504/1938 3079/3503/1938 3076/3502/1938 3073/3501/1938
f 3080/3509/1939 3077/3508/1939 3076/3510/1939 3079/3511/1939
f 3077/3508/1940 3084/3505/1940 3078/3506/1940 3076/3507/1940
f 3082/3512/1941 3080/3513/1941 3079/3514/1941 3081/3515/1941
f 3083/3516/1942 3081/3517/1942 3079/3518/1942 3075/3510/1942
f 3084/3509/1943 3082/3511/1943 3081/3510/1943 3078/3516/1943
f 3074/3519/1944 3078/3501/1944 3081/3504/1944 3083/3520/1944
f 3084/3501/1945 3087/3519/1945 3085/3520/1945 3082/3504/1945
f 3082/3517/1946 3085/3516/1946 3086/3510/1946 3080/3518/1946
f 3077/3504/1947 3088/3520/1947 3087/3519/1947 3084/3501/1947
f 3080/3519/1948 3086/3501/1948 3088/3504/1948 3077/3520/1948
o pillars.147
v 5.486729 48.239532 2.434377
v 5.486729 48.239532 0.765625
v 4.782497 42.710438 2.017188
v 5.616539 48.383305 2.600001
v 11.200356 48.364517 2.600001
v 5.616535 48.383305 0.600000
v 4.870533 42.526241 2.100000
v 10.454353 42.507454 2.100000
v 4.870533 42.526241 1.100000
v 10.454353 42.507454 1.100000
v 4.782497 42.710438 1.182812
v 11.200356 48.364517 0.600000
v 10.584164 42.651226 1.182812
v 10.584164 42.651226 2.017188
v 11.288395 48.180321 0.765625
v 11.288399 48.180321 2.434377
vn -0.7422 0.6701 -0.0000
vn -0.9920 0.1263 -0.0000
vn -0.7478 0.0419 0.6626
vn -0.0003 -0.0850 0.9964
vn 0.0034 1.0000 -0.0000
vn -0.0034 -1.0000 -0.0000
vn -0.9022 -0.4312 -0.0000
vn -0.0003 -0.0850 -0.9964
vn -0.7478 0.0419 -0.6626
vn 0.7318 -0.1468 -0.6656
vn 0.7422 -0.6701 -0.0000
vn 0.9022 0.4313 -0.0000
vn 0.7318 -0.1468 0.6656
vt 0.000000 0.872699
vt 0.000000 0.745399
vt 1.000000 0.745399
vt 1.000000 0.872699
vt 0.875767 0.246933
vt 0.875767 0.745399
vt 0.751534 0.745399
vt 0.751534 0.246933
vt 0.751534 0.745399
vt 0.253067 0.246933
vt 0.253067 0.745399
vt 0.126534 0.745399
vt 0.253068 0.745399
vt 0.253068 0.000000
vt 0.126534 0.000000
vt 0.751534 0.246933
vt 0.751534 0.123466
vt 0.253067 0.123466
vt 0.000000 1.000000
vt 1.000000 1.000000
s 0
usemtl concrete06_trim
f 3089/3521/1949 3092/3522/1949 3094/3523/1949 3090/3524/1949
f 3090/3525/1950 3099/3526/1950 3091/3527/1950 3089/3528/1950
f 3091/3524/1951 3095/3523/1951 3092/3522/1951 3089/3521/1951
f 3096/3529/1952 3093/3528/1952 3092/3530/1952 3095/3531/1952
f 3093/3528/1953 3100/3525/1953 3094/3526/1953 3092/3527/1953
f 3098/3532/1954 3096/3533/1954 3095/3534/1954 3097/3535/1954
f 3099/3536/1955 3097/3537/1955 3095/3538/1955 3091/3530/1955
f 3100/3529/1956 3098/3531/1956 3097/3530/1956 3094/3536/1956
f 3090/3539/1957 3094/3521/1957 3097/3524/1957 3099/3540/1957
f 3100/3521/1958 3103/3539/1958 3101/3540/1958 3098/3524/1958
f 3098/3537/1959 3101/3536/1959 3102/3530/1959 3096/3538/1959
f 3093/3524/1960 3104/3540/1960 3103/3539/1960 3100/3521/1960
f 3096/3539/1961 3102/3521/1961 3104/3524/1961 3093/3540/1961
o pillars.148
v 11.288147 48.178356 2.434377
v 11.288147 48.178356 0.765625
v 10.583916 42.649258 2.017188
v 11.417957 48.322124 2.600001
v 17.001778 48.303341 2.600001
v 11.417953 48.322124 0.600000
v 10.671951 42.465065 2.100000
v 16.255775 42.446278 2.100000
v 10.671951 42.465065 1.100000
v 16.255775 42.446278 1.100000
v 10.583916 42.649258 1.182812
v 17.001778 48.303341 0.600000
v 16.385582 42.590050 1.182812
v 16.385582 42.590050 2.017188
v 17.089809 48.119144 0.765625
v 17.089813 48.119144 2.434377
vn -0.7422 0.6701 -0.0000
vn -0.9920 0.1263 -0.0000
vn -0.7478 0.0419 0.6626
vn -0.0003 -0.0850 0.9964
vn 0.0034 1.0000 -0.0000
vn -0.0034 -1.0000 -0.0000
vn -0.9022 -0.4312 -0.0000
vn -0.0003 -0.0850 -0.9964
vn -0.7478 0.0419 -0.6626
vn 0.7318 -0.1468 -0.6656
vn 0.7422 -0.6701 -0.0000
vn 0.9022 0.4312 -0.0000
vn 0.7318 -0.1468 0.6656
vt 0.000000 0.872699
vt 0.000000 0.745399
vt 1.000000 0.745399
vt 1.000000 0.872699
vt 0.875767 0.246933
vt 0.875767 0.745399
vt 0.751534 0.745399
vt 0.751534 0.246933
vt 0.751534 0.745399
vt 0.253067 0.246933
vt 0.253067 0.745399
vt 0.126534 0.745399
vt 0.253068 0.745399
vt 0.253068 0.000000
vt 0.126534 0.000000
vt 0.751534 0.246933
vt 0.751534 0.123466
vt 0.253067 0.123466
vt 0.000000 1.000000
vt 1.000000 1.000000
s 0
usemtl concrete06_trim
f 3105/3541/1962 3108/3542/1962 3110/3543/1962 3106/3544/1962
f 3106/3545/1963 3115/3546/1963 3107/3547/1963 3105/3548/1963
f 3107/3544/1964 3111/3543/1964 3108/3542/1964 3105/3541/1964
f 3112/3549/1965 3109/3548/1965 3108/3550/1965 3111/3551/1965
f 3109/3548/1966 3116/3545/1966 3110/3546/1966 3108/3547/1966
f 3114/3552/1967 3112/3553/1967 3111/3554/1967 3113/3555/1967
f 3115/3556/1968 3113/3557/1968 3111/3558/1968 3107/3550/1968
f 3116/3549/1969 3114/3551/1969 3113/3550/1969 3110/3556/1969
f 3106/3559/1970 3110/3541/1970 3113/3544/1970 3115/3560/1970
f 3116/3541/1971 3119/3559/1971 3117/3560/1971 3114/3544/1971
f 3114/3557/1972 3117/3556/1972 3118/3550/1972 3112/3558/1972
f 3109/3544/1973 3120/3560/1973 3119/3559/1973 3116/3541/1973
f 3112/3559/1974 3118/3541/1974 3120/3544/1974 3109/3560/1974
o pillars.149
v 17.089561 48.117180 2.434377
v 17.089561 48.117180 0.765625
v 16.385330 42.588081 2.017188
v 17.219376 48.260948 2.600001
v 22.803192 48.242165 2.600001
v 17.219372 48.260948 0.600000
v 16.473366 42.403885 2.100000
v 22.057190 42.385101 2.100000
v 16.473366 42.403885 1.100000
v 22.057190 42.385101 1.100000
v 16.385330 42.588081 1.182812
v 22.803192 48.242165 0.600000
v 22.186996 42.528870 1.182812
v 22.186996 42.528870 2.017188
v 22.891228 48.057968 0.765625
v 22.891228 48.057968 2.434377
vn -0.7422 0.6702 -0.0000
vn -0.9920 0.1263 -0.0000
vn -0.7478 0.0419 0.6626
vn -0.0003 -0.0850 0.9964
vn 0.0034 1.0000 -0.0000
vn -0.0034 -1.0000 -0.0000
vn -0.9023 -0.4312 -0.0000
vn -0.0003 -0.0850 -0.9964
vn -0.7478 0.0419 -0.6626
vn 0.7318 -0.1468 -0.6656
vn 0.7422 -0.6701 -0.0000
vn 0.9022 0.4312 -0.0000
vn 0.7318 -0.1468 0.6656
vt 0.000000 0.872699
vt 0.000000 0.745399
vt 1.000000 0.745399
vt 1.000000 0.872699
vt 0.875767 0.246933
vt 0.875767 0.745399
vt 0.751534 0.745399
vt 0.751534 0.246933
vt 0.751534 0.745399
vt 0.253067 0.246933
vt 0.253067 0.745399
vt 0.126534 0.745399
vt 0.253068 0.745399
vt 0.253068 0.000000
vt 0.126534 0.000000
vt 0.751534 0.246933
vt 0.751534 0.123466
vt 0.253067 0.123466
vt 0.000000 1.000000
vt 1.000000 1.000000
s 0
usemtl concrete06_trim
f 3121/3561/1975 3124/3562/1975 3126/3563/1975 3122/3564/1975
f 3122/3565/1976 3131/3566/1976 3123/3567/1976 3121/3568/1976
f 3123/3564/1977 3127/3563/1977 3124/3562/1977 3121/3561/1977
f 3128/3569/1978 3125/3568/1978 3124/3570/1978 3127/3571/1978
f 3125/3568/1979 3132/3565/1979 3126/3566/1979 3124/3567/1979
f 3130/3572/1980 3128/3573/1980 3127/3574/1980 3129/3575/1980
f 3131/3576/1981 3129/3577/1981 3127/3578/1981 3123/3570/1981
f 3132/3569/1982 3130/3571/1982 3129/3570/1982 3126/3576/1982
f 3122/3579/1983 3126/3561/1983 3129/3564/1983 3131/3580/1983
f 3132/3561/1984 3135/3579/1984 3133/3580/1984 3130/3564/1984
f 3130/3577/1985 3133/3576/1985 3134/3570/1985 3128/3578/1985
f 3125/3564/1986 3136/3580/1986 3135/3579/1986 3132/3561/1986
f 3128/3579/1987 3134/3561/1987 3136/3564/1987 3125/3580/1987
o pillars.150
v -40.924618 48.728951 -0.745623
v -40.924618 48.728951 -2.414375
v -41.628845 43.199856 -1.162811
v -40.794804 48.872723 -0.579998
v -35.210987 48.853935 -0.579998
v -40.794807 48.872723 -2.579998
v -41.540810 43.015659 -1.080000
v -35.956989 42.996872 -1.080000
v -41.540810 43.015659 -2.080000
v -35.956989 42.996872 -2.080000
v -41.628845 43.199856 -1.997187
v -35.210987 48.853935 -2.579998
v -35.827179 43.140644 -1.997187
v -35.827179 43.140644 -1.162811
v -35.122948 48.669739 -2.414375
v -35.122948 48.669739 -0.745623
vn -0.7422 0.6702 -0.0000
vn -0.9920 0.1263 -0.0000
vn -0.7478 0.0419 0.6626
vn -0.0003 -0.0850 0.9964
vn 0.0034 1.0000 -0.0000
vn -0.0034 -1.0000 -0.0000
vn -0.9022 -0.4312 -0.0000
vn -0.0003 -0.0850 -0.9964
vn -0.7478 0.0419 -0.6626
vn 0.7318 -0.1468 -0.6656
vn 0.7422 -0.6702 -0.0000
vn 0.9022 0.4312 -0.0000
vn 0.7318 -0.1468 0.6656
vt 0.000000 0.872699
vt 0.000000 0.745399
vt 1.000000 0.745399
vt 1.000000 0.872699
vt 0.875767 0.246933
vt 0.875767 0.745399
vt 0.751534 0.745399
vt 0.751534 0.246933
vt 0.751534 0.745399
vt 0.253067 0.246933
vt 0.253067 0.745399
vt 0.126534 0.745399
vt 0.253068 0.745399
vt 0.253068 0.000000
vt 0.126534 0.000000
vt 0.751534 0.246933
vt 0.751534 0.123466
vt 0.253067 0.123466
vt 0.000000 1.000000
vt 1.000000 1.000000
s 0
usemtl concrete06_trim
f 3137/3581/1988 3140/3582/1988 3142/3583/1988 3138/3584/1988
f 3138/3585/1989 3147/3586/1989 3139/3587/1989 3137/3588/1989
f 3139/3584/1990 3143/3583/1990 3140/3582/1990 3137/3581/1990
f 3144/3589/1991 3141/3588/1991 3140/3590/1991 3143/3591/1991
f 3141/3588/1992 3148/3585/1992 3142/3586/1992 3140/3587/1992
f 3146/3592/1993 3144/3593/1993 3143/3594/1993 3145/3595/1993
f 3147/3596/1994 3145/3597/1994 3143/3598/1994 3139/3590/1994
f 3148/3589/1995 3146/3591/1995 3145/3590/1995 3142/3596/1995
f 3138/3599/1996 3142/3581/1996 3145/3584/1996 3147/3600/1996
f 3148/3581/1997 3151/3599/1997 3149/3600/1997 3146/3584/1997
f 3146/3597/1998 3149/3596/1998 3150/3590/1998 3144/3598/1998
f 3141/3584/1999 3152/3600/1999 3151/3599/1999 3148/3581/1999
f 3144/3599/2000 3150/3581/2000 3152/3584/2000 3141/3600/2000
o pillars.151
v -35.123199 48.667774 -0.745623
v -35.123199 48.667774 -2.414375
v -35.827431 43.138680 -1.162811
v -34.993385 48.811546 -0.579998
v -29.409569 48.792759 -0.579998
v -34.993389 48.811546 -2.579998
v -35.739391 42.954483 -1.080000
v -30.155573 42.935696 -1.080000
v -35.739391 42.954483 -2.080000
v -30.155573 42.935696 -2.080000
v -35.827431 43.138680 -1.997187
v -29.409569 48.792759 -2.579998
v -30.025761 43.079468 -1.997187
v -30.025761 43.079468 -1.162811
v -29.321531 48.608562 -2.414375
v -29.321529 48.608562 -0.745623
vn -0.7422 0.6702 -0.0000
vn -0.9920 0.1263 -0.0000
vn -0.7478 0.0419 0.6626
vn -0.0003 -0.0850 0.9964
vn 0.0034 1.0000 -0.0000
vn -0.0034 -1.0000 -0.0000
vn -0.9022 -0.4312 -0.0000
vn -0.0003 -0.0850 -0.9964
vn -0.7478 0.0419 -0.6626
vn 0.7318 -0.1468 -0.6656
vn 0.7422 -0.6702 -0.0000
vn 0.9022 0.4312 -0.0000
vn 0.7318 -0.1468 0.6656
vt 0.000000 0.872699
vt 0.000000 0.745399
vt 1.000000 0.745399
vt 1.000000 0.872699
vt 0.875767 0.246933
vt 0.875767 0.745399
vt 0.751534 0.745399
vt 0.751534 0.246933
vt 0.751534 0.745399
vt 0.253067 0.246933
vt 0.253067 0.745399
vt 0.126534 0.745399
vt 0.253068 0.745399
vt 0.253068 0.000000
vt 0.126534 0.000000
vt 0.751534 0.246933
vt 0.751534 0.123466
vt 0.253067 0.123466
vt 0.000000 1.000000
vt 1.000000 1.000000
s 0
usemtl concrete06_trim
f 3153/3601/2001 3156/3602/2001 3158/3603/2001 3154/3604/2001
f 3154/3605/2002 3163/3606/2002 3155/3607/2002 3153/3608/2002
f 3155/3604/2003 3159/3603/2003 3156/3602/2003 3153/3601/2003
f 3160/3609/2004 3157/3608/2004 3156/3610/2004 3159/3611/2004
f 3157/3608/2005 3164/3605/2005 3158/3606/2005 3156/3607/2005
f 3162/3612/2006 3160/3613/2006 3159/3614/2006 3161/3615/2006
f 3163/3616/2007 3161/3617/2007 3159/3618/2007 3155/3610/2007
f 3164/3609/2008 3162/3611/2008 3161/3610/2008 3158/3616/2008
f 3154/3619/2009 3158/3601/2009 3161/3604/2009 3163/3620/2009
f 3164/3601/2010 3167/3619/2010 3165/3620/2010 3162/3604/2010
f 3162/3617/2011 3165/3616/2011 3166/3610/2011 3160/3618/2011
f 3157/3604/2012 3168/3620/2012 3167/3619/2012 3164/3601/2012
f 3160/3619/2013 3166/3601/2013 3168/3604/2013 3157/3620/2013
o pillars.152
v -29.321781 48.606598 -0.745623
v -29.321781 48.606598 -2.414375
v -30.026012 43.077499 -1.162811
v -29.191971 48.750366 -0.579998
v -23.608150 48.731583 -0.579998
v -29.191971 48.750366 -2.579998
v -29.937973 42.893303 -1.080000
v -24.354155 42.874519 -1.080000
v -29.937973 42.893303 -2.080000
v -24.354155 42.874519 -2.080000
v -30.026012 43.077499 -1.997187
v -23.608150 48.731583 -2.579998
v -24.224346 43.018291 -1.997187
v -24.224346 43.018291 -1.162811
v -23.520115 48.547386 -2.414375
v -23.520113 48.547386 -0.745623
vn -0.7422 0.6702 -0.0000
vn -0.9920 0.1263 -0.0000
vn -0.7478 0.0419 0.6626
vn -0.0003 -0.0850 0.9964
vn 0.0034 1.0000 -0.0000
vn -0.0034 -1.0000 -0.0000
vn -0.9022 -0.4312 -0.0000
vn -0.0003 -0.0850 -0.9964
vn -0.7478 0.0419 -0.6626
vn 0.7318 -0.1468 -0.6656
vn 0.7422 -0.6701 -0.0000
vn 0.9022 0.4312 -0.0000
vn 0.7318 -0.1468 0.6656
vt 0.000000 0.872699
vt 0.000000 0.745399
vt 1.000000 0.745399
vt 1.000000 0.872699
vt 0.875767 0.246933
vt 0.875767 0.745399
vt 0.751534 0.745399
vt 0.751534 0.246933
vt 0.751534 0.745399
vt 0.253067 0.246933
vt 0.253067 0.745399
vt 0.126534 0.745399
vt 0.253068 0.745399
vt 0.253068 0.000000
vt 0.126534 0.000000
vt 0.751534 0.246933
vt 0.751534 0.123466
vt 0.253067 0.123466
vt 0.000000 1.000000
vt 1.000000 1.000000
s 0
usemtl concrete06_trim
f 3169/3621/2014 3172/3622/2014 3174/3623/2014 3170/3624/2014
f 3170/3625/2015 3179/3626/2015 3171/3627/2015 3169/3628/2015
f 3171/3624/2016 3175/3623/2016 3172/3622/2016 3169/3621/2016
f 3176/3629/2017 3173/3628/2017 3172/3630/2017 3175/3631/2017
f 3173/3628/2018 3180/3625/2018 3174/3626/2018 3172/3627/2018
f 3178/3632/2019 3176/3633/2019 3175/3634/2019 3177/3635/2019
f 3179/3636/2020 3177/3637/2020 3175/3638/2020 3171/3630/2020
f 3180/3629/2021 3178/3631/2021 3177/3630/2021 3174/3636/2021
f 3170/3639/2022 3174/3621/2022 3177/3624/2022 3179/3640/2022
f 3180/3621/2023 3183/3639/2023 3181/3640/2023 3178/3624/2023
f 3178/3637/2024 3181/3636/2024 3182/3630/2024 3176/3638/2024
f 3173/3624/2025 3184/3640/2025 3183/3639/2025 3180/3621/2025
f 3176/3639/2026 3182/3621/2026 3184/3624/2026 3173/3640/2026
o pillars.153
v -23.520363 48.545418 -0.745623
v -23.520363 48.545418 -2.414375
v -24.224594 43.016323 -1.162811
v -23.390551 48.689190 -0.579998
v -17.806732 48.670406 -0.579998
v -23.390551 48.689190 -2.579998
v -24.136555 42.832127 -1.080000
v -18.552736 42.813343 -1.080000
v -24.136555 42.832127 -2.080000
v -18.552736 42.813343 -2.080000
v -24.224594 43.016323 -1.997187
v -17.806734 48.670403 -2.579998
v -18.422924 42.957111 -1.997187
v -18.422924 42.957111 -1.162811
v -17.718695 48.486206 -2.414375
v -17.718695 48.486206 -0.745623
vn -0.7422 0.6702 -0.0000
vn -0.9920 0.1263 -0.0000
vn -0.7478 0.0419 0.6626
vn -0.0003 -0.0850 0.9964
vn 0.0034 1.0000 -0.0000
vn -0.0034 -1.0000 -0.0000
vn -0.9022 -0.4312 -0.0000
vn -0.0003 -0.0850 -0.9964
vn -0.7478 0.0419 -0.6626
vn 0.7318 -0.1468 -0.6656
vn 0.7422 -0.6702 -0.0000
vn 0.9022 0.4312 -0.0000
vn 0.7318 -0.1468 0.6656
vt 0.000000 0.872699
vt 0.000000 0.745399
vt 1.000000 0.745399
vt 1.000000 0.872699
vt 0.875767 0.246933
vt 0.875767 0.745399
vt 0.751534 0.745399
vt 0.751534 0.246933
vt 0.751534 0.745399
vt 0.253067 0.246933
vt 0.253067 0.745399
vt 0.126534 0.745399
vt 0.253068 0.745399
vt 0.253068 0.000000
vt 0.126534 0.000000
vt 0.751534 0.246933
vt 0.751534 0.123466
vt 0.253067 0.123466
vt 0.000000 1.000000
vt 1.000000 1.000000
s 0
usemtl concrete06_trim
f 3185/3641/2027 3188/3642/2027 3190/3643/2027 3186/3644/2027
f 3186/3645/2028 3195/3646/2028 3187/3647/2028 3185/3648/2028
f 3187/3644/2029 3191/3643/2029 3188/3642/2029 3185/3641/2029
f 3192/3649/2030 3189/3648/2030 3188/3650/2030 3191/3651/2030
f 3189/3648/2031 3196/3645/2031 3190/3646/2031 3188/3647/2031
f 3194/3652/2032 3192/3653/2032 3191/3654/2032 3193/3655/2032
f 3195/3656/2033 3193/3657/2033 3191/3658/2033 3187/3650/2033
f 3196/3649/2034 3194/3651/2034 3193/3650/2034 3190/3656/2034
f 3186/3659/2035 3190/3641/2035 3193/3644/2035 3195/3660/2035
f 3196/3641/2036 3199/3659/2036 3197/3660/2036 3194/3644/2036
f 3194/3657/2037 3197/3656/2037 3198/3650/2037 3192/3658/2037
f 3189/3644/2038 3200/3660/2038 3199/3659/2038 3196/3641/2038
f 3192/3659/2039 3198/3641/2039 3200/3644/2039 3189/3660/2039
o pillars.154
v -17.718945 48.484241 -0.745623
v -17.718945 48.484241 -2.414375
v -18.423176 42.955147 -1.162811
v -17.589134 48.628014 -0.579998
v -12.005314 48.609230 -0.579998
v -17.589134 48.628014 -2.579998
v -18.335138 42.770950 -1.080000
v -12.751318 42.752163 -1.080000
v -18.335138 42.770950 -2.080000
v -12.751318 42.752163 -2.080000
v -18.423176 42.955147 -1.997187
v -12.005314 48.609226 -2.579998
v -12.621510 42.895935 -1.997187
v -12.621510 42.895935 -1.162811
v -11.917278 48.425034 -2.414375
v -11.917276 48.425034 -0.745623
vn -0.7422 0.6702 -0.0000
vn -0.9920 0.1263 -0.0000
vn -0.7478 0.0419 0.6626
vn -0.0003 -0.0850 0.9964
vn 0.0034 1.0000 -0.0000
vn -0.0034 -1.0000 -0.0000
vn -0.9022 -0.4312 -0.0000
vn -0.0003 -0.0850 -0.9964
vn -0.7478 0.0419 -0.6626
vn 0.7318 -0.1468 -0.6655
vn 0.7422 -0.6701 -0.0000
vn 0.9022 0.4312 -0.0000
vn 0.7318 -0.1468 0.6656
vt 0.000000 0.872699
vt 0.000000 0.745399
vt 1.000000 0.745399
vt 1.000000 0.872699
vt 0.875767 0.246933
vt 0.875767 0.745399
vt 0.751534 0.745399
vt 0.751534 0.246933
vt 0.751534 0.745399
vt 0.253067 0.246933
vt 0.253067 0.745399
vt 0.126534 0.745399
vt 0.253068 0.745399
vt 0.253068 0.000000
vt 0.126534 0.000000
vt 0.751534 0.246933
vt 0.751534 0.123466
vt 0.253067 0.123466
vt 0.000000 1.000000
vt 1.000000 1.000000
s 0
usemtl concrete06_trim
f 3201/3661/2040 3204/3662/2040 3206/3663/2040 3202/3664/2040
f 3202/3665/2041 3211/3666/2041 3203/3667/2041 3201/3668/2041
f 3203/3664/2042 3207/3663/2042 3204/3662/2042 3201/3661/2042
f 3208/3669/2043 3205/3668/2043 3204/3670/2043 3207/3671/2043
f 3205/3668/2044 3212/3665/2044 3206/3666/2044 3204/3667/2044
f 3210/3672/2045 3208/3673/2045 3207/3674/2045 3209/3675/2045
f 3211/3676/2046 3209/3677/2046 3207/3678/2046 3203/3670/2046
f 3212/3669/2047 3210/3671/2047 3209/3670/2047 3206/3676/2047
f 3202/3679/2048 3206/3661/2048 3209/3664/2048 3211/3680/2048
f 3212/3661/2049 3215/3679/2049 3213/3680/2049 3210/3664/2049
f 3210/3677/2050 3213/3676/2050 3214/3670/2050 3208/3678/2050
f 3205/3664/2051 3216/3680/2051 3215/3679/2051 3212/3661/2051
f 3208/3679/2052 3214/3661/2052 3216/3664/2052 3205/3680/2052
o pillars.155
v -11.917528 48.423065 -0.745623
v -11.917528 48.423065 -2.414375
v -12.621758 42.893970 -1.162811
v -11.787716 48.566833 -0.579998
v -6.203899 48.548050 -0.579998
v -11.787716 48.566833 -2.579998
v -12.533718 42.709774 -1.080000
v -6.949902 42.690987 -1.080000
v -12.533718 42.709774 -2.080000
v -6.949902 42.690987 -2.080000
v -12.621758 42.893970 -1.997187
v -6.203899 48.548050 -2.579998
v -6.820091 42.834759 -1.997187
v -6.820091 42.834759 -1.162811
v -6.115860 48.363853 -2.414375
v -6.115860 48.363853 -0.745623
vn -0.7422 0.6701 -0.0000
vn -0.9920 0.1263 -0.0000
vn -0.7478 0.0419 0.6626
vn -0.0003 -0.0850 0.9964
vn 0.0034 1.0000 -0.0000
vn -0.0034 -1.0000 -0.0000
vn -0.9022 -0.4312 -0.0000
vn -0.0003 -0.0850 -0.9964
vn -0.7478 0.0419 -0.6626
vn 0.7318 -0.1468 -0.6656
vn 0.7422 -0.6702 -0.0000
vn 0.9022 0.4312 -0.0000
vn 0.7318 -0.1468 0.6656
vt 0.000000 0.872699
vt 0.000000 0.745399
vt 1.000000 0.745399
vt 1.000000 0.872699
vt 0.875767 0.246933
vt 0.875767 0.745399
vt 0.751534 0.745399
vt 0.751534 0.246933
vt 0.751534 0.745399
vt 0.253067 0.246933
vt 0.253067 0.745399
vt 0.126534 0.745399
vt 0.253068 0.745399
vt 0.253068 0.000000
vt 0.126534 0.000000
vt 0.751534 0.246933
vt 0.751534 0.123466
vt 0.253067 0.123466
vt 0.000000 1.000000
vt 1.000000 1.000000
s 0
usemtl concrete06_trim
f 3217/3681/2053 3220/3682/2053 3222/3683/2053 3218/3684/2053
f 3218/3685/2054 3227/3686/2054 3219/3687/2054 3217/3688/2054
f 3219/3684/2055 3223/3683/2055 3220/3682/2055 3217/3681/2055
f 3224/3689/2056 3221/3688/2056 3220/3690/2056 3223/3691/2056
f 3221/3688/2057 3228/3685/2057 3222/3686/2057 3220/3687/2057
f 3226/3692/2058 3224/3693/2058 3223/3694/2058 3225/3695/2058
f 3227/3696/2059 3225/3697/2059 3223/3698/2059 3219/3690/2059
f 3228/3689/2060 3226/3691/2060 3225/3690/2060 3222/3696/2060
f 3218/3699/2061 3222/3681/2061 3225/3684/2061 3227/3700/2061
f 3228/3681/2062 3231/3699/2062 3229/3700/2062 3226/3684/2062
f 3226/3697/2063 3229/3696/2063 3230/3690/2063 3224/3698/2063
f 3221/3684/2064 3232/3700/2064 3231/3699/2064 3228/3681/2064
f 3224/3699/2065 3230/3681/2065 3232/3684/2065 3221/3700/2065
o pillars.156
v -6.116112 48.361889 -0.745623
v -6.116112 48.361889 -2.414375
v -6.820343 42.832790 -1.162811
v -5.986298 48.505657 -0.579998
v -0.402477 48.486874 -0.579998
v -5.986301 48.505657 -2.579998
v -6.732304 42.648598 -1.080000
v -1.148479 42.629810 -1.080000
v -6.732304 42.648598 -2.080000
v -1.148479 42.629810 -2.080000
v -6.820343 42.832790 -1.997187
v -0.402477 48.486874 -2.579998
v -1.018673 42.773579 -1.997187
v -1.018673 42.773579 -1.162811
v -0.314442 48.302677 -2.414375
v -0.314442 48.302677 -0.745623
vn -0.7422 0.6702 -0.0000
vn -0.9920 0.1263 -0.0000
vn -0.7478 0.0419 0.6626
vn -0.0003 -0.0850 0.9964
vn 0.0034 1.0000 -0.0000
vn -0.0034 -1.0000 -0.0000
vn -0.9022 -0.4312 -0.0000
vn -0.0003 -0.0850 -0.9964
vn -0.7478 0.0419 -0.6626
vn 0.7318 -0.1468 -0.6655
vn 0.7422 -0.6701 -0.0000
vn 0.9022 0.4312 -0.0000
vn 0.7318 -0.1468 0.6656
vt 0.000000 0.872699
vt 0.000000 0.745399
vt 1.000000 0.745399
vt 1.000000 0.872699
vt 0.875767 0.246933
vt 0.875767 0.745399
vt 0.751534 0.745399
vt 0.751534 0.246933
vt 0.751534 0.745399
vt 0.253067 0.246933
vt 0.253067 0.745399
vt 0.126534 0.745399
vt 0.253068 0.745399
vt 0.253068 0.000000
vt 0.126534 0.000000
vt 0.751534 0.246933
vt 0.751534 0.123466
vt 0.253067 0.123466
vt 0.000000 1.000000
vt 1.000000 1.000000
s 0
usemtl concrete06_trim
f 3233/3701/2066 3236/3702/2066 3238/3703/2066 3234/3704/2066
f 3234/3705/2067 3243/3706/2067 3235/3707/2067 3233/3708/2067
f 3235/3704/2068 3239/3703/2068 3236/3702/2068 3233/3701/2068
f 3240/3709/2069 3237/3708/2069 3236/3710/2069 3239/3711/2069
f 3237/3708/2070 3244/3705/2070 3238/3706/2070 3236/3707/2070
f 3242/3712/2071 3240/3713/2071 3239/3714/2071 3241/3715/2071
f 3243/3716/2072 3241/3717/2072 3239/3718/2072 3235/3710/2072
f 3244/3709/2073 3242/3711/2073 3241/3710/2073 3238/3716/2073
f 3234/3719/2074 3238/3701/2074 3241/3704/2074 3243/3720/2074
f 3244/3701/2075 3247/3719/2075 3245/3720/2075 3242/3704/2075
f 3242/3717/2076 3245/3716/2076 3246/3710/2076 3240/3718/2076
f 3237/3704/2077 3248/3720/2077 3247/3719/2077 3244/3701/2077
f 3240/3719/2078 3246/3701/2078 3248/3704/2078 3237/3720/2078
o pillars.157
v -0.314693 48.300709 -0.745623
v -0.314693 48.300709 -2.414375
v -1.018925 42.771614 -1.162811
v -0.184879 48.444481 -0.579998
v 5.398937 48.425697 -0.579998
v -0.184883 48.444481 -2.579998
v -0.930885 42.587418 -1.080000
v 4.652931 42.568634 -1.080000
v -0.930885 42.587418 -2.080000
v 4.652931 42.568634 -2.080000
v -1.018925 42.771614 -1.997187
v 5.398937 48.425697 -2.579998
v 4.782742 42.712402 -1.997187
v 4.782742 42.712402 -1.162811
v 5.486973 48.241501 -2.414375
v 5.486977 48.241501 -0.745623
vn -0.7422 0.6701 -0.0000
vn -0.9920 0.1263 -0.0000
vn -0.7478 0.0419 0.6626
vn -0.0003 -0.0850 0.9964
vn 0.0034 1.0000 -0.0000
vn -0.0034 -1.0000 -0.0000
vn -0.9022 -0.4312 -0.0000
vn -0.0003 -0.0850 -0.9964
vn -0.7478 0.0419 -0.6626
vn 0.7318 -0.1468 -0.6655
vn 0.7422 -0.6701 -0.0000
vn 0.9022 0.4312 -0.0000
vn 0.7318 -0.1468 0.6656
vt 0.000000 0.872699
vt 0.000000 0.745399
vt 1.000000 0.745399
vt 1.000000 0.872699
vt 0.875767 0.246933
vt 0.875767 0.745399
vt 0.751534 0.745399
vt 0.751534 0.246933
vt 0.751534 0.745399
vt 0.253067 0.246933
vt 0.253067 0.745399
vt 0.126534 0.745399
vt 0.253068 0.745399
vt 0.253068 0.000000
vt 0.126534 0.000000
vt 0.751534 0.246933
vt 0.751534 0.123466
vt 0.253067 0.123466
vt 0.000000 1.000000
vt 1.000000 1.000000
s 0
usemtl concrete06_trim
f 3249/3721/2079 3252/3722/2079 3254/3723/2079 3250/3724/2079
f 3250/3725/2080 3259/3726/2080 3251/3727/2080 3249/3728/2080
f 3251/3724/2081 3255/3723/2081 3252/3722/2081 3249/3721/2081
f 3256/3729/2082 3253/3728/2082 3252/3730/2082 3255/3731/2082
f 3253/3728/2083 3260/3725/2083 3254/3726/2083 3252/3727/2083
f 3258/3732/2084 3256/3733/2084 3255/3734/2084 3257/3735/2084
f 3259/3736/2085 3257/3737/2085 3255/3738/2085 3251/3730/2085
f 3260/3729/2086 3258/3731/2086 3257/3730/2086 3254/3736/2086
f 3250/3739/2087 3254/3721/2087 3257/3724/2087 3259/3740/2087
f 3260/3721/2088 3263/3739/2088 3261/3740/2088 3258/3724/2088
f 3258/3737/2089 3261/3736/2089 3262/3730/2089 3256/3738/2089
f 3253/3724/2090 3264/3740/2090 3263/3739/2090 3260/3721/2090
f 3256/3739/2091 3262/3721/2091 3264/3724/2091 3253/3740/2091
o pillars.158
v 5.486729 48.239532 -0.745623
v 5.486729 48.239532 -2.414375
v 4.782497 42.710438 -1.162811
v 5.616539 48.383305 -0.579998
v 11.200356 48.364517 -0.579998
v 5.616535 48.383305 -2.579998
v 4.870533 42.526241 -1.080000
v 10.454353 42.507454 -1.080000
v 4.870533 42.526241 -2.080000
v 10.454353 42.507454 -2.080000
v 4.782497 42.710438 -1.997187
v 11.200356 48.364517 -2.579998
v 10.584164 42.651226 -1.997187
v 10.584164 42.651226 -1.162811
v 11.288395 48.180321 -2.414375
v 11.288399 48.180321 -0.745623
vn -0.7422 0.6701 -0.0000
vn -0.9920 0.1263 -0.0000
vn -0.7478 0.0419 0.6626
vn -0.0003 -0.0850 0.9964
vn 0.0034 1.0000 -0.0000
vn -0.0034 -1.0000 -0.0000
vn -0.9022 -0.4312 -0.0000
vn -0.0003 -0.0850 -0.9964
vn -0.7478 0.0419 -0.6626
vn 0.7318 -0.1468 -0.6656
vn 0.7422 -0.6701 -0.0000
vn 0.9022 0.4312 -0.0000
vn 0.7318 -0.1468 0.6656
vt 0.000000 0.872699
vt 0.000000 0.745399
vt 1.000000 0.745399
vt 1.000000 0.872699
vt 0.875767 0.246933
vt 0.875767 0.745399
vt 0.751534 0.745399
vt 0.751534 0.246933
vt 0.751534 0.745399
vt 0.253067 0.246933
vt 0.253067 0.745399
vt 0.126534 0.745399
vt 0.253068 0.745399
vt 0.253068 0.000000
vt 0.126534 0.000000
vt 0.751534 0.246933
vt 0.751534 0.123466
vt 0.253067 0.123466
vt 0.000000 1.000000
vt 1.000000 1.000000
s 0
usemtl concrete06_trim
f 3265/3741/2092 3268/3742/2092 3270/3743/2092 3266/3744/2092
f 3266/3745/2093 3275/3746/2093 3267/3747/2093 3265/3748/2093
f 3267/3744/2094 3271/3743/2094 3268/3742/2094 3265/3741/2094
f 3272/3749/2095 3269/3748/2095 3268/3750/2095 3271/3751/2095
f 3269/3748/2096 3276/3745/2096 3270/3746/2096 3268/3747/2096
f 3274/3752/2097 3272/3753/2097 3271/3754/2097 3273/3755/2097
f 3275/3756/2098 3273/3757/2098 3271/3758/2098 3267/3750/2098
f 3276/3749/2099 3274/3751/2099 3273/3750/2099 3270/3756/2099
f 3266/3759/2100 3270/3741/2100 3273/3744/2100 3275/3760/2100
f 3276/3741/2101 3279/3759/2101 3277/3760/2101 3274/3744/2101
f 3274/3757/2102 3277/3756/2102 3278/3750/2102 3272/3758/2102
f 3269/3744/2103 3280/3760/2103 3279/3759/2103 3276/3741/2103
f 3272/3759/2104 3278/3741/2104 3280/3744/2104 3269/3760/2104
o pillars.159
v 11.288147 48.178356 -0.745623
v 11.288147 48.178356 -2.414375
v 10.583916 42.649258 -1.162811
v 11.417957 48.322124 -0.579998
v 17.001778 48.303341 -0.579998
v 11.417953 48.322124 -2.579998
v 10.671951 42.465065 -1.080000
v 16.255775 42.446278 -1.080000
v 10.671951 42.465065 -2.080000
v 16.255775 42.446278 -2.080000
v 10.583916 42.649258 -1.997187
v 17.001778 48.303341 -2.579998
v 16.385582 42.590050 -1.997187
v 16.385582 42.590050 -1.162811
v 17.089809 48.119144 -2.414375
v 17.089813 48.119144 -0.745623
vn -0.7422 0.6701 -0.0000
vn -0.9920 0.1263 -0.0000
vn -0.7478 0.0419 0.6626
vn -0.0003 -0.0850 0.9964
vn 0.0034 1.0000 -0.0000
vn -0.0034 -1.0000 -0.0000
vn -0.9022 -0.4312 -0.0000
vn -0.0003 -0.0850 -0.9964
vn -0.7478 0.0419 -0.6626
vn 0.7318 -0.1468 -0.6655
vn 0.7422 -0.6701 -0.0000
vn 0.9022 0.4312 -0.0000
vn 0.7318 -0.1468 0.6656
vt 0.000000 0.872699
vt 0.000000 0.745399
vt 1.000000 0.745399
vt 1.000000 0.872699
vt 0.875767 0.246933
vt 0.875767 0.745399
vt 0.751534 0.745399
vt 0.751534 0.246933
vt 0.751534 0.745399
vt 0.253067 0.246933
vt 0.253067 0.745399
vt 0.126534 0.745399
vt 0.253068 0.745399
vt 0.253068 0.000000
vt 0.126534 0.000000
vt 0.751534 0.246933
vt 0.751534 0.123466
vt 0.253067 0.123466
vt 0.000000 1.000000
vt 1.000000 1.000000
s 0
usemtl concrete06_trim
f 3281/3761/2105 3284/3762/2105 3286/3763/2105 3282/3764/2105
f 3282/3765/2106 3291/3766/2106 3283/3767/2106 3281/3768/2106
f 3283/3764/2107 3287/3763/2107 3284/3762/2107 3281/3761/2107
f 3288/3769/2108 3285/3768/2108 3284/3770/2108 3287/3771/2108
f 3285/3768/2109 3292/3765/2109 3286/3766/2109 3284/3767/2109
f 3290/3772/2110 3288/3773/2110 3287/3774/2110 3289/3775/2110
f 3291/3776/2111 3289/3777/2111 3287/3778/2111 3283/3770/2111
f 3292/3769/2112 3290/3771/2112 3289/3770/2112 3286/3776/2112
f 3282/3779/2113 3286/3761/2113 3289/3764/2113 3291/3780/2113
f 3292/3761/2114 3295/3779/2114 3293/3780/2114 3290/3764/2114
f 3290/3777/2115 3293/3776/2115 3294/3770/2115 3288/3778/2115
f 3285/3764/2116 3296/3780/2116 3295/3779/2116 3292/3761/2116
f 3288/3779/2117 3294/3761/2117 3296/3764/2117 3285/3780/2117
o pillars.160
v 17.089561 48.117180 -0.745623
v 17.089561 48.117180 -2.414375
v 16.385330 42.588081 -1.162811
v 17.219376 48.260948 -0.579998
v 22.803192 48.242165 -0.579998
v 17.219372 48.260948 -2.579998
v 16.473366 42.403885 -1.080000
v 22.057190 42.385101 -1.080000
v 16.473366 42.403885 -2.080000
v 22.057190 42.385101 -2.080000
v 16.385330 42.588081 -1.997187
v 22.803192 48.242165 -2.579998
v 22.186996 42.528870 -1.997187
v 22.186996 42.528870 -1.162811
v 22.891228 48.057968 -2.414375
v 22.891228 48.057968 -0.745623
vn -0.7422 0.6702 -0.0000
vn -0.9920 0.1263 -0.0000
vn -0.7478 0.0419 0.6626
vn -0.0003 -0.0850 0.9964
vn 0.0034 1.0000 -0.0000
vn -0.0034 -1.0000 -0.0000
vn -0.9022 -0.4312 -0.0000
vn -0.0003 -0.0850 -0.9964
vn -0.7478 0.0419 -0.6626
vn 0.7318 -0.1468 -0.6656
vn 0.7422 -0.6701 -0.0000
vn 0.9022 0.4312 -0.0000
vn 0.7318 -0.1468 0.6656
vt 0.000000 0.872699
vt 0.000000 0.745399
vt 1.000000 0.745399
vt 1.000000 0.872699
vt 0.875767 0.246933
vt 0.875767 0.745399
vt 0.751534 0.745399
vt 0.751534 0.246933
vt 0.751534 0.745399
vt 0.253067 0.246933
vt 0.253067 0.745399
vt 0.126534 0.745399
vt 0.253068 0.745399
vt 0.253068 0.000000
vt 0.126534 0.000000
vt 0.751534 0.246933
vt 0.751534 0.123466
vt 0.253067 0.123466
vt 0.000000 1.000000
vt 1.000000 1.000000
s 0
usemtl concrete06_trim
f 3297/3781/2118 3300/3782/2118 3302/3783/2118 3298/3784/2118
f 3298/3785/2119 3307/3786/2119 3299/3787/2119 3297/3788/2119
f 3299/3784/2120 3303/3783/2120 3300/3782/2120 3297/3781/2120
f 3304/3789/2121 3301/3788/2121 3300/3790/2121 3303/3791/2121
f 3301/3788/2122 3308/3785/2122 3302/3786/2122 3300/3787/2122
f 3306/3792/2123 3304/3793/2123 3303/3794/2123 3305/3795/2123
f 3307/3796/2124 3305/3797/2124 3303/3798/2124 3299/3790/2124
f 3308/3789/2125 3306/3791/2125 3305/3790/2125 3302/3796/2125
f 3298/3799/2126 3302/3781/2126 3305/3784/2126 3307/3800/2126
f 3308/3781/2127 3311/3799/2127 3309/3800/2127 3306/3784/2127
f 3306/3797/2128 3309/3796/2128 3310/3790/2128 3304/3798/2128
f 3301/3784/2129 3312/3800/2129 3311/3799/2129 3308/3781/2129
f 3304/3799/2130 3310/3781/2130 3312/3784/2130 3301/3800/2130
o pillars.161
v -40.924618 48.728951 -3.925623
v -40.924618 48.728951 -5.594376
v -41.628845 43.199856 -4.342812
v -40.794804 48.872723 -3.759998
v -35.210987 48.853935 -3.759998
v -40.794807 48.872723 -5.759998
v -41.540810 43.015659 -4.260000
v -35.956989 42.996872 -4.260000
v -41.540810 43.015659 -5.260000
v -35.956989 42.996872 -5.260000
v -41.628845 43.199856 -5.177187
v -35.210987 48.853935 -5.759998
v -35.827179 43.140644 -5.177187
v -35.827179 43.140644 -4.342812
v -35.122948 48.669739 -5.594376
v -35.122948 48.669739 -3.925623
vn -0.7422 0.6702 -0.0000
vn -0.9920 0.1263 -0.0000
vn -0.7478 0.0419 0.6626
vn -0.0003 -0.0850 0.9964
vn 0.0034 1.0000 -0.0000
vn -0.0034 -1.0000 -0.0000
vn -0.9022 -0.4312 -0.0000
vn -0.0003 -0.0850 -0.9964
vn -0.7478 0.0419 -0.6626
vn 0.7318 -0.1468 -0.6656
vn 0.7422 -0.6702 -0.0000
vn 0.9022 0.4312 -0.0000
vn 0.7318 -0.1468 0.6656
vt 0.000000 0.872699
vt 0.000000 0.745399
vt 1.000000 0.745399
vt 1.000000 0.872699
vt 0.875767 0.246933
vt 0.875767 0.745399
vt 0.751534 0.745399
vt 0.751534 0.246933
vt 0.751534 0.745399
vt 0.253067 0.246933
vt 0.253067 0.745399
vt 0.126534 0.745399
vt 0.253068 0.745399
vt 0.253068 0.000000
vt 0.126534 0.000000
vt 0.751534 0.246933
vt 0.751534 0.123466
vt 0.253067 0.123466
vt 0.000000 1.000000
vt 1.000000 1.000000
s 0
usemtl concrete06_trim
f 3313/3801/2131 3316/3802/2131 3318/3803/2131 3314/3804/2131
f 3314/3805/2132 3323/3806/2132 3315/3807/2132 3313/3808/2132
f 3315/3804/2133 3319/3803/2133 3316/3802/2133 3313/3801/2133
f 3320/3809/2134 3317/3808/2134 3316/3810/2134 3319/3811/2134
f 3317/3808/2135 3324/3805/2135 3318/3806/2135 3316/3807/2135
f 3322/3812/2136 3320/3813/2136 3319/3814/2136 3321/3815/2136
f 3323/3816/2137 3321/3817/2137 3319/3818/2137 3315/3810/2137
f 3324/3809/2138 3322/3811/2138 3321/3810/2138 3318/3816/2138
f 3314/3819/2139 3318/3801/2139 3321/3804/2139 3323/3820/2139
f 3324/3801/2140 3327/3819/2140 3325/3820/2140 3322/3804/2140
f 3322/3817/2141 3325/3816/2141 3326/3810/2141 3320/3818/2141
f 3317/3804/2142 3328/3820/2142 3327/3819/2142 3324/3801/2142
f 3320/3819/2143 3326/3801/2143 3328/3804/2143 3317/3820/2143
o pillars.162
v -35.123199 48.667774 -3.925623
v -35.123199 48.667774 -5.594376
v -35.827431 43.138680 -4.342812
v -34.993385 48.811546 -3.759998
v -29.409569 48.792759 -3.759998
v -34.993389 48.811546 -5.759998
v -35.739391 42.954483 -4.260000
v -30.155573 42.935696 -4.260000
v -35.739391 42.954483 -5.260000
v -30.155573 42.935696 -5.260000
v -35.827431 43.138680 -5.177187
v -29.409569 48.792759 -5.759998
v -30.025761 43.079468 -5.177187
v -30.025761 43.079468 -4.342812
v -29.321531 48.608562 -5.594376
v -29.321529 48.608562 -3.925623
vn -0.7422 0.6702 -0.0000
vn -0.9920 0.1263 -0.0000
vn -0.7478 0.0419 0.6626
vn -0.0003 -0.0850 0.9964
vn 0.0034 1.0000 -0.0000
vn -0.0034 -1.0000 -0.0000
vn -0.9022 -0.4312 -0.0000
vn -0.0003 -0.0850 -0.9964
vn -0.7478 0.0419 -0.6626
vn 0.7318 -0.1468 -0.6656
vn 0.7422 -0.6702 -0.0000
vn 0.9022 0.4312 -0.0000
vn 0.7318 -0.1468 0.6656
vt 0.000000 0.872699
vt 0.000000 0.745399
vt 1.000000 0.745399
vt 1.000000 0.872699
vt 0.875767 0.246933
vt 0.875767 0.745399
vt 0.751534 0.745399
vt 0.751534 0.246933
vt 0.751534 0.745399
vt 0.253067 0.246933
vt 0.253067 0.745399
vt 0.126534 0.745399
vt 0.253068 0.745399
vt 0.253068 0.000000
vt 0.126534 0.000000
vt 0.751534 0.246933
vt 0.751534 0.123466
vt 0.253067 0.123466
vt 0.000000 1.000000
vt 1.000000 1.000000
s 0
usemtl concrete06_trim
f 3329/3821/2144 3332/3822/2144 3334/3823/2144 3330/3824/2144
f 3330/3825/2145 3339/3826/2145 3331/3827/2145 3329/3828/2145
f 3331/3824/2146 3335/3823/2146 3332/3822/2146 3329/3821/2146
f 3336/3829/2147 3333/3828/2147 3332/3830/2147 3335/3831/2147
f 3333/3828/2148 3340/3825/2148 3334/3826/2148 3332/3827/2148
f 3338/3832/2149 3336/3833/2149 3335/3834/2149 3337/3835/2149
f 3339/3836/2150 3337/3837/2150 3335/3838/2150 3331/3830/2150
f 3340/3829/2151 3338/3831/2151 3337/3830/2151 3334/3836/2151
f 3330/3839/2152 3334/3821/2152 3337/3824/2152 3339/3840/2152
f 3340/3821/2153 3343/3839/2153 3341/3840/2153 3338/3824/2153
f 3338/3837/2154 3341/3836/2154 3342/3830/2154 3336/3838/2154
f 3333/3824/2155 3344/3840/2155 3343/3839/2155 3340/3821/2155
f 3336/3839/2156 3342/3821/2156 3344/3824/2156 3333/3840/2156
o pillars.163
v -29.321781 48.606598 -3.925623
v -29.321781 48.606598 -5.594376
v -30.026012 43.077499 -4.342812
v -29.191971 48.750366 -3.759998
v -23.608150 48.731583 -3.759998
v -29.191971 48.750366 -5.759998
v -29.937973 42.893303 -4.260000
v -24.354155 42.874519 -4.260000
v -29.937973 42.893303 -5.260000
v -24.354155 42.874519 -5.260000
v -30.026012 43.077499 -5.177187
v -23.608150 48.731583 -5.759998
v -24.224346 43.018291 -5.177187
v -24.224346 43.018291 -4.342812
v -23.520115 48.547386 -5.594376
v -23.520113 48.547386 -3.925623
vn -0.7422 0.6702 -0.0000
vn -0.9920 0.1263 -0.0000
vn -0.7478 0.0419 0.6626
vn -0.0003 -0.0850 0.9964
vn 0.0034 1.0000 -0.0000
vn -0.0034 -1.0000 -0.0000
vn -0.9022 -0.4312 -0.0000
vn -0.0003 -0.0850 -0.9964
vn -0.7478 0.0419 -0.6626
vn 0.7318 -0.1468 -0.6656
vn 0.7422 -0.6701 -0.0000
vn 0.9022 0.4312 -0.0000
vn 0.7318 -0.1468 0.6656
vt 0.000000 0.872699
vt 0.000000 0.745399
vt 1.000000 0.745399
vt 1.000000 0.872699
vt 0.875767 0.246933
vt 0.875767 0.745399
vt 0.751534 0.745399
vt 0.751534 0.246933
vt 0.751534 0.745399
vt 0.253067 0.246933
vt 0.253067 0.745399
vt 0.126534 0.745399
vt 0.253068 0.745399
vt 0.253068 0.000000
vt 0.126534 0.000000
vt 0.751534 0.246933
vt 0.751534 0.123466
vt 0.253067 0.123466
vt 0.000000 1.000000
vt 1.000000 1.000000
s 0
usemtl concrete06_trim
f 3345/3841/2157 3348/3842/2157 3350/3843/2157 3346/3844/2157
f 3346/3845/2158 3355/3846/2158 3347/3847/2158 3345/3848/2158
f 3347/3844/2159 3351/3843/2159 3348/3842/2159 3345/3841/2159
f 3352/3849/2160 3349/3848/2160 3348/3850/2160 3351/3851/2160
f 3349/3848/2161 3356/3845/2161 3350/3846/2161 3348/3847/2161
f 3354/3852/2162 3352/3853/2162 3351/3854/2162 3353/3855/2162
f 3355/3856/2163 3353/3857/2163 3351/3858/2163 3347/3850/2163
f 3356/3849/2164 3354/3851/2164 3353/3850/2164 3350/3856/2164
f 3346/3859/2165 3350/3841/2165 3353/3844/2165 3355/3860/2165
f 3356/3841/2166 3359/3859/2166 3357/3860/2166 3354/3844/2166
f 3354/3857/2167 3357/3856/2167 3358/3850/2167 3352/3858/2167
f 3349/3844/2168 3360/3860/2168 3359/3859/2168 3356/3841/2168
f 3352/3859/2169 3358/3841/2169 3360/3844/2169 3349/3860/2169
o pillars.164
v -23.520363 48.545418 -3.925623
v -23.520363 48.545418 -5.594376
v -24.224594 43.016323 -4.342812
v -23.390551 48.689190 -3.759998
v -17.806732 48.670406 -3.759998
v -23.390551 48.689190 -5.759998
v -24.136555 42.832127 -4.260000
v -18.552736 42.813343 -4.260000
v -24.136555 42.832127 -5.260000
v -18.552736 42.813343 -5.260000
v -24.224594 43.016323 -5.177187
v -17.806734 48.670403 -5.759998
v -18.422924 42.957111 -5.177187
v -18.422924 42.957111 -4.342812
v -17.718695 48.486206 -5.594376
v -17.718695 48.486206 -3.925623
vn -0.7422 0.6702 -0.0000
vn -0.9920 0.1263 -0.0000
vn -0.7478 0.0419 0.6626
vn -0.0003 -0.0850 0.9964
vn 0.0034 1.0000 -0.0000
vn -0.0034 -1.0000 -0.0000
vn -0.9022 -0.4312 -0.0000
vn -0.0003 -0.0850 -0.9964
vn -0.7478 0.0419 -0.6626
vn 0.7318 -0.1468 -0.6656
vn 0.7422 -0.6702 -0.0000
vn 0.9022 0.4312 -0.0000
vn 0.7318 -0.1468 0.6656
vt 0.000000 0.872699
vt 0.000000 0.745399
vt 1.000000 0.745399
vt 1.000000 0.872699
vt 0.875767 0.246933
vt 0.875767 0.745399
vt 0.751534 0.745399
vt 0.751534 0.246933
vt 0.751534 0.745399
vt 0.253067 0.246933
vt 0.253067 0.745399
vt 0.126534 0.745399
vt 0.253068 0.745399
vt 0.253068 0.000000
vt 0.126534 0.000000
vt 0.751534 0.246933
vt 0.751534 0.123466
vt 0.253067 0.123466
vt 0.000000 1.000000
vt 1.000000 1.000000
s 0
usemtl concrete06_trim
f 3361/3861/2170 3364/3862/2170 3366/3863/2170 3362/3864/2170
f 3362/3865/2171 3371/3866/2171 3363/3867/2171 3361/3868/2171
f 3363/3864/2172 3367/3863/2172 3364/3862/2172 3361/3861/2172
f 3368/3869/2173 3365/3868/2173 3364/3870/2173 3367/3871/2173
f 3365/3868/2174 3372/3865/2174 3366/3866/2174 3364/3867/2174
f 3370/3872/2175 3368/3873/2175 3367/3874/2175 3369/3875/2175
f 3371/3876/2176 3369/3877/2176 3367/3878/2176 3363/3870/2176
f 3372/3869/2177 3370/3871/2177 3369/3870/2177 3366/3876/2177
f 3362/3879/2178 3366/3861/2178 3369/3864/2178 3371/3880/2178
f 3372/3861/2179 3375/3879/2179 3373/3880/2179 3370/3864/2179
f 3370/3877/2180 3373/3876/2180 3374/3870/2180 3368/3878/2180
f 3365/3864/2181 3376/3880/2181 3375/3879/2181 3372/3861/2181
f 3368/3879/2182 3374/3861/2182 3376/3864/2182 3365/3880/2182
o pillars.165
v -17.718945 48.484241 -3.925623
v -17.718945 48.484241 -5.594376
v -18.423176 42.955147 -4.342812
v -17.589134 48.628014 -3.759998
v -12.005314 48.609230 -3.759998
v -17.589134 48.628014 -5.759998
v -18.335138 42.770950 -4.260000
v -12.751318 42.752163 -4.260000
v -18.335138 42.770950 -5.260000
v -12.751318 42.752163 -5.260000
v -18.423176 42.955147 -5.177187
v -12.005314 48.609226 -5.759998
v -12.621510 42.895935 -5.177187
v -12.621510 42.895935 -4.342812
v -11.917278 48.425034 -5.594376
v -11.917276 48.425034 -3.925623
vn -0.7422 0.6702 -0.0000
vn -0.9920 0.1263 -0.0000
vn -0.7478 0.0419 0.6626
vn -0.0003 -0.0850 0.9964
vn 0.0034 1.0000 -0.0000
vn -0.0034 -1.0000 -0.0000
vn -0.9022 -0.4312 -0.0000
vn -0.0003 -0.0850 -0.9964
vn -0.7478 0.0419 -0.6626
vn 0.7318 -0.1468 -0.6656
vn 0.7422 -0.6701 -0.0000
vn 0.9022 0.4312 -0.0000
vn 0.7318 -0.1468 0.6656
vt 0.000000 0.872699
vt 0.000000 0.745399
vt 1.000000 0.745399
vt 1.000000 0.872699
vt 0.875767 0.246933
vt 0.875767 0.745399
vt 0.751534 0.745399
vt 0.751534 0.246933
vt 0.751534 0.745399
vt 0.253067 0.246933
vt 0.253067 0.745399
vt 0.126534 0.745399
vt 0.253068 0.745399
vt 0.253068 0.000000
vt 0.126534 0.000000
vt 0.751534 0.246933
vt 0.751534 0.123466
vt 0.253067 0.123466
vt 0.000000 1.000000
vt 1.000000 1.000000
s 0
usemtl concrete06_trim
f 3377/3881/2183 3380/3882/2183 3382/3883/2183 3378/3884/2183
f 3378/3885/2184 3387/3886/2184 3379/3887/2184 3377/3888/2184
f 3379/3884/2185 3383/3883/2185 3380/3882/2185 3377/3881/2185
f 3384/3889/2186 3381/3888/2186 3380/3890/2186 3383/3891/2186
f 3381/3888/2187 3388/3885/2187 3382/3886/2187 3380/3887/2187
f 3386/3892/2188 3384/3893/2188 3383/3894/2188 3385/3895/2188
f 3387/3896/2189 3385/3897/2189 3383/3898/2189 3379/3890/2189
f 3388/3889/2190 3386/3891/2190 3385/3890/2190 3382/3896/2190
f 3378/3899/2191 3382/3881/2191 3385/3884/2191 3387/3900/2191
f 3388/3881/2192 3391/3899/2192 3389/3900/2192 3386/3884/2192
f 3386/3897/2193 3389/3896/2193 3390/3890/2193 3384/3898/2193
f 3381/3884/2194 3392/3900/2194 3391/3899/2194 3388/3881/2194
f 3384/3899/2195 3390/3881/2195 3392/3884/2195 3381/3900/2195
o pillars.166
v -11.917528 48.423065 -3.925623
v -11.917528 48.423065 -5.594376
v -12.621758 42.893970 -4.342812
v -11.787716 48.566833 -3.759998
v -6.203899 48.548050 -3.759998
v -11.787716 48.566833 -5.759998
v -12.533718 42.709774 -4.260000
v -6.949902 42.690987 -4.260000
v -12.533718 42.709774 -5.260000
v -6.949902 42.690987 -5.260000
v -12.621758 42.893970 -5.177187
v -6.203899 48.548050 -5.759998
v -6.820091 42.834759 -5.177187
v -6.820091 42.834759 -4.342812
v -6.115860 48.363853 -5.594376
v -6.115860 48.363853 -3.925623
vn -0.7422 0.6701 -0.0000
vn -0.9920 0.1263 -0.0000
vn -0.7478 0.0419 0.6626
vn -0.0003 -0.0850 0.9964
vn 0.0034 1.0000 -0.0000
vn -0.0034 -1.0000 -0.0000
vn -0.9022 -0.4312 -0.0000
vn -0.0003 -0.0850 -0.9964
vn -0.7478 0.0419 -0.6626
vn 0.7318 -0.1468 -0.6656
vn 0.7422 -0.6702 -0.0000
vn 0.9022 0.4312 -0.0000
vn 0.7318 -0.1468 0.6656
vt 0.000000 0.872699
vt 0.000000 0.745399
vt 1.000000 0.745399
vt 1.000000 0.872699
vt 0.875767 0.246933
vt 0.875767 0.745399
vt 0.751534 0.745399
vt 0.751534 0.246933
vt 0.751534 0.745399
vt 0.253067 0.246933
vt 0.253067 0.745399
vt 0.126534 0.745399
vt 0.253068 0.745399
vt 0.253068 0.000000
vt 0.126534 0.000000
vt 0.751534 0.246933
vt 0.751534 0.123466
vt 0.253067 0.123466
vt 0.000000 1.000000
vt 1.000000 1.000000
s 0
usemtl concrete06_trim
f 3393/3901/2196 3396/3902/2196 3398/3903/2196 3394/3904/2196
f 3394/3905/2197 3403/3906/2197 3395/3907/2197 3393/3908/2197
f 3395/3904/2198 3399/3903/2198 3396/3902/2198 3393/3901/2198
f 3400/3909/2199 3397/3908/2199 3396/3910/2199 3399/3911/2199
f 3397/3908/2200 3404/3905/2200 3398/3906/2200 3396/3907/2200
f 3402/3912/2201 3400/3913/2201 3399/3914/2201 3401/3915/2201
f 3403/3916/2202 3401/3917/2202 3399/3918/2202 3395/3910/2202
f 3404/3909/2203 3402/3911/2203 3401/3910/2203 3398/3916/2203
f 3394/3919/2204 3398/3901/2204 3401/3904/2204 3403/3920/2204
f 3404/3901/2205 3407/3919/2205 3405/3920/2205 3402/3904/2205
f 3402/3917/2206 3405/3916/2206 3406/3910/2206 3400/3918/2206
f 3397/3904/2207 3408/3920/2207 3407/3919/2207 3404/3901/2207
f 3400/3919/2208 3406/3901/2208 3408/3904/2208 3397/3920/2208
o pillars.167
v -6.116112 48.361889 -3.925623
v -6.116112 48.361889 -5.594376
v -6.820343 42.832790 -4.342812
v -5.986298 48.505657 -3.759998
v -0.402477 48.486874 -3.759998
v -5.986301 48.505657 -5.759998
v -6.732304 42.648598 -4.260000
v -1.148479 42.629810 -4.260000
v -6.732304 42.648598 -5.260000
v -1.148479 42.629810 -5.260000
v -6.820343 42.832790 -5.177187
v -0.402477 48.486874 -5.759998
v -1.018673 42.773579 -5.177187
v -1.018673 42.773579 -4.342812
v -0.314442 48.302677 -5.594376
v -0.314442 48.302677 -3.925623
vn -0.7422 0.6702 -0.0000
vn -0.9920 0.1263 -0.0000
vn -0.7478 0.0419 0.6626
vn -0.0003 -0.0850 0.9964
vn 0.0034 1.0000 -0.0000
vn -0.0034 -1.0000 -0.0000
vn -0.9022 -0.4312 -0.0000
vn -0.0003 -0.0850 -0.9964
vn -0.7478 0.0419 -0.6626
vn 0.7318 -0.1468 -0.6656
vn 0.7422 -0.6701 -0.0000
vn 0.9022 0.4312 -0.0000
vn 0.7318 -0.1468 0.6656
vt 0.000000 0.872699
vt 0.000000 0.745399
vt 1.000000 0.745399
vt 1.000000 0.872699
vt 0.875767 0.246933
vt 0.875767 0.745399
vt 0.751534 0.745399
vt 0.751534 0.246933
vt 0.751534 0.745399
vt 0.253067 0.246933
vt 0.253067 0.745399
vt 0.126534 0.745399
vt 0.253068 0.745399
vt 0.253068 0.000000
vt 0.126534 0.000000
vt 0.751534 0.246933
vt 0.751534 0.123466
vt 0.253067 0.123466
vt 0.000000 1.000000
vt 1.000000 1.000000
s 0
usemtl concrete06_trim
f 3409/3921/2209 3412/3922/2209 3414/3923/2209 3410/3924/2209
f 3410/3925/2210 3419/3926/2210 3411/3927/2210 3409/3928/2210
f 3411/3924/2211 3415/3923/2211 3412/3922/2211 3409/3921/2211
f 3416/3929/2212 3413/3928/2212 3412/3930/2212 3415/3931/2212
f 3413/3928/2213 3420/3925/2213 3414/3926/2213 3412/3927/2213
f 3418/3932/2214 3416/3933/2214 3415/3934/2214 3417/3935/2214
f 3419/3936/2215 3417/3937/2215 3415/3938/2215 3411/3930/2215
f 3420/3929/2216 3418/3931/2216 3417/3930/2216 3414/3936/2216
f 3410/3939/2217 3414/3921/2217 3417/3924/2217 3419/3940/2217
f 3420/3921/2218 3423/3939/2218 3421/3940/2218 3418/3924/2218
f 3418/3937/2219 3421/3936/2219 3422/3930/2219 3416/3938/2219
f 3413/3924/2220 3424/3940/2220 3423/3939/2220 3420/3921/2220
f 3416/3939/2221 3422/3921/2221 3424/3924/2221 3413/3940/2221
o pillars.168
v -0.314693 48.300709 -3.925623
v -0.314693 48.300709 -5.594376
v -1.018925 42.771614 -4.342812
v -0.184879 48.444481 -3.759998
v 5.398937 48.425697 -3.759998
v -0.184883 48.444481 -5.759998
v -0.930885 42.587418 -4.260000
v 4.652931 42.568634 -4.260000
v -0.930885 42.587418 -5.260000
v 4.652931 42.568634 -5.260000
v -1.018925 42.771614 -5.177187
v 5.398937 48.425697 -5.759998
v 4.782742 42.712402 -5.177187
v 4.782742 42.712402 -4.342812
v 5.486973 48.241501 -5.594376
v 5.486977 48.241501 -3.925623
vn -0.7422 0.6701 -0.0000
vn -0.9920 0.1263 -0.0000
vn -0.7478 0.0419 0.6626
vn -0.0003 -0.0850 0.9964
vn 0.0034 1.0000 -0.0000
vn -0.0034 -1.0000 -0.0000
vn -0.9022 -0.4312 -0.0000
vn -0.0003 -0.0850 -0.9964
vn -0.7478 0.0419 -0.6626
vn 0.7318 -0.1468 -0.6656
vn 0.7422 -0.6701 -0.0000
vn 0.9022 0.4312 -0.0000
vn 0.7318 -0.1468 0.6656
vt 0.000000 0.872699
vt 0.000000 0.745399
vt 1.000000 0.745399
vt 1.000000 0.872699
vt 0.875767 0.246933
vt 0.875767 0.745399
vt 0.751534 0.745399
vt 0.751534 0.246933
vt 0.751534 0.745399
vt 0.253067 0.246933
vt 0.253067 0.745399
vt 0.126534 0.745399
vt 0.253068 0.745399
vt 0.253068 0.000000
vt 0.126534 0.000000
vt 0.751534 0.246933
vt 0.751534 0.123466
vt 0.253067 0.123466
vt 0.000000 1.000000
vt 1.000000 1.000000
s 0
usemtl concrete06_trim
f 3425/3941/2222 3428/3942/2222 3430/3943/2222 3426/3944/2222
f 3426/3945/2223 3435/3946/2223 3427/3947/2223 3425/3948/2223
f 3427/3944/2224 3431/3943/2224 3428/3942/2224 3425/3941/2224
f 3432/3949/2225 3429/3948/2225 3428/3950/2225 3431/3951/2225
f 3429/3948/2226 3436/3945/2226 3430/3946/2226 3428/3947/2226
f 3434/3952/2227 3432/3953/2227 3431/3954/2227 3433/3955/2227
f 3435/3956/2228 3433/3957/2228 3431/3958/2228 3427/3950/2228
f 3436/3949/2229 3434/3951/2229 3433/3950/2229 3430/3956/2229
f 3426/3959/2230 3430/3941/2230 3433/3944/2230 3435/3960/2230
f 3436/3941/2231 3439/3959/2231 3437/3960/2231 3434/3944/2231
f 3434/3957/2232 3437/3956/2232 3438/3950/2232 3432/3958/2232
f 3429/3944/2233 3440/3960/2233 3439/3959/2233 3436/3941/2233
f 3432/3959/2234 3438/3941/2234 3440/3944/2234 3429/3960/2234
o pillars.169
v 5.486729 48.239532 -3.925623
v 5.486729 48.239532 -5.594376
v 4.782497 42.710438 -4.342812
v 5.616539 48.383305 -3.759998
v 11.200356 48.364517 -3.759998
v 5.616535 48.383305 -5.759998
v 4.870533 42.526241 -4.260000
v 10.454353 42.507454 -4.260000
v 4.870533 42.526241 -5.260000
v 10.454353 42.507454 -5.260000
v 4.782497 42.710438 -5.177187
v 11.200356 48.364517 -5.759998
v 10.584164 42.651226 -5.177187
v 10.584164 42.651226 -4.342812
v 11.288395 48.180321 -5.594376
v 11.288399 48.180321 -3.925623
vn -0.7422 0.6701 -0.0000
vn -0.9920 0.1263 -0.0000
vn -0.7478 0.0419 0.6626
vn -0.0003 -0.0850 0.9964
vn 0.0034 1.0000 -0.0000
vn -0.0034 -1.0000 -0.0000
vn -0.9022 -0.4312 -0.0000
vn -0.0003 -0.0850 -0.9964
vn -0.7478 0.0419 -0.6626
vn 0.7318 -0.1468 -0.6656
vn 0.7422 -0.6701 -0.0000
vn 0.9022 0.4312 -0.0000
vn 0.7318 -0.1468 0.6656
vt 0.000000 0.872699
vt 0.000000 0.745399
vt 1.000000 0.745399
vt 1.000000 0.872699
vt 0.875767 0.246933
vt 0.875767 0.745399
vt 0.751534 0.745399
vt 0.751534 0.246933
vt 0.751534 0.745399
vt 0.253067 0.246933
vt 0.253067 0.745399
vt 0.126534 0.745399
vt 0.253068 0.745399
vt 0.253068 0.000000
vt 0.126534 0.000000
vt 0.751534 0.246933
vt 0.751534 0.123466
vt 0.253067 0.123466
vt 0.000000 1.000000
vt 1.000000 1.000000
s 0
usemtl concrete06_trim
f 3441/3961/2235 3444/3962/2235 3446/3963/2235 3442/3964/2235
f 3442/3965/2236 3451/3966/2236 3443/3967/2236 3441/3968/2236
f 3443/3964/2237 3447/3963/2237 3444/3962/2237 3441/3961/2237
f 3448/3969/2238 3445/3968/2238 3444/3970/2238 3447/3971/2238
f 3445/3968/2239 3452/3965/2239 3446/3966/2239 3444/3967/2239
f 3450/3972/2240 3448/3973/2240 3447/3974/2240 3449/3975/2240
f 3451/3976/2241 3449/3977/2241 3447/3978/2241 3443/3970/2241
f 3452/3969/2242 3450/3971/2242 3449/3970/2242 3446/3976/2242
f 3442/3979/2243 3446/3961/2243 3449/3964/2243 3451/3980/2243
f 3452/3961/2244 3455/3979/2244 3453/3980/2244 3450/3964/2244
f 3450/3977/2245 3453/3976/2245 3454/3970/2245 3448/3978/2245
f 3445/3964/2246 3456/3980/2246 3455/3979/2246 3452/3961/2246
f 3448/3979/2247 3454/3961/2247 3456/3964/2247 3445/3980/2247
o pillars.170
v 11.288147 48.178356 -3.925623
v 11.288147 48.178356 -5.594376
v 10.583916 42.649258 -4.342812
v 11.417957 48.322124 -3.759998
v 17.001778 48.303341 -3.759998
v 11.417953 48.322124 -5.759998
v 10.671951 42.465065 -4.260000
v 16.255775 42.446278 -4.260000
v 10.671951 42.465065 -5.260000
v 16.255775 42.446278 -5.260000
v 10.583916 42.649258 -5.177187
v 17.001778 48.303341 -5.759998
v 16.385582 42.590050 -5.177187
v 16.385582 42.590050 -4.342812
v 17.089809 48.119144 -5.594376
v 17.089813 48.119144 -3.925623
vn -0.7422 0.6701 -0.0000
vn -0.9920 0.1263 -0.0000
vn -0.7478 0.0419 0.6626
vn -0.0003 -0.0850 0.9964
vn 0.0034 1.0000 -0.0000
vn -0.0034 -1.0000 -0.0000
vn -0.9022 -0.4312 -0.0000
vn -0.0003 -0.0850 -0.9964
vn -0.7478 0.0419 -0.6626
vn 0.7318 -0.1468 -0.6656
vn 0.7422 -0.6701 -0.0000
vn 0.9022 0.4312 -0.0000
vn 0.7318 -0.1468 0.6656
vt 0.000000 0.872699
vt 0.000000 0.745399
vt 1.000000 0.745399
vt 1.000000 0.872699
vt 0.875767 0.246933
vt 0.875767 0.745399
vt 0.751534 0.745399
vt 0.751534 0.246933
vt 0.751534 0.745399
vt 0.253067 0.246933
vt 0.253067 0.745399
vt 0.126534 0.745399
vt 0.253068 0.745399
vt 0.253068 0.000000
vt 0.126534 0.000000
vt 0.751534 0.246933
vt 0.751534 0.123466
vt 0.253067 0.123466
vt 0.000000 1.000000
vt 1.000000 1.000000
s 0
usemtl concrete06_trim
f 3457/3981/2248 3460/3982/2248 3462/3983/2248 3458/3984/2248
f 3458/3985/2249 3467/3986/2249 3459/3987/2249 3457/3988/2249
f 3459/3984/2250 3463/3983/2250 3460/3982/2250 3457/3981/2250
f 3464/3989/2251 3461/3988/2251 3460/3990/2251 3463/3991/2251
f 3461/3988/2252 3468/3985/2252 3462/3986/2252 3460/3987/2252
f 3466/3992/2253 3464/3993/2253 3463/3994/2253 3465/3995/2253
f 3467/3996/2254 3465/3997/2254 3463/3998/2254 3459/3990/2254
f 3468/3989/2255 3466/3991/2255 3465/3990/2255 3462/3996/2255
f 3458/3999/2256 3462/3981/2256 3465/3984/2256 3467/4000/2256
f 3468/3981/2257 3471/3999/2257 3469/4000/2257 3466/3984/2257
f 3466/3997/2258 3469/3996/2258 3470/3990/2258 3464/3998/2258
f 3461/3984/2259 3472/4000/2259 3471/3999/2259 3468/3981/2259
f 3464/3999/2260 3470/3981/2260 3472/3984/2260 3461/4000/2260
o pillars.171
v 17.089561 48.117180 -3.925623
v 17.089561 48.117180 -5.594376
v 16.385330 42.588081 -4.342812
v 17.219376 48.260948 -3.759998
v 22.803192 48.242165 -3.759998
v 17.219372 48.260948 -5.759998
v 16.473366 42.403885 -4.260000
v 22.057190 42.385101 -4.260000
v 16.473366 42.403885 -5.260000
v 22.057190 42.385101 -5.260000
v 16.385330 42.588081 -5.177187
v 22.803192 48.242165 -5.759998
v 22.186996 42.528870 -5.177187
v 22.186996 42.528870 -4.342812
v 22.891228 48.057968 -5.594376
v 22.891228 48.057968 -3.925623
vn -0.7422 0.6702 -0.0000
vn -0.9920 0.1263 -0.0000
vn -0.7478 0.0419 0.6626
vn -0.0003 -0.0850 0.9964
vn 0.0034 1.0000 -0.0000
vn -0.0034 -1.0000 -0.0000
vn -0.9022 -0.4312 -0.0000
vn -0.0003 -0.0850 -0.9964
vn -0.7478 0.0419 -0.6626
vn 0.7318 -0.1468 -0.6656
vn 0.7422 -0.6701 -0.0000
vn 0.9022 0.4312 -0.0000
vn 0.7318 -0.1468 0.6656
vt 0.000000 0.872699
vt 0.000000 0.745399
vt 1.000000 0.745399
vt 1.000000 0.872699
vt 0.875767 0.246933
vt 0.875767 0.745399
vt 0.751534 0.745399
vt 0.751534 0.246933
vt 0.751534 0.745399
vt 0.253067 0.246933
vt 0.253067 0.745399
vt 0.126534 0.745399
vt 0.253068 0.745399
vt 0.253068 0.000000
vt 0.126534 0.000000
vt 0.751534 0.246933
vt 0.751534 0.123466
vt 0.253067 0.123466
vt 0.000000 1.000000
vt 1.000000 1.000000
s 0
usemtl concrete06_trim
f 3473/4001/2261 3476/4002/2261 3478/4003/2261 3474/4004/2261
f 3474/4005/2262 3483/4006/2262 3475/4007/2262 3473/4008/2262
f 3475/4004/2263 3479/4003/2263 3476/4002/2263 3473/4001/2263
f 3480/4009/2264 3477/4008/2264 3476/4010/2264 3479/4011/2264
f 3477/4008/2265 3484/4005/2265 3478/4006/2265 3476/4007/2265
f 3482/4012/2266 3480/4013/2266 3479/4014/2266 3481/4015/2266
f 3483/4016/2267 3481/4017/2267 3479/4018/2267 3475/4010/2267
f 3484/4009/2268 3482/4011/2268 3481/4010/2268 3478/4016/2268
f 3474/4019/2269 3478/4001/2269 3481/4004/2269 3483/4020/2269
f 3484/4001/2270 3487/4019/2270 3485/4020/2270 3482/4004/2270
f 3482/4017/2271 3485/4016/2271 3486/4010/2271 3480/4018/2271
f 3477/4004/2272 3488/4020/2272 3487/4019/2272 3484/4001/2272
f 3480/4019/2273 3486/4001/2273 3488/4004/2273 3477/4020/2273
o pillars.172
v -40.924618 48.728951 -7.105623
v -40.924618 48.728951 -8.774376
v -41.628845 43.199856 -7.522812
v -40.794804 48.872723 -6.939999
v -35.210987 48.853935 -6.939999
v -40.794807 48.872723 -8.939999
v -41.540810 43.015659 -7.440001
v -35.956989 42.996872 -7.440001
v -41.540810 43.015659 -8.440001
v -35.956989 42.996872 -8.440001
v -41.628845 43.199856 -8.357187
v -35.210987 48.853935 -8.939999
v -35.827179 43.140644 -8.357187
v -35.827179 43.140644 -7.522812
v -35.122948 48.669739 -8.774376
v -35.122948 48.669739 -7.105623
vn -0.7422 0.6702 -0.0000
vn -0.9920 0.1263 -0.0000
vn -0.7478 0.0419 0.6626
vn -0.0003 -0.0850 0.9964
vn 0.0034 1.0000 -0.0000
vn -0.0034 -1.0000 -0.0000
vn -0.9022 -0.4312 -0.0000
vn -0.0003 -0.0850 -0.9964
vn -0.7478 0.0419 -0.6626
vn 0.7318 -0.1468 -0.6656
vn 0.7422 -0.6702 -0.0000
vn 0.9022 0.4312 -0.0000
vn 0.7318 -0.1468 0.6656
vt 0.000000 0.872699
vt 0.000000 0.745399
vt 1.000000 0.745399
vt 1.000000 0.872699
vt 0.875767 0.246933
vt 0.875767 0.745399
vt 0.751534 0.745399
vt 0.751534 0.246933
vt 0.751534 0.745399
vt 0.253067 0.246933
vt 0.253067 0.745399
vt 0.126534 0.745399
vt 0.253068 0.745399
vt 0.253068 0.000000
vt 0.126534 0.000000
vt 0.751534 0.246933
vt 0.751534 0.123466
vt 0.253067 0.123466
vt 0.000000 1.000000
vt 1.000000 1.000000
s 0
usemtl concrete06_trim
f 3489/4021/2274 3492/4022/2274 3494/4023/2274 3490/4024/2274
f 3490/4025/2275 3499/4026/2275 3491/4027/2275 3489/4028/2275
f 3491/4024/2276 3495/4023/2276 3492/4022/2276 3489/4021/2276
f 3496/4029/2277 3493/4028/2277 3492/4030/2277 3495/4031/2277
f 3493/4028/2278 3500/4025/2278 3494/4026/2278 3492/4027/2278
f 3498/4032/2279 3496/4033/2279 3495/4034/2279 3497/4035/2279
f 3499/4036/2280 3497/4037/2280 3495/4038/2280 3491/4030/2280
f 3500/4029/2281 3498/4031/2281 3497/4030/2281 3494/4036/2281
f 3490/4039/2282 3494/4021/2282 3497/4024/2282 3499/4040/2282
f 3500/4021/2283 3503/4039/2283 3501/4040/2283 3498/4024/2283
f 3498/4037/2284 3501/4036/2284 3502/4030/2284 3496/4038/2284
f 3493/4024/2285 3504/4040/2285 3503/4039/2285 3500/4021/2285
f 3496/4039/2286 3502/4021/2286 3504/4024/2286 3493/4040/2286
o pillars.173
v -35.123199 48.667774 -7.105623
v -35.123199 48.667774 -8.774376
v -35.827431 43.138680 -7.522812
v -34.993385 48.811546 -6.939999
v -29.409569 48.792759 -6.939999
v -34.993389 48.811546 -8.939999
v -35.739391 42.954483 -7.440001
v -30.155573 42.935696 -7.440001
v -35.739391 42.954483 -8.440001
v -30.155573 42.935696 -8.440001
v -35.827431 43.138680 -8.357187
v -29.409569 48.792759 -8.939999
v -30.025761 43.079468 -8.357187
v -30.025761 43.079468 -7.522812
v -29.321531 48.608562 -8.774376
v -29.321529 48.608562 -7.105623
vn -0.7422 0.6702 -0.0000
vn -0.9920 0.1263 -0.0000
vn -0.7478 0.0419 0.6626
vn -0.0003 -0.0850 0.9964
vn 0.0034 1.0000 -0.0000
vn -0.0034 -1.0000 -0.0000
vn -0.9022 -0.4312 -0.0000
vn -0.0003 -0.0850 -0.9964
vn -0.7478 0.0419 -0.6626
vn 0.7318 -0.1468 -0.6656
vn 0.7422 -0.6702 -0.0000
vn 0.9022 0.4312 -0.0000
vn 0.7318 -0.1468 0.6656
vt 0.000000 0.872699
vt 0.000000 0.745399
vt 1.000000 0.745399
vt 1.000000 0.872699
vt 0.875767 0.246933
vt 0.875767 0.745399
vt 0.751534 0.745399
vt 0.751534 0.246933
vt 0.751534 0.745399
vt 0.253067 0.246933
vt 0.253067 0.745399
vt 0.126534 0.745399
vt 0.253068 0.745399
vt 0.253068 0.000000
vt 0.126534 0.000000
vt 0.751534 0.246933
vt 0.751534 0.123466
vt 0.253067 0.123466
vt 0.000000 1.000000
vt 1.000000 1.000000
s 0
usemtl concrete06_trim
f 3505/4041/2287 3508/4042/2287 3510/4043/2287 3506/4044/2287
f 3506/4045/2288 3515/4046/2288 3507/4047/2288 3505/4048/2288
f 3507/4044/2289 3511/4043/2289 3508/4042/2289 3505/4041/2289
f 3512/4049/2290 3509/4048/2290 3508/4050/2290 3511/4051/2290
f 3509/4048/2291 3516/4045/2291 3510/4046/2291 3508/4047/2291
f 3514/4052/2292 3512/4053/2292 3511/4054/2292 3513/4055/2292
f 3515/4056/2293 3513/4057/2293 3511/4058/2293 3507/4050/2293
f 3516/4049/2294 3514/4051/2294 3513/4050/2294 3510/4056/2294
f 3506/4059/2295 3510/4041/2295 3513/4044/2295 3515/4060/2295
f 3516/4041/2296 3519/4059/2296 3517/4060/2296 3514/4044/2296
f 3514/4057/2297 3517/4056/2297 3518/4050/2297 3512/4058/2297
f 3509/4044/2298 3520/4060/2298 3519/4059/2298 3516/4041/2298
f 3512/4059/2299 3518/4041/2299 3520/4044/2299 3509/4060/2299
o pillars.174
v -29.321781 48.606598 -7.105623
v -29.321781 48.606598 -8.774376
v -30.026012 43.077499 -7.522812
v -29.191971 48.750366 -6.939999
v -23.608150 48.731583 -6.939999
v -29.191971 48.750366 -8.939999
v -29.937973 42.893303 -7.440001
v -24.354155 42.874519 -7.440001
v -29.937973 42.893303 -8.440001
v -24.354155 42.874519 -8.440001
v -30.026012 43.077499 -8.357187
v -23.608150 48.731583 -8.939999
v -24.224346 43.018291 -8.357187
v -24.224346 43.018291 -7.522812
v -23.520115 48.547386 -8.774376
v -23.520113 48.547386 -7.105623
vn -0.7422 0.6702 -0.0000
vn -0.9920 0.1263 -0.0000
vn -0.7478 0.0419 0.6626
vn -0.0003 -0.0850 0.9964
vn 0.0034 1.0000 -0.0000
vn -0.0034 -1.0000 -0.0000
vn -0.9022 -0.4312 -0.0000
vn -0.0003 -0.0850 -0.9964
vn -0.7478 0.0419 -0.6626
vn 0.7318 -0.1468 -0.6655
vn 0.7422 -0.6701 -0.0000
vn 0.9022 0.4312 -0.0000
vn 0.7318 -0.1468 0.6656
vt 0.000000 0.872699
vt 0.000000 0.745399
vt 1.000000 0.745399
vt 1.000000 0.872699
vt 0.875767 0.246933
vt 0.875767 0.745399
vt 0.751534 0.745399
vt 0.751534 0.246933
vt 0.751534 0.745399
vt 0.253067 0.246933
vt 0.253067 0.745399
vt 0.126534 0.745399
vt 0.253068 0.745399
vt 0.253068 0.000000
vt 0.126534 0.000000
vt 0.751534 0.246933
vt 0.751534 0.123466
vt 0.253067 0.123466
vt 0.000000 1.000000
vt 1.000000 1.000000
s 0
usemtl concrete06_trim
f 3521/4061/2300 3524/4062/2300 3526/4063/2300 3522/4064/2300
f 3522/4065/2301 3531/4066/2301 3523/4067/2301 3521/4068/2301
f 3523/4064/2302 3527/4063/2302 3524/4062/2302 3521/4061/2302
f 3528/4069/2303 3525/4068/2303 3524/4070/2303 3527/4071/2303
f 3525/4068/2304 3532/4065/2304 3526/4066/2304 3524/4067/2304
f 3530/4072/2305 3528/4073/2305 3527/4074/2305 3529/4075/2305
f 3531/4076/2306 3529/4077/2306 3527/4078/2306 3523/4070/2306
f 3532/4069/2307 3530/4071/2307 3529/4070/2307 3526/4076/2307
f 3522/4079/2308 3526/4061/2308 3529/4064/2308 3531/4080/2308
f 3532/4061/2309 3535/4079/2309 3533/4080/2309 3530/4064/2309
f 3530/4077/2310 3533/4076/2310 3534/4070/2310 3528/4078/2310
f 3525/4064/2311 3536/4080/2311 3535/4079/2311 3532/4061/2311
f 3528/4079/2312 3534/4061/2312 3536/4064/2312 3525/4080/2312
o pillars.175
v -23.520363 48.545418 -7.105623
v -23.520363 48.545418 -8.774376
v -24.224594 43.016323 -7.522812
v -23.390551 48.689190 -6.939999
v -17.806732 48.670406 -6.939999
v -23.390551 48.689190 -8.939999
v -24.136555 42.832127 -7.440001
v -18.552736 42.813343 -7.440001
v -24.136555 42.832127 -8.440001
v -18.552736 42.813343 -8.440001
v -24.224594 43.016323 -8.357187
v -17.806734 48.670403 -8.939999
v -18.422924 42.957111 -8.357187
v -18.422924 42.957111 -7.522812
v -17.718695 48.486206 -8.774376
v -17.718695 48.486206 -7.105623
vn -0.7422 0.6702 -0.0000
vn -0.9920 0.1263 -0.0000
vn -0.7478 0.0419 0.6626
vn -0.0003 -0.0850 0.9964
vn 0.0034 1.0000 -0.0000
vn -0.0034 -1.0000 -0.0000
vn -0.9022 -0.4312 -0.0000
vn -0.0003 -0.0850 -0.9964
vn -0.7478 0.0419 -0.6626
vn 0.7318 -0.1468 -0.6656
vn 0.7422 -0.6702 -0.0000
vn 0.9022 0.4312 -0.0000
vn 0.7318 -0.1468 0.6656
vt 0.000000 0.872699
vt 0.000000 0.745399
vt 1.000000 0.745399
vt 1.000000 0.872699
vt 0.875767 0.246933
vt 0.875767 0.745399
vt 0.751534 0.745399
vt 0.751534 0.246933
vt 0.751534 0.745399
vt 0.253067 0.246933
vt 0.253067 0.745399
vt 0.126534 0.745399
vt 0.253068 0.745399
vt 0.253068 0.000000
vt 0.126534 0.000000
vt 0.751534 0.246933
vt 0.751534 0.123466
vt 0.253067 0.123466
vt 0.000000 1.000000
vt 1.000000 1.000000
s 0
usemtl concrete06_trim
f 3537/4081/2313 3540/4082/2313 3542/4083/2313 3538/4084/2313
f 3538/4085/2314 3547/4086/2314 3539/4087/2314 3537/4088/2314
f 3539/4084/2315 3543/4083/2315 3540/4082/2315 3537/4081/2315
f 3544/4089/2316 3541/4088/2316 3540/4090/2316 3543/4091/2316
f 3541/4088/2317 3548/4085/2317 3542/4086/2317 3540/4087/2317
f 3546/4092/2318 3544/4093/2318 3543/4094/2318 3545/4095/2318
f 3547/4096/2319 3545/4097/2319 3543/4098/2319 3539/4090/2319
f 3548/4089/2320 3546/4091/2320 3545/4090/2320 3542/4096/2320
f 3538/4099/2321 3542/4081/2321 3545/4084/2321 3547/4100/2321
f 3548/4081/2322 3551/4099/2322 3549/4100/2322 3546/4084/2322
f 3546/4097/2323 3549/4096/2323 3550/4090/2323 3544/4098/2323
f 3541/4084/2324 3552/4100/2324 3551/4099/2324 3548/4081/2324
f 3544/4099/2325 3550/4081/2325 3552/4084/2325 3541/4100/2325
o pillars.176
v -17.718945 48.484241 -7.105623
v -17.718945 48.484241 -8.774376
v -18.423176 42.955147 -7.522812
v -17.589134 48.628014 -6.939999
v -12.005314 48.609230 -6.939999
v -17.589134 48.628014 -8.939999
v -18.335138 42.770950 -7.440001
v -12.751318 42.752163 -7.440001
v -18.335138 42.770950 -8.440001
v -12.751318 42.752163 -8.440001
v -18.423176 42.955147 -8.357187
v -12.005314 48.609226 -8.939999
v -12.621510 42.895935 -8.357187
v -12.621510 42.895935 -7.522812
v -11.917278 48.425034 -8.774376
v -11.917276 48.425034 -7.105623
vn -0.7422 0.6702 -0.0000
vn -0.9920 0.1263 -0.0000
vn -0.7478 0.0419 0.6626
vn -0.0003 -0.0850 0.9964
vn 0.0034 1.0000 -0.0000
vn -0.0034 -1.0000 -0.0000
vn -0.9022 -0.4312 -0.0000
vn -0.0003 -0.0850 -0.9964
vn -0.7478 0.0419 -0.6626
vn 0.7318 -0.1468 -0.6655
vn 0.7422 -0.6701 -0.0000
vn 0.9022 0.4312 -0.0000
vn 0.7318 -0.1468 0.6656
vt 0.000000 0.872699
vt 0.000000 0.745399
vt 1.000000 0.745399
vt 1.000000 0.872699
vt 0.875767 0.246933
vt 0.875767 0.745399
vt 0.751534 0.745399
vt 0.751534 0.246933
vt 0.751534 0.745399
vt 0.253067 0.246933
vt 0.253067 0.745399
vt 0.126534 0.745399
vt 0.253068 0.745399
vt 0.253068 0.000000
vt 0.126534 0.000000
vt 0.751534 0.246933
vt 0.751534 0.123466
vt 0.253067 0.123466
vt 0.000000 1.000000
vt 1.000000 1.000000
s 0
usemtl concrete06_trim
f 3553/4101/2326 3556/4102/2326 3558/4103/2326 3554/4104/2326
f 3554/4105/2327 3563/4106/2327 3555/4107/2327 3553/4108/2327
f 3555/4104/2328 3559/4103/2328 3556/4102/2328 3553/4101/2328
f 3560/4109/2329 3557/4108/2329 3556/4110/2329 3559/4111/2329
f 3557/4108/2330 3564/4105/2330 3558/4106/2330 3556/4107/2330
f 3562/4112/2331 3560/4113/2331 3559/4114/2331 3561/4115/2331
f 3563/4116/2332 3561/4117/2332 3559/4118/2332 3555/4110/2332
f 3564/4109/2333 3562/4111/2333 3561/4110/2333 3558/4116/2333
f 3554/4119/2334 3558/4101/2334 3561/4104/2334 3563/4120/2334
f 3564/4101/2335 3567/4119/2335 3565/4120/2335 3562/4104/2335
f 3562/4117/2336 3565/4116/2336 3566/4110/2336 3560/4118/2336
f 3557/4104/2337 3568/4120/2337 3567/4119/2337 3564/4101/2337
f 3560/4119/2338 3566/4101/2338 3568/4104/2338 3557/4120/2338
o pillars.177
v -11.917528 48.423065 -7.105623
v -11.917528 48.423065 -8.774376
v -12.621758 42.893970 -7.522812
v -11.787716 48.566833 -6.939999
v -6.203899 48.548050 -6.939999
v -11.787716 48.566833 -8.939999
v -12.533718 42.709774 -7.440001
v -6.949902 42.690987 -7.440001
v -12.533718 42.709774 -8.440001
v -6.949902 42.690987 -8.440001
v -12.621758 42.893970 -8.357187
v -6.203899 48.548050 -8.939999
v -6.820091 42.834759 -8.357187
v -6.820091 42.834759 -7.522812
v -6.115860 48.363853 -8.774376
v -6.115860 48.363853 -7.105623
vn -0.7422 0.6701 -0.0000
vn -0.9920 0.1263 -0.0000
vn -0.7478 0.0419 0.6626
vn -0.0003 -0.0850 0.9964
vn 0.0034 1.0000 -0.0000
vn -0.0034 -1.0000 -0.0000
vn -0.9022 -0.4312 -0.0000
vn -0.0003 -0.0850 -0.9964
vn -0.7478 0.0419 -0.6626
vn 0.7318 -0.1468 -0.6656
vn 0.7422 -0.6702 -0.0000
vn 0.9022 0.4312 -0.0000
vn 0.7318 -0.1468 0.6656
vt 0.000000 0.872699
vt 0.000000 0.745399
vt 1.000000 0.745399
vt 1.000000 0.872699
vt 0.875767 0.246933
vt 0.875767 0.745399
vt 0.751534 0.745399
vt 0.751534 0.246933
vt 0.751534 0.745399
vt 0.253067 0.246933
vt 0.253067 0.745399
vt 0.126534 0.745399
vt 0.253068 0.745399
vt 0.253068 0.000000
vt 0.126534 0.000000
vt 0.751534 0.246933
vt 0.751534 0.123466
vt 0.253067 0.123466
vt 0.000000 1.000000
vt 1.000000 1.000000
s 0
usemtl concrete06_trim
f 3569/4121/2339 3572/4122/2339 3574/4123/2339 3570/4124/2339
f 3570/4125/2340 3579/4126/2340 3571/4127/2340 3569/4128/2340
f 3571/4124/2341 3575/4123/2341 3572/4122/2341 3569/4121/2341
f 3576/4129/2342 3573/4128/2342 3572/4130/2342 3575/4131/2342
f 3573/4128/2343 3580/4125/2343 3574/4126/2343 3572/4127/2343
f 3578/4132/2344 3576/4133/2344 3575/4134/2344 3577/4135/2344
f 3579/4136/2345 3577/4137/2345 3575/4138/2345 3571/4130/2345
f 3580/4129/2346 3578/4131/2346 3577/4130/2346 3574/4136/2346
f 3570/4139/2347 3574/4121/2347 3577/4124/2347 3579/4140/2347
f 3580/4121/2348 3583/4139/2348 3581/4140/2348 3578/4124/2348
f 3578/4137/2349 3581/4136/2349 3582/4130/2349 3576/4138/2349
f 3573/4124/2350 3584/4140/2350 3583/4139/2350 3580/4121/2350
f 3576/4139/2351 3582/4121/2351 3584/4124/2351 3573/4140/2351
o pillars.178
v -6.116112 48.361889 -7.105623
v -6.116112 48.361889 -8.774376
v -6.820343 42.832790 -7.522812
v -5.986298 48.505657 -6.939999
v -0.402477 48.486874 -6.939999
v -5.986301 48.505657 -8.939999
v -6.732304 42.648598 -7.440001
v -1.148479 42.629810 -7.440001
v -6.732304 42.648598 -8.440001
v -1.148479 42.629810 -8.440001
v -6.820343 42.832790 -8.357187
v -0.402477 48.486874 -8.939999
v -1.018673 42.773579 -8.357187
v -1.018673 42.773579 -7.522812
v -0.314442 48.302677 -8.774376
v -0.314442 48.302677 -7.105623
vn -0.7422 0.6702 -0.0000
vn -0.9920 0.1263 -0.0000
vn -0.7478 0.0419 0.6626
vn -0.0003 -0.0850 0.9964
vn 0.0034 1.0000 -0.0000
vn -0.0034 -1.0000 -0.0000
vn -0.9022 -0.4312 -0.0000
vn -0.0003 -0.0850 -0.9964
vn -0.7478 0.0419 -0.6626
vn 0.7318 -0.1468 -0.6655
vn 0.7422 -0.6701 -0.0000
vn 0.9022 0.4312 -0.0000
vn 0.7318 -0.1468 0.6655
vt 0.000000 0.872699
vt 0.000000 0.745399
vt 1.000000 0.745399
vt 1.000000 0.872699
vt 0.875767 0.246933
vt 0.875767 0.745399
vt 0.751534 0.745399
vt 0.751534 0.246933
vt 0.751534 0.745399
vt 0.253067 0.246933
vt 0.253067 0.745399
vt 0.126534 0.745399
vt 0.253068 0.745399
vt 0.253068 0.000000
vt 0.126534 0.000000
vt 0.751534 0.246933
vt 0.751534 0.123466
vt 0.253067 0.123466
vt 0.000000 1.000000
vt 1.000000 1.000000
s 0
usemtl concrete06_trim
f 3585/4141/2352 3588/4142/2352 3590/4143/2352 3586/4144/2352
f 3586/4145/2353 3595/4146/2353 3587/4147/2353 3585/4148/2353
f 3587/4144/2354 3591/4143/2354 3588/4142/2354 3585/4141/2354
f 3592/4149/2355 3589/4148/2355 3588/4150/2355 3591/4151/2355
f 3589/4148/2356 3596/4145/2356 3590/4146/2356 3588/4147/2356
f 3594/4152/2357 3592/4153/2357 3591/4154/2357 3593/4155/2357
f 3595/4156/2358 3593/4157/2358 3591/4158/2358 3587/4150/2358
f 3596/4149/2359 3594/4151/2359 3593/4150/2359 3590/4156/2359
f 3586/4159/2360 3590/4141/2360 3593/4144/2360 3595/4160/2360
f 3596/4141/2361 3599/4159/2361 3597/4160/2361 3594/4144/2361
f 3594/4157/2362 3597/4156/2362 3598/4150/2362 3592/4158/2362
f 3589/4144/2363 3600/4160/2363 3599/4159/2363 3596/4141/2363
f 3592/4159/2364 3598/4141/2364 3600/4144/2364 3589/4160/2364
o pillars.179
v -0.314693 48.300709 -7.105623
v -0.314693 48.300709 -8.774376
v -1.018925 42.771614 -7.522812
v -0.184879 48.444481 -6.939999
v 5.398937 48.425697 -6.939999
v -0.184883 48.444481 -8.939999
v -0.930885 42.587418 -7.440001
v 4.652931 42.568634 -7.440001
v -0.930885 42.587418 -8.440001
v 4.652931 42.568634 -8.440001
v -1.018925 42.771614 -8.357187
v 5.398937 48.425697 -8.939999
v 4.782742 42.712402 -8.357187
v 4.782742 42.712402 -7.522812
v 5.486973 48.241501 -8.774376
v 5.486977 48.241501 -7.105623
vn -0.7422 0.6701 -0.0000
vn -0.9920 0.1263 -0.0000
vn -0.7478 0.0419 0.6626
vn -0.0003 -0.0850 0.9964
vn 0.0034 1.0000 -0.0000
vn -0.0034 -1.0000 -0.0000
vn -0.9022 -0.4312 -0.0000
vn -0.0003 -0.0850 -0.9964
vn -0.7478 0.0419 -0.6626
vn 0.7318 -0.1468 -0.6655
vn 0.7422 -0.6701 -0.0000
vn 0.9022 0.4312 -0.0000
vn 0.7318 -0.1468 0.6656
vt 0.000000 0.872699
vt 0.000000 0.745399
vt 1.000000 0.745399
vt 1.000000 0.872699
vt 0.875767 0.246933
vt 0.875767 0.745399
vt 0.751534 0.745399
vt 0.751534 0.246933
vt 0.751534 0.745399
vt 0.253067 0.246933
vt 0.253067 0.745399
vt 0.126534 0.745399
vt 0.253068 0.745399
vt 0.253068 0.000000
vt 0.126534 0.000000
vt 0.751534 0.246933
vt 0.751534 0.123466
vt 0.253067 0.123466
vt 0.000000 1.000000
vt 1.000000 1.000000
s 0
usemtl concrete06_trim
f 3601/4161/2365 3604/4162/2365 3606/4163/2365 3602/4164/2365
f 3602/4165/2366 3611/4166/2366 3603/4167/2366 3601/4168/2366
f 3603/4164/2367 3607/4163/2367 3604/4162/2367 3601/4161/2367
f 3608/4169/2368 3605/4168/2368 3604/4170/2368 3607/4171/2368
f 3605/4168/2369 3612/4165/2369 3606/4166/2369 3604/4167/2369
f 3610/4172/2370 3608/4173/2370 3607/4174/2370 3609/4175/2370
f 3611/4176/2371 3609/4177/2371 3607/4178/2371 3603/4170/2371
f 3612/4169/2372 3610/4171/2372 3609/4170/2372 3606/4176/2372
f 3602/4179/2373 3606/4161/2373 3609/4164/2373 3611/4180/2373
f 3612/4161/2374 3615/4179/2374 3613/4180/2374 3610/4164/2374
f 3610/4177/2375 3613/4176/2375 3614/4170/2375 3608/4178/2375
f 3605/4164/2376 3616/4180/2376 3615/4179/2376 3612/4161/2376
f 3608/4179/2377 3614/4161/2377 3616/4164/2377 3605/4180/2377
o pillars.180
v 5.486729 48.239532 -7.105623
v 5.486729 48.239532 -8.774376
v 4.782497 42.710438 -7.522812
v 5.616539 48.383305 -6.939999
v 11.200356 48.364517 -6.939999
v 5.616535 48.383305 -8.939999
v 4.870533 42.526241 -7.440001
v 10.454353 42.507454 -7.440001
v 4.870533 42.526241 -8.440001
v 10.454353 42.507454 -8.440001
v 4.782497 42.710438 -8.357187
v 11.200356 48.364517 -8.939999
v 10.584164 42.651226 -8.357187
v 10.584164 42.651226 -7.522812
v 11.288395 48.180321 -8.774376
v 11.288399 48.180321 -7.105623
vn -0.7422 0.6701 -0.0000
vn -0.9920 0.1263 -0.0000
vn -0.7478 0.0419 0.6626
vn -0.0003 -0.0850 0.9964
vn 0.0034 1.0000 -0.0000
vn -0.0034 -1.0000 -0.0000
vn -0.9022 -0.4312 -0.0000
vn -0.0003 -0.0850 -0.9964
vn -0.7478 0.0419 -0.6626
vn 0.7318 -0.1468 -0.6656
vn 0.7422 -0.6701 -0.0000
vn 0.9022 0.4312 -0.0000
vn 0.7318 -0.1468 0.6656
vt 0.000000 0.872699
vt 0.000000 0.745399
vt 1.000000 0.745399
vt 1.000000 0.872699
vt 0.875767 0.246933
vt 0.875767 0.745399
vt 0.751534 0.745399
vt 0.751534 0.246933
vt 0.751534 0.745399
vt 0.253067 0.246933
vt 0.253067 0.745399
vt 0.126534 0.745399
vt 0.253068 0.745399
vt 0.253068 0.000000
vt 0.126534 0.000000
vt 0.751534 0.246933
vt 0.751534 0.123466
vt 0.253067 0.123466
vt 0.000000 1.000000
vt 1.000000 1.000000
s 0
usemtl concrete06_trim
f 3617/4181/2378 3620/4182/2378 3622/4183/2378 3618/4184/2378
f 3618/4185/2379 3627/4186/2379 3619/4187/2379 3617/4188/2379
f 3619/4184/2380 3623/4183/2380 3620/4182/2380 3617/4181/2380
f 3624/4189/2381 3621/4188/2381 3620/4190/2381 3623/4191/2381
f 3621/4188/2382 3628/4185/2382 3622/4186/2382 3620/4187/2382
f 3626/4192/2383 3624/4193/2383 3623/4194/2383 3625/4195/2383
f 3627/4196/2384 3625/4197/2384 3623/4198/2384 3619/4190/2384
f 3628/4189/2385 3626/4191/2385 3625/4190/2385 3622/4196/2385
f 3618/4199/2386 3622/4181/2386 3625/4184/2386 3627/4200/2386
f 3628/4181/2387 3631/4199/2387 3629/4200/2387 3626/4184/2387
f 3626/4197/2388 3629/4196/2388 3630/4190/2388 3624/4198/2388
f 3621/4184/2389 3632/4200/2389 3631/4199/2389 3628/4181/2389
f 3624/4199/2390 3630/4181/2390 3632/4184/2390 3621/4200/2390
o pillars.181
v 11.288147 48.178356 -7.105623
v 11.288147 48.178356 -8.774376
v 10.583916 42.649258 -7.522812
v 11.417957 48.322124 -6.939999
v 17.001778 48.303341 -6.939999
v 11.417953 48.322124 -8.939999
v 10.671951 42.465065 -7.440001
v 16.255775 42.446278 -7.440001
v 10.671951 42.465065 -8.440001
v 16.255775 42.446278 -8.440001
v 10.583916 42.649258 -8.357187
v 17.001778 48.303341 -8.939999
v 16.385582 42.590050 -8.357187
v 16.385582 42.590050 -7.522812
v 17.089809 48.119144 -8.774376
v 17.089813 48.119144 -7.105623
vn -0.7422 0.6701 -0.0000
vn -0.9920 0.1263 -0.0000
vn -0.7478 0.0419 0.6626
vn -0.0003 -0.0850 0.9964
vn 0.0034 1.0000 -0.0000
vn -0.0034 -1.0000 -0.0000
vn -0.9022 -0.4312 -0.0000
vn -0.0003 -0.0850 -0.9964
vn -0.7478 0.0419 -0.6626
vn 0.7318 -0.1468 -0.6655
vn 0.7422 -0.6701 -0.0000
vn 0.9022 0.4312 -0.0000
vn 0.7318 -0.1468 0.6656
vt 0.000000 0.872699
vt 0.000000 0.745399
vt 1.000000 0.745399
vt 1.000000 0.872699
vt 0.875767 0.246933
vt 0.875767 0.745399
vt 0.751534 0.745399
vt 0.751534 0.246933
vt 0.751534 0.745399
vt 0.253067 0.246933
vt 0.253067 0.745399
vt 0.126534 0.745399
vt 0.253068 0.745399
vt 0.253068 0.000000
vt 0.126534 0.000000
vt 0.751534 0.246933
vt 0.751534 0.123466
vt 0.253067 0.123466
vt 0.000000 1.000000
vt 1.000000 1.000000
s 0
usemtl concrete06_trim
f 3633/4201/2391 3636/4202/2391 3638/4203/2391 3634/4204/2391
f 3634/4205/2392 3643/4206/2392 3635/4207/2392 3633/4208/2392
f 3635/4204/2393 3639/4203/2393 3636/4202/2393 3633/4201/2393
f 3640/4209/2394 3637/4208/2394 3636/4210/2394 3639/4211/2394
f 3637/4208/2395 3644/4205/2395 3638/4206/2395 3636/4207/2395
f 3642/4212/2396 3640/4213/2396 3639/4214/2396 3641/4215/2396
f 3643/4216/2397 3641/4217/2397 3639/4218/2397 3635/4210/2397
f 3644/4209/2398 3642/4211/2398 3641/4210/2398 3638/4216/2398
f 3634/4219/2399 3638/4201/2399 3641/4204/2399 3643/4220/2399
f 3644/4201/2400 3647/4219/2400 3645/4220/2400 3642/4204/2400
f 3642/4217/2401 3645/4216/2401 3646/4210/2401 3640/4218/2401
f 3637/4204/2402 3648/4220/2402 3647/4219/2402 3644/4201/2402
f 3640/4219/2403 3646/4201/2403 3648/4204/2403 3637/4220/2403
o pillars.182
v 17.089561 48.117180 -7.105623
v 17.089561 48.117180 -8.774376
v 16.385330 42.588081 -7.522812
v 17.219376 48.260948 -6.939999
v 22.803192 48.242165 -6.939999
v 17.219372 48.260948 -8.939999
v 16.473366 42.403885 -7.440001
v 22.057190 42.385101 -7.440001
v 16.473366 42.403885 -8.440001
v 22.057190 42.385101 -8.440001
v 16.385330 42.588081 -8.357187
v 22.803192 48.242165 -8.939999
v 22.186996 42.528870 -8.357187
v 22.186996 42.528870 -7.522812
v 22.891228 48.057968 -8.774376
v 22.891228 48.057968 -7.105623
vn -0.7422 0.6702 -0.0000
vn -0.9920 0.1263 -0.0000
vn -0.7478 0.0419 0.6626
vn -0.0003 -0.0850 0.9964
vn 0.0034 1.0000 -0.0000
vn -0.0034 -1.0000 -0.0000
vn -0.9022 -0.4312 -0.0000
vn -0.0003 -0.0850 -0.9964
vn -0.7478 0.0419 -0.6626
vn 0.7318 -0.1468 -0.6655
vn 0.7422 -0.6701 -0.0000
vn 0.9022 0.4312 -0.0000
vn 0.7318 -0.1468 0.6655
vt 0.000000 0.872699
vt 0.000000 0.745399
vt 1.000000 0.745399
vt 1.000000 0.872699
vt 0.875767 0.246933
vt 0.875767 0.745399
vt 0.751534 0.745399
vt 0.751534 0.246933
vt 0.751534 0.745399
vt 0.253067 0.246933
vt 0.253067 0.745399
vt 0.126534 0.745399
vt 0.253068 0.745399
vt 0.253068 0.000000
vt 0.126534 0.000000
vt 0.751534 0.246933
vt 0.751534 0.123466
vt 0.253067 0.123466
vt 0.000000 1.000000
vt 1.000000 1.000000
s 0
usemtl concrete06_trim
f 3649/4221/2404 3652/4222/2404 3654/4223/2404 3650/4224/2404
f 3650/4225/2405 3659/4226/2405 3651/4227/2405 3649/4228/2405
f 3651/4224/2406 3655/4223/2406 3652/4222/2406 3649/4221/2406
f 3656/4229/2407 3653/4228/2407 3652/4230/2407 3655/4231/2407
f 3653/4228/2408 3660/4225/2408 3654/4226/2408 3652/4227/2408
f 3658/4232/2409 3656/4233/2409 3655/4234/2409 3657/4235/2409
f 3659/4236/2410 3657/4237/2410 3655/4238/2410 3651/4230/2410
f 3660/4229/2411 3658/4231/2411 3657/4230/2411 3654/4236/2411
f 3650/4239/2412 3654/4221/2412 3657/4224/2412 3659/4240/2412
f 3660/4221/2413 3663/4239/2413 3661/4240/2413 3658/4224/2413
f 3658/4237/2414 3661/4236/2414 3662/4230/2414 3656/4238/2414
f 3653/4224/2415 3664/4240/2415 3663/4239/2415 3660/4221/2415
f 3656/4239/2416 3662/4221/2416 3664/4224/2416 3653/4240/2416
o pillars.183
v -40.924618 48.728951 -10.285624
v -40.924618 48.728951 -11.954376
v -41.628845 43.199856 -10.702812
v -40.794804 48.872723 -10.119999
v -35.210987 48.853935 -10.119999
v -40.794807 48.872723 -12.119999
v -41.540810 43.015659 -10.620001
v -35.956989 42.996872 -10.620001
v -41.540810 43.015659 -11.620001
v -35.956989 42.996872 -11.620001
v -41.628845 43.199856 -11.537188
v -35.210987 48.853935 -12.119999
v -35.827179 43.140644 -11.537188
v -35.827179 43.140644 -10.702812
v -35.122948 48.669739 -11.954376
v -35.122948 48.669739 -10.285624
vn -0.7422 0.6702 -0.0000
vn -0.9920 0.1263 -0.0000
vn -0.7478 0.0419 0.6626
vn -0.0003 -0.0850 0.9964
vn 0.0034 1.0000 -0.0000
vn -0.0034 -1.0000 -0.0000
vn -0.9022 -0.4312 -0.0000
vn -0.0003 -0.0850 -0.9964
vn -0.7478 0.0419 -0.6626
vn 0.7318 -0.1468 -0.6656
vn 0.7422 -0.6702 -0.0000
vn 0.9022 0.4312 -0.0000
vn 0.7318 -0.1468 0.6656
vt 0.000000 0.872699
vt 0.000000 0.745399
vt 1.000000 0.745399
vt 1.000000 0.872699
vt 0.875767 0.246933
vt 0.875767 0.745399
vt 0.751534 0.745399
vt 0.751534 0.246933
vt 0.751534 0.745399
vt 0.253067 0.246933
vt 0.253067 0.745399
vt 0.126534 0.745399
vt 0.253068 0.745399
vt 0.253068 0.000000
vt 0.126534 0.000000
vt 0.751534 0.246933
vt 0.751534 0.123466
vt 0.253067 0.123466
vt 0.000000 1.000000
vt 1.000000 1.000000
s 0
usemtl concrete06_trim
f 3665/4241/2417 3668/4242/2417 3670/4243/2417 3666/4244/2417
f 3666/4245/2418 3675/4246/2418 3667/4247/2418 3665/4248/2418
f 3667/4244/2419 3671/4243/2419 3668/4242/2419 3665/4241/2419
f 3672/4249/2420 3669/4248/2420 3668/4250/2420 3671/4251/2420
f 3669/4248/2421 3676/4245/2421 3670/4246/2421 3668/4247/2421
f 3674/4252/2422 3672/4253/2422 3671/4254/2422 3673/4255/2422
f 3675/4256/2423 3673/4257/2423 3671/4258/2423 3667/4250/2423
f 3676/4249/2424 3674/4251/2424 3673/4250/2424 3670/4256/2424
f 3666/4259/2425 3670/4241/2425 3673/4244/2425 3675/4260/2425
f 3676/4241/2426 3679/4259/2426 3677/4260/2426 3674/4244/2426
f 3674/4257/2427 3677/4256/2427 3678/4250/2427 3672/4258/2427
f 3669/4244/2428 3680/4260/2428 3679/4259/2428 3676/4241/2428
f 3672/4259/2429 3678/4241/2429 3680/4244/2429 3669/4260/2429
o pillars.184
v -35.123199 48.667774 -10.285624
v -35.123199 48.667774 -11.954376
v -35.827431 43.138680 -10.702812
v -34.993385 48.811546 -10.119999
v -29.409569 48.792759 -10.119999
v -34.993389 48.811546 -12.119999
v -35.739391 42.954483 -10.620001
v -30.155573 42.935696 -10.620001
v -35.739391 42.954483 -11.620001
v -30.155573 42.935696 -11.620001
v -35.827431 43.138680 -11.537188
v -29.409569 48.792759 -12.119999
v -30.025761 43.079468 -11.537188
v -30.025761 43.079468 -10.702812
v -29.321531 48.608562 -11.954376
v -29.321529 48.608562 -10.285624
vn -0.7422 0.6702 -0.0000
vn -0.9920 0.1263 -0.0000
vn -0.7478 0.0419 0.6626
vn -0.0003 -0.0850 0.9964
vn 0.0034 1.0000 -0.0000
vn -0.0034 -1.0000 -0.0000
vn -0.9022 -0.4312 -0.0000
vn -0.0003 -0.0850 -0.9964
vn -0.7478 0.0419 -0.6626
vn 0.7318 -0.1468 -0.6656
vn 0.7422 -0.6702 -0.0000
vn 0.9022 0.4312 -0.0000
vn 0.7318 -0.1468 0.6656
vt 0.000000 0.872699
vt 0.000000 0.745399
vt 1.000000 0.745399
vt 1.000000 0.872699
vt 0.875767 0.246933
vt 0.875767 0.745399
vt 0.751534 0.745399
vt 0.751534 0.246933
vt 0.751534 0.745399
vt 0.253067 0.246933
vt 0.253067 0.745399
vt 0.126534 0.745399
vt 0.253068 0.745399
vt 0.253068 0.000000
vt 0.126534 0.000000
vt 0.751534 0.246933
vt 0.751534 0.123466
vt 0.253067 0.123466
vt 0.000000 1.000000
vt 1.000000 1.000000
s 0
usemtl concrete06_trim
f 3681/4261/2430 3684/4262/2430 3686/4263/2430 3682/4264/2430
f 3682/4265/2431 3691/4266/2431 3683/4267/2431 3681/4268/2431
f 3683/4264/2432 3687/4263/2432 3684/4262/2432 3681/4261/2432
f 3688/4269/2433 3685/4268/2433 3684/4270/2433 3687/4271/2433
f 3685/4268/2434 3692/4265/2434 3686/4266/2434 3684/4267/2434
f 3690/4272/2435 3688/4273/2435 3687/4274/2435 3689/4275/2435
f 3691/4276/2436 3689/4277/2436 3687/4278/2436 3683/4270/2436
f 3692/4269/2437 3690/4271/2437 3689/4270/2437 3686/4276/2437
f 3682/4279/2438 3686/4261/2438 3689/4264/2438 3691/4280/2438
f 3692/4261/2439 3695/4279/2439 3693/4280/2439 3690/4264/2439
f 3690/4277/2440 3693/4276/2440 3694/4270/2440 3688/4278/2440
f 3685/4264/2441 3696/4280/2441 3695/4279/2441 3692/4261/2441
f 3688/4279/2442 3694/4261/2442 3696/4264/2442 3685/4280/2442
o pillars.185
v -29.321781 48.606598 -10.285624
v -29.321781 48.606598 -11.954376
v -30.026012 43.077499 -10.702812
v -29.191971 48.750366 -10.119999
v -23.608150 48.731583 -10.119999
v -29.191971 48.750366 -12.119999
v -29.937973 42.893303 -10.620001
v -24.354155 42.874519 -10.620001
v -29.937973 42.893303 -11.620001
v -24.354155 42.874519 -11.620001
v -30.026012 43.077499 -11.537188
v -23.608150 48.731583 -12.119999
v -24.224346 43.018291 -11.537188
v -24.224346 43.018291 -10.702812
v -23.520115 48.547386 -11.954376
v -23.520113 48.547386 -10.285624
vn -0.7422 0.6702 -0.0000
vn -0.9920 0.1263 -0.0000
vn -0.7478 0.0419 0.6626
vn -0.0003 -0.0850 0.9964
vn 0.0034 1.0000 -0.0000
vn -0.0034 -1.0000 -0.0000
vn -0.9022 -0.4312 -0.0000
vn -0.0003 -0.0850 -0.9964
vn -0.7478 0.0419 -0.6626
vn 0.7318 -0.1468 -0.6656
vn 0.7422 -0.6701 -0.0000
vn 0.9022 0.4312 -0.0000
vn 0.7318 -0.1468 0.6656
vt 0.000000 0.872699
vt 0.000000 0.745399
vt 1.000000 0.745399
vt 1.000000 0.872699
vt 0.875767 0.246933
vt 0.875767 0.745399
vt 0.751534 0.745399
vt 0.751534 0.246933
vt 0.751534 0.745399
vt 0.253067 0.246933
vt 0.253067 0.745399
vt 0.126534 0.745399
vt 0.253068 0.745399
vt 0.253068 0.000000
vt 0.126534 0.000000
vt 0.751534 0.246933
vt 0.751534 0.123466
vt 0.253067 0.123466
vt 0.000000 1.000000
vt 1.000000 1.000000
s 0
usemtl concrete06_trim
f 3697/4281/2443 3700/4282/2443 3702/4283/2443 3698/4284/2443
f 3698/4285/2444 3707/4286/2444 3699/4287/2444 3697/4288/2444
f 3699/4284/2445 3703/4283/2445 3700/4282/2445 3697/4281/2445
f 3704/4289/2446 3701/4288/2446 3700/4290/2446 3703/4291/2446
f 3701/4288/2447 3708/4285/2447 3702/4286/2447 3700/4287/2447
f 3706/4292/2448 3704/4293/2448 3703/4294/2448 3705/4295/2448
f 3707/4296/2449 3705/4297/2449 3703/4298/2449 3699/4290/2449
f 3708/4289/2450 3706/4291/2450 3705/4290/2450 3702/4296/2450
f 3698/4299/2451 3702/4281/2451 3705/4284/2451 3707/4300/2451
f 3708/4281/2452 3711/4299/2452 3709/4300/2452 3706/4284/2452
f 3706/4297/2453 3709/4296/2453 3710/4290/2453 3704/4298/2453
f 3701/4284/2454 3712/4300/2454 3711/4299/2454 3708/4281/2454
f 3704/4299/2455 3710/4281/2455 3712/4284/2455 3701/4300/2455
o pillars.186
v -23.520363 48.545418 -10.285624
v -23.520363 48.545418 -11.954376
v -24.224594 43.016323 -10.702812
v -23.390551 48.689190 -10.119999
v -17.806732 48.670406 -10.119999
v -23.390551 48.689190 -12.119999
v -24.136555 42.832127 -10.620001
v -18.552736 42.813343 -10.620001
v -24.136555 42.832127 -11.620001
v -18.552736 42.813343 -11.620001
v -24.224594 43.016323 -11.537188
v -17.806734 48.670403 -12.119999
v -18.422924 42.957111 -11.537188
v -18.422924 42.957111 -10.702812
v -17.718695 48.486206 -11.954376
v -17.718695 48.486206 -10.285624
vn -0.7422 0.6702 -0.0000
vn -0.9920 0.1263 -0.0000
vn -0.7478 0.0419 0.6626
vn -0.0003 -0.0850 0.9964
vn 0.0034 1.0000 -0.0000
vn -0.0034 -1.0000 -0.0000
vn -0.9022 -0.4312 -0.0000
vn -0.0003 -0.0850 -0.9964
vn -0.7478 0.0419 -0.6626
vn 0.7318 -0.1468 -0.6656
vn 0.7422 -0.6702 -0.0000
vn 0.9022 0.4312 -0.0000
vn 0.7318 -0.1468 0.6656
vt 0.000000 0.872699
vt 0.000000 0.745399
vt 1.000000 0.745399
vt 1.000000 0.872699
vt 0.875767 0.246933
vt 0.875767 0.745399
vt 0.751534 0.745399
vt 0.751534 0.246933
vt 0.751534 0.745399
vt 0.253067 0.246933
vt 0.253067 0.745399
vt 0.126534 0.745399
vt 0.253068 0.745399
vt 0.253068 0.000000
vt 0.126534 0.000000
vt 0.751534 0.246933
vt 0.751534 0.123466
vt 0.253067 0.123466
vt 0.000000 1.000000
vt 1.000000 1.000000
s 0
usemtl concrete06_trim
f 3713/4301/2456 3716/4302/2456 3718/4303/2456 3714/4304/2456
f 3714/4305/2457 3723/4306/2457 3715/4307/2457 3713/4308/2457
f 3715/4304/2458 3719/4303/2458 3716/4302/2458 3713/4301/2458
f 3720/4309/2459 3717/4308/2459 3716/4310/2459 3719/4311/2459
f 3717/4308/2460 3724/4305/2460 3718/4306/2460 3716/4307/2460
f 3722/4312/2461 3720/4313/2461 3719/4314/2461 3721/4315/2461
f 3723/4316/2462 3721/4317/2462 3719/4318/2462 3715/4310/2462
f 3724/4309/2463 3722/4311/2463 3721/4310/2463 3718/4316/2463
f 3714/4319/2464 3718/4301/2464 3721/4304/2464 3723/4320/2464
f 3724/4301/2465 3727/4319/2465 3725/4320/2465 3722/4304/2465
f 3722/4317/2466 3725/4316/2466 3726/4310/2466 3720/4318/2466
f 3717/4304/2467 3728/4320/2467 3727/4319/2467 3724/4301/2467
f 3720/4319/2468 3726/4301/2468 3728/4304/2468 3717/4320/2468
o pillars.187
v -17.718945 48.484241 -10.285624
v -17.718945 48.484241 -11.954376
v -18.423176 42.955147 -10.702812
v -17.589134 48.628014 -10.119999
v -12.005314 48.609230 -10.119999
v -17.589134 48.628014 -12.119999
v -18.335138 42.770950 -10.620001
v -12.751318 42.752163 -10.620001
v -18.335138 42.770950 -11.620001
v -12.751318 42.752163 -11.620001
v -18.423176 42.955147 -11.537188
v -12.005314 48.609226 -12.119999
v -12.621510 42.895935 -11.537188
v -12.621510 42.895935 -10.702812
v -11.917278 48.425034 -11.954376
v -11.917276 48.425034 -10.285624
vn -0.7422 0.6702 -0.0000
vn -0.9920 0.1263 -0.0000
vn -0.7478 0.0419 0.6626
vn -0.0003 -0.0850 0.9964
vn 0.0034 1.0000 -0.0000
vn -0.0034 -1.0000 -0.0000
vn -0.9022 -0.4312 -0.0000
vn -0.0003 -0.0850 -0.9964
vn -0.7478 0.0419 -0.6626
vn 0.7318 -0.1468 -0.6656
vn 0.7422 -0.6701 -0.0000
vn 0.9022 0.4312 -0.0000
vn 0.7318 -0.1468 0.6656
vt 0.000000 0.872699
vt 0.000000 0.745399
vt 1.000000 0.745399
vt 1.000000 0.872699
vt 0.875767 0.246933
vt 0.875767 0.745399
vt 0.751534 0.745399
vt 0.751534 0.246933
vt 0.751534 0.745399
vt 0.253067 0.246933
vt 0.253067 0.745399
vt 0.126534 0.745399
vt 0.253068 0.745399
vt 0.253068 0.000000
vt 0.126534 0.000000
vt 0.751534 0.246933
vt 0.751534 0.123466
vt 0.253067 0.123466
vt 0.000000 1.000000
vt 1.000000 1.000000
s 0
usemtl concrete06_trim
f 3729/4321/2469 3732/4322/2469 3734/4323/2469 3730/4324/2469
f 3730/4325/2470 3739/4326/2470 3731/4327/2470 3729/4328/2470
f 3731/4324/2471 3735/4323/2471 3732/4322/2471 3729/4321/2471
f 3736/4329/2472 3733/4328/2472 3732/4330/2472 3735/4331/2472
f 3733/4328/2473 3740/4325/2473 3734/4326/2473 3732/4327/2473
f 3738/4332/2474 3736/4333/2474 3735/4334/2474 3737/4335/2474
f 3739/4336/2475 3737/4337/2475 3735/4338/2475 3731/4330/2475
f 3740/4329/2476 3738/4331/2476 3737/4330/2476 3734/4336/2476
f 3730/4339/2477 3734/4321/2477 3737/4324/2477 3739/4340/2477
f 3740/4321/2478 3743/4339/2478 3741/4340/2478 3738/4324/2478
f 3738/4337/2479 3741/4336/2479 3742/4330/2479 3736/4338/2479
f 3733/4324/2480 3744/4340/2480 3743/4339/2480 3740/4321/2480
f 3736/4339/2481 3742/4321/2481 3744/4324/2481 3733/4340/2481
o pillars.188
v -11.917528 48.423065 -10.285624
v -11.917528 48.423065 -11.954376
v -12.621758 42.893970 -10.702812
v -11.787716 48.566833 -10.119999
v -6.203899 48.548050 -10.119999
v -11.787716 48.566833 -12.119999
v -12.533718 42.709774 -10.620001
v -6.949902 42.690987 -10.620001
v -12.533718 42.709774 -11.620001
v -6.949902 42.690987 -11.620001
v -12.621758 42.893970 -11.537188
v -6.203899 48.548050 -12.119999
v -6.820091 42.834759 -11.537188
v -6.820091 42.834759 -10.702812
v -6.115860 48.363853 -11.954376
v -6.115860 48.363853 -10.285624
vn -0.7422 0.6701 -0.0000
vn -0.9920 0.1263 -0.0000
vn -0.7478 0.0419 0.6626
vn -0.0003 -0.0850 0.9964
vn 0.0034 1.0000 -0.0000
vn -0.0034 -1.0000 -0.0000
vn -0.9022 -0.4312 -0.0000
vn -0.0003 -0.0850 -0.9964
vn -0.7478 0.0419 -0.6626
vn 0.7318 -0.1468 -0.6656
vn 0.7422 -0.6702 -0.0000
vn 0.9022 0.4312 -0.0000
vn 0.7318 -0.1468 0.6656
vt 0.000000 0.872699
vt 0.000000 0.745399
vt 1.000000 0.745399
vt 1.000000 0.872699
vt 0.875767 0.246933
vt 0.875767 0.745399
vt 0.751534 0.745399
vt 0.751534 0.246933
vt 0.751534 0.745399
vt 0.253067 0.246933
vt 0.253067 0.745399
vt 0.126534 0.745399
vt 0.253068 0.745399
vt 0.253068 0.000000
vt 0.126534 0.000000
vt 0.751534 0.246933
vt 0.751534 0.123466
vt 0.253067 0.123466
vt 0.000000 1.000000
vt 1.000000 1.000000
s 0
usemtl concrete06_trim
f 3745/4341/2482 3748/4342/2482 3750/4343/2482 3746/4344/2482
f 3746/4345/2483 3755/4346/2483 3747/4347/2483 3745/4348/2483
f 3747/4344/2484 3751/4343/2484 3748/4342/2484 3745/4341/2484
f 3752/4349/2485 3749/4348/2485 3748/4350/2485 3751/4351/2485
f 3749/4348/2486 3756/4345/2486 3750/4346/2486 3748/4347/2486
f 3754/4352/2487 3752/4353/2487 3751/4354/2487 3753/4355/2487
f 3755/4356/2488 3753/4357/2488 3751/4358/2488 3747/4350/2488
f 3756/4349/2489 3754/4351/2489 3753/4350/2489 3750/4356/2489
f 3746/4359/2490 3750/4341/2490 3753/4344/2490 3755/4360/2490
f 3756/4341/2491 3759/4359/2491 3757/4360/2491 3754/4344/2491
f 3754/4357/2492 3757/4356/2492 3758/4350/2492 3752/4358/2492
f 3749/4344/2493 3760/4360/2493 3759/4359/2493 3756/4341/2493
f 3752/4359/2494 3758/4341/2494 3760/4344/2494 3749/4360/2494
o pillars.189
v -6.116112 48.361889 -10.285624
v -6.116112 48.361889 -11.954376
v -6.820343 42.832790 -10.702812
v -5.986298 48.505657 -10.119999
v -0.402477 48.486874 -10.119999
v -5.986301 48.505657 -12.119999
v -6.732304 42.648598 -10.620001
v -1.148479 42.629810 -10.620001
v -6.732304 42.648598 -11.620001
v -1.148479 42.629810 -11.620001
v -6.820343 42.832790 -11.537188
v -0.402477 48.486874 -12.119999
v -1.018673 42.773579 -11.537188
v -1.018673 42.773579 -10.702812
v -0.314442 48.302677 -11.954376
v -0.314442 48.302677 -10.285624
vn -0.7422 0.6702 -0.0000
vn -0.9920 0.1263 -0.0000
vn -0.7478 0.0419 0.6626
vn -0.0003 -0.0850 0.9964
vn 0.0034 1.0000 -0.0000
vn -0.0034 -1.0000 -0.0000
vn -0.9022 -0.4312 -0.0000
vn -0.0003 -0.0850 -0.9964
vn -0.7478 0.0419 -0.6626
vn 0.7318 -0.1468 -0.6656
vn 0.7422 -0.6701 -0.0000
vn 0.9022 0.4312 -0.0000
vn 0.7318 -0.1468 0.6656
vt 0.000000 0.872699
vt 0.000000 0.745399
vt 1.000000 0.745399
vt 1.000000 0.872699
vt 0.875767 0.246933
vt 0.875767 0.745399
vt 0.751534 0.745399
vt 0.751534 0.246933
vt 0.751534 0.745399
vt 0.253067 0.246933
vt 0.253067 0.745399
vt 0.126534 0.745399
vt 0.253068 0.745399
vt 0.253068 0.000000
vt 0.126534 0.000000
vt 0.751534 0.246933
vt 0.751534 0.123466
vt 0.253067 0.123466
vt 0.000000 1.000000
vt 1.000000 1.000000
s 0
usemtl concrete06_trim
f 3761/4361/2495 3764/4362/2495 3766/4363/2495 3762/4364/2495
f 3762/4365/2496 3771/4366/2496 3763/4367/2496 3761/4368/2496
f 3763/4364/2497 3767/4363/2497 3764/4362/2497 3761/4361/2497
f 3768/4369/2498 3765/4368/2498 3764/4370/2498 3767/4371/2498
f 3765/4368/2499 3772/4365/2499 3766/4366/2499 3764/4367/2499
f 3770/4372/2500 3768/4373/2500 3767/4374/2500 3769/4375/2500
f 3771/4376/2501 3769/4377/2501 3767/4378/2501 3763/4370/2501
f 3772/4369/2502 3770/4371/2502 3769/4370/2502 3766/4376/2502
f 3762/4379/2503 3766/4361/2503 3769/4364/2503 3771/4380/2503
f 3772/4361/2504 3775/4379/2504 3773/4380/2504 3770/4364/2504
f 3770/4377/2505 3773/4376/2505 3774/4370/2505 3768/4378/2505
f 3765/4364/2506 3776/4380/2506 3775/4379/2506 3772/4361/2506
f 3768/4379/2507 3774/4361/2507 3776/4364/2507 3765/4380/2507
o pillars.190
v -0.314693 48.300709 -10.285624
v -0.314693 48.300709 -11.954376
v -1.018925 42.771614 -10.702812
v -0.184879 48.444481 -10.119999
v 5.398937 48.425697 -10.119999
v -0.184883 48.444481 -12.119999
v -0.930885 42.587418 -10.620001
v 4.652931 42.568634 -10.620001
v -0.930885 42.587418 -11.620001
v 4.652931 42.568634 -11.620001
v -1.018925 42.771614 -11.537188
v 5.398937 48.425697 -12.119999
v 4.782742 42.712402 -11.537188
v 4.782742 42.712402 -10.702812
v 5.486973 48.241501 -11.954376
v 5.486977 48.241501 -10.285624
vn -0.7422 0.6701 -0.0000
vn -0.9920 0.1263 -0.0000
vn -0.7478 0.0419 0.6626
vn -0.0003 -0.0850 0.9964
vn 0.0034 1.0000 -0.0000
vn -0.0034 -1.0000 -0.0000
vn -0.9022 -0.4312 -0.0000
vn -0.0003 -0.0850 -0.9964
vn -0.7478 0.0419 -0.6626
vn 0.7318 -0.1468 -0.6656
vn 0.7422 -0.6701 -0.0000
vn 0.9022 0.4312 -0.0000
vn 0.7318 -0.1468 0.6656
vt 0.000000 0.872699
vt 0.000000 0.745399
vt 1.000000 0.745399
vt 1.000000 0.872699
vt 0.875767 0.246933
vt 0.875767 0.745399
vt 0.751534 0.745399
vt 0.751534 0.246933
vt 0.751534 0.745399
vt 0.253067 0.246933
vt 0.253067 0.745399
vt 0.126534 0.745399
vt 0.253068 0.745399
vt 0.253068 0.000000
vt 0.126534 0.000000
vt 0.751534 0.246933
vt 0.751534 0.123466
vt 0.253067 0.123466
vt 0.000000 1.000000
vt 1.000000 1.000000
s 0
usemtl concrete06_trim
f 3777/4381/2508 3780/4382/2508 3782/4383/2508 3778/4384/2508
f 3778/4385/2509 3787/4386/2509 3779/4387/2509 3777/4388/2509
f 3779/4384/2510 3783/4383/2510 3780/4382/2510 3777/4381/2510
f 3784/4389/2511 3781/4388/2511 3780/4390/2511 3783/4391/2511
f 3781/4388/2512 3788/4385/2512 3782/4386/2512 3780/4387/2512
f 3786/4392/2513 3784/4393/2513 3783/4394/2513 3785/4395/2513
f 3787/4396/2514 3785/4397/2514 3783/4398/2514 3779/4390/2514
f 3788/4389/2515 3786/4391/2515 3785/4390/2515 3782/4396/2515
f 3778/4399/2516 3782/4381/2516 3785/4384/2516 3787/4400/2516
f 3788/4381/2517 3791/4399/2517 3789/4400/2517 3786/4384/2517
f 3786/4397/2518 3789/4396/2518 3790/4390/2518 3784/4398/2518
f 3781/4384/2519 3792/4400/2519 3791/4399/2519 3788/4381/2519
f 3784/4399/2520 3790/4381/2520 3792/4384/2520 3781/4400/2520
o pillars.191
v 5.486729 48.239532 -10.285624
v 5.486729 48.239532 -11.954376
v 4.782497 42.710438 -10.702812
v 5.616539 48.383305 -10.119999
v 11.200356 48.364517 -10.119999
v 5.616535 48.383305 -12.119999
v 4.870533 42.526241 -10.620001
v 10.454353 42.507454 -10.620001
v 4.870533 42.526241 -11.620001
v 10.454353 42.507454 -11.620001
v 4.782497 42.710438 -11.537188
v 11.200356 48.364517 -12.119999
v 10.584164 42.651226 -11.537188
v 10.584164 42.651226 -10.702812
v 11.288395 48.180321 -11.954376
v 11.288399 48.180321 -10.285624
vn -0.7422 0.6701 -0.0000
vn -0.9920 0.1263 -0.0000
vn -0.7478 0.0419 0.6626
vn -0.0003 -0.0850 0.9964
vn 0.0034 1.0000 -0.0000
vn -0.0034 -1.0000 -0.0000
vn -0.9022 -0.4312 -0.0000
vn -0.0003 -0.0850 -0.9964
vn -0.7478 0.0419 -0.6626
vn 0.7318 -0.1468 -0.6656
vn 0.7422 -0.6701 -0.0000
vn 0.9022 0.4312 -0.0000
vn 0.7318 -0.1468 0.6656
vt 0.000000 0.872699
vt 0.000000 0.745399
vt 1.000000 0.745399
vt 1.000000 0.872699
vt 0.875767 0.246933
vt 0.875767 0.745399
vt 0.751534 0.745399
vt 0.751534 0.246933
vt 0.751534 0.745399
vt 0.253067 0.246933
vt 0.253067 0.745399
vt 0.126534 0.745399
vt 0.253068 0.745399
vt 0.253068 0.000000
vt 0.126534 0.000000
vt 0.751534 0.246933
vt 0.751534 0.123466
vt 0.253067 0.123466
vt 0.000000 1.000000
vt 1.000000 1.000000
s 0
usemtl concrete06_trim
f 3793/4401/2521 3796/4402/2521 3798/4403/2521 3794/4404/2521
f 3794/4405/2522 3803/4406/2522 3795/4407/2522 3793/4408/2522
f 3795/4404/2523 3799/4403/2523 3796/4402/2523 3793/4401/2523
f 3800/4409/2524 3797/4408/2524 3796/4410/2524 3799/4411/2524
f 3797/4408/2525 3804/4405/2525 3798/4406/2525 3796/4407/2525
f 3802/4412/2526 3800/4413/2526 3799/4414/2526 3801/4415/2526
f 3803/4416/2527 3801/4417/2527 3799/4418/2527 3795/4410/2527
f 3804/4409/2528 3802/4411/2528 3801/4410/2528 3798/4416/2528
f 3794/4419/2529 3798/4401/2529 3801/4404/2529 3803/4420/2529
f 3804/4401/2530 3807/4419/2530 3805/4420/2530 3802/4404/2530
f 3802/4417/2531 3805/4416/2531 3806/4410/2531 3800/4418/2531
f 3797/4404/2532 3808/4420/2532 3807/4419/2532 3804/4401/2532
f 3800/4419/2533 3806/4401/2533 3808/4404/2533 3797/4420/2533
o pillars.192
v 11.288147 48.178356 -10.285624
v 11.288147 48.178356 -11.954376
v 10.583916 42.649258 -10.702812
v 11.417957 48.322124 -10.119999
v 17.001778 48.303341 -10.119999
v 11.417953 48.322124 -12.119999
v 10.671951 42.465065 -10.620001
v 16.255775 42.446278 -10.620001
v 10.671951 42.465065 -11.620001
v 16.255775 42.446278 -11.620001
v 10.583916 42.649258 -11.537188
v 17.001778 48.303341 -12.119999
v 16.385582 42.590050 -11.537188
v 16.385582 42.590050 -10.702812
v 17.089809 48.119144 -11.954376
v 17.089813 48.119144 -10.285624
vn -0.7422 0.6701 -0.0000
vn -0.9920 0.1263 -0.0000
vn -0.7478 0.0419 0.6626
vn -0.0003 -0.0850 0.9964
vn 0.0034 1.0000 -0.0000
vn -0.0034 -1.0000 -0.0000
vn -0.9022 -0.4312 -0.0000
vn -0.0003 -0.0850 -0.9964
vn -0.7478 0.0419 -0.6626
vn 0.7318 -0.1468 -0.6656
vn 0.7422 -0.6701 -0.0000
vn 0.9022 0.4312 -0.0000
vn 0.7318 -0.1468 0.6656
vt 0.000000 0.872699
vt 0.000000 0.745399
vt 1.000000 0.745399
vt 1.000000 0.872699
vt 0.875767 0.246933
vt 0.875767 0.745399
vt 0.751534 0.745399
vt 0.751534 0.246933
vt 0.751534 0.745399
vt 0.253067 0.246933
vt 0.253067 0.745399
vt 0.126534 0.745399
vt 0.253068 0.745399
vt 0.253068 0.000000
vt 0.126534 0.000000
vt 0.751534 0.246933
vt 0.751534 0.123466
vt 0.253067 0.123466
vt 0.000000 1.000000
vt 1.000000 1.000000
s 0
usemtl concrete06_trim
f 3809/4421/2534 3812/4422/2534 3814/4423/2534 3810/4424/2534
f 3810/4425/2535 3819/4426/2535 3811/4427/2535 3809/4428/2535
f 3811/4424/2536 3815/4423/2536 3812/4422/2536 3809/4421/2536
f 3816/4429/2537 3813/4428/2537 3812/4430/2537 3815/4431/2537
f 3813/4428/2538 3820/4425/2538 3814/4426/2538 3812/4427/2538
f 3818/4432/2539 3816/4433/2539 3815/4434/2539 3817/4435/2539
f 3819/4436/2540 3817/4437/2540 3815/4438/2540 3811/4430/2540
f 3820/4429/2541 3818/4431/2541 3817/4430/2541 3814/4436/2541
f 3810/4439/2542 3814/4421/2542 3817/4424/2542 3819/4440/2542
f 3820/4421/2543 3823/4439/2543 3821/4440/2543 3818/4424/2543
f 3818/4437/2544 3821/4436/2544 3822/4430/2544 3816/4438/2544
f 3813/4424/2545 3824/4440/2545 3823/4439/2545 3820/4421/2545
f 3816/4439/2546 3822/4421/2546 3824/4424/2546 3813/4440/2546
o pillars.193
v 17.089561 48.117180 -10.285624
v 17.089561 48.117180 -11.954376
v 16.385330 42.588081 -10.702812
v 17.219376 48.260948 -10.119999
v 22.803192 48.242165 -10.119999
v 17.219372 48.260948 -12.119999
v 16.473366 42.403885 -10.620001
v 22.057190 42.385101 -10.620001
v 16.473366 42.403885 -11.620001
v 22.057190 42.385101 -11.620001
v 16.385330 42.588081 -11.537188
v 22.803192 48.242165 -12.119999
v 22.186996 42.528870 -11.537188
v 22.186996 42.528870 -10.702812
v 22.891228 48.057968 -11.954376
v 22.891228 48.057968 -10.285624
vn -0.7422 0.6702 -0.0000
vn -0.9920 0.1263 -0.0000
vn -0.7478 0.0419 0.6626
vn -0.0003 -0.0850 0.9964
vn 0.0034 1.0000 -0.0000
vn -0.0034 -1.0000 -0.0000
vn -0.9022 -0.4312 -0.0000
vn -0.0003 -0.0850 -0.9964
vn -0.7478 0.0419 -0.6626
vn 0.7318 -0.1468 -0.6656
vn 0.7422 -0.6701 -0.0000
vn 0.9022 0.4312 -0.0000
vn 0.7318 -0.1468 0.6656
vt 0.000000 0.872699
vt 0.000000 0.745399
vt 1.000000 0.745399
vt 1.000000 0.872699
vt 0.875767 0.246933
vt 0.875767 0.745399
vt 0.751534 0.745399
vt 0.751534 0.246933
vt 0.751534 0.745399
vt 0.253067 0.246933
vt 0.253067 0.745399
vt 0.126534 0.745399
vt 0.253068 0.745399
vt 0.253068 0.000000
vt 0.126534 0.000000
vt 0.751534 0.246933
vt 0.751534 0.123466
vt 0.253067 0.123466
vt 0.000000 1.000000
vt 1.000000 1.000000
s 0
usemtl concrete06_trim
f 3825/4441/2547 3828/4442/2547 3830/4443/2547 3826/4444/2547
f 3826/4445/2548 3835/4446/2548 3827/4447/2548 3825/4448/2548
f 3827/4444/2549 3831/4443/2549 3828/4442/2549 3825/4441/2549
f 3832/4449/2550 3829/4448/2550 3828/4450/2550 3831/4451/2550
f 3829/4448/2551 3836/4445/2551 3830/4446/2551 3828/4447/2551
f 3834/4452/2552 3832/4453/2552 3831/4454/2552 3833/4455/2552
f 3835/4456/2553 3833/4457/2553 3831/4458/2553 3827/4450/2553
f 3836/4449/2554 3834/4451/2554 3833/4450/2554 3830/4456/2554
f 3826/4459/2555 3830/4441/2555 3833/4444/2555 3835/4460/2555
f 3836/4441/2556 3839/4459/2556 3837/4460/2556 3834/4444/2556
f 3834/4457/2557 3837/4456/2557 3838/4450/2557 3832/4458/2557
f 3829/4444/2558 3840/4460/2558 3839/4459/2558 3836/4441/2558
f 3832/4459/2559 3838/4441/2559 3840/4444/2559 3829/4460/2559
o pillars.194
v -40.924618 48.728951 -13.465624
v -40.924618 48.728951 -15.134377
v -41.628845 43.199856 -13.882812
v -40.794804 48.872723 -13.299999
v -35.210987 48.853935 -13.299999
v -40.794807 48.872723 -15.299999
v -41.540810 43.015659 -13.800001
v -35.956989 42.996872 -13.800001
v -41.540810 43.015659 -14.799999
v -35.956989 42.996872 -14.799999
v -41.628845 43.199856 -14.717190
v -35.210987 48.853935 -15.299999
v -35.827179 43.140644 -14.717190
v -35.827179 43.140644 -13.882812
v -35.122948 48.669739 -15.134377
v -35.122948 48.669739 -13.465624
vn -0.7422 0.6702 -0.0000
vn -0.9920 0.1263 -0.0000
vn -0.7478 0.0419 0.6626
vn -0.0003 -0.0850 0.9964
vn 0.0034 1.0000 -0.0000
vn -0.0034 -1.0000 -0.0000
vn -0.9022 -0.4312 -0.0000
vn -0.0003 -0.0850 -0.9964
vn -0.7478 0.0419 -0.6626
vn 0.7318 -0.1468 -0.6656
vn 0.7422 -0.6702 -0.0000
vn 0.9022 0.4312 -0.0000
vn 0.7318 -0.1468 0.6656
vt 0.000000 0.872699
vt 0.000000 0.745399
vt 1.000000 0.745399
vt 1.000000 0.872699
vt 0.875767 0.246933
vt 0.875767 0.745399
vt 0.751534 0.745399
vt 0.751534 0.246933
vt 0.751534 0.745399
vt 0.253067 0.246933
vt 0.253067 0.745399
vt 0.126534 0.745399
vt 0.253068 0.745399
vt 0.253068 0.000000
vt 0.126534 0.000000
vt 0.751534 0.246933
vt 0.751534 0.123466
vt 0.253067 0.123466
vt 0.000000 1.000000
vt 1.000000 1.000000
s 0
usemtl concrete06_trim
f 3841/4461/2560 3844/4462/2560 3846/4463/2560 3842/4464/2560
f 3842/4465/2561 3851/4466/2561 3843/4467/2561 3841/4468/2561
f 3843/4464/2562 3847/4463/2562 3844/4462/2562 3841/4461/2562
f 3848/4469/2563 3845/4468/2563 3844/4470/2563 3847/4471/2563
f 3845/4468/2564 3852/4465/2564 3846/4466/2564 3844/4467/2564
f 3850/4472/2565 3848/4473/2565 3847/4474/2565 3849/4475/2565
f 3851/4476/2566 3849/4477/2566 3847/4478/2566 3843/4470/2566
f 3852/4469/2567 3850/4471/2567 3849/4470/2567 3846/4476/2567
f 3842/4479/2568 3846/4461/2568 3849/4464/2568 3851/4480/2568
f 3852/4461/2569 3855/4479/2569 3853/4480/2569 3850/4464/2569
f 3850/4477/2570 3853/4476/2570 3854/4470/2570 3848/4478/2570
f 3845/4464/2571 3856/4480/2571 3855/4479/2571 3852/4461/2571
f 3848/4479/2572 3854/4461/2572 3856/4464/2572 3845/4480/2572
o pillars.195
v -35.123199 48.667774 -13.465624
v -35.123199 48.667774 -15.134377
v -35.827431 43.138680 -13.882812
v -34.993385 48.811546 -13.299999
v -29.409569 48.792759 -13.299999
v -34.993389 48.811546 -15.299999
v -35.739391 42.954483 -13.800001
v -30.155573 42.935696 -13.800001
v -35.739391 42.954483 -14.799999
v -30.155573 42.935696 -14.799999
v -35.827431 43.138680 -14.717190
v -29.409569 48.792759 -15.299999
v -30.025761 43.079468 -14.717190
v -30.025761 43.079468 -13.882812
v -29.321531 48.608562 -15.134377
v -29.321529 48.608562 -13.465624
vn -0.7422 0.6702 -0.0000
vn -0.9920 0.1263 -0.0000
vn -0.7478 0.0419 0.6626
vn -0.0003 -0.0850 0.9964
vn 0.0034 1.0000 -0.0000
vn -0.0034 -1.0000 -0.0000
vn -0.9022 -0.4312 -0.0000
vn -0.0003 -0.0850 -0.9964
vn -0.7478 0.0419 -0.6626
vn 0.7318 -0.1468 -0.6656
vn 0.7422 -0.6702 -0.0000
vn 0.9022 0.4312 -0.0000
vn 0.7318 -0.1468 0.6656
vt 0.000000 0.872699
vt 0.000000 0.745399
vt 1.000000 0.745399
vt 1.000000 0.872699
vt 0.875767 0.246933
vt 0.875767 0.745399
vt 0.751534 0.745399
vt 0.751534 0.246933
vt 0.751534 0.745399
vt 0.253067 0.246933
vt 0.253067 0.745399
vt 0.126534 0.745399
vt 0.253068 0.745399
vt 0.253068 0.000000
vt 0.126534 0.000000
vt 0.751534 0.246933
vt 0.751534 0.123466
vt 0.253067 0.123466
vt 0.000000 1.000000
vt 1.000000 1.000000
s 0
usemtl concrete06_trim
f 3857/4481/2573 3860/4482/2573 3862/4483/2573 3858/4484/2573
f 3858/4485/2574 3867/4486/2574 3859/4487/2574 3857/4488/2574
f 3859/4484/2575 3863/4483/2575 3860/4482/2575 3857/4481/2575
f 3864/4489/2576 3861/4488/2576 3860/4490/2576 3863/4491/2576
f 3861/4488/2577 3868/4485/2577 3862/4486/2577 3860/4487/2577
f 3866/4492/2578 3864/4493/2578 3863/4494/2578 3865/4495/2578
f 3867/4496/2579 3865/4497/2579 3863/4498/2579 3859/4490/2579
f 3868/4489/2580 3866/4491/2580 3865/4490/2580 3862/4496/2580
f 3858/4499/2581 3862/4481/2581 3865/4484/2581 3867/4500/2581
f 3868/4481/2582 3871/4499/2582 3869/4500/2582 3866/4484/2582
f 3866/4497/2583 3869/4496/2583 3870/4490/2583 3864/4498/2583
f 3861/4484/2584 3872/4500/2584 3871/4499/2584 3868/4481/2584
f 3864/4499/2585 3870/4481/2585 3872/4484/2585 3861/4500/2585
o pillars.196
v -29.321781 48.606598 -13.465624
v -29.321781 48.606598 -15.134377
v -30.026012 43.077499 -13.882812
v -29.191971 48.750366 -13.299999
v -23.608150 48.731583 -13.299999
v -29.191971 48.750366 -15.299999
v -29.937973 42.893303 -13.800001
v -24.354155 42.874519 -13.800001
v -29.937973 42.893303 -14.799999
v -24.354155 42.874519 -14.799999
v -30.026012 43.077499 -14.717190
v -23.608150 48.731583 -15.299999
v -24.224346 43.018291 -14.717190
v -24.224346 43.018291 -13.882812
v -23.520115 48.547386 -15.134377
v -23.520113 48.547386 -13.465624
vn -0.7422 0.6702 -0.0000
vn -0.9920 0.1263 -0.0000
vn -0.7478 0.0419 0.6626
vn -0.0003 -0.0850 0.9964
vn 0.0034 1.0000 -0.0000
vn -0.0034 -1.0000 -0.0000
vn -0.9022 -0.4312 -0.0000
vn -0.0003 -0.0850 -0.9964
vn -0.7478 0.0419 -0.6626
vn 0.7318 -0.1468 -0.6655
vn 0.7422 -0.6701 -0.0000
vn 0.9022 0.4312 -0.0000
vn 0.7318 -0.1468 0.6656
vt 0.000000 0.872699
vt 0.000000 0.745399
vt 1.000000 0.745399
vt 1.000000 0.872699
vt 0.875767 0.246933
vt 0.875767 0.745399
vt 0.751534 0.745399
vt 0.751534 0.246933
vt 0.751534 0.745399
vt 0.253067 0.246933
vt 0.253067 0.745399
vt 0.126534 0.745399
vt 0.253068 0.745399
vt 0.253068 0.000000
vt 0.126534 0.000000
vt 0.751534 0.246933
vt 0.751534 0.123466
vt 0.253067 0.123466
vt 0.000000 1.000000
vt 1.000000 1.000000
s 0
usemtl concrete06_trim
f 3873/4501/2586 3876/4502/2586 3878/4503/2586 3874/4504/2586
f 3874/4505/2587 3883/4506/2587 3875/4507/2587 3873/4508/2587
f 3875/4504/2588 3879/4503/2588 3876/4502/2588 3873/4501/2588
f 3880/4509/2589 3877/4508/2589 3876/4510/2589 3879/4511/2589
f 3877/4508/2590 3884/4505/2590 3878/4506/2590 3876/4507/2590
f 3882/4512/2591 3880/4513/2591 3879/4514/2591 3881/4515/2591
f 3883/4516/2592 3881/4517/2592 3879/4518/2592 3875/4510/2592
f 3884/4509/2593 3882/4511/2593 3881/4510/2593 3878/4516/2593
f 3874/4519/2594 3878/4501/2594 3881/4504/2594 3883/4520/2594
f 3884/4501/2595 3887/4519/2595 3885/4520/2595 3882/4504/2595
f 3882/4517/2596 3885/4516/2596 3886/4510/2596 3880/4518/2596
f 3877/4504/2597 3888/4520/2597 3887/4519/2597 3884/4501/2597
f 3880/4519/2598 3886/4501/2598 3888/4504/2598 3877/4520/2598
o pillars.197
v -23.520363 48.545418 -13.465624
v -23.520363 48.545418 -15.134377
v -24.224594 43.016323 -13.882812
v -23.390551 48.689190 -13.299999
v -17.806732 48.670406 -13.299999
v -23.390551 48.689190 -15.299999
v -24.136555 42.832127 -13.800001
v -18.552736 42.813343 -13.800001
v -24.136555 42.832127 -14.799999
v -18.552736 42.813343 -14.799999
v -24.224594 43.016323 -14.717190
v -17.806734 48.670403 -15.299999
v -18.422924 42.957111 -14.717190
v -18.422924 42.957111 -13.882812
v -17.718695 48.486206 -15.134377
v -17.718695 48.486206 -13.465624
vn -0.7422 0.6702 -0.0000
vn -0.9920 0.1263 -0.0000
vn -0.7478 0.0419 0.6626
vn -0.0003 -0.0850 0.9964
vn 0.0034 1.0000 -0.0000
vn -0.0034 -1.0000 -0.0000
vn -0.9022 -0.4312 -0.0000
vn -0.0003 -0.0850 -0.9964
vn -0.7478 0.0419 -0.6626
vn 0.7318 -0.1468 -0.6656
vn 0.7422 -0.6702 -0.0000
vn 0.9022 0.4312 -0.0000
vn 0.7318 -0.1468 0.6656
vt 0.000000 0.872699
vt 0.000000 0.745399
vt 1.000000 0.745399
vt 1.000000 0.872699
vt 0.875767 0.246933
vt 0.875767 0.745399
vt 0.751534 0.745399
vt 0.751534 0.246933
vt 0.751534 0.745399
vt 0.253067 0.246933
vt 0.253067 0.745399
vt 0.126534 0.745399
vt 0.253068 0.745399
vt 0.253068 0.000000
vt 0.126534 0.000000
vt 0.751534 0.246933
vt 0.751534 0.123466
vt 0.253067 0.123466
vt 0.000000 1.000000
vt 1.000000 1.000000
s 0
usemtl concrete06_trim
f 3889/4521/2599 3892/4522/2599 3894/4523/2599 3890/4524/2599
f 3890/4525/2600 3899/4526/2600 3891/4527/2600 3889/4528/2600
f 3891/4524/2601 3895/4523/2601 3892/4522/2601 3889/4521/2601
f 3896/4529/2602 3893/4528/2602 3892/4530/2602 3895/4531/2602
f 3893/4528/2603 3900/4525/2603 3894/4526/2603 3892/4527/2603
f 3898/4532/2604 3896/4533/2604 3895/4534/2604 3897/4535/2604
f 3899/4536/2605 3897/4537/2605 3895/4538/2605 3891/4530/2605
f 3900/4529/2606 3898/4531/2606 3897/4530/2606 3894/4536/2606
f 3890/4539/2607 3894/4521/2607 3897/4524/2607 3899/4540/2607
f 3900/4521/2608 3903/4539/2608 3901/4540/2608 3898/4524/2608
f 3898/4537/2609 3901/4536/2609 3902/4530/2609 3896/4538/2609
f 3893/4524/2610 3904/4540/2610 3903/4539/2610 3900/4521/2610
f 3896/4539/2611 3902/4521/2611 3904/4524/2611 3893/4540/2611
o pillars.198
v -17.718945 48.484241 -13.465624
v -17.718945 48.484241 -15.134377
v -18.423176 42.955147 -13.882812
v -17.589134 48.628014 -13.299999
v -12.005314 48.609230 -13.299999
v -17.589134 48.628014 -15.299999
v -18.335138 42.770950 -13.800001
v -12.751318 42.752163 -13.800001
v -18.335138 42.770950 -14.799999
v -12.751318 42.752163 -14.799999
v -18.423176 42.955147 -14.717190
v -12.005314 48.609226 -15.299999
v -12.621510 42.895935 -14.717190
v -12.621510 42.895935 -13.882812
v -11.917278 48.425034 -15.134377
v -11.917276 48.425034 -13.465624
vn -0.7422 0.6702 -0.0000
vn -0.9920 0.1263 -0.0000
vn -0.7478 0.0419 0.6626
vn -0.0003 -0.0850 0.9964
vn 0.0034 1.0000 -0.0000
vn -0.0034 -1.0000 -0.0000
vn -0.9022 -0.4312 -0.0000
vn -0.0003 -0.0850 -0.9964
vn -0.7478 0.0419 -0.6626
vn 0.7318 -0.1468 -0.6655
vn 0.7422 -0.6701 -0.0000
vn 0.9022 0.4312 -0.0000
vn 0.7318 -0.1468 0.6656
vt 0.000000 0.872699
vt 0.000000 0.745399
vt 1.000000 0.745399
vt 1.000000 0.872699
vt 0.875767 0.246933
vt 0.875767 0.745399
vt 0.751534 0.745399
vt 0.751534 0.246933
vt 0.751534 0.745399
vt 0.253067 0.246933
vt 0.253067 0.745399
vt 0.126534 0.745399
vt 0.253068 0.745399
vt 0.253068 0.000000
vt 0.126534 0.000000
vt 0.751534 0.246933
vt 0.751534 0.123466
vt 0.253067 0.123466
vt 0.000000 1.000000
vt 1.000000 1.000000
s 0
usemtl concrete06_trim
f 3905/4541/2612 3908/4542/2612 3910/4543/2612 3906/4544/2612
f 3906/4545/2613 3915/4546/2613 3907/4547/2613 3905/4548/2613
f 3907/4544/2614 3911/4543/2614 3908/4542/2614 3905/4541/2614
f 3912/4549/2615 3909/4548/2615 3908/4550/2615 3911/4551/2615
f 3909/4548/2616 3916/4545/2616 3910/4546/2616 3908/4547/2616
f 3914/4552/2617 3912/4553/2617 3911/4554/2617 3913/4555/2617
f 3915/4556/2618 3913/4557/2618 3911/4558/2618 3907/4550/2618
f 3916/4549/2619 3914/4551/2619 3913/4550/2619 3910/4556/2619
f 3906/4559/2620 3910/4541/2620 3913/4544/2620 3915/4560/2620
f 3916/4541/2621 3919/4559/2621 3917/4560/2621 3914/4544/2621
f 3914/4557/2622 3917/4556/2622 3918/4550/2622 3912/4558/2622
f 3909/4544/2623 3920/4560/2623 3919/4559/2623 3916/4541/2623
f 3912/4559/2624 3918/4541/2624 3920/4544/2624 3909/4560/2624
o pillars.199
v -11.917528 48.423065 -13.465624
v -11.917528 48.423065 -15.134377
v -12.621758 42.893970 -13.882812
v -11.787716 48.566833 -13.299999
v -6.203899 48.548050 -13.299999
v -11.787716 48.566833 -15.299999
v -12.533718 42.709774 -13.800001
v -6.949902 42.690987 -13.800001
v -12.533718 42.709774 -14.799999
v -6.949902 42.690987 -14.799999
v -12.621758 42.893970 -14.717190
v -6.203899 48.548050 -15.299999
v -6.820091 42.834759 -14.717190
v -6.820091 42.834759 -13.882812
v -6.115860 48.363853 -15.134377
v -6.115860 48.363853 -13.465624
vn -0.7422 0.6701 -0.0000
vn -0.9920 0.1263 -0.0000
vn -0.7478 0.0419 0.6626
vn -0.0003 -0.0850 0.9964
vn 0.0034 1.0000 -0.0000
vn -0.0034 -1.0000 -0.0000
vn -0.9022 -0.4312 -0.0000
vn -0.0003 -0.0850 -0.9964
vn -0.7478 0.0419 -0.6626
vn 0.7318 -0.1468 -0.6656
vn 0.7422 -0.6702 -0.0000
vn 0.9022 0.4312 -0.0000
vn 0.7318 -0.1468 0.6656
vt 0.000000 0.872699
vt 0.000000 0.745399
vt 1.000000 0.745399
vt 1.000000 0.872699
vt 0.875767 0.246933
vt 0.875767 0.745399
vt 0.751534 0.745399
vt 0.751534 0.246933
vt 0.751534 0.745399
vt 0.253067 0.246933
vt 0.253067 0.745399
vt 0.126534 0.745399
vt 0.253068 0.745399
vt 0.253068 0.000000
vt 0.126534 0.000000
vt 0.751534 0.246933
vt 0.751534 0.123466
vt 0.253067 0.123466
vt 0.000000 1.000000
vt 1.000000 1.000000
s 0
usemtl concrete06_trim
f 3921/4561/2625 3924/4562/2625 3926/4563/2625 3922/4564/2625
f 3922/4565/2626 3931/4566/2626 3923/4567/2626 3921/4568/2626
f 3923/4564/2627 3927/4563/2627 3924/4562/2627 3921/4561/2627
f 3928/4569/2628 3925/4568/2628 3924/4570/2628 3927/4571/2628
f 3925/4568/2629 3932/4565/2629 3926/4566/2629 3924/4567/2629
f 3930/4572/2630 3928/4573/2630 3927/4574/2630 3929/4575/2630
f 3931/4576/2631 3929/4577/2631 3927/4578/2631 3923/4570/2631
f 3932/4569/2632 3930/4571/2632 3929/4570/2632 3926/4576/2632
f 3922/4579/2633 3926/4561/2633 3929/4564/2633 3931/4580/2633
f 3932/4561/2634 3935/4579/2634 3933/4580/2634 3930/4564/2634
f 3930/4577/2635 3933/4576/2635 3934/4570/2635 3928/4578/2635
f 3925/4564/2636 3936/4580/2636 3935/4579/2636 3932/4561/2636
f 3928/4579/2637 3934/4561/2637 3936/4564/2637 3925/4580/2637
o pillars.200
v -6.116112 48.361889 -13.465624
v -6.116112 48.361889 -15.134377
v -6.820343 42.832790 -13.882812
v -5.986298 48.505657 -13.299999
v -0.402477 48.486874 -13.299999
v -5.986301 48.505657 -15.299999
v -6.732304 42.648598 -13.800001
v -1.148479 42.629810 -13.800001
v -6.732304 42.648598 -14.799999
v -1.148479 42.629810 -14.799999
v -6.820343 42.832790 -14.717190
v -0.402477 48.486874 -15.299999
v -1.018673 42.773579 -14.717190
v -1.018673 42.773579 -13.882812
v -0.314442 48.302677 -15.134377
v -0.314442 48.302677 -13.465624
vn -0.7422 0.6702 -0.0000
vn -0.9920 0.1263 -0.0000
vn -0.7478 0.0419 0.6626
vn -0.0003 -0.0850 0.9964
vn 0.0034 1.0000 -0.0000
vn -0.0034 -1.0000 -0.0000
vn -0.9022 -0.4312 -0.0000
vn -0.0003 -0.0850 -0.9964
vn -0.7478 0.0419 -0.6626
vn 0.7318 -0.1468 -0.6655
vn 0.7422 -0.6702 -0.0000
vn 0.9022 0.4312 -0.0000
vn 0.7318 -0.1468 0.6656
vt 0.000000 0.872699
vt 0.000000 0.745399
vt 1.000000 0.745399
vt 1.000000 0.872699
vt 0.875767 0.246933
vt 0.875767 0.745399
vt 0.751534 0.745399
vt 0.751534 0.246933
vt 0.751534 0.745399
vt 0.253067 0.246933
vt 0.253067 0.745399
vt 0.126534 0.745399
vt 0.253068 0.745399
vt 0.253068 0.000000
vt 0.126534 0.000000
vt 0.751534 0.246933
vt 0.751534 0.123466
vt 0.253067 0.123466
vt 0.000000 1.000000
vt 1.000000 1.000000
s 0
usemtl concrete06_trim
f 3937/4581/2638 3940/4582/2638 3942/4583/2638 3938/4584/2638
f 3938/4585/2639 3947/4586/2639 3939/4587/2639 3937/4588/2639
f 3939/4584/2640 3943/4583/2640 3940/4582/2640 3937/4581/2640
f 3944/4589/2641 3941/4588/2641 3940/4590/2641 3943/4591/2641
f 3941/4588/2642 3948/4585/2642 3942/4586/2642 3940/4587/2642
f 3946/4592/2643 3944/4593/2643 3943/4594/2643 3945/4595/2643
f 3947/4596/2644 3945/4597/2644 3943/4598/2644 3939/4590/2644
f 3948/4589/2645 3946/4591/2645 3945/4590/2645 3942/4596/2645
f 3938/4599/2646 3942/4581/2646 3945/4584/2646 3947/4600/2646
f 3948/4581/2647 3951/4599/2647 3949/4600/2647 3946/4584/2647
f 3946/4597/2648 3949/4596/2648 3950/4590/2648 3944/4598/2648
f 3941/4584/2649 3952/4600/2649 3951/4599/2649 3948/4581/2649
f 3944/4599/2650 3950/4581/2650 3952/4584/2650 3941/4600/2650
o pillars.201
v -0.314693 48.300709 -13.465624
v -0.314693 48.300709 -15.134377
v -1.018925 42.771614 -13.882812
v -0.184879 48.444481 -13.299999
v 5.398937 48.425697 -13.299999
v -0.184883 48.444481 -15.299999
v -0.930885 42.587418 -13.800001
v 4.652931 42.568634 -13.800001
v -0.930885 42.587418 -14.799999
v 4.652931 42.568634 -14.799999
v -1.018925 42.771614 -14.717190
v 5.398937 48.425697 -15.299999
v 4.782742 42.712402 -14.717190
v 4.782742 42.712402 -13.882812
v 5.486973 48.241501 -15.134377
v 5.486977 48.241501 -13.465624
vn -0.7422 0.6701 -0.0000
vn -0.9920 0.1263 -0.0000
vn -0.7478 0.0419 0.6626
vn -0.0003 -0.0850 0.9964
vn 0.0034 1.0000 -0.0000
vn -0.0034 -1.0000 -0.0000
vn -0.9022 -0.4312 -0.0000
vn -0.0003 -0.0850 -0.9964
vn -0.7478 0.0419 -0.6626
vn 0.7318 -0.1468 -0.6655
vn 0.7422 -0.6702 -0.0000
vn 0.9022 0.4312 -0.0000
vn 0.7318 -0.1468 0.6656
vt 0.000000 0.872699
vt 0.000000 0.745399
vt 1.000000 0.745399
vt 1.000000 0.872699
vt 0.875767 0.246933
vt 0.875767 0.745399
vt 0.751534 0.745399
vt 0.751534 0.246933
vt 0.751534 0.745399
vt 0.253067 0.246933
vt 0.253067 0.745399
vt 0.126534 0.745399
vt 0.253068 0.745399
vt 0.253068 0.000000
vt 0.126534 0.000000
vt 0.751534 0.246933
vt 0.751534 0.123466
vt 0.253067 0.123466
vt 0.000000 1.000000
vt 1.000000 1.000000
s 0
usemtl concrete06_trim
f 3953/4601/2651 3956/4602/2651 3958/4603/2651 3954/4604/2651
f 3954/4605/2652 3963/4606/2652 3955/4607/2652 3953/4608/2652
f 3955/4604/2653 3959/4603/2653 3956/4602/2653 3953/4601/2653
f 3960/4609/2654 3957/4608/2654 3956/4610/2654 3959/4611/2654
f 3957/4608/2655 3964/4605/2655 3958/4606/2655 3956/4607/2655
f 3962/4612/2656 3960/4613/2656 3959/4614/2656 3961/4615/2656
f 3963/4616/2657 3961/4617/2657 3959/4618/2657 3955/4610/2657
f 3964/4609/2658 3962/4611/2658 3961/4610/2658 3958/4616/2658
f 3954/4619/2659 3958/4601/2659 3961/4604/2659 3963/4620/2659
f 3964/4601/2660 3967/4619/2660 3965/4620/2660 3962/4604/2660
f 3962/4617/2661 3965/4616/2661 3966/4610/2661 3960/4618/2661
f 3957/4604/2662 3968/4620/2662 3967/4619/2662 3964/4601/2662
f 3960/4619/2663 3966/4601/2663 3968/4604/2663 3957/4620/2663
o pillars.202
v 5.486729 48.239532 -13.465624
v 5.486729 48.239532 -15.134377
v 4.782497 42.710438 -13.882812
v 5.616539 48.383305 -13.299999
v 11.200356 48.364517 -13.299999
v 5.616535 48.383305 -15.299999
v 4.870533 42.526241 -13.800001
v 10.454353 42.507454 -13.800001
v 4.870533 42.526241 -14.799999
v 10.454353 42.507454 -14.799999
v 4.782497 42.710438 -14.717190
v 11.200356 48.364517 -15.299999
v 10.584164 42.651226 -14.717190
v 10.584164 42.651226 -13.882812
v 11.288395 48.180321 -15.134377
v 11.288399 48.180321 -13.465624
vn -0.7422 0.6701 -0.0000
vn -0.9920 0.1263 -0.0000
vn -0.7478 0.0419 0.6626
vn -0.0003 -0.0850 0.9964
vn 0.0034 1.0000 -0.0000
vn -0.0034 -1.0000 -0.0000
vn -0.9022 -0.4312 -0.0000
vn -0.0003 -0.0850 -0.9964
vn -0.7478 0.0419 -0.6626
vn 0.7318 -0.1468 -0.6655
vn 0.7422 -0.6701 -0.0000
vn 0.9022 0.4312 -0.0000
vn 0.7318 -0.1468 0.6656
vt 0.000000 0.872699
vt 0.000000 0.745399
vt 1.000000 0.745399
vt 1.000000 0.872699
vt 0.875767 0.246933
vt 0.875767 0.745399
vt 0.751534 0.745399
vt 0.751534 0.246933
vt 0.751534 0.745399
vt 0.253067 0.246933
vt 0.253067 0.745399
vt 0.126534 0.745399
vt 0.253068 0.745399
vt 0.253068 0.000000
vt 0.126534 0.000000
vt 0.751534 0.246933
vt 0.751534 0.123466
vt 0.253067 0.123466
vt 0.000000 1.000000
vt 1.000000 1.000000
s 0
usemtl concrete06_trim
f 3969/4621/2664 3972/4622/2664 3974/4623/2664 3970/4624/2664
f 3970/4625/2665 3979/4626/2665 3971/4627/2665 3969/4628/2665
f 3971/4624/2666 3975/4623/2666 3972/4622/2666 3969/4621/2666
f 3976/4629/2667 3973/4628/2667 3972/4630/2667 3975/4631/2667
f 3973/4628/2668 3980/4625/2668 3974/4626/2668 3972/4627/2668
f 3978/4632/2669 3976/4633/2669 3975/4634/2669 3977/4635/2669
f 3979/4636/2670 3977/4637/2670 3975/4638/2670 3971/4630/2670
f 3980/4629/2671 3978/4631/2671 3977/4630/2671 3974/4636/2671
f 3970/4639/2672 3974/4621/2672 3977/4624/2672 3979/4640/2672
f 3980/4621/2673 3983/4639/2673 3981/4640/2673 3978/4624/2673
f 3978/4637/2674 3981/4636/2674 3982/4630/2674 3976/4638/2674
f 3973/4624/2675 3984/4640/2675 3983/4639/2675 3980/4621/2675
f 3976/4639/2676 3982/4621/2676 3984/4624/2676 3973/4640/2676
o pillars.203
v 11.288147 48.178356 -13.465624
v 11.288147 48.178356 -15.134377
v 10.583916 42.649258 -13.882812
v 11.417957 48.322124 -13.299999
v 17.001778 48.303341 -13.299999
v 11.417953 48.322124 -15.299999
v 10.671951 42.465065 -13.800001
v 16.255775 42.446278 -13.800001
v 10.671951 42.465065 -14.799999
v 16.255775 42.446278 -14.799999
v 10.583916 42.649258 -14.717190
v 17.001778 48.303341 -15.299999
v 16.385582 42.590050 -14.717190
v 16.385582 42.590050 -13.882812
v 17.089809 48.119144 -15.134377
v 17.089813 48.119144 -13.465624
vn -0.7422 0.6701 -0.0000
vn -0.9920 0.1263 -0.0000
vn -0.7478 0.0419 0.6626
vn -0.0003 -0.0850 0.9964
vn 0.0034 1.0000 -0.0000
vn -0.0034 -1.0000 -0.0000
vn -0.9022 -0.4312 -0.0000
vn -0.0003 -0.0850 -0.9964
vn -0.7478 0.0419 -0.6626
vn 0.7318 -0.1468 -0.6655
vn 0.7422 -0.6702 -0.0000
vn 0.9022 0.4312 -0.0000
vn 0.7318 -0.1468 0.6656
vt 0.000000 0.872699
vt 0.000000 0.745399
vt 1.000000 0.745399
vt 1.000000 0.872699
vt 0.875767 0.246933
vt 0.875767 0.745399
vt 0.751534 0.745399
vt 0.751534 0.246933
vt 0.751534 0.745399
vt 0.253067 0.246933
vt 0.253067 0.745399
vt 0.126534 0.745399
vt 0.253068 0.745399
vt 0.253068 0.000000
vt 0.126534 0.000000
vt 0.751534 0.246933
vt 0.751534 0.123466
vt 0.253067 0.123466
vt 0.000000 1.000000
vt 1.000000 1.000000
s 0
usemtl concrete06_trim
f 3985/4641/2677 3988/4642/2677 3990/4643/2677 3986/4644/2677
f 3986/4645/2678 3995/4646/2678 3987/4647/2678 3985/4648/2678
f 3987/4644/2679 3991/4643/2679 3988/4642/2679 3985/4641/2679
f 3992/4649/2680 3989/4648/2680 3988/4650/2680 3991/4651/2680
f 3989/4648/2681 3996/4645/2681 3990/4646/2681 3988/4647/2681
f 3994/4652/2682 3992/4653/2682 3991/4654/2682 3993/4655/2682
f 3995/4656/2683 3993/4657/2683 3991/4658/2683 3987/4650/2683
f 3996/4649/2684 3994/4651/2684 3993/4650/2684 3990/4656/2684
f 3986/4659/2685 3990/4641/2685 3993/4644/2685 3995/4660/2685
f 3996/4641/2686 3999/4659/2686 3997/4660/2686 3994/4644/2686
f 3994/4657/2687 3997/4656/2687 3998/4650/2687 3992/4658/2687
f 3989/4644/2688 4000/4660/2688 3999/4659/2688 3996/4641/2688
f 3992/4659/2689 3998/4641/2689 4000/4644/2689 3989/4660/2689
o pillars.204
v 17.089561 48.117180 -13.465624
v 17.089561 48.117180 -15.134377
v 16.385330 42.588081 -13.882812
v 17.219376 48.260948 -13.299999
v 22.803192 48.242165 -13.299999
v 17.219372 48.260948 -15.299999
v 16.473366 42.403885 -13.800001
v 22.057190 42.385101 -13.800001
v 16.473366 42.403885 -14.799999
v 22.057190 42.385101 -14.799999
v 16.385330 42.588081 -14.717190
v 22.803192 48.242165 -15.299999
v 22.186996 42.528870 -14.717190
v 22.186996 42.528870 -13.882812
v 22.891228 48.057968 -15.134377
v 22.891228 48.057968 -13.465624
vn -0.7422 0.6702 -0.0000
vn -0.9920 0.1263 -0.0000
vn -0.7478 0.0419 0.6626
vn -0.0003 -0.0850 0.9964
vn 0.0034 1.0000 -0.0000
vn -0.0034 -1.0000 -0.0000
vn -0.9022 -0.4312 -0.0000
vn -0.0003 -0.0850 -0.9964
vn -0.7478 0.0419 -0.6626
vn 0.7318 -0.1468 -0.6655
vn 0.7422 -0.6701 -0.0000
vn 0.9022 0.4312 -0.0000
vn 0.7318 -0.1468 0.6656
vt 0.000000 0.872699
vt 0.000000 0.745399
vt 1.000000 0.745399
vt 1.000000 0.872699
vt 0.875767 0.246933
vt 0.875767 0.745399
vt 0.751534 0.745399
vt 0.751534 0.246933
vt 0.751534 0.745399
vt 0.253067 0.246933
vt 0.253067 0.745399
vt 0.126534 0.745399
vt 0.253068 0.745399
vt 0.253068 0.000000
vt 0.126534 0.000000
vt 0.751534 0.246933
vt 0.751534 0.123466
vt 0.253067 0.123466
vt 0.000000 1.000000
vt 1.000000 1.000000
s 0
usemtl concrete06_trim
f 4001/4661/2690 4004/4662/2690 4006/4663/2690 4002/4664/2690
f 4002/4665/2691 4011/4666/2691 4003/4667/2691 4001/4668/2691
f 4003/4664/2692 4007/4663/2692 4004/4662/2692 4001/4661/2692
f 4008/4669/2693 4005/4668/2693 4004/4670/2693 4007/4671/2693
f 4005/4668/2694 4012/4665/2694 4006/4666/2694 4004/4667/2694
f 4010/4672/2695 4008/4673/2695 4007/4674/2695 4009/4675/2695
f 4011/4676/2696 4009/4677/2696 4007/4678/2696 4003/4670/2696
f 4012/4669/2697 4010/4671/2697 4009/4670/2697 4006/4676/2697
f 4002/4679/2698 4006/4661/2698 4009/4664/2698 4011/4680/2698
f 4012/4661/2699 4015/4679/2699 4013/4680/2699 4010/4664/2699
f 4010/4677/2700 4013/4676/2700 4014/4670/2700 4008/4678/2700
f 4005/4664/2701 4016/4680/2701 4015/4679/2701 4012/4661/2701
f 4008/4679/2702 4014/4661/2702 4016/4664/2702 4005/4680/2702
o pillars.205
v -40.924618 48.728951 -16.645622
v -40.924618 48.728951 -18.314373
v -41.628845 43.199856 -17.062813
v -40.794804 48.872723 -16.480000
v -35.210987 48.853935 -16.480000
v -40.794807 48.872723 -18.480000
v -41.540810 43.015659 -16.980000
v -35.956989 42.996872 -16.980000
v -41.540810 43.015659 -17.980000
v -35.956989 42.996872 -17.980000
v -41.628845 43.199856 -17.897186
v -35.210987 48.853935 -18.480000
v -35.827179 43.140644 -17.897186
v -35.827179 43.140644 -17.062813
v -35.122948 48.669739 -18.314373
v -35.122948 48.669739 -16.645622
vn -0.7422 0.6702 -0.0000
vn -0.9920 0.1263 -0.0000
vn -0.7478 0.0419 0.6626
vn -0.0003 -0.0850 0.9964
vn 0.0034 1.0000 -0.0000
vn -0.0034 -1.0000 -0.0000
vn -0.9022 -0.4312 -0.0000
vn -0.0003 -0.0850 -0.9964
vn -0.7478 0.0419 -0.6626
vn 0.7318 -0.1468 -0.6656
vn 0.7422 -0.6702 -0.0000
vn 0.9022 0.4312 -0.0000
vn 0.7318 -0.1468 0.6656
vt 0.000000 0.872699
vt 0.000000 0.745399
vt 1.000000 0.745399
vt 1.000000 0.872699
vt 0.875767 0.246933
vt 0.875767 0.745399
vt 0.751534 0.745399
vt 0.751534 0.246933
vt 0.751534 0.745399
vt 0.253067 0.246933
vt 0.253067 0.745399
vt 0.126534 0.745399
vt 0.253068 0.745399
vt 0.253068 0.000000
vt 0.126534 0.000000
vt 0.751534 0.246933
vt 0.751534 0.123466
vt 0.253067 0.123466
vt 0.000000 1.000000
vt 1.000000 1.000000
s 0
usemtl concrete06_trim
f 4017/4681/2703 4020/4682/2703 4022/4683/2703 4018/4684/2703
f 4018/4685/2704 4027/4686/2704 4019/4687/2704 4017/4688/2704
f 4019/4684/2705 4023/4683/2705 4020/4682/2705 4017/4681/2705
f 4024/4689/2706 4021/4688/2706 4020/4690/2706 4023/4691/2706
f 4021/4688/2707 4028/4685/2707 4022/4686/2707 4020/4687/2707
f 4026/4692/2708 4024/4693/2708 4023/4694/2708 4025/4695/2708
f 4027/4696/2709 4025/4697/2709 4023/4698/2709 4019/4690/2709
f 4028/4689/2710 4026/4691/2710 4025/4690/2710 4022/4696/2710
f 4018/4699/2711 4022/4681/2711 4025/4684/2711 4027/4700/2711
f 4028/4681/2712 4031/4699/2712 4029/4700/2712 4026/4684/2712
f 4026/4697/2713 4029/4696/2713 4030/4690/2713 4024/4698/2713
f 4021/4684/2714 4032/4700/2714 4031/4699/2714 4028/4681/2714
f 4024/4699/2715 4030/4681/2715 4032/4684/2715 4021/4700/2715
o pillars.206
v -35.123199 48.667774 -16.645622
v -35.123199 48.667774 -18.314373
v -35.827431 43.138680 -17.062813
v -34.993385 48.811546 -16.480000
v -29.409569 48.792759 -16.480000
v -34.993389 48.811546 -18.480000
v -35.739391 42.954483 -16.980000
v -30.155573 42.935696 -16.980000
v -35.739391 42.954483 -17.980000
v -30.155573 42.935696 -17.980000
v -35.827431 43.138680 -17.897186
v -29.409569 48.792759 -18.480000
v -30.025761 43.079468 -17.897186
v -30.025761 43.079468 -17.062813
v -29.321531 48.608562 -18.314373
v -29.321529 48.608562 -16.645622
vn -0.7422 0.6702 -0.0000
vn -0.9920 0.1263 -0.0000
vn -0.7478 0.0419 0.6626
vn -0.0003 -0.0850 0.9964
vn 0.0034 1.0000 -0.0000
vn -0.0034 -1.0000 -0.0000
vn -0.9022 -0.4312 -0.0000
vn -0.0003 -0.0850 -0.9964
vn -0.7478 0.0419 -0.6626
vn 0.7318 -0.1468 -0.6656
vn 0.7422 -0.6702 -0.0000
vn 0.9022 0.4312 -0.0000
vn 0.7318 -0.1468 0.6656
vt 0.000000 0.872699
vt 0.000000 0.745399
vt 1.000000 0.745399
vt 1.000000 0.872699
vt 0.875767 0.246933
vt 0.875767 0.745399
vt 0.751534 0.745399
vt 0.751534 0.246933
vt 0.751534 0.745399
vt 0.253067 0.246933
vt 0.253067 0.745399
vt 0.126534 0.745399
vt 0.253068 0.745399
vt 0.253068 0.000000
vt 0.126534 0.000000
vt 0.751534 0.246933
vt 0.751534 0.123466
vt 0.253067 0.123466
vt 0.000000 1.000000
vt 1.000000 1.000000
s 0
usemtl concrete06_trim
f 4033/4701/2716 4036/4702/2716 4038/4703/2716 4034/4704/2716
f 4034/4705/2717 4043/4706/2717 4035/4707/2717 4033/4708/2717
f 4035/4704/2718 4039/4703/2718 4036/4702/2718 4033/4701/2718
f 4040/4709/2719 4037/4708/2719 4036/4710/2719 4039/4711/2719
f 4037/4708/2720 4044/4705/2720 4038/4706/2720 4036/4707/2720
f 4042/4712/2721 4040/4713/2721 4039/4714/2721 4041/4715/2721
f 4043/4716/2722 4041/4717/2722 4039/4718/2722 4035/4710/2722
f 4044/4709/2723 4042/4711/2723 4041/4710/2723 4038/4716/2723
f 4034/4719/2724 4038/4701/2724 4041/4704/2724 4043/4720/2724
f 4044/4701/2725 4047/4719/2725 4045/4720/2725 4042/4704/2725
f 4042/4717/2726 4045/4716/2726 4046/4710/2726 4040/4718/2726
f 4037/4704/2727 4048/4720/2727 4047/4719/2727 4044/4701/2727
f 4040/4719/2728 4046/4701/2728 4048/4704/2728 4037/4720/2728
o pillars.207
v -29.321781 48.606598 -16.645622
v -29.321781 48.606598 -18.314373
v -30.026012 43.077499 -17.062813
v -29.191971 48.750366 -16.480000
v -23.608150 48.731583 -16.480000
v -29.191971 48.750366 -18.480000
v -29.937973 42.893303 -16.980000
v -24.354155 42.874519 -16.980000
v -29.937973 42.893303 -17.980000
v -24.354155 42.874519 -17.980000
v -30.026012 43.077499 -17.897186
v -23.608150 48.731583 -18.480000
v -24.224346 43.018291 -17.897186
v -24.224346 43.018291 -17.062813
v -23.520115 48.547386 -18.314373
v -23.520113 48.547386 -16.645622
vn -0.7422 0.6702 -0.0000
vn -0.9920 0.1263 -0.0000
vn -0.7478 0.0419 0.6626
vn -0.0003 -0.0850 0.9964
vn 0.0034 1.0000 -0.0000
vn -0.0034 -1.0000 -0.0000
vn -0.9022 -0.4312 -0.0000
vn -0.0003 -0.0850 -0.9964
vn -0.7478 0.0419 -0.6626
vn 0.7318 -0.1468 -0.6656
vn 0.7422 -0.6702 -0.0000
vn 0.9022 0.4312 -0.0000
vn 0.7318 -0.1468 0.6656
vt 0.000000 0.872699
vt 0.000000 0.745399
vt 1.000000 0.745399
vt 1.000000 0.872699
vt 0.875767 0.246933
vt 0.875767 0.745399
vt 0.751534 0.745399
vt 0.751534 0.246933
vt 0.751534 0.745399
vt 0.253067 0.246933
vt 0.253067 0.745399
vt 0.126534 0.745399
vt 0.253068 0.745399
vt 0.253068 0.000000
vt 0.126534 0.000000
vt 0.751534 0.246933
vt 0.751534 0.123466
vt 0.253067 0.123466
vt 0.000000 1.000000
vt 1.000000 1.000000
s 0
usemtl concrete06_trim
f 4049/4721/2729 4052/4722/2729 4054/4723/2729 4050/4724/2729
f 4050/4725/2730 4059/4726/2730 4051/4727/2730 4049/4728/2730
f 4051/4724/2731 4055/4723/2731 4052/4722/2731 4049/4721/2731
f 4056/4729/2732 4053/4728/2732 4052/4730/2732 4055/4731/2732
f 4053/4728/2733 4060/4725/2733 4054/4726/2733 4052/4727/2733
f 4058/4732/2734 4056/4733/2734 4055/4734/2734 4057/4735/2734
f 4059/4736/2735 4057/4737/2735 4055/4738/2735 4051/4730/2735
f 4060/4729/2736 4058/4731/2736 4057/4730/2736 4054/4736/2736
f 4050/4739/2737 4054/4721/2737 4057/4724/2737 4059/4740/2737
f 4060/4721/2738 4063/4739/2738 4061/4740/2738 4058/4724/2738
f 4058/4737/2739 4061/4736/2739 4062/4730/2739 4056/4738/2739
f 4053/4724/2740 4064/4740/2740 4063/4739/2740 4060/4721/2740
f 4056/4739/2741 4062/4721/2741 4064/4724/2741 4053/4740/2741
o pillars.208
v -23.520363 48.545418 -16.645622
v -23.520363 48.545418 -18.314373
v -24.224594 43.016323 -17.062813
v -23.390551 48.689190 -16.480000
v -17.806732 48.670406 -16.480000
v -23.390551 48.689190 -18.480000
v -24.136555 42.832127 -16.980000
v -18.552736 42.813343 -16.980000
v -24.136555 42.832127 -17.980000
v -18.552736 42.813343 -17.980000
v -24.224594 43.016323 -17.897186
v -17.806734 48.670403 -18.480000
v -18.422924 42.957111 -17.897186
v -18.422924 42.957111 -17.062813
v -17.718695 48.486206 -18.314373
v -17.718695 48.486206 -16.645622
vn -0.7422 0.6702 -0.0000
vn -0.9920 0.1263 -0.0000
vn -0.7478 0.0419 0.6626
vn -0.0003 -0.0850 0.9964
vn 0.0034 1.0000 -0.0000
vn -0.0034 -1.0000 -0.0000
vn -0.9022 -0.4312 -0.0000
vn -0.0003 -0.0850 -0.9964
vn -0.7478 0.0419 -0.6626
vn 0.7318 -0.1468 -0.6656
vn 0.7422 -0.6702 -0.0000
vn 0.9022 0.4312 -0.0000
vn 0.7318 -0.1468 0.6656
vt 0.000000 0.872699
vt 0.000000 0.745399
vt 1.000000 0.745399
vt 1.000000 0.872699
vt 0.875767 0.246933
vt 0.875767 0.745399
vt 0.751534 0.745399
vt 0.751534 0.246933
vt 0.751534 0.745399
vt 0.253067 0.246933
vt 0.253067 0.745399
vt 0.126534 0.745399
vt 0.253068 0.745399
vt 0.253068 0.000000
vt 0.126534 0.000000
vt 0.751534 0.246933
vt 0.751534 0.123466
vt 0.253067 0.123466
vt 0.000000 1.000000
vt 1.000000 1.000000
s 0
usemtl concrete06_trim
f 4065/4741/2742 4068/4742/2742 4070/4743/2742 4066/4744/2742
f 4066/4745/2743 4075/4746/2743 4067/4747/2743 4065/4748/2743
f 4067/4744/2744 4071/4743/2744 4068/4742/2744 4065/4741/2744
f 4072/4749/2745 4069/4748/2745 4068/4750/2745 4071/4751/2745
f 4069/4748/2746 4076/4745/2746 4070/4746/2746 4068/4747/2746
f 4074/4752/2747 4072/4753/2747 4071/4754/2747 4073/4755/2747
f 4075/4756/2748 4073/4757/2748 4071/4758/2748 4067/4750/2748
f 4076/4749/2749 4074/4751/2749 4073/4750/2749 4070/4756/2749
f 4066/4759/2750 4070/4741/2750 4073/4744/2750 4075/4760/2750
f 4076/4741/2751 4079/4759/2751 4077/4760/2751 4074/4744/2751
f 4074/4757/2752 4077/4756/2752 4078/4750/2752 4072/4758/2752
f 4069/4744/2753 4080/4760/2753 4079/4759/2753 4076/4741/2753
f 4072/4759/2754 4078/4741/2754 4080/4744/2754 4069/4760/2754
o pillars.209
v -17.718945 48.484241 -16.645622
v -17.718945 48.484241 -18.314373
v -18.423176 42.955147 -17.062813
v -17.589134 48.628014 -16.480000
v -12.005314 48.609230 -16.480000
v -17.589134 48.628014 -18.480000
v -18.335138 42.770950 -16.980000
v -12.751318 42.752163 -16.980000
v -18.335138 42.770950 -17.980000
v -12.751318 42.752163 -17.980000
v -18.423176 42.955147 -17.897186
v -12.005314 48.609226 -18.480000
v -12.621510 42.895935 -17.897186
v -12.621510 42.895935 -17.062813
v -11.917278 48.425034 -18.314373
v -11.917276 48.425034 -16.645622
vn -0.7422 0.6702 -0.0000
vn -0.9920 0.1263 -0.0000
vn -0.7478 0.0419 0.6626
vn -0.0003 -0.0850 0.9964
vn 0.0034 1.0000 -0.0000
vn -0.0034 -1.0000 -0.0000
vn -0.9022 -0.4312 -0.0000
vn -0.0003 -0.0850 -0.9964
vn -0.7478 0.0419 -0.6626
vn 0.7318 -0.1468 -0.6656
vn 0.7422 -0.6702 -0.0000
vn 0.9022 0.4312 -0.0000
vn 0.7318 -0.1468 0.6656
vt 0.000000 0.872699
vt 0.000000 0.745399
vt 1.000000 0.745399
vt 1.000000 0.872699
vt 0.875767 0.246933
vt 0.875767 0.745399
vt 0.751534 0.745399
vt 0.751534 0.246933
vt 0.751534 0.745399
vt 0.253067 0.246933
vt 0.253067 0.745399
vt 0.126534 0.745399
vt 0.253068 0.745399
vt 0.253068 0.000000
vt 0.126534 0.000000
vt 0.751534 0.246933
vt 0.751534 0.123466
vt 0.253067 0.123466
vt 0.000000 1.000000
vt 1.000000 1.000000
s 0
usemtl concrete06_trim
f 4081/4761/2755 4084/4762/2755 4086/4763/2755 4082/4764/2755
f 4082/4765/2756 4091/4766/2756 4083/4767/2756 4081/4768/2756
f 4083/4764/2757 4087/4763/2757 4084/4762/2757 4081/4761/2757
f 4088/4769/2758 4085/4768/2758 4084/4770/2758 4087/4771/2758
f 4085/4768/2759 4092/4765/2759 4086/4766/2759 4084/4767/2759
f 4090/4772/2760 4088/4773/2760 4087/4774/2760 4089/4775/2760
f 4091/4776/2761 4089/4777/2761 4087/4778/2761 4083/4770/2761
f 4092/4769/2762 4090/4771/2762 4089/4770/2762 4086/4776/2762
f 4082/4779/2763 4086/4761/2763 4089/4764/2763 4091/4780/2763
f 4092/4761/2764 4095/4779/2764 4093/4780/2764 4090/4764/2764
f 4090/4777/2765 4093/4776/2765 4094/4770/2765 4088/4778/2765
f 4085/4764/2766 4096/4780/2766 4095/4779/2766 4092/4761/2766
f 4088/4779/2767 4094/4761/2767 4096/4764/2767 4085/4780/2767
o pillars.210
v -11.917528 48.423065 -16.645622
v -11.917528 48.423065 -18.314373
v -12.621758 42.893970 -17.062813
v -11.787716 48.566833 -16.480000
v -6.203899 48.548050 -16.480000
v -11.787716 48.566833 -18.480000
v -12.533718 42.709774 -16.980000
v -6.949902 42.690987 -16.980000
v -12.533718 42.709774 -17.980000
v -6.949902 42.690987 -17.980000
v -12.621758 42.893970 -17.897186
v -6.203899 48.548050 -18.480000
v -6.820091 42.834759 -17.897186
v -6.820091 42.834759 -17.062813
v -6.115860 48.363853 -18.314373
v -6.115860 48.363853 -16.645622
vn -0.7422 0.6702 -0.0000
vn -0.9920 0.1263 -0.0000
vn -0.7478 0.0419 0.6626
vn -0.0003 -0.0850 0.9964
vn 0.0034 1.0000 -0.0000
vn -0.0034 -1.0000 -0.0000
vn -0.9022 -0.4312 -0.0000
vn -0.0003 -0.0850 -0.9964
vn -0.7478 0.0419 -0.6626
vn 0.7318 -0.1468 -0.6656
vn 0.7422 -0.6702 -0.0000
vn 0.9022 0.4312 -0.0000
vn 0.7318 -0.1468 0.6656
vt 0.000000 0.872699
vt 0.000000 0.745399
vt 1.000000 0.745399
vt 1.000000 0.872699
vt 0.875767 0.246933
vt 0.875767 0.745399
vt 0.751534 0.745399
vt 0.751534 0.246933
vt 0.751534 0.745399
vt 0.253067 0.246933
vt 0.253067 0.745399
vt 0.126534 0.745399
vt 0.253068 0.745399
vt 0.253068 0.000000
vt 0.126534 0.000000
vt 0.751534 0.246933
vt 0.751534 0.123466
vt 0.253067 0.123466
vt 0.000000 1.000000
vt 1.000000 1.000000
s 0
usemtl concrete06_trim
f 4097/4781/2768 4100/4782/2768 4102/4783/2768 4098/4784/2768
f 4098/4785/2769 4107/4786/2769 4099/4787/2769 4097/4788/2769
f 4099/4784/2770 4103/4783/2770 4100/4782/2770 4097/4781/2770
f 4104/4789/2771 4101/4788/2771 4100/4790/2771 4103/4791/2771
f 4101/4788/2772 4108/4785/2772 4102/4786/2772 4100/4787/2772
f 4106/4792/2773 4104/4793/2773 4103/4794/2773 4105/4795/2773
f 4107/4796/2774 4105/4797/2774 4103/4798/2774 4099/4790/2774
f 4108/4789/2775 4106/4791/2775 4105/4790/2775 4102/4796/2775
f 4098/4799/2776 4102/4781/2776 4105/4784/2776 4107/4800/2776
f 4108/4781/2777 4111/4799/2777 4109/4800/2777 4106/4784/2777
f 4106/4797/2778 4109/4796/2778 4110/4790/2778 4104/4798/2778
f 4101/4784/2779 4112/4800/2779 4111/4799/2779 4108/4781/2779
f 4104/4799/2780 4110/4781/2780 4112/4784/2780 4101/4800/2780
o pillars.211
v -6.116112 48.361889 -16.645622
v -6.116112 48.361889 -18.314373
v -6.820343 42.832790 -17.062813
v -5.986298 48.505657 -16.480000
v -0.402477 48.486874 -16.480000
v -5.986301 48.505657 -18.480000
v -6.732304 42.648598 -16.980000
v -1.148479 42.629810 -16.980000
v -6.732304 42.648598 -17.980000
v -1.148479 42.629810 -17.980000
v -6.820343 42.832790 -17.897186
v -0.402477 48.486874 -18.480000
v -1.018673 42.773579 -17.897186
v -1.018673 42.773579 -17.062813
v -0.314442 48.302677 -18.314373
v -0.314442 48.302677 -16.645622
vn -0.7422 0.6702 -0.0000
vn -0.9920 0.1263 -0.0000
vn -0.7478 0.0419 0.6626
vn -0.0003 -0.0850 0.9964
vn 0.0034 1.0000 -0.0000
vn -0.0034 -1.0000 -0.0000
vn -0.9022 -0.4312 -0.0000
vn -0.0003 -0.0850 -0.9964
vn -0.7478 0.0419 -0.6626
vn 0.7318 -0.1468 -0.6656
vn 0.7422 -0.6701 -0.0000
vn 0.9022 0.4312 -0.0000
vn 0.7318 -0.1468 0.6655
vt 0.000000 0.872699
vt 0.000000 0.745399
vt 1.000000 0.745399
vt 1.000000 0.872699
vt 0.875767 0.246933
vt 0.875767 0.745399
vt 0.751534 0.745399
vt 0.751534 0.246933
vt 0.751534 0.745399
vt 0.253067 0.246933
vt 0.253067 0.745399
vt 0.126534 0.745399
vt 0.253068 0.745399
vt 0.253068 0.000000
vt 0.126534 0.000000
vt 0.751534 0.246933
vt 0.751534 0.123466
vt 0.253067 0.123466
vt 0.000000 1.000000
vt 1.000000 1.000000
s 0
usemtl concrete06_trim
f 4113/4801/2781 4116/4802/2781 4118/4803/2781 4114/4804/2781
f 4114/4805/2782 4123/4806/2782 4115/4807/2782 4113/4808/2782
f 4115/4804/2783 4119/4803/2783 4116/4802/2783 4113/4801/2783
f 4120/4809/2784 4117/4808/2784 4116/4810/2784 4119/4811/2784
f 4117/4808/2785 4124/4805/2785 4118/4806/2785 4116/4807/2785
f 4122/4812/2786 4120/4813/2786 4119/4814/2786 4121/4815/2786
f 4123/4816/2787 4121/4817/2787 4119/4818/2787 4115/4810/2787
f 4124/4809/2788 4122/4811/2788 4121/4810/2788 4118/4816/2788
f 4114/4819/2789 4118/4801/2789 4121/4804/2789 4123/4820/2789
f 4124/4801/2790 4127/4819/2790 4125/4820/2790 4122/4804/2790
f 4122/4817/2791 4125/4816/2791 4126/4810/2791 4120/4818/2791
f 4117/4804/2792 4128/4820/2792 4127/4819/2792 4124/4801/2792
f 4120/4819/2793 4126/4801/2793 4128/4804/2793 4117/4820/2793
o pillars.212
v -0.314693 48.300709 -16.645622
v -0.314693 48.300709 -18.314373
v -1.018925 42.771614 -17.062813
v -0.184879 48.444481 -16.480000
v 5.398937 48.425697 -16.480000
v -0.184883 48.444481 -18.480000
v -0.930885 42.587418 -16.980000
v 4.652931 42.568634 -16.980000
v -0.930885 42.587418 -17.980000
v 4.652931 42.568634 -17.980000
v -1.018925 42.771614 -17.897186
v 5.398937 48.425697 -18.480000
v 4.782742 42.712402 -17.897186
v 4.782742 42.712402 -17.062813
v 5.486973 48.241501 -18.314373
v 5.486977 48.241501 -16.645622
vn -0.7422 0.6702 -0.0000
vn -0.9920 0.1263 -0.0000
vn -0.7478 0.0419 0.6626
vn -0.0003 -0.0850 0.9964
vn 0.0034 1.0000 -0.0000
vn -0.0034 -1.0000 -0.0000
vn -0.9022 -0.4312 -0.0000
vn -0.0003 -0.0850 -0.9964
vn -0.7478 0.0419 -0.6626
vn 0.7318 -0.1468 -0.6656
vn 0.7422 -0.6701 -0.0000
vn 0.9022 0.4312 -0.0000
vn 0.7318 -0.1468 0.6656
vt 0.000000 0.872699
vt 0.000000 0.745399
vt 1.000000 0.745399
vt 1.000000 0.872699
vt 0.875767 0.246933
vt 0.875767 0.745399
vt 0.751534 0.745399
vt 0.751534 0.246933
vt 0.751534 0.745399
vt 0.253067 0.246933
vt 0.253067 0.745399
vt 0.126534 0.745399
vt 0.253068 0.745399
vt 0.253068 0.000000
vt 0.126534 0.000000
vt 0.751534 0.246933
vt 0.751534 0.123466
vt 0.253067 0.123466
vt 0.000000 1.000000
vt 1.000000 1.000000
s 0
usemtl concrete06_trim
f 4129/4821/2794 4132/4822/2794 4134/4823/2794 4130/4824/2794
f 4130/4825/2795 4139/4826/2795 4131/4827/2795 4129/4828/2795
f 4131/4824/2796 4135/4823/2796 4132/4822/2796 4129/4821/2796
f 4136/4829/2797 4133/4828/2797 4132/4830/2797 4135/4831/2797
f 4133/4828/2798 4140/4825/2798 4134/4826/2798 4132/4827/2798
f 4138/4832/2799 4136/4833/2799 4135/4834/2799 4137/4835/2799
f 4139/4836/2800 4137/4837/2800 4135/4838/2800 4131/4830/2800
f 4140/4829/2801 4138/4831/2801 4137/4830/2801 4134/4836/2801
f 4130/4839/2802 4134/4821/2802 4137/4824/2802 4139/4840/2802
f 4140/4821/2803 4143/4839/2803 4141/4840/2803 4138/4824/2803
f 4138/4837/2804 4141/4836/2804 4142/4830/2804 4136/4838/2804
f 4133/4824/2805 4144/4840/2805 4143/4839/2805 4140/4821/2805
f 4136/4839/2806 4142/4821/2806 4144/4824/2806 4133/4840/2806
o pillars.213
v 5.486729 48.239532 -16.645622
v 5.486729 48.239532 -18.314373
v 4.782497 42.710438 -17.062813
v 5.616539 48.383305 -16.480000
v 11.200356 48.364517 -16.480000
v 5.616535 48.383305 -18.480000
v 4.870533 42.526241 -16.980000
v 10.454353 42.507454 -16.980000
v 4.870533 42.526241 -17.980000
v 10.454353 42.507454 -17.980000
v 4.782497 42.710438 -17.897186
v 11.200356 48.364517 -18.480000
v 10.584164 42.651226 -17.897186
v 10.584164 42.651226 -17.062813
v 11.288395 48.180321 -18.314373
v 11.288399 48.180321 -16.645622
vn -0.7422 0.6702 -0.0000
vn -0.9920 0.1263 -0.0000
vn -0.7478 0.0419 0.6626
vn -0.0003 -0.0850 0.9964
vn 0.0034 1.0000 -0.0000
vn -0.0034 -1.0000 -0.0000
vn -0.9022 -0.4312 -0.0000
vn -0.0003 -0.0850 -0.9964
vn -0.7478 0.0419 -0.6626
vn 0.7318 -0.1468 -0.6656
vn 0.7422 -0.6701 -0.0000
vn 0.9022 0.4312 -0.0000
vn 0.7318 -0.1468 0.6656
vt 0.000000 0.872699
vt 0.000000 0.745399
vt 1.000000 0.745399
vt 1.000000 0.872699
vt 0.875767 0.246933
vt 0.875767 0.745399
vt 0.751534 0.745399
vt 0.751534 0.246933
vt 0.751534 0.745399
vt 0.253067 0.246933
vt 0.253067 0.745399
vt 0.126534 0.745399
vt 0.253068 0.745399
vt 0.253068 0.000000
vt 0.126534 0.000000
vt 0.751534 0.246933
vt 0.751534 0.123466
vt 0.253067 0.123466
vt 0.000000 1.000000
vt 1.000000 1.000000
s 0
usemtl concrete06_trim
f 4145/4841/2807 4148/4842/2807 4150/4843/2807 4146/4844/2807
f 4146/4845/2808 4155/4846/2808 4147/4847/2808 4145/4848/2808
f 4147/4844/2809 4151/4843/2809 4148/4842/2809 4145/4841/2809
f 4152/4849/2810 4149/4848/2810 4148/4850/2810 4151/4851/2810
f 4149/4848/2811 4156/4845/2811 4150/4846/2811 4148/4847/2811
f 4154/4852/2812 4152/4853/2812 4151/4854/2812 4153/4855/2812
f 4155/4856/2813 4153/4857/2813 4151/4858/2813 4147/4850/2813
f 4156/4849/2814 4154/4851/2814 4153/4850/2814 4150/4856/2814
f 4146/4859/2815 4150/4841/2815 4153/4844/2815 4155/4860/2815
f 4156/4841/2816 4159/4859/2816 4157/4860/2816 4154/4844/2816
f 4154/4857/2817 4157/4856/2817 4158/4850/2817 4152/4858/2817
f 4149/4844/2818 4160/4860/2818 4159/4859/2818 4156/4841/2818
f 4152/4859/2819 4158/4841/2819 4160/4844/2819 4149/4860/2819
o pillars.214
v 11.288147 48.178356 -16.645622
v 11.288147 48.178356 -18.314373
v 10.583916 42.649258 -17.062813
v 11.417957 48.322124 -16.480000
v 17.001778 48.303341 -16.480000
v 11.417953 48.322124 -18.480000
v 10.671951 42.465065 -16.980000
v 16.255775 42.446278 -16.980000
v 10.671951 42.465065 -17.980000
v 16.255775 42.446278 -17.980000
v 10.583916 42.649258 -17.897186
v 17.001778 48.303341 -18.480000
v 16.385582 42.590050 -17.897186
v 16.385582 42.590050 -17.062813
v 17.089809 48.119144 -18.314373
v 17.089813 48.119144 -16.645622
vn -0.7422 0.6702 -0.0000
vn -0.9920 0.1263 -0.0000
vn -0.7478 0.0419 0.6626
vn -0.0003 -0.0850 0.9964
vn 0.0034 1.0000 -0.0000
vn -0.0034 -1.0000 -0.0000
vn -0.9022 -0.4312 -0.0000
vn -0.0003 -0.0850 -0.9964
vn -0.7478 0.0419 -0.6626
vn 0.7318 -0.1468 -0.6656
vn 0.7422 -0.6701 -0.0000
vn 0.9022 0.4312 -0.0000
vn 0.7318 -0.1468 0.6656
vt 0.000000 0.872699
vt 0.000000 0.745399
vt 1.000000 0.745399
vt 1.000000 0.872699
vt 0.875767 0.246933
vt 0.875767 0.745399
vt 0.751534 0.745399
vt 0.751534 0.246933
vt 0.751534 0.745399
vt 0.253067 0.246933
vt 0.253067 0.745399
vt 0.126534 0.745399
vt 0.253068 0.745399
vt 0.253068 0.000000
vt 0.126534 0.000000
vt 0.751534 0.246933
vt 0.751534 0.123466
vt 0.253067 0.123466
vt 0.000000 1.000000
vt 1.000000 1.000000
s 0
usemtl concrete06_trim
f 4161/4861/2820 4164/4862/2820 4166/4863/2820 4162/4864/2820
f 4162/4865/2821 4171/4866/2821 4163/4867/2821 4161/4868/2821
f 4163/4864/2822 4167/4863/2822 4164/4862/2822 4161/4861/2822
f 4168/4869/2823 4165/4868/2823 4164/4870/2823 4167/4871/2823
f 4165/4868/2824 4172/4865/2824 4166/4866/2824 4164/4867/2824
f 4170/4872/2825 4168/4873/2825 4167/4874/2825 4169/4875/2825
f 4171/4876/2826 4169/4877/2826 4167/4878/2826 4163/4870/2826
f 4172/4869/2827 4170/4871/2827 4169/4870/2827 4166/4876/2827
f 4162/4879/2828 4166/4861/2828 4169/4864/2828 4171/4880/2828
f 4172/4861/2829 4175/4879/2829 4173/4880/2829 4170/4864/2829
f 4170/4877/2830 4173/4876/2830 4174/4870/2830 4168/4878/2830
f 4165/4864/2831 4176/4880/2831 4175/4879/2831 4172/4861/2831
f 4168/4879/2832 4174/4861/2832 4176/4864/2832 4165/4880/2832
o pillars.215
v 17.089561 48.117180 -16.645622
v 17.089561 48.117180 -18.314373
v 16.385330 42.588081 -17.062813
v 17.219376 48.260948 -16.480000
v 22.803192 48.242165 -16.480000
v 17.219372 48.260948 -18.480000
v 16.473366 42.403885 -16.980000
v 22.057190 42.385101 -16.980000
v 16.473366 42.403885 -17.980000
v 22.057190 42.385101 -17.980000
v 16.385330 42.588081 -17.897186
v 22.803192 48.242165 -18.480000
v 22.186996 42.528870 -17.897186
v 22.186996 42.528870 -17.062813
v 22.891228 48.057968 -18.314373
v 22.891228 48.057968 -16.645622
vn -0.7422 0.6702 -0.0000
vn -0.9920 0.1263 -0.0000
vn -0.7478 0.0419 0.6626
vn -0.0003 -0.0850 0.9964
vn 0.0034 1.0000 -0.0000
vn -0.0034 -1.0000 -0.0000
vn -0.9022 -0.4312 -0.0000
vn -0.0003 -0.0850 -0.9964
vn -0.7478 0.0419 -0.6626
vn 0.7318 -0.1468 -0.6656
vn 0.7422 -0.6701 -0.0000
vn 0.9022 0.4312 -0.0000
vn 0.7318 -0.1468 0.6655
vt 0.000000 0.872699
vt 0.000000 0.745399
vt 1.000000 0.745399
vt 1.000000 0.872699
vt 0.875767 0.246933
vt 0.875767 0.745399
vt 0.751534 0.745399
vt 0.751534 0.246933
vt 0.751534 0.745399
vt 0.253067 0.246933
vt 0.253067 0.745399
vt 0.126534 0.745399
vt 0.253068 0.745399
vt 0.253068 0.000000
vt 0.126534 0.000000
vt 0.751534 0.246933
vt 0.751534 0.123466
vt 0.253067 0.123466
vt 0.000000 1.000000
vt 1.000000 1.000000
s 0
usemtl concrete06_trim
f 4177/4881/2833 4180/4882/2833 4182/4883/2833 4178/4884/2833
f 4178/4885/2834 4187/4886/2834 4179/4887/2834 4177/4888/2834
f 4179/4884/2835 4183/4883/2835 4180/4882/2835 4177/4881/2835
f 4184/4889/2836 4181/4888/2836 4180/4890/2836 4183/4891/2836
f 4181/4888/2837 4188/4885/2837 4182/4886/2837 4180/4887/2837
f 4186/4892/2838 4184/4893/2838 4183/4894/2838 4185/4895/2838
f 4187/4896/2839 4185/4897/2839 4183/4898/2839 4179/4890/2839
f 4188/4889/2840 4186/4891/2840 4185/4890/2840 4182/4896/2840
f 4178/4899/2841 4182/4881/2841 4185/4884/2841 4187/4900/2841
f 4188/4881/2842 4191/4899/2842 4189/4900/2842 4186/4884/2842
f 4186/4897/2843 4189/4896/2843 4190/4890/2843 4184/4898/2843
f 4181/4884/2844 4192/4900/2844 4191/4899/2844 4188/4881/2844
f 4184/4899/2845 4190/4881/2845 4192/4884/2845 4181/4900/2845
o connectors
v -32.825939 17.061268 15.399553
v -32.825939 17.530415 15.399553
v -32.183701 17.061268 15.399553
v -32.183701 17.530415 15.399553
v -33.166733 17.825300 14.740261
v -33.166733 17.061268 14.740261
v -31.467255 17.061268 14.740261
v -31.467255 17.825300 14.740261
v -32.825939 17.061268 15.924051
v -32.825939 17.530415 15.924051
v -32.183701 17.061268 15.924051
v -32.183701 17.530415 15.924051
v -32.825939 17.061268 16.448549
v -32.825939 17.530415 16.448549
v -32.183701 17.061268 16.448549
v -32.183701 17.530415 16.448549
v -33.166733 17.825300 17.107841
v -33.166733 17.061268 17.107841
v -31.467255 17.061268 17.107841
v -31.467255 17.825300 17.107841
vn -1.0000 -0.0000 -0.0000
vn 0.6771 -0.0000 0.7358
vn -0.0000 -0.0000 -1.0000
vn -0.0000 -1.0000 -0.0000
vn -0.0000 0.9128 0.4083
vn -0.8883 -0.0000 0.4592
vn -0.0000 1.0000 -0.0000
vn 1.0000 -0.0000 -0.0000
vn 0.6771 -0.0000 -0.7358
vn -0.0000 -0.0000 1.0000
vn -0.0000 0.9128 -0.4083
vn -0.8883 -0.0000 -0.4592
vt 0.253067 0.745399
vt 0.253067 0.246933
vt 0.454973 0.246933
vt 0.454973 0.745399
vt 1.000000 0.000000
vt 1.000000 0.246933
vt 0.751534 0.246933
vt 0.751534 0.000000
vt 0.751534 0.745399
vt 0.751534 0.246933
vt 0.253067 0.556275
vt 0.751534 0.556275
vt 0.751534 0.562884
vt 0.253067 0.562884
s 0
usemtl concrete06_trim
f 4201/4901/2846 4202/4902/2846 4194/4903/2846 4193/4904/2846
f 4196/4905/2847 4195/4906/2847 4199/4907/2847 4200/4908/2847
f 4198/4909/2848 4197/4910/2848 4200/4902/2848 4199/4901/2848
f 4195/4911/2849 4193/4912/2849 4198/4910/2849 4199/4902/2849
f 4194/4913/2850 4196/4914/2850 4200/4902/2850 4197/4910/2850
f 4193/4904/2851 4194/4903/2851 4197/4910/2851 4198/4909/2851
f 4196/4914/2852 4194/4913/2852 4202/4909/2852 4204/4901/2852
f 4193/4912/2849 4195/4911/2849 4203/4901/2849 4201/4909/2849
f 4195/4908/2853 4196/4905/2853 4204/4906/2853 4203/4907/2853
f 4201/4901/2846 4205/4904/2846 4206/4903/2846 4202/4902/2846
f 4208/4905/2854 4212/4908/2854 4211/4907/2854 4207/4906/2854
f 4210/4909/2855 4211/4901/2855 4212/4902/2855 4209/4910/2855
f 4207/4911/2849 4211/4902/2849 4210/4910/2849 4205/4912/2849
f 4206/4913/2856 4209/4910/2856 4212/4902/2856 4208/4914/2856
f 4205/4904/2857 4210/4909/2857 4209/4910/2857 4206/4903/2857
f 4208/4914/2852 4204/4901/2852 4202/4909/2852 4206/4913/2852
f 4205/4912/2849 4201/4909/2849 4203/4901/2849 4207/4911/2849
f 4207/4908/2853 4203/4907/2853 4204/4906/2853 4208/4905/2853
o connectors.001
v -32.825939 17.061268 12.230617
v -32.825939 17.530415 12.230617
v -32.183701 17.061268 12.230617
v -33.166733 17.061268 11.571323
v -32.825939 17.061268 12.755114
v -32.183701 17.061268 12.755114
v -32.825939 17.530415 12.755114
v -32.825939 17.061268 13.279612
v -32.825939 17.530415 13.279612
v -32.183701 17.061268 13.279612
v -33.166733 17.061268 13.938904
v -33.166733 17.825300 13.938904
v -31.467255 17.061268 13.938904
v -31.467255 17.825300 13.938904
v -32.183701 17.530415 13.279612
v -32.183701 17.530415 12.755114
v -32.183701 17.530415 12.230617
v -31.467255 17.825300 11.571323
v -33.166733 17.825300 11.571323
v -31.467255 17.061268 11.571323
vn -0.8883 -0.0000 0.4592
vn -1.0000 -0.0000 -0.0000
vn -0.0000 -1.0000 -0.0000
vn -0.8883 -0.0000 -0.4592
vn -0.0000 -0.0000 1.0000
vn 0.6771 -0.0000 -0.7358
vn -0.0000 0.9128 -0.4083
vn -0.0000 1.0000 -0.0000
vn 1.0000 -0.0000 -0.0000
vn -0.0000 0.9128 0.4083
vn 0.6771 -0.0000 0.7358
vn -0.0000 -0.0000 -1.0000
vt 0.454973 0.745399
vt 0.454973 0.246933
vt 0.751534 0.246933
vt 0.751534 0.745399
vt 0.253067 0.745399
vt 0.253067 0.246933
vt 0.751534 0.556275
vt 0.253067 0.556275
vt 1.000000 0.000000
vt 0.751534 0.000000
vt 0.751534 0.246933
vt 1.000000 0.246933
vt 0.751534 0.562884
vt 0.253067 0.562884
s 0
usemtl concrete06_trim
f 4213/4915/2858 4214/4916/2858 4231/4917/2858 4216/4918/2858
f 4217/4919/2859 4219/4920/2859 4214/4916/2859 4213/4915/2859
f 4213/4921/2860 4215/4922/2860 4218/4919/2860 4217/4918/2860
f 4215/4922/2860 4213/4921/2860 4216/4917/2860 4232/4920/2860
f 4220/4921/2860 4217/4918/2860 4218/4919/2860 4222/4922/2860
f 4217/4919/2859 4220/4915/2859 4221/4916/2859 4219/4920/2859
f 4220/4915/2861 4223/4918/2861 4224/4917/2861 4221/4916/2861
f 4222/4922/2860 4225/4920/2860 4223/4917/2860 4220/4921/2860
f 4223/4918/2862 4225/4919/2862 4226/4920/2862 4224/4917/2862
f 4227/4923/2863 4226/4924/2863 4225/4925/2863 4222/4926/2863
f 4221/4927/2864 4224/4917/2864 4226/4920/2864 4227/4928/2864
f 4227/4928/2865 4228/4919/2865 4219/4918/2865 4221/4927/2865
f 4222/4924/2866 4218/4925/2866 4228/4926/2866 4227/4923/2866
f 4215/4924/2866 4229/4923/2866 4228/4926/2866 4218/4925/2866
f 4229/4928/2865 4214/4927/2865 4219/4918/2865 4228/4919/2865
f 4214/4927/2867 4229/4928/2867 4230/4920/2867 4231/4917/2867
f 4229/4923/2868 4215/4926/2868 4232/4925/2868 4230/4924/2868
f 4216/4918/2869 4231/4917/2869 4230/4920/2869 4232/4919/2869
o connectors.002
v -32.825939 17.061268 9.061679
v -32.825939 17.530415 9.061679
v -32.183701 17.061268 9.061679
v -33.166733 17.061268 8.402386
v -32.825939 17.061268 9.586176
v -32.183701 17.061268 9.586176
v -32.825939 17.530415 9.586176
v -32.825939 17.061268 10.110674
v -32.825939 17.530415 10.110674
v -32.183701 17.061268 10.110674
v -33.166733 17.061268 10.769967
v -33.166733 17.825300 10.769967
v -31.467255 17.061268 10.769967
v -31.467255 17.825300 10.769967
v -32.183701 17.530415 10.110674
v -32.183701 17.530415 9.586176
v -32.183701 17.530415 9.061679
v -31.467255 17.825300 8.402386
v -33.166733 17.825300 8.402386
v -31.467255 17.061268 8.402386
vn -0.8883 -0.0000 0.4592
vn -1.0000 -0.0000 -0.0000
vn -0.0000 -1.0000 -0.0000
vn -0.8883 -0.0000 -0.4592
vn -0.0000 -0.0000 1.0000
vn 0.6771 -0.0000 -0.7358
vn -0.0000 0.9128 -0.4083
vn -0.0000 1.0000 -0.0000
vn 1.0000 -0.0000 -0.0000
vn -0.0000 0.9128 0.4083
vn 0.6771 -0.0000 0.7358
vn -0.0000 -0.0000 -1.0000
vt 0.454973 0.745399
vt 0.454973 0.246933
vt 0.751534 0.246933
vt 0.751534 0.745399
vt 0.253067 0.745399
vt 0.253067 0.246933
vt 0.751534 0.556275
vt 0.253067 0.556275
vt 1.000000 0.000000
vt 0.751534 0.000000
vt 0.751534 0.246933
vt 1.000000 0.246933
vt 0.751534 0.562884
vt 0.253067 0.562884
s 0
usemtl concrete06_trim
f 4233/4929/2870 4234/4930/2870 4251/4931/2870 4236/4932/2870
f 4237/4933/2871 4239/4934/2871 4234/4930/2871 4233/4929/2871
f 4233/4935/2872 4235/4936/2872 4238/4933/2872 4237/4932/2872
f 4235/4936/2872 4233/4935/2872 4236/4931/2872 4252/4934/2872
f 4240/4935/2872 4237/4932/2872 4238/4933/2872 4242/4936/2872
f 4237/4933/2871 4240/4929/2871 4241/4930/2871 4239/4934/2871
f 4240/4929/2873 4243/4932/2873 4244/4931/2873 4241/4930/2873
f 4242/4936/2872 4245/4934/2872 4243/4931/2872 4240/4935/2872
f 4243/4932/2874 4245/4933/2874 4246/4934/2874 4244/4931/2874
f 4247/4937/2875 4246/4938/2875 4245/4939/2875 4242/4940/2875
f 4241/4941/2876 4244/4931/2876 4246/4934/2876 4247/4942/2876
f 4247/4942/2877 4248/4933/2877 4239/4932/2877 4241/4941/2877
f 4242/4938/2878 4238/4939/2878 4248/4940/2878 4247/4937/2878
f 4235/4938/2878 4249/4937/2878 4248/4940/2878 4238/4939/2878
f 4249/4942/2877 4234/4941/2877 4239/4932/2877 4248/4933/2877
f 4234/4941/2879 4249/4942/2879 4250/4934/2879 4251/4931/2879
f 4249/4937/2880 4235/4940/2880 4252/4939/2880 4250/4938/2880
f 4236/4932/2881 4251/4931/2881 4250/4934/2881 4252/4933/2881
o connectors.003
v -32.825939 17.061268 2.659099
v -32.825939 17.530415 2.659099
v -32.183701 17.061268 2.659099
v -33.166733 17.061268 1.999806
v -32.825939 17.061268 3.183597
v -32.183701 17.061268 3.183597
v -32.825939 17.530415 3.183597
v -32.825939 17.061268 3.708095
v -32.825939 17.530415 3.708095
v -32.183701 17.061268 3.708095
v -33.166733 17.061268 4.367387
v -33.166733 17.825300 4.367387
v -31.467255 17.061268 4.367387
v -31.467255 17.825300 4.367387
v -32.183701 17.530415 3.708095
v -32.183701 17.530415 3.183597
v -32.183701 17.530415 2.659099
v -31.467255 17.825300 1.999806
v -33.166733 17.825300 1.999806
v -31.467255 17.061268 1.999806
vn -0.8883 -0.0000 0.4592
vn -1.0000 -0.0000 -0.0000
vn -0.0000 -1.0000 -0.0000
vn -0.8883 -0.0000 -0.4592
vn -0.0000 -0.0000 1.0000
vn 0.6771 -0.0000 -0.7358
vn -0.0000 0.9128 -0.4083
vn -0.0000 1.0000 -0.0000
vn 1.0000 -0.0000 -0.0000
vn -0.0000 0.9128 0.4083
vn 0.6771 -0.0000 0.7358
vn -0.0000 -0.0000 -1.0000
vt 0.454973 0.745399
vt 0.454973 0.246933
vt 0.751534 0.246933
vt 0.751534 0.745399
vt 0.253067 0.745399
vt 0.253067 0.246933
vt 0.751534 0.556275
vt 0.253067 0.556275
vt 1.000000 0.000000
vt 0.751534 0.000000
vt 0.751534 0.246933
vt 1.000000 0.246933
vt 0.751534 0.562884
vt 0.253067 0.562884
s 0
usemtl concrete06_trim
f 4253/4943/2882 4254/4944/2882 4271/4945/2882 4256/4946/2882
f 4257/4947/2883 4259/4948/2883 4254/4944/2883 4253/4943/2883
f 4253/4949/2884 4255/4950/2884 4258/4947/2884 4257/4946/2884
f 4255/4950/2884 4253/4949/2884 4256/4945/2884 4272/4948/2884
f 4260/4949/2884 4257/4946/2884 4258/4947/2884 4262/4950/2884
f 4257/4947/2883 4260/4943/2883 4261/4944/2883 4259/4948/2883
f 4260/4943/2885 4263/4946/2885 4264/4945/2885 4261/4944/2885
f 4262/4950/2884 4265/4948/2884 4263/4945/2884 4260/4949/2884
f 4263/4946/2886 4265/4947/2886 4266/4948/2886 4264/4945/2886
f 4267/4951/2887 4266/4952/2887 4265/4953/2887 4262/4954/2887
f 4261/4955/2888 4264/4945/2888 4266/4948/2888 4267/4956/2888
f 4267/4956/2889 4268/4947/2889 4259/4946/2889 4261/4955/2889
f 4262/4952/2890 4258/4953/2890 4268/4954/2890 4267/4951/2890
f 4255/4952/2890 4269/4951/2890 4268/4954/2890 4258/4953/2890
f 4269/4956/2889 4254/4955/2889 4259/4946/2889 4268/4947/2889
f 4254/4955/2891 4269/4956/2891 4270/4948/2891 4271/4945/2891
f 4269/4951/2892 4255/4954/2892 4272/4953/2892 4270/4952/2892
f 4256/4946/2893 4271/4945/2893 4270/4948/2893 4272/4947/2893
o connectors.004
v -32.825939 17.061268 -0.509838
v -32.825939 17.530415 -0.509838
v -32.183701 17.061268 -0.509838
v -33.166733 17.061268 -1.169130
v -32.825939 17.061268 0.014659
v -32.183701 17.061268 0.014659
v -32.825939 17.530415 0.014659
v -32.825939 17.061268 0.539157
v -32.825939 17.530415 0.539157
v -32.183701 17.061268 0.539157
v -33.166733 17.061268 1.198450
v -33.166733 17.825300 1.198450
v -31.467255 17.061268 1.198450
v -31.467255 17.825300 1.198450
v -32.183701 17.530415 0.539157
v -32.183701 17.530415 0.014659
v -32.183701 17.530415 -0.509838
v -31.467255 17.825300 -1.169130
v -33.166733 17.825300 -1.169130
v -31.467255 17.061268 -1.169130
vn -0.8883 -0.0000 0.4592
vn -1.0000 -0.0000 -0.0000
vn -0.0000 -1.0000 -0.0000
vn -0.8883 -0.0000 -0.4592
vn -0.0000 -0.0000 1.0000
vn 0.6771 -0.0000 -0.7358
vn -0.0000 0.9128 -0.4083
vn -0.0000 1.0000 -0.0000
vn 1.0000 -0.0000 -0.0000
vn -0.0000 0.9128 0.4083
vn 0.6771 -0.0000 0.7358
vn -0.0000 -0.0000 -1.0000
vt 0.454973 0.745399
vt 0.454973 0.246933
vt 0.751534 0.246933
vt 0.751534 0.745399
vt 0.253067 0.745399
vt 0.253067 0.246933
vt 0.751534 0.556275
vt 0.253067 0.556275
vt 1.000000 0.000000
vt 0.751534 0.000000
vt 0.751534 0.246933
vt 1.000000 0.246933
vt 0.751534 0.562884
vt 0.253067 0.562884
s 0
usemtl concrete06_trim
f 4273/4957/2894 4274/4958/2894 4291/4959/2894 4276/4960/2894
f 4277/4961/2895 4279/4962/2895 4274/4958/2895 4273/4957/2895
f 4273/4963/2896 4275/4964/2896 4278/4961/2896 4277/4960/2896
f 4275/4964/2896 4273/4963/2896 4276/4959/2896 4292/4962/2896
f 4280/4963/2896 4277/4960/2896 4278/4961/2896 4282/4964/2896
f 4277/4961/2895 4280/4957/2895 4281/4958/2895 4279/4962/2895
f 4280/4957/2897 4283/4960/2897 4284/4959/2897 4281/4958/2897
f 4282/4964/2896 4285/4962/2896 4283/4959/2896 4280/4963/2896
f 4283/4960/2898 4285/4961/2898 4286/4962/2898 4284/4959/2898
f 4287/4965/2899 4286/4966/2899 4285/4967/2899 4282/4968/2899
f 4281/4969/2900 4284/4959/2900 4286/4962/2900 4287/4970/2900
f 4287/4970/2901 4288/4961/2901 4279/4960/2901 4281/4969/2901
f 4282/4966/2902 4278/4967/2902 4288/4968/2902 4287/4965/2902
f 4275/4966/2902 4289/4965/2902 4288/4968/2902 4278/4967/2902
f 4289/4970/2901 4274/4969/2901 4279/4960/2901 4288/4961/2901
f 4274/4969/2903 4289/4970/2903 4290/4962/2903 4291/4959/2903
f 4289/4965/2904 4275/4968/2904 4292/4967/2904 4290/4966/2904
f 4276/4960/2905 4291/4959/2905 4290/4962/2905 4292/4961/2905
o connectors.005
v -32.825939 17.061268 -3.678776
v -32.825939 17.530415 -3.678776
v -32.183701 17.061268 -3.678776
v -33.166733 17.061268 -4.338068
v -32.825939 17.061268 -3.154278
v -32.183701 17.061268 -3.154278
v -32.825939 17.530415 -3.154278
v -32.825939 17.061268 -2.629782
v -32.825939 17.530415 -2.629782
v -32.183701 17.061268 -2.629782
v -33.166733 17.061268 -1.970488
v -33.166733 17.825300 -1.970488
v -31.467255 17.061268 -1.970488
v -31.467255 17.825300 -1.970488
v -32.183701 17.530415 -2.629782
v -32.183701 17.530415 -3.154278
v -32.183701 17.530415 -3.678776
v -31.467255 17.825300 -4.338068
v -33.166733 17.825300 -4.338068
v -31.467255 17.061268 -4.338068
vn -0.8883 -0.0000 0.4592
vn -1.0000 -0.0000 -0.0000
vn -0.0000 -1.0000 -0.0000
vn -0.8883 -0.0000 -0.4592
vn -0.0000 -0.0000 1.0000
vn 0.6771 -0.0000 -0.7358
vn -0.0000 0.9129 -0.4083
vn -0.0000 1.0000 -0.0000
vn 1.0000 -0.0000 -0.0000
vn -0.0000 0.9128 0.4083
vn 0.6771 -0.0000 0.7358
vn -0.0000 -0.0000 -1.0000
vt 0.454973 0.745399
vt 0.454973 0.246933
vt 0.751534 0.246933
vt 0.751534 0.745399
vt 0.253067 0.745399
vt 0.253067 0.246933
vt 0.751534 0.556275
vt 0.253067 0.556275
vt 1.000000 0.000000
vt 0.751534 0.000000
vt 0.751534 0.246933
vt 1.000000 0.246933
vt 0.751534 0.562884
vt 0.253067 0.562884
s 0
usemtl concrete06_trim
f 4293/4971/2906 4294/4972/2906 4311/4973/2906 4296/4974/2906
f 4297/4975/2907 4299/4976/2907 4294/4972/2907 4293/4971/2907
f 4293/4977/2908 4295/4978/2908 4298/4975/2908 4297/4974/2908
f 4295/4978/2908 4293/4977/2908 4296/4973/2908 4312/4976/2908
f 4300/4977/2908 4297/4974/2908 4298/4975/2908 4302/4978/2908
f 4297/4975/2907 4300/4971/2907 4301/4972/2907 4299/4976/2907
f 4300/4971/2909 4303/4974/2909 4304/4973/2909 4301/4972/2909
f 4302/4978/2908 4305/4976/2908 4303/4973/2908 4300/4977/2908
f 4303/4974/2910 4305/4975/2910 4306/4976/2910 4304/4973/2910
f 4307/4979/2911 4306/4980/2911 4305/4981/2911 4302/4982/2911
f 4301/4983/2912 4304/4973/2912 4306/4976/2912 4307/4984/2912
f 4307/4984/2913 4308/4975/2913 4299/4974/2913 4301/4983/2913
f 4302/4980/2914 4298/4981/2914 4308/4982/2914 4307/4979/2914
f 4295/4980/2914 4309/4979/2914 4308/4982/2914 4298/4981/2914
f 4309/4984/2913 4294/4983/2913 4299/4974/2913 4308/4975/2913
f 4294/4983/2915 4309/4984/2915 4310/4976/2915 4311/4973/2915
f 4309/4979/2916 4295/4982/2916 4312/4981/2916 4310/4980/2916
f 4296/4974/2917 4311/4973/2917 4310/4976/2917 4312/4975/2917
o connectors.006
v -32.825939 17.061268 -10.081356
v -32.825939 17.530415 -10.081356
v -32.183701 17.061268 -10.081356
v -33.166733 17.061268 -10.740648
v -32.825939 17.061268 -9.556858
v -32.183701 17.061268 -9.556858
v -32.825939 17.530415 -9.556858
v -32.825939 17.061268 -9.032360
v -32.825939 17.530415 -9.032360
v -32.183701 17.061268 -9.032360
v -33.166733 17.061268 -8.373068
v -33.166733 17.825300 -8.373068
v -31.467255 17.061268 -8.373068
v -31.467255 17.825300 -8.373068
v -32.183701 17.530415 -9.032360
v -32.183701 17.530415 -9.556858
v -32.183701 17.530415 -10.081356
v -31.467255 17.825300 -10.740648
v -33.166733 17.825300 -10.740648
v -31.467255 17.061268 -10.740648
vn -0.8883 -0.0000 0.4592
vn -1.0000 -0.0000 -0.0000
vn -0.0000 -1.0000 -0.0000
vn -0.8883 -0.0000 -0.4592
vn -0.0000 -0.0000 1.0000
vn 0.6771 -0.0000 -0.7358
vn -0.0000 0.9129 -0.4083
vn -0.0000 1.0000 -0.0000
vn 1.0000 -0.0000 -0.0000
vn -0.0000 0.9128 0.4083
vn 0.6771 -0.0000 0.7358
vn -0.0000 -0.0000 -1.0000
vt 0.454973 0.745399
vt 0.454973 0.246933
vt 0.751534 0.246933
vt 0.751534 0.745399
vt 0.253067 0.745399
vt 0.253067 0.246933
vt 0.751534 0.556275
vt 0.253067 0.556275
vt 1.000000 0.000000
vt 0.751534 0.000000
vt 0.751534 0.246933
vt 1.000000 0.246933
vt 0.751534 0.562884
vt 0.253067 0.562884
s 0
usemtl concrete06_trim
f 4313/4985/2918 4314/4986/2918 4331/4987/2918 4316/4988/2918
f 4317/4989/2919 4319/4990/2919 4314/4986/2919 4313/4985/2919
f 4313/4991/2920 4315/4992/2920 4318/4989/2920 4317/4988/2920
f 4315/4992/2920 4313/4991/2920 4316/4987/2920 4332/4990/2920
f 4320/4991/2920 4317/4988/2920 4318/4989/2920 4322/4992/2920
f 4317/4989/2919 4320/4985/2919 4321/4986/2919 4319/4990/2919
f 4320/4985/2921 4323/4988/2921 4324/4987/2921 4321/4986/2921
f 4322/4992/2920 4325/4990/2920 4323/4987/2920 4320/4991/2920
f 4323/4988/2922 4325/4989/2922 4326/4990/2922 4324/4987/2922
f 4327/4993/2923 4326/4994/2923 4325/4995/2923 4322/4996/2923
f 4321/4997/2924 4324/4987/2924 4326/4990/2924 4327/4998/2924
f 4327/4998/2925 4328/4989/2925 4319/4988/2925 4321/4997/2925
f 4322/4994/2926 4318/4995/2926 4328/4996/2926 4327/4993/2926
f 4315/4994/2926 4329/4993/2926 4328/4996/2926 4318/4995/2926
f 4329/4998/2925 4314/4997/2925 4319/4988/2925 4328/4989/2925
f 4314/4997/2927 4329/4998/2927 4330/4990/2927 4331/4987/2927
f 4329/4993/2928 4315/4996/2928 4332/4995/2928 4330/4994/2928
f 4316/4988/2929 4331/4987/2929 4330/4990/2929 4332/4989/2929
o connectors.007
v -32.825939 17.061268 -13.250294
v -32.825939 17.530415 -13.250294
v -32.183701 17.061268 -13.250294
v -33.166733 17.061268 -13.909586
v -32.825939 17.061268 -12.725796
v -32.183701 17.061268 -12.725796
v -32.825939 17.530415 -12.725796
v -32.825939 17.061268 -12.201298
v -32.825939 17.530415 -12.201298
v -32.183701 17.061268 -12.201298
v -33.166733 17.061268 -11.542006
v -33.166733 17.825300 -11.542006
v -31.467255 17.061268 -11.542006
v -31.467255 17.825300 -11.542006
v -32.183701 17.530415 -12.201298
v -32.183701 17.530415 -12.725796
v -32.183701 17.530415 -13.250294
v -31.467255 17.825300 -13.909586
v -33.166733 17.825300 -13.909586
v -31.467255 17.061268 -13.909586
vn -0.8883 -0.0000 0.4592
vn -1.0000 -0.0000 -0.0000
vn -0.0000 -1.0000 -0.0000
vn -0.8883 -0.0000 -0.4592
vn -0.0000 -0.0000 1.0000
vn 0.6771 -0.0000 -0.7358
vn -0.0000 0.9128 -0.4083
vn -0.0000 1.0000 -0.0000
vn 1.0000 -0.0000 -0.0000
vn -0.0000 0.9128 0.4083
vn 0.6771 -0.0000 0.7358
vn -0.0000 -0.0000 -1.0000
vt 0.454973 0.745399
vt 0.454973 0.246933
vt 0.751534 0.246933
vt 0.751534 0.745399
vt 0.253067 0.745399
vt 0.253067 0.246933
vt 0.751534 0.556275
vt 0.253067 0.556275
vt 1.000000 0.000000
vt 0.751534 0.000000
vt 0.751534 0.246933
vt 1.000000 0.246933
vt 0.751534 0.562884
vt 0.253067 0.562884
s 0
usemtl concrete06_trim
f 4333/4999/2930 4334/5000/2930 4351/5001/2930 4336/5002/2930
f 4337/5003/2931 4339/5004/2931 4334/5000/2931 4333/4999/2931
f 4333/5005/2932 4335/5006/2932 4338/5003/2932 4337/5002/2932
f 4335/5006/2932 4333/5005/2932 4336/5001/2932 4352/5004/2932
f 4340/5005/2932 4337/5002/2932 4338/5003/2932 4342/5006/2932
f 4337/5003/2931 4340/4999/2931 4341/5000/2931 4339/5004/2931
f 4340/4999/2933 4343/5002/2933 4344/5001/2933 4341/5000/2933
f 4342/5006/2932 4345/5004/2932 4343/5001/2932 4340/5005/2932
f 4343/5002/2934 4345/5003/2934 4346/5004/2934 4344/5001/2934
f 4347/5007/2935 4346/5008/2935 4345/5009/2935 4342/5010/2935
f 4341/5011/2936 4344/5001/2936 4346/5004/2936 4347/5012/2936
f 4347/5012/2937 4348/5003/2937 4339/5002/2937 4341/5011/2937
f 4342/5008/2938 4338/5009/2938 4348/5010/2938 4347/5007/2938
f 4335/5008/2938 4349/5007/2938 4348/5010/2938 4338/5009/2938
f 4349/5012/2937 4334/5011/2937 4339/5002/2937 4348/5003/2937
f 4334/5011/2939 4349/5012/2939 4350/5004/2939 4351/5001/2939
f 4349/5007/2940 4335/5010/2940 4352/5009/2940 4350/5008/2940
f 4336/5002/2941 4351/5001/2941 4350/5004/2941 4352/5003/2941
o connectors.008
v -32.825939 17.061268 -16.419230
v -32.825939 17.530415 -16.419230
v -32.183701 17.061268 -16.419230
v -33.166733 17.061268 -17.078524
v -32.825939 17.061268 -15.894733
v -32.183701 17.061268 -15.894733
v -32.825939 17.530415 -15.894733
v -32.825939 17.061268 -15.370235
v -32.825939 17.530415 -15.370235
v -32.183701 17.061268 -15.370235
v -33.166733 17.061268 -14.710943
v -33.166733 17.825300 -14.710943
v -31.467255 17.061268 -14.710943
v -31.467255 17.825300 -14.710943
v -32.183701 17.530415 -15.370235
v -32.183701 17.530415 -15.894733
v -32.183701 17.530415 -16.419230
v -31.467255 17.825300 -17.078524
v -33.166733 17.825300 -17.078524
v -31.467255 17.061268 -17.078524
vn -0.8883 -0.0000 0.4592
vn -1.0000 -0.0000 -0.0000
vn -0.0000 -1.0000 -0.0000
vn -0.8883 -0.0000 -0.4592
vn -0.0000 -0.0000 1.0000
vn 0.6771 -0.0000 -0.7358
vn -0.0000 0.9129 -0.4083
vn -0.0000 1.0000 -0.0000
vn 1.0000 -0.0000 -0.0000
vn -0.0000 0.9129 0.4083
vn 0.6771 -0.0000 0.7358
vn -0.0000 -0.0000 -1.0000
vt 0.454973 0.745399
vt 0.454973 0.246933
vt 0.751534 0.246933
vt 0.751534 0.745399
vt 0.253067 0.745399
vt 0.253067 0.246933
vt 0.751534 0.556275
vt 0.253067 0.556275
vt 1.000000 0.000000
vt 0.751534 0.000000
vt 0.751534 0.246933
vt 1.000000 0.246933
vt 0.751534 0.562884
vt 0.253067 0.562884
s 0
usemtl concrete06_trim
f 4353/5013/2942 4354/5014/2942 4371/5015/2942 4356/5016/2942
f 4357/5017/2943 4359/5018/2943 4354/5014/2943 4353/5013/2943
f 4353/5019/2944 4355/5020/2944 4358/5017/2944 4357/5016/2944
f 4355/5020/2944 4353/5019/2944 4356/5015/2944 4372/5018/2944
f 4360/5019/2944 4357/5016/2944 4358/5017/2944 4362/5020/2944
f 4357/5017/2943 4360/5013/2943 4361/5014/2943 4359/5018/2943
f 4360/5013/2945 4363/5016/2945 4364/5015/2945 4361/5014/2945
f 4362/5020/2944 4365/5018/2944 4363/5015/2944 4360/5019/2944
f 4363/5016/2946 4365/5017/2946 4366/5018/2946 4364/5015/2946
f 4367/5021/2947 4366/5022/2947 4365/5023/2947 4362/5024/2947
f 4361/5025/2948 4364/5015/2948 4366/5018/2948 4367/5026/2948
f 4367/5026/2949 4368/5017/2949 4359/5016/2949 4361/5025/2949
f 4362/5022/2950 4358/5023/2950 4368/5024/2950 4367/5021/2950
f 4355/5022/2950 4369/5021/2950 4368/5024/2950 4358/5023/2950
f 4369/5026/2949 4354/5025/2949 4359/5016/2949 4368/5017/2949
f 4354/5025/2951 4369/5026/2951 4370/5018/2951 4371/5015/2951
f 4369/5021/2952 4355/5024/2952 4372/5023/2952 4370/5022/2952
f 4356/5016/2953 4371/5015/2953 4370/5018/2953 4372/5017/2953
o connectors.009
v -34.719807 26.688084 15.399553
v -34.719807 27.157230 15.399553
v -34.077572 26.688084 15.399553
v -35.060604 26.688084 14.740261
v -34.719807 26.688084 15.924051
v -34.077572 26.688084 15.924051
v -34.719807 27.157230 15.924051
v -34.719807 26.688084 16.448549
v -34.719807 27.157230 16.448549
v -34.077572 26.688084 16.448549
v -35.060604 26.688084 17.107841
v -35.060604 27.452116 17.107841
v -33.361122 26.688084 17.107841
v -33.361122 27.452116 17.107841
v -34.077572 27.157230 16.448549
v -34.077572 27.157230 15.924051
v -34.077572 27.157230 15.399553
v -33.361122 27.452116 14.740261
v -35.060604 27.452116 14.740261
v -33.361122 26.688084 14.740261
vn -0.8883 -0.0000 0.4592
vn -1.0000 -0.0000 -0.0000
vn -0.0000 -1.0000 -0.0000
vn -0.8883 -0.0000 -0.4592
vn -0.0000 -0.0000 1.0000
vn 0.6771 -0.0000 -0.7358
vn -0.0000 0.9128 -0.4083
vn -0.0000 1.0000 -0.0000
vn 1.0000 -0.0000 -0.0000
vn -0.0000 0.9128 0.4083
vn 0.6771 -0.0000 0.7358
vn -0.0000 -0.0000 -1.0000
vt 0.454973 0.745399
vt 0.454973 0.246933
vt 0.751534 0.246933
vt 0.751534 0.745399
vt 0.253067 0.745399
vt 0.253067 0.246933
vt 0.751534 0.556275
vt 0.253067 0.556275
vt 1.000000 0.000000
vt 0.751534 0.000000
vt 0.751534 0.246933
vt 1.000000 0.246933
vt 0.751534 0.562884
vt 0.253067 0.562884
s 0
usemtl concrete06_trim
f 4373/5027/2954 4374/5028/2954 4391/5029/2954 4376/5030/2954
f 4377/5031/2955 4379/5032/2955 4374/5028/2955 4373/5027/2955
f 4373/5033/2956 4375/5034/2956 4378/5031/2956 4377/5030/2956
f 4375/5034/2956 4373/5033/2956 4376/5029/2956 4392/5032/2956
f 4380/5033/2956 4377/5030/2956 4378/5031/2956 4382/5034/2956
f 4377/5031/2955 4380/5027/2955 4381/5028/2955 4379/5032/2955
f 4380/5027/2957 4383/5030/2957 4384/5029/2957 4381/5028/2957
f 4382/5034/2956 4385/5032/2956 4383/5029/2956 4380/5033/2956
f 4383/5030/2958 4385/5031/2958 4386/5032/2958 4384/5029/2958
f 4387/5035/2959 4386/5036/2959 4385/5037/2959 4382/5038/2959
f 4381/5039/2960 4384/5029/2960 4386/5032/2960 4387/5040/2960
f 4387/5040/2961 4388/5031/2961 4379/5030/2961 4381/5039/2961
f 4382/5036/2962 4378/5037/2962 4388/5038/2962 4387/5035/2962
f 4375/5036/2962 4389/5035/2962 4388/5038/2962 4378/5037/2962
f 4389/5040/2961 4374/5039/2961 4379/5030/2961 4388/5031/2961
f 4374/5039/2963 4389/5040/2963 4390/5032/2963 4391/5029/2963
f 4389/5035/2964 4375/5038/2964 4392/5037/2964 4390/5036/2964
f 4376/5030/2965 4391/5029/2965 4390/5032/2965 4392/5031/2965
o connectors.010
v -34.719807 26.688084 12.230617
v -34.719807 27.157230 12.230617
v -34.077572 26.688084 12.230617
v -35.060604 26.688084 11.571323
v -34.719807 26.688084 12.755114
v -34.077572 26.688084 12.755114
v -34.719807 27.157230 12.755114
v -34.719807 26.688084 13.279612
v -34.719807 27.157230 13.279612
v -34.077572 26.688084 13.279612
v -35.060604 26.688084 13.938904
v -35.060604 27.452116 13.938904
v -33.361122 26.688084 13.938904
v -33.361122 27.452116 13.938904
v -34.077572 27.157230 13.279612
v -34.077572 27.157230 12.755114
v -34.077572 27.157230 12.230617
v -33.361122 27.452116 11.571323
v -35.060604 27.452116 11.571323
v -33.361122 26.688084 11.571323
vn -0.8883 -0.0000 0.4592
vn -1.0000 -0.0000 -0.0000
vn -0.0000 -1.0000 -0.0000
vn -0.8883 -0.0000 -0.4592
vn -0.0000 -0.0000 1.0000
vn 0.6771 -0.0000 -0.7358
vn -0.0000 0.9128 -0.4083
vn -0.0000 1.0000 -0.0000
vn 1.0000 -0.0000 -0.0000
vn -0.0000 0.9128 0.4083
vn 0.6771 -0.0000 0.7358
vn -0.0000 -0.0000 -1.0000
vt 0.454973 0.745399
vt 0.454973 0.246933
vt 0.751534 0.246933
vt 0.751534 0.745399
vt 0.253067 0.745399
vt 0.253067 0.246933
vt 0.751534 0.556275
vt 0.253067 0.556275
vt 1.000000 0.000000
vt 0.751534 0.000000
vt 0.751534 0.246933
vt 1.000000 0.246933
vt 0.751534 0.562884
vt 0.253067 0.562884
s 0
usemtl concrete06_trim
f 4393/5041/2966 4394/5042/2966 4411/5043/2966 4396/5044/2966
f 4397/5045/2967 4399/5046/2967 4394/5042/2967 4393/5041/2967
f 4393/5047/2968 4395/5048/2968 4398/5045/2968 4397/5044/2968
f 4395/5048/2968 4393/5047/2968 4396/5043/2968 4412/5046/2968
f 4400/5047/2968 4397/5044/2968 4398/5045/2968 4402/5048/2968
f 4397/5045/2967 4400/5041/2967 4401/5042/2967 4399/5046/2967
f 4400/5041/2969 4403/5044/2969 4404/5043/2969 4401/5042/2969
f 4402/5048/2968 4405/5046/2968 4403/5043/2968 4400/5047/2968
f 4403/5044/2970 4405/5045/2970 4406/5046/2970 4404/5043/2970
f 4407/5049/2971 4406/5050/2971 4405/5051/2971 4402/5052/2971
f 4401/5053/2972 4404/5043/2972 4406/5046/2972 4407/5054/2972
f 4407/5054/2973 4408/5045/2973 4399/5044/2973 4401/5053/2973
f 4402/5050/2974 4398/5051/2974 4408/5052/2974 4407/5049/2974
f 4395/5050/2974 4409/5049/2974 4408/5052/2974 4398/5051/2974
f 4409/5054/2973 4394/5053/2973 4399/5044/2973 4408/5045/2973
f 4394/5053/2975 4409/5054/2975 4410/5046/2975 4411/5043/2975
f 4409/5049/2976 4395/5052/2976 4412/5051/2976 4410/5050/2976
f 4396/5044/2977 4411/5043/2977 4410/5046/2977 4412/5045/2977
o connectors.011
v -34.719807 26.688084 9.061679
v -34.719807 27.157230 9.061679
v -34.077572 26.688084 9.061679
v -35.060604 26.688084 8.402386
v -34.719807 26.688084 9.586176
v -34.077572 26.688084 9.586176
v -34.719807 27.157230 9.586176
v -34.719807 26.688084 10.110674
v -34.719807 27.157230 10.110674
v -34.077572 26.688084 10.110674
v -35.060604 26.688084 10.769967
v -35.060604 27.452116 10.769967
v -33.361122 26.688084 10.769967
v -33.361122 27.452116 10.769967
v -34.077572 27.157230 10.110674
v -34.077572 27.157230 9.586176
v -34.077572 27.157230 9.061679
v -33.361122 27.452116 8.402386
v -35.060604 27.452116 8.402386
v -33.361122 26.688084 8.402386
vn -0.8883 -0.0000 0.4592
vn -1.0000 -0.0000 -0.0000
vn -0.0000 -1.0000 -0.0000
vn -0.8883 -0.0000 -0.4592
vn -0.0000 -0.0000 1.0000
vn 0.6771 -0.0000 -0.7358
vn -0.0000 0.9128 -0.4083
vn -0.0000 1.0000 -0.0000
vn 1.0000 -0.0000 -0.0000
vn -0.0000 0.9128 0.4083
vn 0.6771 -0.0000 0.7358
vn -0.0000 -0.0000 -1.0000
vt 0.454973 0.745399
vt 0.454973 0.246933
vt 0.751534 0.246933
vt 0.751534 0.745399
vt 0.253067 0.745399
vt 0.253067 0.246933
vt 0.751534 0.556275
vt 0.253067 0.556275
vt 1.000000 0.000000
vt 0.751534 0.000000
vt 0.751534 0.246933
vt 1.000000 0.246933
vt 0.751534 0.562884
vt 0.253067 0.562884
s 0
usemtl concrete06_trim
f 4413/5055/2978 4414/5056/2978 4431/5057/2978 4416/5058/2978
f 4417/5059/2979 4419/5060/2979 4414/5056/2979 4413/5055/2979
f 4413/5061/2980 4415/5062/2980 4418/5059/2980 4417/5058/2980
f 4415/5062/2980 4413/5061/2980 4416/5057/2980 4432/5060/2980
f 4420/5061/2980 4417/5058/2980 4418/5059/2980 4422/5062/2980
f 4417/5059/2979 4420/5055/2979 4421/5056/2979 4419/5060/2979
f 4420/5055/2981 4423/5058/2981 4424/5057/2981 4421/5056/2981
f 4422/5062/2980 4425/5060/2980 4423/5057/2980 4420/5061/2980
f 4423/5058/2982 4425/5059/2982 4426/5060/2982 4424/5057/2982
f 4427/5063/2983 4426/5064/2983 4425/5065/2983 4422/5066/2983
f 4421/5067/2984 4424/5057/2984 4426/5060/2984 4427/5068/2984
f 4427/5068/2985 4428/5059/2985 4419/5058/2985 4421/5067/2985
f 4422/5064/2986 4418/5065/2986 4428/5066/2986 4427/5063/2986
f 4415/5064/2986 4429/5063/2986 4428/5066/2986 4418/5065/2986
f 4429/5068/2985 4414/5067/2985 4419/5058/2985 4428/5059/2985
f 4414/5067/2987 4429/5068/2987 4430/5060/2987 4431/5057/2987
f 4429/5063/2988 4415/5066/2988 4432/5065/2988 4430/5064/2988
f 4416/5058/2989 4431/5057/2989 4430/5060/2989 4432/5059/2989
o connectors.012
v -34.719807 26.688084 2.659099
v -34.719807 27.157230 2.659099
v -34.077572 26.688084 2.659099
v -35.060604 26.688084 1.999806
v -34.719807 26.688084 3.183597
v -34.077572 26.688084 3.183597
v -34.719807 27.157230 3.183597
v -34.719807 26.688084 3.708095
v -34.719807 27.157230 3.708095
v -34.077572 26.688084 3.708095
v -35.060604 26.688084 4.367387
v -35.060604 27.452116 4.367387
v -33.361122 26.688084 4.367387
v -33.361122 27.452116 4.367387
v -34.077572 27.157230 3.708095
v -34.077572 27.157230 3.183597
v -34.077572 27.157230 2.659099
v -33.361122 27.452116 1.999806
v -35.060604 27.452116 1.999806
v -33.361122 26.688084 1.999806
vn -0.8883 -0.0000 0.4592
vn -1.0000 -0.0000 -0.0000
vn -0.0000 -1.0000 -0.0000
vn -0.8883 -0.0000 -0.4592
vn -0.0000 -0.0000 1.0000
vn 0.6771 -0.0000 -0.7358
vn -0.0000 0.9128 -0.4083
vn -0.0000 1.0000 -0.0000
vn 1.0000 -0.0000 -0.0000
vn -0.0000 0.9128 0.4083
vn 0.6771 -0.0000 0.7358
vn -0.0000 -0.0000 -1.0000
vt 0.454973 0.745399
vt 0.454973 0.246933
vt 0.751534 0.246933
vt 0.751534 0.745399
vt 0.253067 0.745399
vt 0.253067 0.246933
vt 0.751534 0.556275
vt 0.253067 0.556275
vt 1.000000 0.000000
vt 0.751534 0.000000
vt 0.751534 0.246933
vt 1.000000 0.246933
vt 0.751534 0.562884
vt 0.253067 0.562884
s 0
usemtl concrete06_trim
f 4433/5069/2990 4434/5070/2990 4451/5071/2990 4436/5072/2990
f 4437/5073/2991 4439/5074/2991 4434/5070/2991 4433/5069/2991
f 4433/5075/2992 4435/5076/2992 4438/5073/2992 4437/5072/2992
f 4435/5076/2992 4433/5075/2992 4436/5071/2992 4452/5074/2992
f 4440/5075/2992 4437/5072/2992 4438/5073/2992 4442/5076/2992
f 4437/5073/2991 4440/5069/2991 4441/5070/2991 4439/5074/2991
f 4440/5069/2993 4443/5072/2993 4444/5071/2993 4441/5070/2993
f 4442/5076/2992 4445/5074/2992 4443/5071/2992 4440/5075/2992
f 4443/5072/2994 4445/5073/2994 4446/5074/2994 4444/5071/2994
f 4447/5077/2995 4446/5078/2995 4445/5079/2995 4442/5080/2995
f 4441/5081/2996 4444/5071/2996 4446/5074/2996 4447/5082/2996
f 4447/5082/2997 4448/5073/2997 4439/5072/2997 4441/5081/2997
f 4442/5078/2998 4438/5079/2998 4448/5080/2998 4447/5077/2998
f 4435/5078/2998 4449/5077/2998 4448/5080/2998 4438/5079/2998
f 4449/5082/2997 4434/5081/2997 4439/5072/2997 4448/5073/2997
f 4434/5081/2999 4449/5082/2999 4450/5074/2999 4451/5071/2999
f 4449/5077/3000 4435/5080/3000 4452/5079/3000 4450/5078/3000
f 4436/5072/3001 4451/5071/3001 4450/5074/3001 4452/5073/3001
o connectors.013
v -34.719807 26.688084 -0.509838
v -34.719807 27.157230 -0.509838
v -34.077572 26.688084 -0.509838
v -35.060604 26.688084 -1.169130
v -34.719807 26.688084 0.014659
v -34.077572 26.688084 0.014659
v -34.719807 27.157230 0.014659
v -34.719807 26.688084 0.539157
v -34.719807 27.157230 0.539157
v -34.077572 26.688084 0.539157
v -35.060604 26.688084 1.198450
v -35.060604 27.452116 1.198450
v -33.361122 26.688084 1.198450
v -33.361122 27.452116 1.198450
v -34.077572 27.157230 0.539157
v -34.077572 27.157230 0.014659
v -34.077572 27.157230 -0.509838
v -33.361122 27.452116 -1.169130
v -35.060604 27.452116 -1.169130
v -33.361122 26.688084 -1.169130
vn -0.8883 -0.0000 0.4592
vn -1.0000 -0.0000 -0.0000
vn -0.0000 -1.0000 -0.0000
vn -0.8883 -0.0000 -0.4592
vn -0.0000 -0.0000 1.0000
vn 0.6771 -0.0000 -0.7358
vn -0.0000 0.9128 -0.4083
vn -0.0000 1.0000 -0.0000
vn 1.0000 -0.0000 -0.0000
vn -0.0000 0.9128 0.4083
vn 0.6771 -0.0000 0.7358
vn -0.0000 -0.0000 -1.0000
vt 0.454973 0.745399
vt 0.454973 0.246933
vt 0.751534 0.246933
vt 0.751534 0.745399
vt 0.253067 0.745399
vt 0.253067 0.246933
vt 0.751534 0.556275
vt 0.253067 0.556275
vt 1.000000 0.000000
vt 0.751534 0.000000
vt 0.751534 0.246933
vt 1.000000 0.246933
vt 0.751534 0.562884
vt 0.253067 0.562884
s 0
usemtl concrete06_trim
f 4453/5083/3002 4454/5084/3002 4471/5085/3002 4456/5086/3002
f 4457/5087/3003 4459/5088/3003 4454/5084/3003 4453/5083/3003
f 4453/5089/3004 4455/5090/3004 4458/5087/3004 4457/5086/3004
f 4455/5090/3004 4453/5089/3004 4456/5085/3004 4472/5088/3004
f 4460/5089/3004 4457/5086/3004 4458/5087/3004 4462/5090/3004
f 4457/5087/3003 4460/5083/3003 4461/5084/3003 4459/5088/3003
f 4460/5083/3005 4463/5086/3005 4464/5085/3005 4461/5084/3005
f 4462/5090/3004 4465/5088/3004 4463/5085/3004 4460/5089/3004
f 4463/5086/3006 4465/5087/3006 4466/5088/3006 4464/5085/3006
f 4467/5091/3007 4466/5092/3007 4465/5093/3007 4462/5094/3007
f 4461/5095/3008 4464/5085/3008 4466/5088/3008 4467/5096/3008
f 4467/5096/3009 4468/5087/3009 4459/5086/3009 4461/5095/3009
f 4462/5092/3010 4458/5093/3010 4468/5094/3010 4467/5091/3010
f 4455/5092/3010 4469/5091/3010 4468/5094/3010 4458/5093/3010
f 4469/5096/3009 4454/5095/3009 4459/5086/3009 4468/5087/3009
f 4454/5095/3011 4469/5096/3011 4470/5088/3011 4471/5085/3011
f 4469/5091/3012 4455/5094/3012 4472/5093/3012 4470/5092/3012
f 4456/5086/3013 4471/5085/3013 4470/5088/3013 4472/5087/3013
o connectors.014
v -34.719807 26.688084 -3.678776
v -34.719807 27.157230 -3.678776
v -34.077572 26.688084 -3.678776
v -35.060604 26.688084 -4.338068
v -34.719807 26.688084 -3.154278
v -34.077572 26.688084 -3.154278
v -34.719807 27.157230 -3.154278
v -34.719807 26.688084 -2.629782
v -34.719807 27.157230 -2.629782
v -34.077572 26.688084 -2.629782
v -35.060604 26.688084 -1.970488
v -35.060604 27.452116 -1.970488
v -33.361122 26.688084 -1.970488
v -33.361122 27.452116 -1.970488
v -34.077572 27.157230 -2.629782
v -34.077572 27.157230 -3.154278
v -34.077572 27.157230 -3.678776
v -33.361122 27.452116 -4.338068
v -35.060604 27.452116 -4.338068
v -33.361122 26.688084 -4.338068
vn -0.8883 -0.0000 0.4592
vn -1.0000 -0.0000 -0.0000
vn -0.0000 -1.0000 -0.0000
vn -0.8883 -0.0000 -0.4592
vn -0.0000 -0.0000 1.0000
vn 0.6771 -0.0000 -0.7358
vn -0.0000 0.9129 -0.4083
vn -0.0000 1.0000 -0.0000
vn 1.0000 -0.0000 -0.0000
vn -0.0000 0.9128 0.4083
vn 0.6771 -0.0000 0.7358
vn -0.0000 -0.0000 -1.0000
vt 0.454973 0.745399
vt 0.454973 0.246933
vt 0.751534 0.246933
vt 0.751534 0.745399
vt 0.253067 0.745399
vt 0.253067 0.246933
vt 0.751534 0.556275
vt 0.253067 0.556275
vt 1.000000 0.000000
vt 0.751534 0.000000
vt 0.751534 0.246933
vt 1.000000 0.246933
vt 0.751534 0.562884
vt 0.253067 0.562884
s 0
usemtl concrete06_trim
f 4473/5097/3014 4474/5098/3014 4491/5099/3014 4476/5100/3014
f 4477/5101/3015 4479/5102/3015 4474/5098/3015 4473/5097/3015
f 4473/5103/3016 4475/5104/3016 4478/5101/3016 4477/5100/3016
f 4475/5104/3016 4473/5103/3016 4476/5099/3016 4492/5102/3016
f 4480/5103/3016 4477/5100/3016 4478/5101/3016 4482/5104/3016
f 4477/5101/3015 4480/5097/3015 4481/5098/3015 4479/5102/3015
f 4480/5097/3017 4483/5100/3017 4484/5099/3017 4481/5098/3017
f 4482/5104/3016 4485/5102/3016 4483/5099/3016 4480/5103/3016
f 4483/5100/3018 4485/5101/3018 4486/5102/3018 4484/5099/3018
f 4487/5105/3019 4486/5106/3019 4485/5107/3019 4482/5108/3019
f 4481/5109/3020 4484/5099/3020 4486/5102/3020 4487/5110/3020
f 4487/5110/3021 4488/5101/3021 4479/5100/3021 4481/5109/3021
f 4482/5106/3022 4478/5107/3022 4488/5108/3022 4487/5105/3022
f 4475/5106/3022 4489/5105/3022 4488/5108/3022 4478/5107/3022
f 4489/5110/3021 4474/5109/3021 4479/5100/3021 4488/5101/3021
f 4474/5109/3023 4489/5110/3023 4490/5102/3023 4491/5099/3023
f 4489/5105/3024 4475/5108/3024 4492/5107/3024 4490/5106/3024
f 4476/5100/3025 4491/5099/3025 4490/5102/3025 4492/5101/3025
o connectors.015
v -34.719807 26.688084 -10.081356
v -34.719807 27.157230 -10.081356
v -34.077572 26.688084 -10.081356
v -35.060604 26.688084 -10.740648
v -34.719807 26.688084 -9.556858
v -34.077572 26.688084 -9.556858
v -34.719807 27.157230 -9.556858
v -34.719807 26.688084 -9.032360
v -34.719807 27.157230 -9.032360
v -34.077572 26.688084 -9.032360
v -35.060604 26.688084 -8.373068
v -35.060604 27.452116 -8.373068
v -33.361122 26.688084 -8.373068
v -33.361122 27.452116 -8.373068
v -34.077572 27.157230 -9.032360
v -34.077572 27.157230 -9.556858
v -34.077572 27.157230 -10.081356
v -33.361122 27.452116 -10.740648
v -35.060604 27.452116 -10.740648
v -33.361122 26.688084 -10.740648
vn -0.8883 -0.0000 0.4592
vn -1.0000 -0.0000 -0.0000
vn -0.0000 -1.0000 -0.0000
vn -0.8883 -0.0000 -0.4592
vn -0.0000 -0.0000 1.0000
vn 0.6771 -0.0000 -0.7358
vn -0.0000 0.9128 -0.4083
vn -0.0000 1.0000 -0.0000
vn 1.0000 -0.0000 -0.0000
vn -0.0000 0.9128 0.4083
vn 0.6771 -0.0000 0.7358
vn -0.0000 -0.0000 -1.0000
vt 0.454973 0.745399
vt 0.454973 0.246933
vt 0.751534 0.246933
vt 0.751534 0.745399
vt 0.253067 0.745399
vt 0.253067 0.246933
vt 0.751534 0.556275
vt 0.253067 0.556275
vt 1.000000 0.000000
vt 0.751534 0.000000
vt 0.751534 0.246933
vt 1.000000 0.246933
vt 0.751534 0.562884
vt 0.253067 0.562884
s 0
usemtl concrete06_trim
f 4493/5111/3026 4494/5112/3026 4511/5113/3026 4496/5114/3026
f 4497/5115/3027 4499/5116/3027 4494/5112/3027 4493/5111/3027
f 4493/5117/3028 4495/5118/3028 4498/5115/3028 4497/5114/3028
f 4495/5118/3028 4493/5117/3028 4496/5113/3028 4512/5116/3028
f 4500/5117/3028 4497/5114/3028 4498/5115/3028 4502/5118/3028
f 4497/5115/3027 4500/5111/3027 4501/5112/3027 4499/5116/3027
f 4500/5111/3029 4503/5114/3029 4504/5113/3029 4501/5112/3029
f 4502/5118/3028 4505/5116/3028 4503/5113/3028 4500/5117/3028
f 4503/5114/3030 4505/5115/3030 4506/5116/3030 4504/5113/3030
f 4507/5119/3031 4506/5120/3031 4505/5121/3031 4502/5122/3031
f 4501/5123/3032 4504/5113/3032 4506/5116/3032 4507/5124/3032
f 4507/5124/3033 4508/5115/3033 4499/5114/3033 4501/5123/3033
f 4502/5120/3034 4498/5121/3034 4508/5122/3034 4507/5119/3034
f 4495/5120/3034 4509/5119/3034 4508/5122/3034 4498/5121/3034
f 4509/5124/3033 4494/5123/3033 4499/5114/3033 4508/5115/3033
f 4494/5123/3035 4509/5124/3035 4510/5116/3035 4511/5113/3035
f 4509/5119/3036 4495/5122/3036 4512/5121/3036 4510/5120/3036
f 4496/5114/3037 4511/5113/3037 4510/5116/3037 4512/5115/3037
o connectors.016
v -34.719807 26.688084 -13.250294
v -34.719807 27.157230 -13.250294
v -34.077572 26.688084 -13.250294
v -35.060604 26.688084 -13.909586
v -34.719807 26.688084 -12.725796
v -34.077572 26.688084 -12.725796
v -34.719807 27.157230 -12.725796
v -34.719807 26.688084 -12.201298
v -34.719807 27.157230 -12.201298
v -34.077572 26.688084 -12.201298
v -35.060604 26.688084 -11.542006
v -35.060604 27.452116 -11.542006
v -33.361122 26.688084 -11.542006
v -33.361122 27.452116 -11.542006
v -34.077572 27.157230 -12.201298
v -34.077572 27.157230 -12.725796
v -34.077572 27.157230 -13.250294
v -33.361122 27.452116 -13.909586
v -35.060604 27.452116 -13.909586
v -33.361122 26.688084 -13.909586
vn -0.8883 -0.0000 0.4592
vn -1.0000 -0.0000 -0.0000
vn -0.0000 -1.0000 -0.0000
vn -0.8883 -0.0000 -0.4592
vn -0.0000 -0.0000 1.0000
vn 0.6771 -0.0000 -0.7358
vn -0.0000 0.9128 -0.4083
vn -0.0000 1.0000 -0.0000
vn 1.0000 -0.0000 -0.0000
vn -0.0000 0.9128 0.4083
vn 0.6771 -0.0000 0.7358
vn -0.0000 -0.0000 -1.0000
vt 0.454973 0.745399
vt 0.454973 0.246933
vt 0.751534 0.246933
vt 0.751534 0.745399
vt 0.253067 0.745399
vt 0.253067 0.246933
vt 0.751534 0.556275
vt 0.253067 0.556275
vt 1.000000 0.000000
vt 0.751534 0.000000
vt 0.751534 0.246933
vt 1.000000 0.246933
vt 0.751534 0.562884
vt 0.253067 0.562884
s 0
usemtl concrete06_trim
f 4513/5125/3038 4514/5126/3038 4531/5127/3038 4516/5128/3038
f 4517/5129/3039 4519/5130/3039 4514/5126/3039 4513/5125/3039
f 4513/5131/3040 4515/5132/3040 4518/5129/3040 4517/5128/3040
f 4515/5132/3040 4513/5131/3040 4516/5127/3040 4532/5130/3040
f 4520/5131/3040 4517/5128/3040 4518/5129/3040 4522/5132/3040
f 4517/5129/3039 4520/5125/3039 4521/5126/3039 4519/5130/3039
f 4520/5125/3041 4523/5128/3041 4524/5127/3041 4521/5126/3041
f 4522/5132/3040 4525/5130/3040 4523/5127/3040 4520/5131/3040
f 4523/5128/3042 4525/5129/3042 4526/5130/3042 4524/5127/3042
f 4527/5133/3043 4526/5134/3043 4525/5135/3043 4522/5136/3043
f 4521/5137/3044 4524/5127/3044 4526/5130/3044 4527/5138/3044
f 4527/5138/3045 4528/5129/3045 4519/5128/3045 4521/5137/3045
f 4522/5134/3046 4518/5135/3046 4528/5136/3046 4527/5133/3046
f 4515/5134/3046 4529/5133/3046 4528/5136/3046 4518/5135/3046
f 4529/5138/3045 4514/5137/3045 4519/5128/3045 4528/5129/3045
f 4514/5137/3047 4529/5138/3047 4530/5130/3047 4531/5127/3047
f 4529/5133/3048 4515/5136/3048 4532/5135/3048 4530/5134/3048
f 4516/5128/3049 4531/5127/3049 4530/5130/3049 4532/5129/3049
o connectors.017
v -34.719807 26.688084 -16.419230
v -34.719807 27.157230 -16.419230
v -34.077572 26.688084 -16.419230
v -35.060604 26.688084 -17.078524
v -34.719807 26.688084 -15.894733
v -34.077572 26.688084 -15.894733
v -34.719807 27.157230 -15.894733
v -34.719807 26.688084 -15.370235
v -34.719807 27.157230 -15.370235
v -34.077572 26.688084 -15.370235
v -35.060604 26.688084 -14.710943
v -35.060604 27.452116 -14.710943
v -33.361122 26.688084 -14.710943
v -33.361122 27.452116 -14.710943
v -34.077572 27.157230 -15.370235
v -34.077572 27.157230 -15.894733
v -34.077572 27.157230 -16.419230
v -33.361122 27.452116 -17.078524
v -35.060604 27.452116 -17.078524
v -33.361122 26.688084 -17.078524
vn -0.8883 -0.0000 0.4592
vn -1.0000 -0.0000 -0.0000
vn -0.0000 -1.0000 -0.0000
vn -0.8883 -0.0000 -0.4592
vn -0.0000 -0.0000 1.0000
vn 0.6771 -0.0000 -0.7358
vn -0.0000 0.9129 -0.4083
vn -0.0000 1.0000 -0.0000
vn 1.0000 -0.0000 -0.0000
vn -0.0000 0.9129 0.4083
vn 0.6771 -0.0000 0.7358
vn -0.0000 -0.0000 -1.0000
vt 0.454973 0.745399
vt 0.454973 0.246933
vt 0.751534 0.246933
vt 0.751534 0.745399
vt 0.253067 0.745399
vt 0.253067 0.246933
vt 0.751534 0.556275
vt 0.253067 0.556275
vt 1.000000 0.000000
vt 0.751534 0.000000
vt 0.751534 0.246933
vt 1.000000 0.246933
vt 0.751534 0.562884
vt 0.253067 0.562884
s 0
usemtl concrete06_trim
f 4533/5139/3050 4534/5140/3050 4551/5141/3050 4536/5142/3050
f 4537/5143/3051 4539/5144/3051 4534/5140/3051 4533/5139/3051
f 4533/5145/3052 4535/5146/3052 4538/5143/3052 4537/5142/3052
f 4535/5146/3052 4533/5145/3052 4536/5141/3052 4552/5144/3052
f 4540/5145/3052 4537/5142/3052 4538/5143/3052 4542/5146/3052
f 4537/5143/3051 4540/5139/3051 4541/5140/3051 4539/5144/3051
f 4540/5139/3053 4543/5142/3053 4544/5141/3053 4541/5140/3053
f 4542/5146/3052 4545/5144/3052 4543/5141/3052 4540/5145/3052
f 4543/5142/3054 4545/5143/3054 4546/5144/3054 4544/5141/3054
f 4547/5147/3055 4546/5148/3055 4545/5149/3055 4542/5150/3055
f 4541/5151/3056 4544/5141/3056 4546/5144/3056 4547/5152/3056
f 4547/5152/3057 4548/5143/3057 4539/5142/3057 4541/5151/3057
f 4542/5148/3058 4538/5149/3058 4548/5150/3058 4547/5147/3058
f 4535/5148/3058 4549/5147/3058 4548/5150/3058 4538/5149/3058
f 4549/5152/3057 4534/5151/3057 4539/5142/3057 4548/5143/3057
f 4534/5151/3059 4549/5152/3059 4550/5144/3059 4551/5141/3059
f 4549/5147/3060 4535/5150/3060 4552/5149/3060 4550/5148/3060
f 4536/5142/3061 4551/5141/3061 4550/5144/3061 4552/5143/3061
